#VRML V2.0 utf8
# 3D model generated by easyeda2kicad.py (https://github.com/uPesy/easyeda2kicad.py)

Shape{
    appearance Appearance {
        material  Material 	{
            diffuseColor 1.0 1.0 1.0
            specularColor 0.5019607843137255 0.5019607843137255 0.5019607843137255
            ambientIntensity 1.0
            transparency 0.0
            shininess 0.5
        }
    }
    geometry IndexedFaceSet {
        ccw TRUE
        solid FALSE
        coord DEF co Coordinate {
            point [
                0.4921 3.0315 1.8745, 0.4921 2.874 1.8745, 0.4921 3.0315 -0.2024, 0.4921 2.874 -0.214, 0.4921 3.1496 -0.9962, 0.4921 2.9898 -0.9919, 0.4921 3.1172 -1.155, 0.4921 2.9629 -1.1235, -0.4921 3.1172 -1.155, -0.4921 2.9629 -1.1235, -0.4921 3.1496 -0.9962, -0.4921 2.9898 -0.9919, -0.4921 3.0315 -0.2024, -0.4921 2.874 -0.214, -0.4921 3.0315 1.8745, -0.4921 2.874 1.8745, -0.5707 2.874 1.9706, -0.5707 3.0315 1.9706, -0.6307 2.874 2.0793, -0.6307 3.0315 2.0793, -0.6702 2.874 2.197, -0.6702 3.0315 2.197, -0.688 2.874 2.3199, -0.688 3.0315 2.3199, -0.6834 2.874 2.444, -0.6834 3.0315 2.444, -0.6566 2.874 2.5653, -0.6566 3.0315 2.5653, -0.6085 2.874 2.6797, -0.6085 3.0315 2.6797, -0.5407 2.874 2.7837, -0.5407 3.0315 2.7837, -0.4553 2.874 2.8738, -0.4553 3.0315 2.8738, -0.355 2.874 2.9471, -0.355 3.0315 2.9471, -0.2433 2.874 3.0013, -0.2433 3.0315 3.0013, -0.1237 2.874 3.0345, -0.1237 3.0315 3.0345, 0.0 2.874 3.0456, 0.0 3.0315 3.0456, 0.1237 2.874 3.0345, 0.1237 3.0315 3.0345, 0.2433 2.874 3.0013, 0.2433 3.0315 3.0013, 0.355 2.874 2.9471, 0.355 3.0315 2.9471, 0.4553 2.874 2.8738, 0.4553 3.0315 2.8738, 0.5407 2.874 2.7837, 0.5407 3.0315 2.7837, 0.6085 2.874 2.6797, 0.6085 3.0315 2.6797, 0.6566 2.874 2.5653, 0.6566 3.0315 2.5653, 0.6834 2.874 2.444, 0.6834 3.0315 2.444, 0.688 2.874 2.3199, 0.688 3.0315 2.3199, 0.6702 2.874 2.197, 0.6702 3.0315 2.197, 0.6307 2.874 2.0793, 0.6307 3.0315 2.0793, 0.5707 2.874 1.9706, 0.5707 3.0315 1.9706, -0.3261 3.0315 1.8881, -0.2251 3.0315 1.8321, -0.1149 3.0315 1.7975, 0.0 3.0315 1.7858, 0.1149 3.0315 1.7975, 0.2251 3.0315 1.8321, -0.4138 3.0315 1.9634, -0.4845 3.0315 2.0547, -0.5353 3.0315 2.1584, -0.5643 3.0315 2.2702, -0.5701 3.0315 2.3856, -0.5526 3.0315 2.4998, -0.5125 3.0315 2.6081, -0.4514 3.0315 2.7061, -0.3718 3.0315 2.7898, -0.277 3.0315 2.8558, -0.1709 3.0315 2.9014, -0.0578 3.0315 2.9246, 0.0578 3.0315 2.9246, 0.1709 3.0315 2.9014, 0.277 3.0315 2.8558, 0.3718 3.0315 2.7898, 0.4514 3.0315 2.7061, 0.5125 3.0315 2.6081, 0.5526 3.0315 2.4998, 0.5701 3.0315 2.3856, 0.5709 3.0315 2.3567, 0.5643 3.0315 2.2702, 0.5353 3.0315 2.1584, 0.4845 3.0315 2.0547, 0.4138 3.0315 1.9634, 0.3261 3.0315 1.8881, -0.4891 2.956 -1.157, -0.4803 2.9494 -1.1895, 0.4803 2.9494 -1.1895, 0.396 2.9031 -1.4164, -0.396 2.9031 -1.4164, 0.4891 2.956 -1.157, -0.3034 2.8818 -1.5207, -0.3427 2.8873 -1.4938, -0.3742 2.8946 -1.4583, 0.3427 2.8873 -1.4938, 0.211 2.8772 -1.5433, 0.3034 2.8818 -1.5207, 0.2586 2.8784 -1.5376, -0.2586 2.8784 -1.5376, -0.211 2.8772 -1.5433, 0.3742 2.8946 -1.4583, 0.211 3.0315 -1.5748, -0.211 3.0315 -1.5748, -0.4891 3.1103 -1.1885, 0.4891 3.1103 -1.1885, 0.4803 3.1037 -1.221, -0.4803 3.1037 -1.221, 0.396 3.0574 -1.4479, 0.3034 3.0361 -1.5522, 0.3427 3.0416 -1.5253, 0.3742 3.0488 -1.4898, 0.2586 3.0327 -1.5691, -0.396 3.0574 -1.4479, -0.3034 3.0361 -1.5522, -0.3427 3.0416 -1.5253, -0.3742 3.0488 -1.4898, -0.2586 3.0327 -1.5691, -0.1608 3.0709 1.8089, -0.2248 3.0709 1.8328, -0.2371 3.0709 1.8374, -0.3086 3.0709 1.8764, -0.3255 3.0709 1.889, -0.3738 3.0709 1.9252, -0.4129 3.0709 1.9643, -0.484 3.0709 2.0549, -0.4802 3.0709 2.048, -0.4314 3.0709 1.9828, -0.5193 3.0709 2.1195, -0.534 3.0709 2.1589, -0.5688 3.0709 2.3855, -0.5709 3.0709 2.3567, -0.5651 3.0709 2.2754, -0.5639 3.0709 2.2703, -0.5477 3.0709 2.1958, -0.5117 3.0709 2.6076, -0.5193 3.0709 2.5938, -0.5477 3.0709 2.5175, -0.5516 3.0709 2.4995, -0.5651 3.0709 2.4379, -0.4802 3.0709 2.6653, -0.4503 3.0709 2.7053, -0.3717 3.0709 2.7897, -0.3738 3.0709 2.7881, -0.4314 3.0709 2.7305, -0.3086 3.0709 2.8369, -0.2764 3.0709 2.8545, -0.0577 3.0709 2.9234, -0.0812 3.0709 2.9217, -0.1608 3.0709 2.9044, -0.1707 3.0709 2.9007, -0.2371 3.0709 2.8759, 0.1707 3.0709 2.9007, 0.1608 3.0709 2.9044, 0.0812 3.0709 2.9217, 0.0577 3.0709 2.9234, 0.0 3.0709 2.9275, 0.2371 3.0709 2.8759, 0.2764 3.0709 2.8545, 0.4503 3.0709 2.7053, 0.4314 3.0709 2.7305, 0.3738 3.0709 2.7881, 0.3717 3.0709 2.7897, 0.3086 3.0709 2.8369, 0.5516 3.0709 2.4995, 0.5477 3.0709 2.5175, 0.5193 3.0709 2.5938, 0.5117 3.0709 2.6076, 0.4802 3.0709 2.6653, 0.5651 3.0709 2.4379, 0.5688 3.0709 2.3855, 0.5709 3.0709 2.3567, 0.5651 3.0709 2.2754, 0.5639 3.0709 2.2703, 0.5477 3.0709 2.1958, 0.534 3.0709 2.1589, 0.4129 3.0709 1.9643, 0.4314 3.0709 1.9828, 0.4802 3.0709 2.048, 0.484 3.0709 2.0549, 0.5193 3.0709 2.1195, 0.2248 3.0709 1.8328, 0.2371 3.0709 1.8374, 0.3086 3.0709 1.8764, 0.3255 3.0709 1.889, 0.3738 3.0709 1.9252, 0.1608 3.0709 1.8089, 0.1146 3.0709 1.7989, -0.1146 3.0709 1.7989, -0.0812 3.0709 1.7916, 0.0 3.0709 1.7858, 0.0812 3.0709 1.7916, 0.2066 3.0315 1.91, 0.2065 3.0709 1.9105, 0.1058 3.0315 1.8761, 0.1451 3.0709 1.8864, 0.2978 3.0315 1.9649, 0.297 3.0709 1.9659, 0.2772 3.0709 1.9501, 0.2135 3.0709 1.9133, 0.4339 3.0709 2.1266, 0.4262 3.0709 2.1106, 0.4348 3.0315 2.1262, 0.3848 3.0709 2.0498, 0.3751 3.0315 2.0381, 0.3744 3.0709 2.0387, 0.3347 3.0709 1.9959, 0.4581 3.0709 2.1769, 0.4742 3.0315 2.225, 0.4731 3.0709 2.2254, 0.4914 3.0315 2.33, 0.4907 3.0709 2.33, 0.4907 3.0709 2.3199, 0.4798 3.0709 2.2472, 0.4907 3.0709 2.3934, 0.4856 3.0315 2.4363, 0.4843 3.0709 2.4361, 0.4572 3.0315 2.5388, 0.457 3.0709 2.5387, 0.4581 3.0709 2.5365, 0.4798 3.0709 2.4662, 0.4262 3.0709 2.6027, 0.4073 3.0315 2.6328, 0.4062 3.0709 2.6321, 0.3384 3.0315 2.714, 0.3382 3.0709 2.7137, 0.3848 3.0709 2.6635, 0.2135 3.0709 2.8001, 0.2531 3.0709 2.7772, 0.2537 3.0315 2.7784, 0.2772 3.0709 2.7633, 0.3347 3.0709 2.7174, 0.1568 3.0709 2.8223, 0.1571 3.0315 2.823, 0.1451 3.0709 2.8269, 0.0532 3.0315 2.8459, 0.0733 3.0709 2.8433, -0.1568 3.0709 2.8223, -0.1451 3.0709 2.8269, -0.1571 3.0315 2.823, -0.0733 3.0709 2.8433, -0.0532 3.0315 2.8459, -0.0531 3.0709 2.8448, 0.0 3.0315 2.8488, 0.0 3.0709 2.8488, 0.0531 3.0709 2.8448, -0.2135 3.0709 2.8001, -0.2537 3.0315 2.7784, -0.2531 3.0709 2.7772, -0.3384 3.0315 2.714, -0.3382 3.0709 2.7137, -0.3347 3.0709 2.7174, -0.2772 3.0709 2.7633, -0.3848 3.0709 2.6635, -0.4073 3.0315 2.6328, -0.4062 3.0709 2.6321, -0.4856 3.0315 2.4363, -0.4843 3.0709 2.4361, -0.4798 3.0709 2.4662, -0.4572 3.0315 2.5388, -0.4581 3.0709 2.5365, -0.457 3.0709 2.5387, -0.4262 3.0709 2.6027, -0.4742 3.0315 2.225, -0.4731 3.0709 2.2254, -0.4798 3.0709 2.2472, -0.4914 3.0315 2.33, -0.4907 3.0709 2.3199, -0.4907 3.0709 2.33, -0.4907 3.0709 2.3934, -0.3744 3.0709 2.0387, -0.3848 3.0709 2.0498, -0.3751 3.0315 2.0381, -0.4262 3.0709 2.1106, -0.4348 3.0315 2.1262, -0.4339 3.0709 2.1266, -0.4581 3.0709 2.1769, -0.3347 3.0709 1.9959, -0.2978 3.0315 1.9649, -0.297 3.0709 1.9659, -0.2066 3.0315 1.91, -0.2065 3.0709 1.9105, -0.2135 3.0709 1.9133, -0.2772 3.0709 1.9501, -0.1451 3.0709 1.8864, -0.1058 3.0315 1.8761, -0.1055 3.0709 1.8774, 0.1055 3.0709 1.8774, 0.0733 3.0709 1.87, 0.0 3.0315 1.8645, 0.0 3.0709 1.8645, -0.0733 3.0709 1.87, 0.0 3.0315 2.3567, 0.0811 3.0811 2.9204, 0.2366 3.0811 2.8747, 0.3079 3.0811 2.8358, 0.373 3.0811 2.7871, 0.4791 3.0811 2.6646, 0.5637 3.0811 2.4377, 0.5465 3.0811 2.1962, 0.5181 3.0811 2.1201, 0.373 3.0811 1.9263, 0.1605 3.0811 1.8102, 0.0811 3.0811 1.7929, -0.1605 3.0811 1.8102, -0.373 3.0811 1.9263, -0.5181 3.0811 2.1201, -0.5465 3.0811 2.1962, -0.5637 3.0811 2.2756, -0.5637 3.0811 2.4377, -0.4791 3.0811 2.6646, -0.3079 3.0811 2.8358, -0.2366 3.0811 2.8747, -0.1553 3.105 2.8855, -0.1526 3.1089 2.8764, -0.225 3.1089 2.8494, 0.0792 3.1102 2.882, 0.0756 3.1102 2.8828, 0.0771 3.1089 2.8928, 0.1565 3.1102 2.8641, 0.1497 3.1102 2.8666, 0.1526 3.1089 2.8764, 0.5287 3.1102 2.3963, 0.5261 3.1102 2.4323, 0.5362 3.1089 2.4338, 0.5287 3.1102 2.317, 0.5315 3.1102 2.3567, 0.5417 3.1089 2.3567, 0.5169 3.1102 2.2387, 0.5261 3.1102 2.281, 0.5362 3.1089 2.2796, 0.4936 3.1102 2.1629, 0.51 3.1102 2.2069, 0.5197 3.1089 2.2041, 0.4592 3.1102 2.0915, 0.4835 3.1102 2.1359, 0.4927 3.1089 2.1316, 0.4147 3.1102 2.026, 0.4471 3.1102 2.0693, 0.4557 3.1089 2.0638, 0.3608 3.1102 1.9678, 0.4017 3.1102 2.0086, 0.4094 3.1089 2.0019, 0.2989 3.1102 1.9182, 0.3481 3.1102 1.955, 0.3547 3.1089 1.9473, 0.2303 3.1102 1.8784, 0.2873 3.1102 1.9095, 0.2929 3.1089 1.901, 0.1565 3.1102 1.8492, 0.2208 3.1102 1.8732, 0.225 3.1089 1.8639, 0.0792 3.1102 1.8314, 0.1497 3.1102 1.8467, 0.1526 3.1089 1.8369, -0.0792 3.1102 1.8314, -0.0756 3.1102 1.8306, -0.0771 3.1089 1.8205, -0.1565 3.1102 1.8492, -0.1497 3.1102 1.8467, -0.1526 3.1089 1.8369, -0.5287 3.1102 2.317, -0.5261 3.1102 2.281, -0.5362 3.1089 2.2796, -0.5287 3.1102 2.3963, -0.5315 3.1102 2.3567, -0.5417 3.1089 2.3567, -0.5169 3.1102 2.4747, -0.5261 3.1102 2.4323, -0.5362 3.1089 2.4338, -0.4936 3.1102 2.5504, -0.51 3.1102 2.5064, -0.5197 3.1089 2.5093, -0.4592 3.1102 2.6218, -0.4835 3.1102 2.5775, -0.4927 3.1089 2.5817, -0.4147 3.1102 2.6874, -0.4471 3.1102 2.644, -0.4557 3.1089 2.6495, -0.3608 3.1102 2.7456, -0.4017 3.1102 2.7047, -0.4094 3.1089 2.7114, -0.2989 3.1102 2.7951, -0.3481 3.1102 2.7583, -0.3547 3.1089 2.766, -0.2303 3.1102 2.835, -0.2873 3.1102 2.8038, -0.2929 3.1089 2.8124, -0.0792 3.1102 2.882, -0.1497 3.1102 2.8666, -0.1565 3.1102 2.8641, -0.2208 3.1102 2.8401, -0.51 3.1102 2.2069, -0.4936 3.1102 2.1629, -0.4927 3.1089 2.1316, -0.4835 3.1102 2.1359, -0.4592 3.1102 2.0915, -0.4557 3.1089 2.0638, -0.4471 3.1102 2.0693, -0.4147 3.1102 2.026, -0.4094 3.1089 2.0019, -0.4017 3.1102 2.0086, -0.3608 3.1102 1.9678, -0.3547 3.1089 1.9473, -0.3481 3.1102 1.955, -0.2989 3.1102 1.9182, -0.2929 3.1089 1.901, -0.2873 3.1102 1.9095, -0.2303 3.1102 1.8784, -0.225 3.1089 1.8639, -0.2208 3.1102 1.8732, 0.51 3.1102 2.5064, 0.4936 3.1102 2.5504, 0.4927 3.1089 2.5817, 0.4835 3.1102 2.5775, 0.4592 3.1102 2.6218, 0.4557 3.1089 2.6495, 0.4471 3.1102 2.644, 0.4147 3.1102 2.6874, 0.4094 3.1089 2.7114, 0.4017 3.1102 2.7047, 0.3608 3.1102 2.7456, 0.3547 3.1089 2.766, 0.3481 3.1102 2.7583, 0.2989 3.1102 2.7951, 0.2929 3.1089 2.8124, 0.2873 3.1102 2.8038, 0.2303 3.1102 2.835, 0.225 3.1089 2.8494, 0.2208 3.1102 2.8401, -0.0756 3.1102 2.8828, -0.0771 3.1089 2.8928, -0.0784 3.105 2.9022, -0.0796 3.0987 2.9103, 0.0 3.1102 2.8882, 0.0 3.1089 2.8984, 0.0 3.105 2.9079, 0.0 3.0987 2.916, 0.0 3.0905 2.9223, 0.0784 3.105 2.9022, 0.0796 3.0987 2.9103, 0.0805 3.0905 2.9165, -0.0805 3.0905 2.9165, -0.0811 3.0811 2.9204, 0.0 3.0811 2.9262, -0.1605 3.0811 2.9031, -0.235 3.0905 2.8712, -0.1593 3.0905 2.8994, -0.2324 3.0987 2.8655, -0.1576 3.0987 2.8933, -0.229 3.105 2.858, -0.4166 3.105 2.7176, -0.4637 3.105 2.6547, -0.4227 3.0987 2.723, -0.4705 3.0987 2.6591, -0.4274 3.0905 2.7271, -0.4758 3.0905 2.6625, -0.4304 3.0811 2.7296, -0.5289 3.105 2.512, -0.5456 3.105 2.4351, -0.5367 3.0987 2.5143, -0.5536 3.0987 2.4363, -0.5427 3.0905 2.516, -0.5598 3.0905 2.4372, -0.5465 3.0811 2.5171, -0.4166 3.105 1.9957, -0.3609 3.105 1.9401, -0.4227 3.0987 1.9904, -0.3663 3.0987 1.934, -0.4274 3.0905 1.9863, -0.3704 3.0905 1.9292, -0.4304 3.0811 1.9837, -0.229 3.105 1.8553, -0.1553 3.105 1.8278, -0.2324 3.0987 1.8479, -0.1576 3.0987 1.82, -0.235 3.0905 1.8422, -0.1593 3.0905 1.814, -0.2366 3.0811 1.8386, 0.298 3.105 1.893, 0.3609 3.105 1.9401, 0.3024 3.0987 1.8861, 0.3663 3.0987 1.934, 0.3058 3.0905 1.8809, 0.3704 3.0905 1.9292, 0.3079 3.0811 1.8776, 0.4637 3.105 2.0587, 0.5014 3.105 2.1277, 0.4705 3.0987 2.0543, 0.5088 3.0987 2.1243, 0.4758 3.0905 2.0509, 0.5145 3.0905 2.1217, 0.4791 3.0811 2.0488, 0.5512 3.105 2.3567, 0.5456 3.105 2.4351, 0.5593 3.0987 2.3567, 0.5536 3.0987 2.4363, 0.5656 3.0905 2.3567, 0.5598 3.0905 2.4372, 0.5695 3.0811 2.3567, 0.5014 3.105 2.5856, 0.4637 3.105 2.6547, 0.5088 3.0987 2.589, 0.4705 3.0987 2.6591, 0.5145 3.0905 2.5916, 0.4758 3.0905 2.6625, 0.5181 3.0811 2.5933, -0.3058 3.0905 2.8325, -0.3024 3.0987 2.8272, -0.298 3.105 2.8204, -0.373 3.0811 2.7871, -0.3704 3.0905 2.7841, -0.3663 3.0987 2.7794, -0.3609 3.105 2.7732, -0.5181 3.0811 2.5933, -0.5145 3.0905 2.5916, -0.5088 3.0987 2.589, -0.5014 3.105 2.5856, -0.5695 3.0811 2.3567, -0.5656 3.0905 2.3567, -0.5593 3.0987 2.3567, -0.5512 3.105 2.3567, -0.5456 3.105 2.2782, -0.5536 3.0987 2.2771, -0.5598 3.0905 2.2762, -0.5427 3.0905 2.1973, -0.5367 3.0987 2.1991, -0.5289 3.105 2.2014, -0.5197 3.1089 2.2041, -0.5169 3.1102 2.2387, -0.5014 3.105 2.1277, -0.5088 3.0987 2.1243, -0.5145 3.0905 2.1217, -0.4791 3.0811 2.0488, -0.4758 3.0905 2.0509, -0.4705 3.0987 2.0543, -0.4637 3.105 2.0587, -0.3079 3.0811 1.8776, -0.3058 3.0905 1.8809, -0.3024 3.0987 1.8861, -0.298 3.105 1.893, -0.0811 3.0811 1.7929, -0.0805 3.0905 1.7968, -0.0796 3.0987 1.803, -0.0784 3.105 1.8111, 0.0 3.1102 1.8252, 0.0 3.1089 1.815, 0.0 3.105 1.8055, 0.0 3.0987 1.7973, 0.0 3.0905 1.7911, 0.0 3.0811 1.7871, 0.0756 3.1102 1.8306, 0.0771 3.1089 1.8205, 0.0784 3.105 1.8111, 0.0796 3.0987 1.803, 0.0805 3.0905 1.7968, 0.1553 3.105 1.8278, 0.1576 3.0987 1.82, 0.1593 3.0905 1.814, 0.2366 3.0811 1.8386, 0.235 3.0905 1.8422, 0.2324 3.0987 1.8479, 0.229 3.105 1.8553, 0.4304 3.0811 1.9837, 0.4274 3.0905 1.9863, 0.4227 3.0987 1.9904, 0.4166 3.105 1.9957, 0.5427 3.0905 2.1973, 0.5367 3.0987 2.1991, 0.5289 3.105 2.2014, 0.5637 3.0811 2.2756, 0.5598 3.0905 2.2762, 0.5536 3.0987 2.2771, 0.5456 3.105 2.2782, 0.5465 3.0811 2.5171, 0.5427 3.0905 2.516, 0.5367 3.0987 2.5143, 0.5289 3.105 2.512, 0.5197 3.1089 2.5093, 0.5169 3.1102 2.4747, 0.4304 3.0811 2.7296, 0.4274 3.0905 2.7271, 0.4227 3.0987 2.723, 0.4166 3.105 2.7176, 0.3609 3.105 2.7732, 0.3663 3.0987 2.7794, 0.3704 3.0905 2.7841, 0.3058 3.0905 2.8325, 0.3024 3.0987 2.8272, 0.298 3.105 2.8204, 0.229 3.105 2.858, 0.2324 3.0987 2.8655, 0.235 3.0905 2.8712, 0.1605 3.0811 2.9031, 0.1593 3.0905 2.8994, 0.1576 3.0987 2.8933, 0.1553 3.105 2.8855, 0.2937 3.1089 2.7874, 0.3546 3.1089 2.7388, 0.4076 3.1089 2.6817, 0.4515 3.1089 2.6173, 0.4853 3.1089 2.5471, 0.5082 3.1089 2.4727, 0.5198 3.1089 2.3956, -0.2937 3.1089 1.9259, -0.3546 3.1089 1.9745, -0.4076 3.1089 2.0316, -0.4515 3.1089 2.096, -0.4853 3.1089 2.1662, -0.5082 3.1089 2.2407, 0.2158 3.0905 1.9085, 0.2141 3.0811 1.9121, 0.278 3.0811 1.9489, -0.2158 3.0905 2.8048, -0.2141 3.0811 2.8013, -0.278 3.0811 2.7644, 0.1455 3.0811 2.8282, 0.2141 3.0811 2.8013, 0.3356 3.0811 2.7184, 0.4921 3.0811 2.3935, 0.4594 3.0811 2.1764, 0.3356 3.0811 1.9949, -0.0735 3.0811 1.8687, -0.1455 3.0811 1.8851, -0.3356 3.0811 1.9949, -0.4594 3.0811 2.1764, -0.4921 3.0811 2.3935, -0.4594 3.0811 2.537, -0.0735 3.0811 2.8446, -0.3356 3.0811 2.7184, -0.3858 3.0811 2.6643, -0.4274 3.0811 2.6034, -0.4811 3.0811 2.4665, -0.4921 3.0811 2.3198, -0.4811 3.0811 2.2469, -0.4274 3.0811 2.1099, -0.3858 3.0811 2.049, -0.278 3.0811 1.9489, -0.2141 3.0811 1.9121, 0.3858 3.0811 2.049, 0.4274 3.0811 2.1099, 0.4811 3.0811 2.2469, 0.4921 3.0811 2.3198, 0.4811 3.0811 2.4665, 0.4594 3.0811 2.537, 0.4274 3.0811 2.6034, 0.3858 3.0811 2.6643, 0.278 3.0811 2.7644, -0.1455 3.0811 2.8282, -0.1466 3.0905 2.832, -0.1485 3.0987 2.838, 0.1455 3.0811 1.8851, 0.1466 3.0905 1.8814, 0.1485 3.0987 1.8754, -0.0741 3.0905 2.8485, -0.0751 3.0987 2.8547, -0.0763 3.105 2.8628, 0.0735 3.0811 1.8687, 0.0741 3.0905 1.8648, 0.0751 3.0987 1.8586, 0.0763 3.105 1.8506, 0.0 3.0811 2.8501, 0.0 3.0905 2.8541, 0.0 3.0987 2.8603, 0.0 3.105 2.8685, 0.0 3.1089 2.878, 0.0 3.0811 1.8632, 0.0 3.0905 1.8593, 0.0 3.0987 1.853, 0.0 3.105 1.8449, 0.0 3.1089 1.8354, -0.1509 3.105 1.8676, -0.1537 3.1089 1.8585, -0.2262 3.1089 1.887, 0.1509 3.105 2.8457, 0.1537 3.1089 2.8548, 0.2262 3.1089 2.8264, -0.0777 3.1089 2.8722, -0.2802 3.0905 2.7676, -0.2185 3.0987 2.8105, -0.1509 3.105 2.8457, -0.1537 3.1089 2.8548, -0.3383 3.0905 2.7213, -0.2837 3.0987 2.7728, -0.2221 3.105 2.8178, -0.2262 3.1089 2.8264, -0.3889 3.0905 2.6668, -0.3426 3.0987 2.7259, -0.2883 3.105 2.7795, -0.2937 3.1089 2.7874, -0.4308 3.0905 2.6054, -0.3938 3.0987 2.6707, -0.3481 3.105 2.7319, -0.3546 3.1089 2.7388, -0.463 3.0905 2.5384, -0.4362 3.0987 2.6085, -0.4002 3.105 2.6758, -0.4076 3.1089 2.6817, -0.4849 3.0905 2.4674, -0.4688 3.0987 2.5407, -0.4432 3.105 2.6126, -0.4515 3.1089 2.6173, -0.496 3.0905 2.3938, -0.491 3.0987 2.4687, -0.4764 3.105 2.5437, -0.4853 3.1089 2.5471, -0.496 3.0905 2.3195, -0.5022 3.0987 2.3943, -0.499 3.105 2.4706, -0.5082 3.1089 2.4727, -0.4849 3.0905 2.246, -0.5022 3.0987 2.319, -0.5104 3.105 2.3949, -0.5198 3.1089 2.3956, -0.463 3.0905 2.175, -0.491 3.0987 2.2446, -0.5104 3.105 2.3184, -0.5198 3.1089 2.3177, -0.4308 3.0905 2.108, -0.4688 3.0987 2.1727, -0.499 3.105 2.2428, -0.3889 3.0905 2.0465, -0.4362 3.0987 2.1048, -0.4764 3.105 2.1697, -0.3383 3.0905 1.9921, -0.3938 3.0987 2.0426, -0.4432 3.105 2.1008, -0.2802 3.0905 1.9457, -0.3426 3.0987 1.9875, -0.4002 3.105 2.0376, -0.2158 3.0905 1.9085, -0.2837 3.0987 1.9405, -0.3481 3.105 1.9815, -0.1466 3.0905 1.8814, -0.2185 3.0987 1.9029, -0.2883 3.105 1.9338, -0.1485 3.0987 1.8754, -0.2221 3.105 1.8955, -0.0777 3.1089 1.8412, -0.0763 3.105 1.8506, -0.0751 3.0987 1.8586, -0.0741 3.0905 1.8648, 0.0777 3.1089 1.8412, 0.2802 3.0905 1.9457, 0.2185 3.0987 1.9029, 0.1509 3.105 1.8676, 0.1537 3.1089 1.8585, 0.3383 3.0905 1.9921, 0.2837 3.0987 1.9405, 0.2221 3.105 1.8955, 0.2262 3.1089 1.887, 0.3889 3.0905 2.0465, 0.3426 3.0987 1.9875, 0.2883 3.105 1.9338, 0.2937 3.1089 1.9259, 0.4308 3.0905 2.108, 0.3938 3.0987 2.0426, 0.3481 3.105 1.9815, 0.3546 3.1089 1.9745, 0.463 3.0905 2.175, 0.4362 3.0987 2.1048, 0.4002 3.105 2.0376, 0.4076 3.1089 2.0316, 0.4849 3.0905 2.246, 0.4688 3.0987 2.1727, 0.4432 3.105 2.1008, 0.4515 3.1089 2.096, 0.496 3.0905 2.3195, 0.491 3.0987 2.2446, 0.4764 3.105 2.1697, 0.4853 3.1089 2.1662, 0.496 3.0905 2.3938, 0.5022 3.0987 2.319, 0.499 3.105 2.2428, 0.5082 3.1089 2.2407, 0.4849 3.0905 2.4674, 0.5022 3.0987 2.3943, 0.5104 3.105 2.3184, 0.5198 3.1089 2.3177, 0.463 3.0905 2.5384, 0.491 3.0987 2.4687, 0.5104 3.105 2.3949, 0.4308 3.0905 2.6054, 0.4688 3.0987 2.5407, 0.499 3.105 2.4706, 0.3889 3.0905 2.6668, 0.4362 3.0987 2.6085, 0.4764 3.105 2.5437, 0.3383 3.0905 2.7213, 0.3938 3.0987 2.6707, 0.4432 3.105 2.6126, 0.2802 3.0905 2.7676, 0.3426 3.0987 2.7259, 0.4002 3.105 2.6758, 0.2158 3.0905 2.8048, 0.2837 3.0987 2.7728, 0.3481 3.105 2.7319, 0.1466 3.0905 2.832, 0.2185 3.0987 2.8105, 0.2883 3.105 2.7795, 0.1485 3.0987 2.838, 0.2221 3.105 2.8178, 0.0777 3.1089 2.8722, 0.0763 3.105 2.8628, 0.0751 3.0987 2.8547, 0.0741 3.0905 2.8485, 0.0735 3.0811 2.8446, -1.9685 1.7717 0.9564, -1.9685 1.7717 1.4905, -1.9609 1.7717 1.0334, -1.9383 1.7717 1.1075, -1.811 1.7717 1.4905, -1.811 1.7717 1.3109, -1.9017 1.7717 1.1757, -1.811 2.5591 0.1126, -1.9685 2.5591 0.1126, -1.811 2.5591 0.9564, -1.9685 2.5591 0.9564, -1.8065 2.5591 1.0026, -1.9609 2.5591 1.0334, -1.7929 2.5591 1.047, -1.9383 2.5591 1.1075, -1.771 2.5591 1.088, -1.9017 2.5591 1.1757, -1.6085 2.5591 1.3301, -1.7392 2.5591 1.4179, 1.6085 2.5591 1.3301, 1.7392 2.5591 1.4179, 1.771 2.5591 1.088, 1.9017 2.5591 1.1757, 1.7929 2.5591 1.047, 1.9383 2.5591 1.1075, 1.8065 2.5591 1.0026, 1.9609 2.5591 1.0334, 1.811 2.5591 0.9564, 1.9685 2.5591 0.9564, 1.811 2.5591 0.1126, 1.9685 2.5591 0.1126, -1.811 -0.3543 0.1126, -1.811 -1.378 0.1126, -1.9685 -0.3543 0.1126, -1.9685 -1.378 0.1126, 1.9685 -0.3543 0.1126, 1.9685 -1.378 0.1126, 1.811 -0.3543 0.1126, 1.811 -1.378 0.1126, -1.811 2.5591 1.4905, -1.9685 2.5591 1.4905, -1.811 2.5591 3.1047, -1.9685 2.5591 3.1047, -1.8043 2.5591 3.1557, -1.9564 2.5591 3.1964, -1.7847 2.5591 3.2031, -1.921 2.5591 3.2819, -1.7534 2.5591 3.2439, -1.8647 2.5591 3.3553, -1.7126 2.5591 3.2752, -1.7913 2.5591 3.4116, -1.6651 2.5591 3.2948, -1.7059 2.5591 3.447, -1.6142 2.5591 3.3016, -1.6142 2.5591 3.459, 1.6142 2.5591 3.3016, 1.6142 2.5591 3.459, 1.6651 2.5591 3.2948, 1.7059 2.5591 3.447, 1.7126 2.5591 3.2752, 1.7913 2.5591 3.4116, 1.7534 2.5591 3.2439, 1.8647 2.5591 3.3553, 1.7847 2.5591 3.2031, 1.921 2.5591 3.2819, 1.8043 2.5591 3.1557, 1.9564 2.5591 3.1964, 1.811 2.5591 3.1047, 1.9685 2.5591 3.1047, 1.811 2.5591 1.4905, 1.9685 2.5591 1.4905, 1.811 -0.296 2.1571, 1.811 -0.315 2.1493, 1.811 -1.378 3.1047, 1.811 -0.3313 2.1368, 1.811 -0.3438 2.1205, 1.811 -0.3543 2.0811, 1.811 -0.3516 2.1015, 1.811 1.7717 1.4905, 1.811 -0.2362 2.1493, 1.811 -0.2552 2.1571, 1.811 -0.2756 2.1598, 1.811 1.7717 0.9564, 1.811 0.748 0.1126, 1.811 1.7717 1.3109, 1.811 0.748 2.0811, 1.811 0.7453 2.1015, 1.811 0.7375 2.1205, 1.811 0.6897 2.1571, 1.811 0.7087 2.1493, 1.811 0.725 2.1368, 1.811 0.6136 2.1368, 1.811 0.6011 2.1205, 1.811 0.5932 2.1015, 1.811 -0.2199 2.1368, 1.811 0.5905 2.0811, 1.811 0.5905 -0.0516, 1.811 -0.1969 -0.0516, 1.811 0.6693 2.1598, 1.811 0.6489 2.1571, 1.811 0.6299 2.1493, 1.811 -0.1969 2.0811, 1.811 -0.1995 2.1015, 1.811 -0.2074 2.1205, 1.9685 -1.378 3.1047, 1.8043 -1.378 3.1557, 1.9564 -1.378 3.1964, 1.7847 -1.378 3.2031, 1.921 -1.378 3.2819, 1.7534 -1.378 3.2439, 1.8647 -1.378 3.3553, 1.7126 -1.378 3.2752, 1.7913 -1.378 3.4116, 1.6651 -1.378 3.2948, 1.7059 -1.378 3.447, 1.6142 -1.378 3.3016, 1.6142 -1.378 3.459, -1.6142 -1.378 3.3016, -1.6142 -1.378 3.459, -1.6651 -1.378 3.2948, -1.7059 -1.378 3.447, -1.7126 -1.378 3.2752, -1.7913 -1.378 3.4116, -1.7534 -1.378 3.2439, -1.8647 -1.378 3.3553, -1.7847 -1.378 3.2031, -1.921 -1.378 3.2819, -1.8043 -1.378 3.1557, -1.9564 -1.378 3.1964, -1.811 -1.378 3.1047, -1.9685 -1.378 3.1047, 1.9685 0.7375 2.1205, 1.9685 0.7453 2.1015, 1.9685 1.7717 0.9564, 1.9685 0.748 0.1126, 1.9685 0.748 2.0811, 1.9685 -0.3543 2.0811, 1.9685 -0.3516 2.1015, 1.9685 -0.3438 2.1205, 1.9685 -0.3313 2.1368, 1.9685 -0.315 2.1493, 1.9685 -0.296 2.1571, 1.9685 -0.2756 2.1598, 1.9685 -0.2552 2.1571, 1.9685 -0.2362 2.1493, 1.9685 0.6897 2.1571, 1.9685 0.7087 2.1493, 1.9685 -0.2199 2.1368, 1.9685 -0.2074 2.1205, 1.9685 -0.1995 2.1015, 1.9685 0.725 2.1368, 1.9685 1.7717 1.4905, 1.9685 -0.1969 2.0811, 1.9685 -0.1969 -0.0449, 1.9685 0.5905 -0.0449, 1.9685 0.5905 2.0811, 1.9685 0.5932 2.1015, 1.9685 0.6011 2.1205, 1.9685 0.6136 2.1368, 1.9685 0.6299 2.1493, 1.9685 0.6489 2.1571, 1.9685 0.6693 2.1598, -0.0764 1.5652 3.459, -0.1476 1.5947 3.459, -0.2088 1.6416 3.459, -0.2557 1.7028 3.459, 0.2852 1.9268 3.459, 0.2953 1.8504 3.459, 0.2852 1.774 3.459, 0.2557 1.7028 3.459, 0.2088 1.6416 3.459, 0.1476 1.5947 3.459, 0.0764 1.5652 3.459, 0.0 1.5551 3.459, -0.2852 1.774 3.459, -0.2953 1.8504 3.459, -0.2852 1.9268 3.459, -0.2557 1.998 3.459, -0.2088 2.0592 3.459, -0.1476 2.1061 3.459, 0.1476 2.1061 3.459, 0.2088 2.0592 3.459, 0.2557 1.998 3.459, -0.0764 2.1356 3.459, 0.0 2.1457 3.459, 0.0764 2.1356 3.459, -1.9685 0.748 0.1126, -1.9685 0.748 2.0811, -1.9685 0.7453 2.1015, -1.9685 0.7375 2.1205, -1.9685 -0.296 2.1571, -1.9685 -0.315 2.1493, -1.9685 -0.3313 2.1368, -1.9685 -0.3438 2.1205, -1.9685 -0.3543 2.0811, -1.9685 -0.3516 2.1015, -1.9685 -0.2362 2.1493, -1.9685 -0.2552 2.1571, -1.9685 -0.2756 2.1598, -1.9685 0.6897 2.1571, -1.9685 0.7087 2.1493, -1.9685 0.725 2.1368, -1.9685 0.6136 2.1368, -1.9685 0.6011 2.1205, -1.9685 0.5932 2.1015, -1.9685 -0.2199 2.1368, -1.9685 0.5905 2.0811, -1.9685 0.5905 -0.0449, -1.9685 -0.1969 -0.0449, -1.9685 0.6693 2.1598, -1.9685 0.6489 2.1571, -1.9685 0.6299 2.1493, -1.9685 -0.1969 2.0811, -1.9685 -0.1995 2.1015, -1.9685 -0.2074 2.1205, 0.2953 1.8504 3.3016, 0.2852 1.9268 3.3016, -0.2088 1.6416 3.3016, -0.1476 1.5947 3.3016, 0.2557 1.998 3.3016, 0.2088 2.0592 3.3016, 0.1476 2.1061 3.3016, -0.2852 1.9268 3.3016, -0.2953 1.8504 3.3016, -0.2852 1.774 3.3016, -0.2557 1.7028 3.3016, -0.0764 1.5652 3.3016, 0.0 1.5551 3.3016, 0.0764 1.5652 3.3016, 0.1476 1.5947 3.3016, 0.0764 2.1356 3.3016, 0.0 2.1457 3.3016, -0.0764 2.1356 3.3016, -0.1476 2.1061 3.3016, -0.2088 2.0592 3.3016, -0.2557 1.998 3.3016, 0.2088 1.6416 3.3016, 0.2557 1.7028 3.3016, 0.2852 1.774 3.3016, -1.811 0.7453 2.1015, -1.811 1.7717 0.9564, -1.811 0.7375 2.1205, -1.811 0.725 2.1368, -1.811 0.748 0.1126, -1.811 0.748 2.0811, -1.811 -0.3543 2.0811, -1.811 -0.3516 2.1015, -1.811 -0.3438 2.1205, -1.811 -0.3313 2.1368, -1.811 -0.315 2.1493, -1.811 -0.296 2.1571, -1.811 -0.2756 2.1598, -1.811 -0.2552 2.1571, -1.811 -0.2362 2.1493, -1.811 0.6897 2.1571, -1.811 0.7087 2.1493, -1.811 -0.2199 2.1368, -1.811 -0.2074 2.1205, -1.811 -0.1995 2.1015, -1.811 -0.1969 2.0811, -1.811 -0.1969 -0.0516, -1.811 0.5905 -0.0516, -1.811 0.5905 2.0811, -1.811 0.5932 2.1015, -1.811 0.6011 2.1205, -1.811 0.6136 2.1368, -1.811 0.6299 2.1493, -1.811 0.6489 2.1571, -1.811 0.6693 2.1598, 1.811 0.5642 -1.0882, 1.811 0.5329 -1.129, 1.811 0.3937 -1.1866, 1.811 0.4921 -1.1603, 1.811 0.4446 -1.1799, 1.811 -0.0984 -1.1603, 1.811 -0.1392 -1.129, 1.811 -0.051 -1.1799, 1.811 -0.1705 -1.0882, 1.811 -0.0 -1.1866, 1.811 -0.1859 -1.0546, 1.811 0.5796 -1.0546, 1.9685 0.3937 -1.1866, 1.9685 -0.0 -1.1866, 1.9685 0.5741 -1.0685, 1.9685 0.4446 -1.1799, 1.9685 0.4921 -1.1603, 1.9685 0.5329 -1.129, 1.9685 0.5642 -1.0882, 1.9685 -0.1804 -1.0685, 1.9685 -0.1705 -1.0882, 1.9685 -0.051 -1.1799, 1.9685 -0.1392 -1.129, 1.9685 -0.0984 -1.1603, 1.9826 0.5905 -0.9898, 2.0276 0.5905 -0.738, 2.0276 -0.1969 -0.738, 1.9826 -0.1969 -0.9898, 1.9735 -0.1901 -1.0407, 1.9735 0.5838 -1.0407, 1.8689 -0.1969 -0.7307, 1.8689 0.5905 -0.7307, 1.8226 -0.1969 -0.9898, 1.8226 0.5905 -0.9898, 1.8135 0.5838 -1.0407, 1.8135 -0.1901 -1.0407, -1.811 -0.0 -1.1866, -1.811 0.3937 -1.1866, -1.811 0.5796 -1.0546, -1.811 0.4446 -1.1799, -1.811 0.4921 -1.1603, -1.811 0.5329 -1.129, -1.811 0.5642 -1.0882, -1.811 -0.1859 -1.0546, -1.811 -0.1705 -1.0882, -1.811 -0.051 -1.1799, -1.811 -0.1392 -1.129, -1.811 -0.0984 -1.1603, -1.8135 -0.1901 -1.0407, -1.8135 0.5838 -1.0407, -1.8226 -0.1969 -0.9898, -1.8226 0.5905 -0.9898, -1.8689 -0.1969 -0.7307, -1.8689 0.5905 -0.7307, -2.0276 -0.1969 -0.738, -2.0276 0.5905 -0.738, -1.9826 -0.1969 -0.9898, -1.9826 0.5905 -0.9898, -1.9735 0.5838 -1.0407, -1.9735 -0.1901 -1.0407, -1.9685 0.5741 -1.0685, -1.9685 -0.1804 -1.0685, -1.9685 0.5642 -1.0882, -1.9685 0.5329 -1.129, -1.9685 0.3937 -1.1866, -1.9685 0.4921 -1.1603, -1.9685 0.4446 -1.1799, -1.9685 -0.0984 -1.1603, -1.9685 -0.1392 -1.129, -1.9685 -0.051 -1.1799, -1.9685 -0.1705 -1.0882, -1.9685 -0.0 -1.1866, 1.9609 1.7717 1.0334, 1.9017 1.7717 1.1757, 1.9383 1.7717 1.1075, 1.6085 1.7717 1.3301, 1.771 1.7717 1.088, 1.7392 1.7717 1.4179, 1.8065 1.7717 1.0026, 1.7929 1.7717 1.047, -1.771 1.7717 1.088, -1.6085 1.7717 1.3301, -1.7929 1.7717 1.047, -1.8065 1.7717 1.0026, -1.7392 1.7717 1.4179
            ]
        }
        coordIndex [
            0,1,2,-1,2,1,3,-1,2,3,4,-1,4,3,5,-1,4,5,6,-1,6,5,7,-1,8,9,10,-1,10,9,11,-1,10,11,12,-1,12,11,13,-1,12,13,14,-1,14,13,15,-1,14,15,16,-1,14,16,17,-1,17,16,18,-1,17,18,19,-1,19,18,20,-1,19,20,21,-1,21,20,22,-1,21,22,23,-1,23,22,24,-1,23,24,25,-1,25,24,26,-1,25,26,27,-1,27,26,28,-1,27,28,29,-1,29,28,30,-1,29,30,31,-1,31,30,32,-1,31,32,33,-1,33,32,34,-1,33,34,35,-1,35,34,36,-1,35,36,37,-1,37,36,38,-1,37,38,39,-1,39,38,40,-1,39,40,41,-1,41,40,42,-1,41,42,43,-1,43,42,44,-1,43,44,45,-1,45,44,46,-1,45,46,47,-1,47,46,48,-1,47,48,49,-1,49,48,50,-1,49,50,51,-1,51,50,52,-1,51,52,53,-1,53,52,54,-1,53,54,55,-1,55,54,56,-1,55,56,57,-1,57,56,58,-1,57,58,59,-1,59,58,60,-1,59,60,61,-1,61,60,62,-1,61,62,63,-1,63,62,64,-1,63,64,65,-1,65,64,1,-1,65,1,0,-1,66,67,12,-1,67,68,12,-1,12,68,69,-1,12,69,2,-1,2,69,70,-1,2,70,0,-1,0,70,71,-1,66,12,72,-1,72,12,14,-1,72,14,73,-1,73,14,17,-1,73,17,74,-1,74,17,19,-1,74,19,75,-1,19,21,75,-1,75,21,23,-1,75,23,76,-1,76,23,25,-1,76,25,77,-1,77,25,27,-1,77,27,78,-1,78,27,29,-1,78,29,79,-1,79,29,31,-1,79,31,80,-1,80,31,33,-1,80,33,81,-1,81,33,35,-1,81,35,82,-1,82,35,37,-1,82,37,83,-1,37,39,83,-1,83,39,41,-1,83,41,84,-1,84,41,43,-1,84,43,85,-1,85,43,45,-1,85,45,86,-1,86,45,47,-1,86,47,87,-1,87,47,49,-1,87,49,88,-1,88,49,51,-1,88,51,89,-1,89,51,53,-1,89,53,90,-1,90,53,55,-1,90,55,91,-1,91,55,57,-1,91,57,92,-1,92,57,59,-1,92,59,93,-1,93,59,61,-1,93,61,94,-1,94,61,63,-1,94,63,95,-1,95,63,65,-1,95,65,96,-1,96,65,0,-1,96,0,97,-1,97,0,71,-1,15,13,3,-1,44,42,15,-1,3,1,15,-1,15,1,64,-1,15,64,62,-1,62,60,15,-1,15,60,58,-1,15,58,56,-1,56,54,15,-1,15,54,52,-1,15,52,50,-1,50,48,15,-1,15,48,46,-1,15,46,44,-1,42,40,15,-1,15,40,38,-1,15,38,36,-1,36,34,15,-1,15,34,32,-1,15,32,30,-1,30,28,15,-1,15,28,26,-1,15,26,24,-1,24,22,15,-1,15,22,20,-1,15,20,16,-1,16,20,18,-1,11,9,5,-1,5,9,98,-1,5,98,99,-1,100,99,101,-1,101,99,102,-1,100,103,99,-1,99,103,7,-1,99,7,5,-1,104,102,105,-1,105,102,106,-1,107,108,109,-1,109,108,110,-1,104,111,102,-1,102,111,112,-1,102,112,101,-1,101,112,108,-1,101,108,113,-1,113,108,107,-1,108,112,114,-1,114,112,115,-1,8,10,4,-1,8,4,116,-1,117,118,119,-1,119,118,120,-1,116,4,119,-1,119,4,6,-1,119,6,117,-1,121,120,122,-1,122,120,123,-1,121,124,120,-1,120,124,114,-1,120,114,119,-1,119,114,115,-1,119,115,125,-1,126,127,128,-1,125,115,128,-1,128,115,129,-1,128,129,126,-1,2,4,12,-1,12,4,10,-1,5,3,11,-1,11,3,13,-1,102,99,125,-1,125,99,119,-1,100,101,118,-1,118,101,120,-1,6,7,103,-1,6,103,117,-1,117,103,100,-1,117,100,118,-1,120,101,113,-1,120,113,123,-1,123,113,107,-1,123,107,122,-1,122,107,109,-1,122,109,121,-1,121,109,110,-1,121,110,124,-1,124,110,108,-1,124,108,114,-1,102,125,128,-1,102,128,106,-1,106,128,127,-1,106,127,105,-1,105,127,126,-1,105,126,104,-1,104,126,129,-1,104,129,111,-1,111,129,115,-1,111,115,112,-1,9,8,116,-1,9,116,98,-1,98,116,119,-1,98,119,99,-1,130,68,131,-1,131,68,67,-1,131,67,132,-1,132,67,66,-1,132,66,133,-1,133,66,134,-1,134,66,135,-1,135,66,72,-1,135,72,136,-1,73,137,138,-1,73,138,72,-1,72,138,139,-1,72,139,136,-1,137,73,140,-1,140,73,74,-1,140,74,141,-1,76,142,143,-1,76,143,75,-1,143,144,75,-1,75,144,145,-1,75,145,74,-1,74,145,146,-1,74,146,141,-1,147,148,78,-1,78,148,149,-1,78,149,77,-1,77,149,150,-1,77,150,76,-1,76,150,151,-1,76,151,142,-1,147,78,152,-1,152,78,79,-1,152,79,153,-1,80,154,155,-1,80,155,79,-1,79,155,156,-1,79,156,153,-1,154,80,157,-1,157,80,81,-1,157,81,158,-1,83,159,160,-1,83,160,82,-1,160,161,82,-1,82,161,162,-1,82,162,81,-1,81,162,163,-1,81,163,158,-1,85,164,165,-1,85,165,84,-1,165,166,84,-1,84,166,167,-1,84,167,83,-1,83,167,168,-1,83,168,159,-1,164,85,169,-1,169,85,86,-1,169,86,170,-1,88,171,172,-1,88,172,87,-1,172,173,87,-1,87,173,174,-1,87,174,86,-1,86,174,175,-1,86,175,170,-1,176,177,90,-1,90,177,178,-1,90,178,89,-1,89,178,179,-1,89,179,88,-1,88,179,180,-1,88,180,171,-1,176,90,181,-1,181,90,91,-1,181,91,182,-1,182,91,183,-1,183,91,92,-1,183,92,184,-1,184,92,93,-1,184,93,185,-1,185,93,186,-1,186,93,94,-1,186,94,187,-1,96,188,189,-1,96,189,95,-1,189,190,95,-1,95,190,191,-1,95,191,94,-1,94,191,192,-1,94,192,187,-1,193,194,71,-1,71,194,195,-1,71,195,97,-1,97,195,196,-1,97,196,96,-1,96,196,197,-1,96,197,188,-1,193,71,198,-1,198,71,70,-1,198,70,199,-1,130,200,68,-1,68,200,201,-1,68,201,69,-1,69,201,202,-1,69,202,70,-1,70,202,203,-1,70,203,199,-1,204,205,206,-1,206,205,207,-1,208,209,210,-1,208,210,204,-1,204,210,211,-1,204,211,205,-1,212,213,214,-1,214,213,215,-1,214,215,216,-1,216,215,217,-1,216,217,208,-1,208,217,218,-1,208,218,209,-1,212,214,219,-1,219,214,220,-1,219,220,221,-1,222,223,224,-1,222,224,220,-1,220,224,225,-1,220,225,221,-1,223,222,226,-1,226,222,227,-1,226,227,228,-1,229,230,231,-1,229,231,227,-1,227,231,232,-1,227,232,228,-1,230,229,233,-1,233,229,234,-1,233,234,235,-1,236,237,234,-1,234,237,238,-1,234,238,235,-1,239,240,241,-1,241,240,242,-1,241,242,236,-1,236,242,243,-1,236,243,237,-1,239,241,244,-1,244,241,245,-1,244,245,246,-1,246,245,247,-1,246,247,248,-1,249,250,251,-1,251,250,252,-1,251,252,253,-1,253,252,254,-1,253,254,255,-1,255,254,256,-1,255,256,247,-1,247,256,257,-1,247,257,248,-1,249,251,258,-1,258,251,259,-1,258,259,260,-1,261,262,263,-1,261,263,259,-1,259,263,264,-1,259,264,260,-1,262,261,265,-1,265,261,266,-1,265,266,267,-1,268,269,270,-1,268,270,271,-1,270,272,271,-1,271,272,273,-1,271,273,266,-1,266,273,274,-1,266,274,267,-1,275,276,277,-1,275,277,278,-1,277,279,278,-1,278,279,280,-1,278,280,268,-1,268,280,281,-1,268,281,269,-1,282,283,284,-1,284,283,285,-1,284,285,286,-1,286,285,287,-1,286,287,275,-1,275,287,288,-1,275,288,276,-1,282,284,289,-1,289,284,290,-1,289,290,291,-1,292,293,294,-1,292,294,290,-1,290,294,295,-1,290,295,291,-1,293,292,296,-1,296,292,297,-1,296,297,298,-1,207,299,206,-1,206,299,300,-1,206,300,301,-1,301,300,302,-1,301,302,297,-1,297,302,303,-1,297,303,298,-1,251,253,304,-1,304,253,255,-1,304,255,247,-1,266,261,304,-1,304,261,259,-1,304,259,251,-1,278,268,304,-1,304,268,271,-1,304,271,266,-1,284,286,304,-1,304,286,275,-1,304,275,278,-1,297,292,304,-1,304,292,290,-1,304,290,284,-1,204,206,304,-1,304,206,301,-1,304,301,297,-1,214,216,304,-1,304,216,208,-1,304,208,204,-1,227,222,304,-1,304,222,220,-1,304,220,214,-1,236,234,304,-1,304,234,229,-1,304,229,227,-1,247,245,304,-1,304,245,241,-1,304,241,236,-1,167,166,305,-1,164,169,306,-1,170,175,307,-1,174,173,308,-1,171,180,309,-1,176,181,310,-1,185,186,311,-1,187,192,312,-1,188,197,313,-1,193,198,314,-1,199,203,315,-1,200,130,316,-1,134,135,317,-1,137,140,318,-1,141,146,319,-1,145,144,320,-1,142,151,321,-1,147,152,322,-1,154,157,323,-1,158,163,324,-1,325,326,327,-1,328,329,330,-1,331,332,333,-1,334,335,336,-1,337,338,339,-1,340,341,342,-1,343,344,345,-1,346,347,348,-1,349,350,351,-1,352,353,354,-1,355,356,357,-1,358,359,360,-1,361,362,363,-1,364,365,366,-1,367,368,369,-1,370,371,372,-1,373,374,375,-1,376,377,378,-1,379,380,381,-1,382,383,384,-1,385,386,387,-1,388,389,390,-1,391,392,393,-1,394,395,396,-1,397,398,399,-1,400,401,326,-1,326,401,402,-1,326,402,327,-1,327,402,403,-1,327,403,397,-1,404,405,406,-1,407,408,409,-1,410,411,412,-1,413,414,415,-1,416,417,418,-1,419,420,421,-1,370,372,422,-1,423,424,425,-1,426,427,428,-1,429,430,431,-1,432,433,434,-1,435,436,437,-1,438,439,440,-1,331,333,441,-1,442,400,443,-1,443,400,326,-1,443,326,444,-1,444,326,325,-1,444,325,445,-1,446,442,447,-1,447,442,443,-1,447,443,448,-1,448,443,444,-1,448,444,449,-1,449,444,445,-1,449,445,450,-1,329,446,330,-1,330,446,447,-1,330,447,451,-1,451,447,448,-1,451,448,452,-1,452,448,449,-1,452,449,453,-1,453,449,450,-1,453,450,305,-1,454,455,456,-1,324,457,458,-1,458,457,459,-1,458,459,460,-1,460,459,461,-1,460,461,462,-1,392,388,393,-1,393,388,390,-1,393,390,463,-1,463,390,464,-1,463,464,465,-1,465,464,466,-1,465,466,467,-1,467,466,468,-1,467,468,469,-1,469,468,322,-1,383,379,384,-1,384,379,381,-1,384,381,470,-1,470,381,471,-1,470,471,472,-1,472,471,473,-1,472,473,474,-1,474,473,475,-1,474,475,476,-1,476,475,321,-1,411,413,412,-1,412,413,415,-1,412,415,477,-1,477,415,478,-1,477,478,479,-1,479,478,480,-1,479,480,481,-1,481,480,482,-1,481,482,483,-1,483,482,317,-1,420,422,421,-1,421,422,372,-1,421,372,484,-1,484,372,485,-1,484,485,486,-1,486,485,487,-1,486,487,488,-1,488,487,489,-1,488,489,490,-1,490,489,316,-1,359,355,360,-1,360,355,357,-1,360,357,491,-1,491,357,492,-1,491,492,493,-1,493,492,494,-1,493,494,495,-1,495,494,496,-1,495,496,497,-1,497,496,313,-1,350,346,351,-1,351,346,348,-1,351,348,498,-1,498,348,499,-1,498,499,500,-1,500,499,501,-1,500,501,502,-1,502,501,503,-1,502,503,504,-1,504,503,312,-1,338,334,339,-1,339,334,336,-1,339,336,505,-1,505,336,506,-1,505,506,507,-1,507,506,508,-1,507,508,509,-1,509,508,510,-1,509,510,511,-1,511,510,310,-1,424,426,425,-1,425,426,428,-1,425,428,512,-1,512,428,513,-1,512,513,514,-1,514,513,515,-1,514,515,516,-1,516,515,517,-1,516,517,518,-1,518,517,309,-1,168,456,159,-1,159,456,455,-1,159,455,160,-1,161,160,457,-1,457,160,455,-1,457,455,459,-1,459,455,454,-1,459,454,461,-1,324,163,457,-1,457,163,162,-1,457,162,161,-1,157,158,323,-1,323,158,324,-1,323,324,519,-1,519,324,458,-1,519,458,520,-1,520,458,460,-1,520,460,521,-1,521,460,462,-1,521,462,399,-1,155,154,522,-1,522,154,323,-1,522,323,523,-1,523,323,519,-1,523,519,524,-1,524,519,520,-1,524,520,525,-1,525,520,521,-1,525,521,396,-1,396,521,399,-1,396,399,394,-1,394,399,398,-1,395,391,396,-1,396,391,393,-1,396,393,525,-1,525,393,463,-1,525,463,524,-1,524,463,465,-1,524,465,523,-1,523,465,467,-1,523,467,522,-1,522,467,469,-1,522,469,155,-1,155,469,156,-1,322,152,469,-1,469,152,153,-1,469,153,156,-1,148,147,526,-1,526,147,322,-1,526,322,527,-1,527,322,468,-1,527,468,528,-1,528,468,466,-1,528,466,529,-1,529,466,464,-1,529,464,387,-1,387,464,390,-1,387,390,385,-1,385,390,389,-1,386,382,387,-1,387,382,384,-1,387,384,529,-1,529,384,470,-1,529,470,528,-1,528,470,472,-1,528,472,527,-1,527,472,474,-1,527,474,526,-1,526,474,476,-1,526,476,148,-1,148,476,149,-1,321,151,476,-1,476,151,150,-1,476,150,149,-1,143,142,530,-1,530,142,321,-1,530,321,531,-1,531,321,475,-1,531,475,532,-1,532,475,473,-1,532,473,533,-1,533,473,471,-1,533,471,378,-1,378,471,381,-1,378,381,376,-1,376,381,380,-1,377,373,378,-1,378,373,375,-1,378,375,533,-1,533,375,534,-1,533,534,532,-1,532,534,535,-1,532,535,531,-1,531,535,536,-1,531,536,530,-1,530,536,320,-1,530,320,143,-1,143,320,144,-1,146,145,319,-1,319,145,320,-1,319,320,537,-1,537,320,536,-1,537,536,538,-1,538,536,535,-1,538,535,539,-1,539,535,534,-1,539,534,540,-1,540,534,375,-1,540,375,541,-1,541,375,374,-1,541,404,540,-1,540,404,406,-1,540,406,539,-1,539,406,542,-1,539,542,538,-1,538,542,543,-1,538,543,537,-1,537,543,544,-1,537,544,319,-1,319,544,318,-1,319,318,141,-1,141,318,140,-1,138,137,545,-1,545,137,318,-1,545,318,546,-1,546,318,544,-1,546,544,547,-1,547,544,543,-1,547,543,548,-1,548,543,542,-1,548,542,409,-1,409,542,406,-1,409,406,407,-1,407,406,405,-1,408,410,409,-1,409,410,412,-1,409,412,548,-1,548,412,477,-1,548,477,547,-1,547,477,479,-1,547,479,546,-1,546,479,481,-1,546,481,545,-1,545,481,483,-1,545,483,138,-1,138,483,139,-1,317,135,483,-1,483,135,136,-1,483,136,139,-1,133,134,549,-1,549,134,317,-1,549,317,550,-1,550,317,482,-1,550,482,551,-1,551,482,480,-1,551,480,552,-1,552,480,478,-1,552,478,418,-1,418,478,415,-1,418,415,416,-1,416,415,414,-1,417,419,418,-1,418,419,421,-1,418,421,552,-1,552,421,484,-1,552,484,551,-1,551,484,486,-1,551,486,550,-1,550,486,488,-1,550,488,549,-1,549,488,490,-1,549,490,133,-1,133,490,132,-1,316,130,490,-1,490,130,131,-1,490,131,132,-1,201,200,553,-1,553,200,316,-1,553,316,554,-1,554,316,489,-1,554,489,555,-1,555,489,487,-1,555,487,556,-1,556,487,485,-1,556,485,369,-1,369,485,372,-1,369,372,367,-1,367,372,371,-1,368,557,369,-1,369,557,558,-1,369,558,556,-1,556,558,559,-1,556,559,555,-1,555,559,560,-1,555,560,554,-1,554,560,561,-1,554,561,553,-1,553,561,562,-1,553,562,201,-1,201,562,202,-1,557,563,558,-1,558,563,564,-1,558,564,559,-1,559,564,565,-1,559,565,560,-1,560,565,566,-1,560,566,561,-1,561,566,567,-1,561,567,562,-1,562,567,315,-1,562,315,202,-1,202,315,203,-1,563,364,564,-1,564,364,366,-1,564,366,565,-1,565,366,568,-1,565,568,566,-1,566,568,569,-1,566,569,567,-1,567,569,570,-1,567,570,315,-1,315,570,314,-1,315,314,199,-1,199,314,198,-1,194,193,571,-1,571,193,314,-1,571,314,572,-1,572,314,570,-1,572,570,573,-1,573,570,569,-1,573,569,574,-1,574,569,568,-1,574,568,363,-1,363,568,366,-1,363,366,361,-1,361,366,365,-1,362,358,363,-1,363,358,360,-1,363,360,574,-1,574,360,491,-1,574,491,573,-1,573,491,493,-1,573,493,572,-1,572,493,495,-1,572,495,571,-1,571,495,497,-1,571,497,194,-1,194,497,195,-1,313,197,497,-1,497,197,196,-1,497,196,195,-1,189,188,575,-1,575,188,313,-1,575,313,576,-1,576,313,496,-1,576,496,577,-1,577,496,494,-1,577,494,578,-1,578,494,492,-1,578,492,354,-1,354,492,357,-1,354,357,352,-1,352,357,356,-1,353,349,354,-1,354,349,351,-1,354,351,578,-1,578,351,498,-1,578,498,577,-1,577,498,500,-1,577,500,576,-1,576,500,502,-1,576,502,575,-1,575,502,504,-1,575,504,189,-1,189,504,190,-1,312,192,504,-1,504,192,191,-1,504,191,190,-1,186,187,311,-1,311,187,312,-1,311,312,579,-1,579,312,503,-1,579,503,580,-1,580,503,501,-1,580,501,581,-1,581,501,499,-1,581,499,345,-1,345,499,348,-1,345,348,343,-1,343,348,347,-1,184,185,582,-1,582,185,311,-1,582,311,583,-1,583,311,579,-1,583,579,584,-1,584,579,580,-1,584,580,585,-1,585,580,581,-1,585,581,342,-1,342,581,345,-1,342,345,340,-1,340,345,344,-1,341,337,342,-1,342,337,339,-1,342,339,585,-1,585,339,505,-1,585,505,584,-1,584,505,507,-1,584,507,583,-1,583,507,509,-1,583,509,582,-1,582,509,511,-1,582,511,184,-1,184,511,183,-1,310,181,511,-1,511,181,182,-1,511,182,183,-1,177,176,586,-1,586,176,310,-1,586,310,587,-1,587,310,510,-1,587,510,588,-1,588,510,508,-1,588,508,589,-1,589,508,506,-1,589,506,590,-1,590,506,336,-1,590,336,591,-1,591,336,335,-1,591,423,590,-1,590,423,425,-1,590,425,589,-1,589,425,512,-1,589,512,588,-1,588,512,514,-1,588,514,587,-1,587,514,516,-1,587,516,586,-1,586,516,518,-1,586,518,177,-1,177,518,178,-1,309,180,518,-1,518,180,179,-1,518,179,178,-1,172,171,592,-1,592,171,309,-1,592,309,593,-1,593,309,517,-1,593,517,594,-1,594,517,515,-1,594,515,595,-1,595,515,513,-1,595,513,431,-1,431,513,428,-1,431,428,429,-1,429,428,427,-1,430,432,431,-1,431,432,434,-1,431,434,595,-1,595,434,596,-1,595,596,594,-1,594,596,597,-1,594,597,593,-1,593,597,598,-1,593,598,592,-1,592,598,308,-1,592,308,172,-1,172,308,173,-1,175,174,307,-1,307,174,308,-1,307,308,599,-1,599,308,598,-1,599,598,600,-1,600,598,597,-1,600,597,601,-1,601,597,596,-1,601,596,437,-1,437,596,434,-1,437,434,435,-1,435,434,433,-1,436,438,437,-1,437,438,440,-1,437,440,601,-1,601,440,602,-1,601,602,600,-1,600,602,603,-1,600,603,599,-1,599,603,604,-1,599,604,307,-1,307,604,306,-1,307,306,170,-1,170,306,169,-1,165,164,605,-1,605,164,306,-1,605,306,606,-1,606,306,604,-1,606,604,607,-1,607,604,603,-1,607,603,608,-1,608,603,602,-1,608,602,333,-1,333,602,440,-1,333,440,441,-1,441,440,439,-1,332,328,333,-1,333,328,330,-1,333,330,608,-1,608,330,451,-1,608,451,607,-1,607,451,452,-1,607,452,606,-1,606,452,453,-1,606,453,605,-1,605,453,305,-1,605,305,165,-1,165,305,166,-1,397,399,327,-1,327,399,462,-1,327,462,325,-1,325,462,461,-1,325,461,445,-1,445,461,454,-1,445,454,450,-1,450,454,456,-1,450,456,305,-1,305,456,168,-1,305,168,167,-1,438,436,609,-1,435,433,610,-1,432,430,611,-1,429,427,612,-1,426,424,613,-1,423,591,614,-1,335,334,615,-1,419,417,616,-1,416,414,617,-1,413,411,618,-1,410,408,619,-1,407,405,620,-1,404,541,621,-1,622,623,624,-1,625,626,627,-1,244,246,628,-1,240,239,629,-1,630,243,242,-1,243,630,237,-1,223,226,631,-1,212,219,632,-1,209,218,633,-1,298,303,634,-1,293,296,635,-1,282,289,636,-1,276,288,637,-1,269,281,638,-1,639,272,270,-1,272,639,273,-1,627,264,263,-1,249,258,626,-1,254,252,640,-1,254,640,256,-1,626,258,627,-1,627,258,260,-1,627,260,264,-1,641,263,262,-1,262,265,642,-1,642,265,267,-1,267,274,643,-1,643,274,273,-1,644,270,269,-1,281,280,645,-1,645,280,279,-1,645,279,277,-1,646,277,276,-1,288,287,647,-1,647,287,285,-1,647,285,283,-1,648,283,282,-1,289,291,649,-1,649,291,295,-1,649,295,294,-1,650,294,293,-1,207,205,623,-1,205,211,623,-1,623,211,210,-1,623,210,624,-1,624,210,209,-1,218,217,651,-1,651,217,215,-1,651,215,213,-1,652,213,212,-1,219,221,653,-1,653,221,225,-1,653,225,224,-1,654,224,223,-1,226,228,655,-1,655,228,232,-1,655,232,231,-1,656,231,230,-1,230,233,657,-1,657,233,235,-1,235,238,658,-1,658,238,237,-1,659,242,240,-1,244,628,239,-1,250,249,660,-1,660,249,626,-1,660,626,661,-1,661,626,625,-1,661,625,662,-1,299,207,663,-1,663,207,623,-1,663,623,664,-1,664,623,622,-1,664,622,665,-1,252,250,640,-1,640,250,660,-1,640,660,666,-1,666,660,661,-1,666,661,667,-1,667,661,662,-1,667,662,668,-1,300,299,669,-1,669,299,663,-1,669,663,670,-1,670,663,664,-1,670,664,671,-1,671,664,665,-1,671,665,672,-1,257,256,673,-1,673,256,640,-1,673,640,674,-1,674,640,666,-1,674,666,675,-1,675,666,667,-1,675,667,676,-1,676,667,668,-1,676,668,677,-1,302,300,678,-1,678,300,669,-1,678,669,679,-1,679,669,670,-1,679,670,680,-1,680,670,671,-1,680,671,681,-1,681,671,672,-1,681,672,682,-1,683,684,685,-1,686,687,688,-1,689,400,442,-1,263,641,627,-1,627,641,690,-1,627,690,625,-1,625,690,691,-1,625,691,662,-1,662,691,692,-1,662,692,668,-1,668,692,689,-1,668,689,677,-1,677,689,442,-1,677,442,446,-1,693,402,401,-1,262,642,641,-1,641,642,694,-1,641,694,690,-1,690,694,695,-1,690,695,691,-1,691,695,696,-1,691,696,692,-1,692,696,693,-1,692,693,689,-1,689,693,401,-1,689,401,400,-1,697,397,403,-1,267,643,642,-1,642,643,698,-1,642,698,694,-1,694,698,699,-1,694,699,695,-1,695,699,700,-1,695,700,696,-1,696,700,697,-1,696,697,693,-1,693,697,403,-1,693,403,402,-1,701,394,398,-1,273,639,643,-1,643,639,702,-1,643,702,698,-1,698,702,703,-1,698,703,699,-1,699,703,704,-1,699,704,700,-1,700,704,701,-1,700,701,697,-1,697,701,398,-1,697,398,397,-1,705,391,395,-1,270,644,639,-1,639,644,706,-1,639,706,702,-1,702,706,707,-1,702,707,703,-1,703,707,708,-1,703,708,704,-1,704,708,705,-1,704,705,701,-1,701,705,395,-1,701,395,394,-1,709,388,392,-1,269,638,644,-1,644,638,710,-1,644,710,706,-1,706,710,711,-1,706,711,707,-1,707,711,712,-1,707,712,708,-1,708,712,709,-1,708,709,705,-1,705,709,392,-1,705,392,391,-1,713,385,389,-1,281,645,638,-1,638,645,714,-1,638,714,710,-1,710,714,715,-1,710,715,711,-1,711,715,716,-1,711,716,712,-1,712,716,713,-1,712,713,709,-1,709,713,389,-1,709,389,388,-1,717,382,386,-1,277,646,645,-1,645,646,718,-1,645,718,714,-1,714,718,719,-1,714,719,715,-1,715,719,720,-1,715,720,716,-1,716,720,717,-1,716,717,713,-1,713,717,386,-1,713,386,385,-1,721,379,383,-1,276,637,646,-1,646,637,722,-1,646,722,718,-1,718,722,723,-1,718,723,719,-1,719,723,724,-1,719,724,720,-1,720,724,721,-1,720,721,717,-1,717,721,383,-1,717,383,382,-1,725,376,380,-1,288,647,637,-1,637,647,726,-1,637,726,722,-1,722,726,727,-1,722,727,723,-1,723,727,728,-1,723,728,724,-1,724,728,725,-1,724,725,721,-1,721,725,380,-1,721,380,379,-1,374,373,729,-1,729,373,377,-1,283,648,647,-1,647,648,730,-1,647,730,726,-1,726,730,731,-1,726,731,727,-1,727,731,732,-1,727,732,728,-1,728,732,729,-1,728,729,725,-1,725,729,377,-1,725,377,376,-1,282,636,648,-1,648,636,733,-1,648,733,730,-1,730,733,734,-1,730,734,731,-1,731,734,735,-1,731,735,732,-1,732,735,621,-1,732,621,729,-1,729,621,541,-1,729,541,374,-1,289,649,636,-1,636,649,736,-1,636,736,733,-1,733,736,737,-1,733,737,734,-1,734,737,738,-1,734,738,735,-1,735,738,620,-1,735,620,621,-1,621,620,405,-1,621,405,404,-1,294,650,649,-1,649,650,739,-1,649,739,736,-1,736,739,740,-1,736,740,737,-1,737,740,741,-1,737,741,738,-1,738,741,619,-1,738,619,620,-1,620,619,408,-1,620,408,407,-1,293,635,650,-1,650,635,742,-1,650,742,739,-1,739,742,743,-1,739,743,740,-1,740,743,744,-1,740,744,741,-1,741,744,618,-1,741,618,619,-1,619,618,411,-1,619,411,410,-1,635,745,742,-1,742,745,746,-1,742,746,743,-1,743,746,747,-1,743,747,744,-1,744,747,617,-1,744,617,618,-1,618,617,414,-1,618,414,413,-1,745,748,746,-1,746,748,749,-1,746,749,747,-1,747,749,616,-1,747,616,617,-1,617,616,417,-1,617,417,416,-1,748,683,749,-1,749,683,685,-1,749,685,616,-1,616,685,420,-1,616,420,419,-1,368,367,750,-1,750,367,684,-1,750,684,751,-1,751,684,683,-1,751,683,752,-1,752,683,748,-1,752,748,753,-1,753,748,745,-1,753,745,634,-1,634,745,635,-1,634,635,298,-1,298,635,296,-1,367,371,684,-1,684,371,370,-1,684,370,685,-1,685,370,422,-1,685,422,420,-1,557,368,682,-1,682,368,750,-1,682,750,681,-1,681,750,751,-1,681,751,680,-1,680,751,752,-1,680,752,679,-1,679,752,753,-1,679,753,678,-1,678,753,634,-1,678,634,302,-1,302,634,303,-1,754,364,563,-1,209,633,624,-1,624,633,755,-1,624,755,622,-1,622,755,756,-1,622,756,665,-1,665,756,757,-1,665,757,672,-1,672,757,754,-1,672,754,682,-1,682,754,563,-1,682,563,557,-1,758,361,365,-1,218,651,633,-1,633,651,759,-1,633,759,755,-1,755,759,760,-1,755,760,756,-1,756,760,761,-1,756,761,757,-1,757,761,758,-1,757,758,754,-1,754,758,365,-1,754,365,364,-1,762,358,362,-1,213,652,651,-1,651,652,763,-1,651,763,759,-1,759,763,764,-1,759,764,760,-1,760,764,765,-1,760,765,761,-1,761,765,762,-1,761,762,758,-1,758,762,362,-1,758,362,361,-1,766,355,359,-1,212,632,652,-1,652,632,767,-1,652,767,763,-1,763,767,768,-1,763,768,764,-1,764,768,769,-1,764,769,765,-1,765,769,766,-1,765,766,762,-1,762,766,359,-1,762,359,358,-1,770,352,356,-1,219,653,632,-1,632,653,771,-1,632,771,767,-1,767,771,772,-1,767,772,768,-1,768,772,773,-1,768,773,769,-1,769,773,770,-1,769,770,766,-1,766,770,356,-1,766,356,355,-1,774,349,353,-1,224,654,653,-1,653,654,775,-1,653,775,771,-1,771,775,776,-1,771,776,772,-1,772,776,777,-1,772,777,773,-1,773,777,774,-1,773,774,770,-1,770,774,353,-1,770,353,352,-1,778,346,350,-1,223,631,654,-1,654,631,779,-1,654,779,775,-1,775,779,780,-1,775,780,776,-1,776,780,781,-1,776,781,777,-1,777,781,778,-1,777,778,774,-1,774,778,350,-1,774,350,349,-1,782,343,347,-1,226,655,631,-1,631,655,783,-1,631,783,779,-1,779,783,784,-1,779,784,780,-1,780,784,785,-1,780,785,781,-1,781,785,782,-1,781,782,778,-1,778,782,347,-1,778,347,346,-1,786,340,344,-1,231,656,655,-1,655,656,787,-1,655,787,783,-1,783,787,788,-1,783,788,784,-1,784,788,789,-1,784,789,785,-1,785,789,786,-1,785,786,782,-1,782,786,344,-1,782,344,343,-1,338,337,790,-1,790,337,341,-1,230,657,656,-1,656,657,791,-1,656,791,787,-1,787,791,792,-1,787,792,788,-1,788,792,793,-1,788,793,789,-1,789,793,790,-1,789,790,786,-1,786,790,341,-1,786,341,340,-1,235,658,657,-1,657,658,794,-1,657,794,791,-1,791,794,795,-1,791,795,792,-1,792,795,796,-1,792,796,793,-1,793,796,615,-1,793,615,790,-1,790,615,334,-1,790,334,338,-1,237,630,658,-1,658,630,797,-1,658,797,794,-1,794,797,798,-1,794,798,795,-1,795,798,799,-1,795,799,796,-1,796,799,614,-1,796,614,615,-1,615,614,591,-1,615,591,335,-1,242,659,630,-1,630,659,800,-1,630,800,797,-1,797,800,801,-1,797,801,798,-1,798,801,802,-1,798,802,799,-1,799,802,613,-1,799,613,614,-1,614,613,424,-1,614,424,423,-1,240,629,659,-1,659,629,803,-1,659,803,800,-1,800,803,804,-1,800,804,801,-1,801,804,805,-1,801,805,802,-1,802,805,612,-1,802,612,613,-1,613,612,427,-1,613,427,426,-1,239,628,629,-1,629,628,806,-1,629,806,803,-1,803,806,807,-1,803,807,804,-1,804,807,808,-1,804,808,805,-1,805,808,611,-1,805,611,612,-1,612,611,430,-1,612,430,429,-1,628,809,806,-1,806,809,810,-1,806,810,807,-1,807,810,811,-1,807,811,808,-1,808,811,610,-1,808,610,611,-1,611,610,433,-1,611,433,432,-1,809,812,810,-1,810,812,813,-1,810,813,811,-1,811,813,609,-1,811,609,610,-1,610,609,436,-1,610,436,435,-1,812,686,813,-1,813,686,688,-1,813,688,609,-1,609,688,439,-1,609,439,438,-1,329,328,814,-1,814,328,687,-1,814,687,815,-1,815,687,686,-1,815,686,816,-1,816,686,812,-1,816,812,817,-1,817,812,809,-1,817,809,818,-1,818,809,628,-1,818,628,248,-1,248,628,246,-1,328,332,687,-1,687,332,331,-1,687,331,688,-1,688,331,441,-1,688,441,439,-1,446,329,677,-1,677,329,814,-1,677,814,676,-1,676,814,815,-1,676,815,675,-1,675,815,816,-1,675,816,674,-1,674,816,817,-1,674,817,673,-1,673,817,818,-1,673,818,257,-1,257,818,248,-1,819,820,821,-1,821,820,822,-1,823,824,820,-1,820,824,825,-1,820,825,822,-1,826,827,828,-1,828,827,829,-1,828,829,830,-1,830,829,831,-1,830,831,832,-1,832,831,833,-1,832,833,834,-1,834,833,835,-1,834,835,836,-1,836,835,837,-1,838,839,840,-1,840,839,841,-1,840,841,842,-1,842,841,843,-1,842,843,844,-1,844,843,845,-1,844,845,846,-1,846,845,847,-1,846,847,848,-1,848,847,849,-1,850,851,852,-1,852,851,853,-1,854,855,856,-1,856,855,857,-1,858,859,860,-1,860,859,861,-1,860,861,862,-1,862,861,863,-1,862,863,864,-1,864,863,865,-1,864,865,866,-1,866,865,867,-1,866,867,868,-1,868,867,869,-1,868,869,870,-1,870,869,871,-1,870,871,872,-1,872,871,873,-1,872,873,874,-1,874,873,875,-1,874,875,876,-1,876,875,877,-1,876,877,878,-1,878,877,879,-1,878,879,880,-1,880,879,881,-1,880,881,882,-1,882,881,883,-1,882,883,884,-1,884,883,885,-1,884,885,886,-1,886,885,887,-1,886,887,888,-1,888,887,889,-1,890,891,892,-1,892,891,893,-1,892,893,894,-1,856,857,895,-1,895,857,892,-1,895,892,896,-1,896,892,894,-1,886,888,897,-1,886,898,899,-1,886,899,892,-1,892,899,900,-1,892,900,890,-1,846,848,901,-1,901,848,902,-1,901,902,903,-1,903,902,904,-1,903,904,897,-1,897,904,905,-1,897,905,906,-1,907,886,908,-1,908,886,897,-1,908,897,909,-1,909,897,906,-1,910,911,898,-1,898,911,912,-1,898,912,913,-1,914,915,916,-1,907,917,886,-1,886,917,918,-1,886,918,898,-1,898,918,919,-1,898,919,910,-1,916,920,914,-1,914,920,921,-1,914,921,912,-1,912,921,922,-1,912,922,913,-1,857,855,892,-1,892,855,923,-1,892,923,924,-1,924,923,925,-1,924,925,926,-1,926,925,927,-1,926,927,928,-1,928,927,929,-1,928,929,930,-1,930,929,931,-1,930,931,932,-1,932,931,933,-1,932,933,934,-1,934,933,935,-1,934,935,936,-1,936,935,937,-1,936,937,938,-1,938,937,939,-1,938,939,940,-1,940,939,941,-1,940,941,942,-1,942,941,943,-1,942,943,944,-1,944,943,945,-1,944,945,946,-1,946,945,947,-1,946,947,948,-1,948,947,949,-1,948,949,851,-1,851,949,853,-1,886,892,884,-1,884,892,924,-1,884,924,882,-1,882,924,926,-1,882,926,880,-1,880,926,928,-1,880,928,878,-1,878,928,930,-1,878,930,876,-1,876,930,932,-1,876,932,874,-1,874,932,934,-1,875,935,933,-1,875,933,877,-1,877,933,931,-1,877,931,879,-1,879,931,929,-1,879,929,881,-1,881,929,927,-1,881,927,883,-1,883,927,925,-1,883,925,885,-1,885,925,923,-1,885,923,887,-1,950,951,952,-1,849,847,953,-1,953,847,952,-1,953,952,954,-1,954,952,951,-1,855,854,923,-1,923,854,955,-1,923,955,956,-1,956,957,923,-1,923,957,958,-1,923,958,959,-1,959,960,923,-1,923,960,961,-1,923,961,887,-1,887,961,962,-1,887,962,963,-1,887,964,965,-1,963,966,887,-1,887,966,967,-1,887,967,968,-1,950,952,969,-1,969,952,970,-1,969,970,965,-1,965,970,889,-1,965,889,887,-1,971,972,973,-1,973,974,971,-1,971,974,975,-1,971,975,968,-1,968,975,976,-1,968,976,977,-1,977,978,968,-1,968,978,979,-1,968,979,887,-1,887,979,980,-1,887,980,964,-1,981,982,937,-1,982,983,937,-1,937,983,984,-1,937,984,873,-1,985,986,875,-1,875,986,987,-1,875,987,935,-1,935,987,988,-1,935,988,989,-1,989,990,935,-1,935,990,991,-1,935,991,937,-1,937,991,992,-1,937,992,981,-1,984,993,873,-1,873,993,994,-1,873,994,995,-1,995,996,873,-1,873,996,997,-1,873,997,998,-1,999,1000,875,-1,875,1000,1001,-1,875,1001,985,-1,998,1002,873,-1,873,1002,1003,-1,873,1003,875,-1,875,1003,1004,-1,875,1004,999,-1,861,949,947,-1,861,947,863,-1,863,947,945,-1,863,945,865,-1,865,945,943,-1,865,943,867,-1,867,943,941,-1,867,941,869,-1,869,941,939,-1,869,939,871,-1,871,939,937,-1,871,937,873,-1,819,829,827,-1,827,1005,819,-1,819,1005,1006,-1,819,1006,820,-1,820,1006,1007,-1,820,1007,1008,-1,1009,1010,949,-1,949,1010,1011,-1,949,1011,1012,-1,852,853,1013,-1,1013,853,949,-1,1013,949,1014,-1,1014,949,1012,-1,861,859,820,-1,861,1015,1016,-1,861,1016,949,-1,949,1016,1017,-1,949,1017,1009,-1,1018,861,1019,-1,1019,861,820,-1,1019,820,1020,-1,1020,820,1008,-1,1021,1022,1015,-1,1015,1022,1023,-1,1015,1023,1024,-1,1025,1026,1027,-1,1018,1028,861,-1,861,1028,1029,-1,861,1029,1015,-1,1015,1029,1030,-1,1015,1030,1021,-1,1027,1031,1025,-1,1025,1031,1032,-1,1025,1032,1023,-1,1023,1032,1033,-1,1023,1033,1024,-1,1034,1035,874,-1,1036,1037,936,-1,1035,1038,874,-1,874,1038,1039,-1,874,1039,1040,-1,1041,1042,872,-1,872,1042,1043,-1,872,1043,936,-1,936,1043,1044,-1,936,1044,1036,-1,1037,1045,936,-1,936,1045,1046,-1,936,1046,934,-1,934,1046,1047,-1,934,1047,1048,-1,1040,1049,874,-1,874,1049,1050,-1,874,1050,872,-1,872,1050,1051,-1,872,1051,1052,-1,1052,1053,872,-1,872,1053,1054,-1,872,1054,1041,-1,1048,1055,934,-1,934,1055,1056,-1,934,1056,874,-1,874,1056,1057,-1,874,1057,1034,-1,872,936,870,-1,870,936,938,-1,870,938,868,-1,868,938,940,-1,868,940,866,-1,866,940,942,-1,866,942,864,-1,864,942,944,-1,864,944,862,-1,862,944,946,-1,862,946,860,-1,860,946,948,-1,1058,1059,1060,-1,1060,1059,1061,-1,826,828,1062,-1,1062,828,1059,-1,1062,1059,1063,-1,1063,1059,1058,-1,851,850,948,-1,948,850,1064,-1,948,1064,1065,-1,1065,1066,948,-1,948,1066,1067,-1,948,1067,1068,-1,1068,1069,948,-1,948,1069,1070,-1,948,1070,860,-1,860,1070,1071,-1,860,1071,1072,-1,860,1073,1074,-1,1072,1075,860,-1,860,1075,1076,-1,860,1076,1077,-1,1059,824,1061,-1,1061,824,823,-1,1061,823,1074,-1,1074,823,858,-1,1074,858,860,-1,1078,1079,1080,-1,1080,1081,1078,-1,1078,1081,1082,-1,1078,1082,1077,-1,1077,1082,1083,-1,1077,1083,1084,-1,1084,1085,1077,-1,1077,1085,1086,-1,1077,1086,860,-1,860,1086,1087,-1,860,1087,1073,-1,1005,827,1062,-1,1062,827,826,-1,902,848,953,-1,953,848,849,-1,1088,1089,1090,-1,1090,1089,1091,-1,1090,1091,1092,-1,1093,1094,1095,-1,1095,1094,1096,-1,1095,1096,1097,-1,1097,1096,1098,-1,1097,1098,1090,-1,1090,1098,1099,-1,1090,1099,1088,-1,1100,1101,1090,-1,1090,1101,1097,-1,1101,1100,1102,-1,1100,1103,1104,-1,1104,1105,1100,-1,1100,1105,1106,-1,1100,1106,1102,-1,1102,1107,1101,-1,1101,1107,1108,-1,1101,1108,1109,-1,1109,1108,1110,-1,1109,1110,1111,-1,1112,1113,1114,-1,1114,1115,1112,-1,1112,1115,1116,-1,1112,1116,1117,-1,1117,1116,1107,-1,1117,1107,1102,-1,972,1114,973,-1,973,1114,1113,-1,1118,916,1119,-1,1119,916,915,-1,1120,1118,1119,-1,1119,1121,1120,-1,1120,1121,1122,-1,1120,1122,1123,-1,1123,1122,1099,-1,1123,1099,1098,-1,971,920,972,-1,972,920,916,-1,972,916,1114,-1,1114,916,1118,-1,1114,1118,1115,-1,1115,1118,1120,-1,1112,1121,1113,-1,1113,1121,1119,-1,1113,1119,973,-1,973,1119,915,-1,973,915,974,-1,974,915,914,-1,1117,1102,1099,-1,1099,1102,1088,-1,1099,1122,1117,-1,1117,1122,1121,-1,1117,1121,1112,-1,1102,1106,1088,-1,1088,1106,1105,-1,1088,1105,1089,-1,1089,1105,1104,-1,1089,1104,1091,-1,1091,1104,1103,-1,1091,1103,1092,-1,1092,1103,1100,-1,1092,1100,1090,-1,1108,1107,1098,-1,1098,1107,1123,-1,1098,1096,1108,-1,1108,1096,1094,-1,1108,1094,1110,-1,1110,1094,1093,-1,1110,1093,1111,-1,1111,1093,1095,-1,1111,1095,1109,-1,1109,1095,1097,-1,1109,1097,1101,-1,1107,1116,1123,-1,1123,1116,1115,-1,1123,1115,1120,-1,1124,1125,1126,-1,1125,1127,1128,-1,1128,1129,1125,-1,1125,1129,1130,-1,1125,1130,1126,-1,1126,1131,1124,-1,1124,1131,1132,-1,1124,1132,1133,-1,1133,1132,1134,-1,1133,1134,1135,-1,1131,1126,1136,-1,1136,1126,1137,-1,1136,1137,1138,-1,1138,1137,1139,-1,1138,1139,1140,-1,1140,1139,1141,-1,1079,1140,1080,-1,1080,1140,1141,-1,1142,1027,1143,-1,1143,1027,1026,-1,1144,1142,1143,-1,1143,1145,1144,-1,1144,1145,1146,-1,1144,1146,1147,-1,1147,1146,1148,-1,1147,1148,1149,-1,1150,1151,1152,-1,1152,1151,1153,-1,1152,1153,1154,-1,1155,1156,1157,-1,1157,1156,1158,-1,1157,1158,1159,-1,1159,1158,1149,-1,1159,1149,1152,-1,1152,1149,1148,-1,1152,1148,1150,-1,1125,1124,1152,-1,1152,1124,1159,-1,1144,1138,1142,-1,1142,1138,1140,-1,1142,1140,1027,-1,1027,1140,1079,-1,1027,1079,1031,-1,1031,1079,1078,-1,1025,1081,1026,-1,1026,1081,1080,-1,1026,1080,1143,-1,1143,1080,1141,-1,1143,1141,1145,-1,1145,1141,1139,-1,1150,1148,1126,-1,1126,1148,1137,-1,1126,1130,1150,-1,1150,1130,1129,-1,1150,1129,1151,-1,1151,1129,1128,-1,1151,1128,1153,-1,1153,1128,1127,-1,1153,1127,1154,-1,1154,1127,1125,-1,1154,1125,1152,-1,1148,1146,1137,-1,1137,1146,1145,-1,1137,1145,1139,-1,1147,1149,1131,-1,1131,1149,1132,-1,1131,1136,1147,-1,1147,1136,1138,-1,1147,1138,1144,-1,1149,1158,1132,-1,1132,1158,1156,-1,1132,1156,1134,-1,1134,1156,1155,-1,1134,1155,1135,-1,1135,1155,1157,-1,1135,1157,1133,-1,1133,1157,1159,-1,1133,1159,1124,-1,1063,1006,1062,-1,1062,1006,1005,-1,1006,1063,1007,-1,1007,1063,1058,-1,1007,1058,1008,-1,1008,1058,1060,-1,1008,1060,1020,-1,1020,1060,1061,-1,1020,1061,1019,-1,1019,1061,1074,-1,1019,1074,1018,-1,1018,1074,1073,-1,1018,1073,1028,-1,1028,1073,1087,-1,1028,1087,1029,-1,1029,1087,1086,-1,1029,1086,1030,-1,1030,1086,1085,-1,1030,1085,1021,-1,1021,1085,1084,-1,1021,1084,1022,-1,1022,1084,1083,-1,1022,1083,1023,-1,1023,1083,1082,-1,1023,1082,1025,-1,1025,1082,1081,-1,1031,1078,1032,-1,1032,1078,1077,-1,1032,1077,1033,-1,1033,1077,1076,-1,1033,1076,1024,-1,1024,1076,1075,-1,1024,1075,1015,-1,1015,1075,1072,-1,1015,1072,1016,-1,1016,1072,1071,-1,1016,1071,1017,-1,1017,1071,1070,-1,1017,1070,1009,-1,1009,1070,1069,-1,1009,1069,1010,-1,1010,1069,1068,-1,1010,1068,1011,-1,1011,1068,1067,-1,1011,1067,1012,-1,1012,1067,1066,-1,1012,1066,1014,-1,1014,1066,1065,-1,1014,1065,1013,-1,1013,1065,1064,-1,850,852,1064,-1,1064,852,1013,-1,904,954,905,-1,905,954,951,-1,905,951,906,-1,906,951,950,-1,906,950,909,-1,909,950,969,-1,909,969,908,-1,908,969,965,-1,908,965,907,-1,907,965,964,-1,907,964,917,-1,917,964,980,-1,917,980,918,-1,918,980,979,-1,918,979,919,-1,919,979,978,-1,919,978,910,-1,910,978,977,-1,910,977,911,-1,911,977,976,-1,911,976,912,-1,912,976,975,-1,912,975,914,-1,914,975,974,-1,953,954,902,-1,902,954,904,-1,955,854,895,-1,895,854,856,-1,920,971,921,-1,921,971,968,-1,921,968,922,-1,922,968,967,-1,922,967,913,-1,913,967,966,-1,913,966,898,-1,898,966,963,-1,898,963,899,-1,899,963,962,-1,899,962,900,-1,900,962,961,-1,900,961,890,-1,890,961,960,-1,890,960,891,-1,891,960,959,-1,891,959,893,-1,893,959,958,-1,893,958,894,-1,894,958,957,-1,894,957,896,-1,896,957,956,-1,896,956,895,-1,895,956,955,-1,823,820,858,-1,858,820,859,-1,970,952,1160,-1,903,897,1161,-1,1161,897,970,-1,1161,970,1162,-1,1162,970,1160,-1,889,970,888,-1,888,970,897,-1,838,840,1163,-1,1163,840,1164,-1,839,838,1165,-1,1165,838,1163,-1,1161,841,903,-1,903,841,839,-1,903,839,1165,-1,841,1161,1162,-1,841,1162,843,-1,843,1162,1160,-1,843,1160,845,-1,845,1160,952,-1,845,952,847,-1,846,901,844,-1,844,901,1166,-1,844,1166,842,-1,842,1166,1167,-1,842,1167,840,-1,840,1167,1164,-1,1166,901,903,-1,1166,903,1167,-1,1165,1163,903,-1,903,1163,1164,-1,903,1164,1167,-1,834,836,1168,-1,1168,836,1169,-1,834,1168,832,-1,832,1168,1170,-1,832,1170,830,-1,830,1170,1171,-1,830,1171,828,-1,828,1171,1059,-1,829,819,821,-1,829,821,831,-1,831,821,822,-1,831,822,833,-1,833,822,825,-1,833,825,835,-1,1172,837,824,-1,824,837,835,-1,824,835,825,-1,836,837,1169,-1,1169,837,1172,-1,824,1059,1171,-1,1169,1172,1168,-1,1168,1172,824,-1,1168,824,1170,-1,1170,824,1171,-1,
        ]
    }
}
Shape{
    appearance Appearance {
        material  Material 	{
            diffuseColor 0.5019607843137255 0.25098039215686274 0.0
            specularColor 0.44313725490196076 0.2196078431372549 0.0
            ambientIntensity 0.2974
            transparency 0.0
            shininess 0.5
        }
    }
    geometry IndexedFaceSet {
        ccw TRUE
        solid FALSE
        coord DEF co Coordinate {
            point [
                0.2953 1.8504 3.3016, 0.2953 1.8504 3.459, 0.2852 1.9268 3.3016, 0.2852 1.9268 3.459, 0.2557 1.998 3.3016, 0.2557 1.998 3.459, 0.2088 2.0592 3.3016, 0.2088 2.0592 3.459, 0.1476 2.1061 3.3016, 0.1476 2.1061 3.459, 0.0764 2.1356 3.3016, 0.0764 2.1356 3.459, 0.0 2.1457 3.3016, 0.0 2.1457 3.459, -0.0764 2.1356 3.3016, -0.0764 2.1356 3.459, -0.1476 2.1061 3.3016, -0.1476 2.1061 3.459, -0.2088 2.0592 3.3016, -0.2088 2.0592 3.459, -0.2557 1.998 3.3016, -0.2557 1.998 3.459, -0.2852 1.9268 3.3016, -0.2852 1.9268 3.459, -0.2953 1.8504 3.3016, -0.2953 1.8504 3.459, -0.2852 1.774 3.3016, -0.2852 1.774 3.459, -0.2557 1.7028 3.3016, -0.2557 1.7028 3.459, -0.2088 1.6416 3.3016, -0.2088 1.6416 3.459, -0.1476 1.5947 3.3016, -0.1476 1.5947 3.459, -0.0764 1.5652 3.3016, -0.0764 1.5652 3.459, 0.0 1.5551 3.3016, 0.0 1.5551 3.459, 0.0764 1.5652 3.3016, 0.0764 1.5652 3.459, 0.1476 1.5947 3.3016, 0.1476 1.5947 3.459, 0.2088 1.6416 3.3016, 0.2088 1.6416 3.459, 0.2557 1.7028 3.3016, 0.2557 1.7028 3.459, 0.2852 1.774 3.3016, 0.2852 1.774 3.459
            ]
        }
        coordIndex [
            0,1,2,-1,2,1,3,-1,2,3,4,-1,4,3,5,-1,4,5,6,-1,6,5,7,-1,6,7,8,-1,8,7,9,-1,8,9,10,-1,10,9,11,-1,10,11,12,-1,12,11,13,-1,12,13,14,-1,14,13,15,-1,14,15,16,-1,16,15,17,-1,16,17,18,-1,18,17,19,-1,18,19,20,-1,20,19,21,-1,20,21,22,-1,22,21,23,-1,22,23,24,-1,24,23,25,-1,24,25,26,-1,26,25,27,-1,26,27,28,-1,28,27,29,-1,28,29,30,-1,30,29,31,-1,30,31,32,-1,32,31,33,-1,32,33,34,-1,34,33,35,-1,34,35,36,-1,36,35,37,-1,36,37,38,-1,38,37,39,-1,38,39,40,-1,40,39,41,-1,40,41,42,-1,42,41,43,-1,42,43,44,-1,44,43,45,-1,44,45,46,-1,46,45,47,-1,46,47,0,-1,0,47,1,-1,
        ]
    }
}
Shape{
    appearance Appearance {
        material  Material 	{
            diffuseColor 0.25098039215686274 0.25098039215686274 0.25098039215686274
            specularColor 0.12549019607843137 0.12549019607843137 0.12549019607843137
            ambientIntensity 0.251
            transparency 0.0
            shininess 0.5
        }
    }
    geometry IndexedFaceSet {
        ccw TRUE
        solid FALSE
        coord DEF co Coordinate {
            point [
                0.3937 0.6693 -0.0055, 0.3937 2.874 -0.0055, 0.4675 2.874 -0.0055, -1.811 -1.378 -0.0055, -1.811 -0.193 -0.0055, -1.4383 -0.193 -0.0055, 0.1476 -0.8463 -0.0055, 0.4675 -1.7717 -0.0055, 0.1194 -0.858 -0.0055, 0.1194 -1.7717 -0.0055, 0.0764 -0.8758 -0.0055, 0.2088 -0.7993 -0.0055, 0.2557 -0.7382 -0.0055, 0.2852 -0.667 -0.0055, 0.2557 -0.4429 -0.0055, 0.4675 -0.193 -0.0055, 0.2852 -0.5141 -0.0055, 0.2953 -0.5906 -0.0055, -0.1687 -1.7717 -0.0055, -0.1476 -0.8463 -0.0055, -0.0764 -0.8758 -0.0055, 0.0 -0.8858 -0.0055, -0.5384 -0.193 -0.0055, -0.2557 -0.4429 -0.0055, -0.2852 -0.5141 -0.0055, -0.1687 -0.193 -0.0055, -0.1687 -0.351 -0.0055, -0.2088 -0.3818 -0.0055, -0.2953 -0.5906 -0.0055, -0.2852 -0.667 -0.0055, -0.5384 -1.7717 -0.0055, -0.2557 -0.7382 -0.0055, -0.2088 -0.7993 -0.0055, -0.1687 -0.8301 -0.0055, 0.0764 -0.3053 -0.0055, 0.0 -0.2953 -0.0055, 0.1194 -0.193 -0.0055, 0.2088 -0.3818 -0.0055, 0.1476 -0.3348 -0.0055, 0.1194 -0.3231 -0.0055, -0.0764 -0.3053 -0.0055, -0.1476 -0.3348 -0.0055, -1.9685 2.5591 -0.0055, -1.9685 3.3465 -0.0055, -1.811 2.5591 -0.0055, -1.4383 3.3465 -0.0055, -1.811 0.3102 -0.0055, -1.811 -0.0883 -0.0055, -1.4383 -0.0883 -0.0055, -1.4383 0.3102 -0.0055, -1.4383 -1.7717 -0.0055, -1.9685 -1.7717 -0.0055, -1.9685 -1.378 -0.0055, 1.9685 -1.378 -0.0055, 1.9685 -1.7717 -0.0055, 1.811 -1.378 -0.0055, 1.811 -0.193 -0.0055, 0.4843 -0.0427 -0.0055, 0.4843 -0.0859 -0.0055, 0.4675 -0.0883 -0.0055, 0.6859 -0.0859 -0.0055, 0.6331 0.3078 -0.0055, 0.4675 0.3102 -0.0055, 0.6859 0.3078 -0.0055, 1.811 0.3102 -0.0055, 1.811 -0.0883 -0.0055, 0.3543 0.5118 -0.0055, 0.3543 0.6693 -0.0055, 0.5906 2.874 -0.0055, 1.811 2.5591 -0.0055, 0.5906 3.3465 -0.0055, 1.9685 2.5591 -0.0055, 1.9685 3.3465 -0.0055, -0.1687 0.5118 -0.0055, 0.1194 0.5118 -0.0055, 0.1194 0.3102 -0.0055, -0.5384 2.874 -0.0055, -0.3937 2.874 -0.0055, -0.5384 0.3102 -0.0055, -0.3937 0.6693 -0.0055, -0.3543 0.6693 -0.0055, -0.5906 3.3465 -0.0055, -0.5906 2.874 -0.0055, 0.25 0.2694 -0.0055, 0.2887 0.265 -0.0055, 0.1648 -0.0262 -0.0055, 0.1578 -0.0655 -0.0055, 0.1194 -0.0883 -0.0055, 0.1578 -0.0223 -0.0055, 0.2021 0.2631 -0.0055, 0.1578 0.2442 -0.0055, 0.1578 0.297 -0.0055, 0.3182 0.2544 -0.0055, 0.3455 0.2361 -0.0055, 0.3692 0.2099 -0.0055, 0.3978 0.1067 -0.0055, 0.3939 0.0641 -0.0055, 0.3832 0.0302 -0.0055, 0.2956 -0.0434 -0.0055, 0.2588 -0.0475 -0.0055, 0.3242 -0.0328 -0.0055, 0.3484 -0.0166 -0.0055, 0.3669 0.0029 -0.0055, 0.2066 -0.0417 -0.0055, 0.3855 0.1795 -0.0055, 0.396 0.1374 -0.0055, 0.3528 -0.0726 -0.0055, 0.3845 -0.0523 -0.0055, 0.4068 0.2409 -0.0055, 0.3713 0.2751 -0.0055, 0.3339 0.2966 -0.0055, 0.4507 0.1035 -0.0055, 0.445 0.1595 -0.0055, 0.4299 0.2041 -0.0055, 0.29 0.3093 -0.0055, 0.2798 0.3102 -0.0055, 0.2504 0.3126 -0.0055, 0.2156 0.3102 -0.0055, 0.2033 0.3093 -0.0055, 0.414 -0.0212 -0.0055, 0.435 0.0162 -0.0055, 0.4468 0.0579 -0.0055, 0.6331 -0.0427 -0.0055, 0.1997 -0.0828 -0.0055, 0.2395 -0.0883 -0.0055, 0.2553 -0.0905 -0.0055, 0.2661 -0.0907 -0.0055, 0.2893 -0.0883 -0.0055, 0.3146 -0.0857 -0.0055, -0.5384 -0.0883 -0.0055, -0.1687 -0.0883 -0.0055, -0.3543 0.5118 -0.0055, -0.1687 0.3102 -0.0055, -0.1207 0.3078 -0.0055, 0.081 -0.0859 -0.0055, 0.081 0.3078 -0.0055, -0.1207 0.2646 -0.0055, -0.1303 -0.0427 -0.0055, -0.1303 -0.0859 -0.0055, 0.0281 0.0917 -0.0055, 0.0281 -0.0427 -0.0055, -0.1111 0.0917 -0.0055, -0.1111 0.1349 -0.0055, 0.0281 0.1349 -0.0055, 0.0281 0.2646 -0.0055, -0.5043 0.022 -0.0055, -0.4818 -0.0132 -0.0055, -0.4494 -0.0443 -0.0055, -0.4082 -0.0682 -0.0055, -0.3182 0.3078 -0.0055, -0.3751 0.3017 -0.0055, -0.4212 0.2855 -0.0055, -0.464 0.2568 -0.0055, -0.4644 0.2564 -0.0055, -0.4923 0.2256 -0.0055, -0.5106 0.1917 -0.0055, -0.3629 -0.0817 -0.0055, -0.3142 -0.0859 -0.0055, -0.2071 -0.0859 -0.0055, -0.2071 0.3078 -0.0055, -0.5211 0.1529 -0.0055, -0.524 0.1159 -0.0055, -0.5185 0.0632 -0.0055, -0.8505 -0.0859 -0.0055, -0.9081 -0.0859 -0.0055, -0.7545 0.3078 -0.0055, -0.8106 0.0245 -0.0055, -0.648 0.0245 -0.0055, -0.6104 -0.0859 -0.0055, -0.5528 -0.0859 -0.0055, -0.7016 0.3078 -0.0055, -1.811 -1.378 3.1047, -1.811 2.5591 3.1047, -1.811 2.5591 1.4905, -1.811 1.7717 1.4905, -1.811 1.7717 0.9, -1.811 2.5591 0.9, -0.5906 2.874 1.8359, -0.5906 3.3465 1.8359, 0.5906 3.3465 1.8359, 0.5906 2.874 1.8359, 1.9685 2.5591 3.5378, 1.9685 3.3465 3.5378, 0.3937 2.5591 3.5378, 0.3937 3.3465 3.5378, 1.811 2.5591 0.9, 1.811 1.7717 0.9, 1.811 -1.378 3.1047, 1.811 2.5591 1.4905, 1.811 2.5591 3.1047, 1.811 1.7717 1.4905, 1.9685 -1.7717 3.5378, 1.9685 -1.378 3.5378, -1.9685 -1.7717 3.5378, -1.9685 -1.378 3.5378, -1.9685 3.3465 3.5378, -0.3937 3.3465 3.5378, -0.3937 3.3465 3.3803, 0.3937 3.3465 3.3803, 0.0858 3.3465 3.1394, -0.0858 3.3465 3.1394, 0.6894 3.3465 1.9762, 0.7554 3.3465 2.1346, 0.7856 3.3465 2.3036, 0.545 3.3465 2.925, 0.4089 3.3465 3.0296, 0.2534 3.3465 3.1022, -0.6894 3.3465 1.9762, 0.7784 3.3465 2.4751, 0.7343 3.3465 2.641, 0.6552 3.3465 2.7933, -0.2534 3.3465 3.1022, -0.4089 3.3465 3.0296, -0.545 3.3465 2.925, -0.7856 3.3465 2.3036, -0.7554 3.3465 2.1346, -0.6552 3.3465 2.7933, -0.7343 3.3465 2.641, -0.7784 3.3465 2.4751, -1.9685 2.5591 3.5378, 0.2222 -1.7717 3.2231, 0.0 -1.7717 3.2425, -1.2601 -1.7717 2.1852, -1.2024 -1.7717 2.4006, -1.1081 -1.7717 2.6027, 0.4376 -1.7717 3.1653, 0.6398 -1.7717 3.0711, 0.8225 -1.7717 2.9431, 1.1081 -1.7717 1.3232, 0.9802 -1.7717 1.1405, -0.8225 -1.7717 0.9828, -0.9802 -1.7717 1.1405, -1.1081 -1.7717 1.3232, -0.9802 -1.7717 2.7854, -0.8225 -1.7717 2.9431, -0.6398 -1.7717 3.0711, -0.4376 -1.7717 3.1653, -0.2222 -1.7717 3.2231, 0.9802 -1.7717 2.7854, 1.1081 -1.7717 2.6027, 1.2024 -1.7717 2.4006, 1.2024 -1.7717 1.5253, -1.2024 -1.7717 1.5253, -1.2601 -1.7717 1.7408, -1.2795 -1.7717 1.963, 1.2601 -1.7717 2.1852, 1.2795 -1.7717 1.963, 1.2601 -1.7717 1.7408, 0.2222 -1.7717 0.7029, 0.0 -1.7717 0.6834, -0.2222 -1.7717 0.7029, -0.4376 -1.7717 0.7606, -0.6398 -1.7717 0.8549, 0.8225 -1.7717 0.9828, 0.6398 -1.7717 0.8549, 0.4376 -1.7717 0.7606, -0.3937 2.5591 3.5378, 0.3937 2.5591 3.3803, 1.6142 2.5591 1.4905, 1.6142 2.5591 0.9, 1.7126 2.5591 3.2752, 1.7534 2.5591 3.2439, 1.7847 2.5591 3.2031, 1.8043 2.5591 3.1557, -1.8043 2.5591 3.1557, -1.7847 2.5591 3.2031, -1.7534 2.5591 3.2439, -1.7126 2.5591 3.2752, -1.6142 2.5591 0.9, -1.6142 2.5591 1.4905, -0.3937 2.5591 3.3803, -1.6142 2.5591 3.3016, -1.6651 2.5591 3.2948, 1.6142 2.5591 3.3016, 1.6651 2.5591 3.2948, 1.8043 -1.378 3.1557, 1.7847 -1.378 3.2031, 1.7534 -1.378 3.2439, 1.7126 -1.378 3.2752, -1.8043 -1.378 3.1557, -1.7847 -1.378 3.2031, -1.6651 -1.378 3.2948, -1.7126 -1.378 3.2752, -1.7534 -1.378 3.2439, 1.6651 -1.378 3.2948, 1.6142 -1.378 3.3016, -1.6142 -1.378 3.3016, 0.181 1.6694 3.3016, 0.128 1.6288 3.3016, 0.0662 1.6032 3.3016, 0.0 1.5945 3.3016, -0.0662 1.6032 3.3016, -0.128 1.6288 3.3016, -0.181 1.6694 3.3016, -0.2216 1.7224 3.3016, -0.2472 1.7842 3.3016, -0.2559 1.8504 3.3016, -0.2472 1.9166 3.3016, 0.2472 1.9166 3.3016, 0.2559 1.8504 3.3016, 0.2472 1.7842 3.3016, 0.2216 1.7224 3.3016, -0.2216 1.9783 3.3016, -0.181 2.0313 3.3016, -0.128 2.072 3.3016, -0.0662 2.0976 3.3016, 0.0 2.1063 3.3016, 0.0662 2.0976 3.3016, 0.128 2.072 3.3016, 0.181 2.0313 3.3016, 0.2216 1.9783 3.3016
            ]
        }
        coordIndex [
            0,1,2,-1,3,4,5,-1,6,7,8,-1,8,7,9,-1,8,9,10,-1,6,11,7,-1,7,11,12,-1,7,12,13,-1,14,15,16,-1,16,15,17,-1,18,19,20,-1,18,20,9,-1,9,20,21,-1,9,21,10,-1,22,23,24,-1,25,26,22,-1,22,26,27,-1,22,27,23,-1,28,29,30,-1,29,31,30,-1,30,31,32,-1,30,32,18,-1,18,32,33,-1,18,33,19,-1,34,35,36,-1,14,37,15,-1,15,37,38,-1,15,38,36,-1,36,38,39,-1,36,39,34,-1,35,40,25,-1,25,40,41,-1,25,41,26,-1,42,43,44,-1,44,43,45,-1,44,45,46,-1,47,46,48,-1,48,46,49,-1,50,51,52,-1,53,54,55,-1,55,54,7,-1,55,7,56,-1,57,58,59,-1,59,58,60,-1,61,62,63,-1,63,62,64,-1,63,64,60,-1,60,64,65,-1,60,65,59,-1,59,65,56,-1,59,56,15,-1,15,56,7,-1,15,7,17,-1,17,7,13,-1,62,66,67,-1,67,0,62,-1,62,0,2,-1,62,2,64,-1,64,2,68,-1,64,68,69,-1,69,68,70,-1,69,70,71,-1,71,70,72,-1,73,74,75,-1,76,77,78,-1,78,77,79,-1,78,79,80,-1,46,45,49,-1,49,45,81,-1,49,81,82,-1,83,84,85,-1,86,87,88,-1,88,87,75,-1,83,85,89,-1,89,85,88,-1,89,88,90,-1,90,88,75,-1,90,75,91,-1,84,92,85,-1,85,92,93,-1,85,93,94,-1,95,96,85,-1,85,96,97,-1,98,99,100,-1,100,99,101,-1,97,102,85,-1,85,102,101,-1,85,101,103,-1,103,101,99,-1,94,104,85,-1,85,104,105,-1,85,105,95,-1,106,107,59,-1,108,109,62,-1,62,109,110,-1,111,112,62,-1,62,112,113,-1,62,113,108,-1,110,114,62,-1,62,114,115,-1,62,115,66,-1,66,115,116,-1,66,116,74,-1,74,116,117,-1,74,117,75,-1,75,117,118,-1,75,118,91,-1,107,119,59,-1,59,119,120,-1,59,120,121,-1,121,111,59,-1,59,111,62,-1,59,62,57,-1,57,62,61,-1,57,61,122,-1,86,123,87,-1,87,123,124,-1,87,124,36,-1,124,125,36,-1,36,125,126,-1,36,126,15,-1,15,126,127,-1,15,127,59,-1,59,127,128,-1,59,128,106,-1,52,3,50,-1,50,3,5,-1,50,5,30,-1,30,5,22,-1,30,22,28,-1,28,22,24,-1,4,47,5,-1,5,47,48,-1,5,48,22,-1,22,48,129,-1,22,129,25,-1,25,129,130,-1,131,73,132,-1,132,73,75,-1,132,75,133,-1,35,25,36,-1,36,25,130,-1,36,130,87,-1,87,130,134,-1,87,134,75,-1,75,134,135,-1,75,135,133,-1,133,136,132,-1,132,136,137,-1,132,137,130,-1,130,137,138,-1,130,138,134,-1,139,140,141,-1,141,140,137,-1,141,137,142,-1,142,137,136,-1,142,136,143,-1,143,136,144,-1,145,146,129,-1,129,146,147,-1,129,147,148,-1,80,131,78,-1,78,131,132,-1,78,132,149,-1,149,150,78,-1,78,150,151,-1,78,151,152,-1,152,153,78,-1,78,153,154,-1,78,154,155,-1,148,156,129,-1,129,156,157,-1,129,157,130,-1,130,157,158,-1,130,158,132,-1,132,158,159,-1,132,159,149,-1,155,160,78,-1,78,160,161,-1,78,161,129,-1,129,161,162,-1,129,162,145,-1,163,129,164,-1,164,129,48,-1,164,48,165,-1,165,48,49,-1,165,49,78,-1,78,49,82,-1,78,82,76,-1,166,167,163,-1,163,167,168,-1,163,168,129,-1,129,168,169,-1,129,169,78,-1,78,169,170,-1,78,170,165,-1,4,3,171,-1,172,173,171,-1,171,173,174,-1,171,174,175,-1,176,44,175,-1,175,44,46,-1,175,46,171,-1,171,46,47,-1,171,47,4,-1,82,81,177,-1,177,81,178,-1,70,68,179,-1,179,68,180,-1,181,182,183,-1,183,182,184,-1,69,185,64,-1,64,185,186,-1,187,55,56,-1,188,189,190,-1,190,189,187,-1,186,190,64,-1,64,190,187,-1,64,187,65,-1,65,187,56,-1,191,54,192,-1,192,54,53,-1,51,193,52,-1,52,193,194,-1,194,193,192,-1,192,193,191,-1,71,72,181,-1,181,72,182,-1,195,196,43,-1,43,196,197,-1,184,182,198,-1,198,182,72,-1,72,70,179,-1,198,199,197,-1,197,199,200,-1,179,201,72,-1,72,201,202,-1,72,202,203,-1,204,205,198,-1,198,205,206,-1,198,206,199,-1,207,178,81,-1,203,208,72,-1,72,208,209,-1,72,209,198,-1,198,209,210,-1,198,210,204,-1,200,211,197,-1,197,211,212,-1,197,212,213,-1,214,215,43,-1,43,215,207,-1,43,207,45,-1,45,207,81,-1,213,216,197,-1,197,216,217,-1,197,217,43,-1,43,217,218,-1,43,218,214,-1,219,195,42,-1,42,195,43,-1,220,191,221,-1,221,191,193,-1,222,223,193,-1,193,223,224,-1,220,225,191,-1,191,225,226,-1,191,226,227,-1,228,229,54,-1,50,230,51,-1,51,230,231,-1,51,231,232,-1,224,233,193,-1,193,233,234,-1,193,234,235,-1,235,236,193,-1,193,236,237,-1,193,237,221,-1,227,238,191,-1,191,238,239,-1,191,239,240,-1,228,54,241,-1,232,242,51,-1,51,242,243,-1,51,243,193,-1,193,243,244,-1,193,244,222,-1,240,245,191,-1,191,245,246,-1,191,246,54,-1,54,246,247,-1,54,247,241,-1,7,248,9,-1,9,248,249,-1,9,249,18,-1,18,249,250,-1,18,250,30,-1,30,250,251,-1,30,251,50,-1,50,251,252,-1,50,252,230,-1,229,253,54,-1,54,253,254,-1,54,254,7,-1,7,254,255,-1,7,255,248,-1,195,219,196,-1,196,219,256,-1,219,42,176,-1,176,42,44,-1,181,183,257,-1,258,259,188,-1,188,259,185,-1,260,261,181,-1,181,261,262,-1,181,262,263,-1,264,265,219,-1,219,265,266,-1,219,266,267,-1,263,189,181,-1,181,189,188,-1,181,188,71,-1,71,188,185,-1,71,185,69,-1,268,269,176,-1,176,269,173,-1,176,173,219,-1,219,173,172,-1,219,172,264,-1,270,256,271,-1,271,256,219,-1,271,219,272,-1,272,219,267,-1,270,271,257,-1,257,271,273,-1,257,273,181,-1,181,273,274,-1,181,274,260,-1,53,55,192,-1,192,55,187,-1,192,187,275,-1,275,276,192,-1,192,276,277,-1,192,277,278,-1,3,52,171,-1,171,52,194,-1,171,194,279,-1,279,194,280,-1,281,282,194,-1,194,282,283,-1,194,283,280,-1,278,284,192,-1,192,284,285,-1,192,285,194,-1,194,285,286,-1,194,286,281,-1,287,288,285,-1,288,289,285,-1,285,289,290,-1,285,290,286,-1,286,290,291,-1,286,291,292,-1,292,293,286,-1,286,293,294,-1,286,294,271,-1,294,295,271,-1,271,295,296,-1,271,296,297,-1,298,299,273,-1,273,299,300,-1,273,300,285,-1,285,300,301,-1,285,301,287,-1,297,302,271,-1,271,302,303,-1,271,303,304,-1,304,305,271,-1,271,305,306,-1,271,306,273,-1,273,306,307,-1,273,307,308,-1,308,309,273,-1,273,309,310,-1,273,310,298,-1,
        ]
    }
}
Shape{
    appearance Appearance {
        material  Material 	{
            diffuseColor 0.5019607843137255 0.25098039215686274 0.0
            specularColor 0.44313725490196076 0.2196078431372549 0.0
            ambientIntensity 0.2974
            transparency 0.0
            shininess 0.5
        }
    }
    geometry IndexedFaceSet {
        ccw TRUE
        solid FALSE
        coord DEF co Coordinate {
            point [
                -1.6142 -1.378 3.3016, -1.6142 2.5591 3.3016, -1.6651 2.5591 3.2948, -1.6651 -1.378 3.2948, -1.7126 2.5591 3.2752, -1.7126 -1.378 3.2752, -1.7534 2.5591 3.2439, -1.7534 -1.378 3.2439, -1.7847 2.5591 3.2031, -1.7847 -1.378 3.2031, -1.8043 2.5591 3.1557, -1.8043 -1.378 3.1557, -1.811 2.5591 3.1047, -1.811 -1.378 3.1047
            ]
        }
        coordIndex [
            0,1,2,-1,0,2,3,-1,3,2,4,-1,3,4,5,-1,5,4,6,-1,5,6,7,-1,7,6,8,-1,7,8,9,-1,9,8,10,-1,9,10,11,-1,11,10,12,-1,11,12,13,-1,
        ]
    }
}
Shape{
    appearance Appearance {
        material  Material 	{
            diffuseColor 1.0 1.0 1.0
            specularColor 0.5019607843137255 0.5019607843137255 0.5019607843137255
            ambientIntensity 1.0
            transparency 0.0
            shininess 0.5
        }
    }
    geometry IndexedFaceSet {
        ccw TRUE
        solid FALSE
        coord DEF co Coordinate {
            point [
                1.6142 2.5591 3.3016, 1.6142 -1.378 3.3016, 1.6651 -1.378 3.2948, 1.6651 2.5591 3.2948, 1.7126 -1.378 3.2752, 1.7126 2.5591 3.2752, 1.7534 -1.378 3.2439, 1.7534 2.5591 3.2439, 1.7847 -1.378 3.2031, 1.7847 2.5591 3.2031, 1.8043 -1.378 3.1557, 1.8043 2.5591 3.1557, 1.811 -1.378 3.1047, 1.811 2.5591 3.1047
            ]
        }
        coordIndex [
            0,1,2,-1,0,2,3,-1,3,2,4,-1,3,4,5,-1,5,4,6,-1,5,6,7,-1,7,6,8,-1,7,8,9,-1,9,8,10,-1,9,10,11,-1,11,10,12,-1,11,12,13,-1,
        ]
    }
}
Shape{
    appearance Appearance {
        material  Material 	{
            diffuseColor 0.25098039215686274 0.25098039215686274 0.25098039215686274
            specularColor 0.12549019607843137 0.12549019607843137 0.12549019607843137
            ambientIntensity 0.251
            transparency 0.0
            shininess 0.5
        }
    }
    geometry IndexedFaceSet {
        ccw TRUE
        solid FALSE
        coord DEF co Coordinate {
            point [
                0.0 0.5905 0.6834, 0.0 -1.7717 0.6834, 0.2222 0.5905 0.7029, 0.2222 -1.7717 0.7029, 0.4376 0.5905 0.7606, 0.4376 -1.7717 0.7606, 0.6398 0.5905 0.8549, 0.6398 -1.7717 0.8549, 0.8225 0.5905 0.9828, 0.8225 -1.7717 0.9828, 0.9802 0.5905 1.1405, 0.9802 -1.7717 1.1405, 1.1081 0.5905 1.3232, 1.1081 -1.7717 1.3232, 1.2024 0.5905 1.5253, 1.2024 -1.7717 1.5253, 1.2601 0.5905 1.7408, 1.2601 -1.7717 1.7408, 1.2795 0.5905 1.963, 1.2795 -1.7717 1.963, 1.2601 0.5905 2.1852, 1.2601 -1.7717 2.1852, 1.2024 0.5905 2.4006, 1.2024 -1.7717 2.4006, 1.1081 0.5905 2.6027, 1.1081 -1.7717 2.6027, 0.9802 0.5905 2.7854, 0.9802 -1.7717 2.7854, 0.8225 0.5905 2.9431, 0.8225 -1.7717 2.9431, 0.6398 0.5905 3.0711, 0.6398 -1.7717 3.0711, 0.4376 0.5905 3.1653, 0.4376 -1.7717 3.1653, 0.2222 0.5905 3.2231, 0.2222 -1.7717 3.2231, 0.0 0.5905 3.2425, 0.0 -1.7717 3.2425, -0.2222 0.5905 3.2231, -0.2222 -1.7717 3.2231, -0.4376 0.5905 3.1653, -0.4376 -1.7717 3.1653, -0.6398 0.5905 3.0711, -0.6398 -1.7717 3.0711, -0.8225 0.5905 2.9431, -0.8225 -1.7717 2.9431, -0.9802 0.5905 2.7854, -0.9802 -1.7717 2.7854, -1.1081 0.5905 2.6027, -1.1081 -1.7717 2.6027, -1.2024 0.5905 2.4006, -1.2024 -1.7717 2.4006, -1.2601 0.5905 2.1852, -1.2601 -1.7717 2.1852, -1.2795 0.5905 1.963, -1.2795 -1.7717 1.963, -1.2601 0.5905 1.7408, -1.2601 -1.7717 1.7408, -1.2024 0.5905 1.5253, -1.2024 -1.7717 1.5253, -1.1081 0.5905 1.3232, -1.1081 -1.7717 1.3232, -0.9802 0.5905 1.1405, -0.9802 -1.7717 1.1405, -0.8225 0.5905 0.9828, -0.8225 -1.7717 0.9828, -0.6398 0.5905 0.8549, -0.6398 -1.7717 0.8549, -0.4376 0.5905 0.7606, -0.4376 -1.7717 0.7606, -0.2222 0.5905 0.7029, -0.2222 -1.7717 0.7029, 0.9848 0.5905 2.4127, 0.8819 0.5905 2.591, 0.7471 0.5905 2.7465, 0.5853 0.5905 2.8738, 0.4024 0.5905 2.9681, 0.2049 0.5905 3.0261, 0.0 0.5905 3.0456, -0.2049 0.5905 3.0261, -0.4024 0.5905 2.9681, -0.5853 0.5905 2.8738, -0.7471 0.5905 2.7465, -0.8819 0.5905 2.591, -0.9848 0.5905 2.4127, -1.0522 0.5905 2.2182, -1.0815 0.5905 2.0145, -1.0717 0.5905 1.8089, -1.0231 0.5905 1.6089, -0.9376 0.5905 1.4216, -0.8182 0.5905 1.254, -0.6693 0.5905 1.1119, -0.4961 0.5905 1.0006, -0.305 0.5905 0.9241, -0.1029 0.5905 0.8852, 0.0 0.5905 0.8803, 0.1029 0.5905 0.8852, 0.305 0.5905 0.9241, 0.4961 0.5905 1.0006, 0.6693 0.5905 1.1119, 0.8182 0.5905 1.254, 0.9376 0.5905 1.4216, 1.0231 0.5905 1.6089, 1.0717 0.5905 1.8089, 1.0815 0.5905 2.0145, 1.0522 0.5905 2.2182, 0.0764 -0.8758 -0.7536, 0.0 -0.8858 -0.0055, 0.0 -0.8858 -0.7536, -0.0764 -0.8758 -0.0055, -0.0764 -0.8758 -0.7536, -0.1476 -0.8463 -0.0055, -0.1476 -0.8463 -0.7536, -0.1687 -0.8301 -0.0055, -0.2088 -0.7993 -0.7536, -0.2088 -0.7993 -0.0055, -0.2557 -0.7382 -0.0055, -0.2557 -0.7382 -0.7536, -0.2852 -0.667 -0.0055, -0.2852 -0.667 -0.7536, -0.2953 -0.5906 -0.0055, -0.2953 -0.5906 -0.7536, -0.2852 -0.5141 -0.0055, -0.2852 -0.5141 -0.7536, -0.2557 -0.4429 -0.0055, -0.2557 -0.4429 -0.7536, -0.2088 -0.3818 -0.0055, -0.2088 -0.3818 -0.7536, -0.1687 -0.351 -0.0055, -0.1476 -0.3348 -0.7536, -0.1476 -0.3348 -0.0055, -0.0764 -0.3053 -0.0055, -0.0764 -0.3053 -0.7536, 0.0 -0.2953 -0.0055, 0.0 -0.2953 -0.7536, 0.0764 -0.3053 -0.0055, 0.0764 -0.3053 -0.7536, 0.1194 -0.3231 -0.0055, 0.1476 -0.3348 -0.7536, 0.1476 -0.3348 -0.0055, 0.2088 -0.3818 -0.0055, 0.2088 -0.3818 -0.7536, 0.2557 -0.4429 -0.0055, 0.2557 -0.4429 -0.7536, 0.2852 -0.5141 -0.0055, 0.2852 -0.5141 -0.7536, 0.2953 -0.5906 -0.0055, 0.2953 -0.5906 -0.7536, 0.2852 -0.667 -0.0055, 0.2852 -0.667 -0.7536, 0.2557 -0.7382 -0.0055, 0.2557 -0.7382 -0.7536, 0.2088 -0.7993 -0.0055, 0.2088 -0.7993 -0.7536, 0.1476 -0.8463 -0.0055, 0.1476 -0.8463 -0.7536, 0.1194 -0.858 -0.0055, 0.0764 -0.8758 -0.0055, -0.2216 -0.7185 -0.7929, -0.2472 -0.6568 -0.7929, 0.0 -0.5906 -0.7929, -0.2559 -0.5906 -0.7929, -0.2472 -0.5243 -0.7929, -0.0662 -0.8377 -0.7929, -0.128 -0.8122 -0.7929, -0.181 -0.7715 -0.7929, 0.128 -0.8122 -0.7929, 0.0662 -0.8377 -0.7929, 0.0 -0.8465 -0.7929, 0.2472 -0.6568 -0.7929, 0.2216 -0.7185 -0.7929, 0.181 -0.7715 -0.7929, 0.2216 -0.4626 -0.7929, 0.2472 -0.5243 -0.7929, 0.2559 -0.5906 -0.7929, 0.0662 -0.3434 -0.7929, 0.128 -0.3689 -0.7929, 0.181 -0.4096 -0.7929, -0.128 -0.3689 -0.7929, -0.0662 -0.3434 -0.7929, 0.0 -0.3346 -0.7929, -0.2216 -0.4626 -0.7929, -0.181 -0.4096 -0.7929
            ]
        }
        coordIndex [
            0,1,2,-1,2,1,3,-1,2,3,4,-1,4,3,5,-1,4,5,6,-1,6,5,7,-1,6,7,8,-1,8,7,9,-1,8,9,10,-1,10,9,11,-1,10,11,12,-1,12,11,13,-1,12,13,14,-1,14,13,15,-1,14,15,16,-1,16,15,17,-1,16,17,18,-1,18,17,19,-1,18,19,20,-1,20,19,21,-1,20,21,22,-1,22,21,23,-1,22,23,24,-1,24,23,25,-1,24,25,26,-1,26,25,27,-1,26,27,28,-1,28,27,29,-1,28,29,30,-1,30,29,31,-1,30,31,32,-1,32,31,33,-1,32,33,34,-1,34,33,35,-1,34,35,36,-1,36,35,37,-1,36,37,38,-1,38,37,39,-1,38,39,40,-1,40,39,41,-1,40,41,42,-1,42,41,43,-1,42,43,44,-1,44,43,45,-1,44,45,46,-1,46,45,47,-1,46,47,48,-1,48,47,49,-1,48,49,50,-1,50,49,51,-1,50,51,52,-1,52,51,53,-1,52,53,54,-1,54,53,55,-1,54,55,56,-1,56,55,57,-1,56,57,58,-1,58,57,59,-1,58,59,60,-1,60,59,61,-1,60,61,62,-1,62,61,63,-1,62,63,64,-1,64,63,65,-1,64,65,66,-1,66,65,67,-1,66,67,68,-1,68,67,69,-1,68,69,70,-1,70,69,71,-1,70,71,0,-1,0,71,1,-1,72,24,73,-1,73,24,26,-1,73,26,74,-1,74,26,28,-1,74,28,75,-1,75,28,30,-1,75,30,76,-1,76,30,32,-1,76,32,77,-1,77,32,34,-1,77,34,78,-1,78,34,36,-1,78,36,79,-1,79,36,38,-1,79,38,80,-1,80,38,40,-1,80,40,81,-1,81,40,42,-1,81,42,82,-1,82,42,44,-1,82,44,83,-1,44,46,83,-1,83,46,48,-1,83,48,84,-1,84,48,50,-1,84,50,85,-1,85,50,52,-1,85,52,86,-1,86,52,54,-1,86,54,87,-1,87,54,56,-1,87,56,88,-1,88,56,58,-1,88,58,89,-1,89,58,60,-1,89,60,90,-1,90,60,62,-1,90,62,91,-1,91,62,64,-1,91,64,92,-1,92,64,66,-1,92,66,93,-1,93,66,68,-1,93,68,94,-1,94,68,70,-1,94,70,95,-1,95,70,0,-1,95,0,96,-1,96,0,2,-1,96,2,97,-1,97,2,4,-1,97,4,98,-1,98,4,6,-1,98,6,99,-1,99,6,8,-1,99,8,100,-1,100,8,10,-1,100,10,101,-1,101,10,12,-1,101,12,102,-1,102,12,14,-1,102,14,103,-1,103,14,16,-1,103,16,104,-1,104,16,18,-1,104,18,105,-1,105,18,20,-1,105,20,72,-1,72,20,22,-1,72,22,24,-1,106,107,108,-1,108,107,109,-1,108,109,110,-1,110,109,111,-1,110,111,112,-1,112,111,113,-1,112,113,114,-1,113,115,114,-1,114,115,116,-1,114,116,117,-1,117,116,118,-1,117,118,119,-1,119,118,120,-1,119,120,121,-1,121,120,122,-1,121,122,123,-1,123,122,124,-1,123,124,125,-1,125,124,126,-1,125,126,127,-1,127,126,128,-1,127,128,129,-1,128,130,129,-1,129,130,131,-1,129,131,132,-1,132,131,133,-1,132,133,134,-1,134,133,135,-1,134,135,136,-1,136,135,137,-1,136,137,138,-1,137,139,138,-1,138,139,140,-1,138,140,141,-1,141,140,142,-1,141,142,143,-1,143,142,144,-1,143,144,145,-1,145,144,146,-1,145,146,147,-1,147,146,148,-1,147,148,149,-1,149,148,150,-1,149,150,151,-1,151,150,152,-1,151,152,153,-1,153,152,154,-1,153,154,155,-1,155,154,156,-1,155,156,106,-1,106,156,157,-1,106,157,107,-1,158,159,160,-1,160,159,161,-1,160,161,162,-1,163,164,160,-1,160,164,165,-1,160,165,158,-1,166,167,160,-1,160,167,168,-1,160,168,163,-1,169,170,160,-1,160,170,171,-1,160,171,166,-1,172,173,160,-1,160,173,174,-1,160,174,169,-1,175,176,160,-1,160,176,177,-1,160,177,172,-1,178,179,160,-1,160,179,180,-1,160,180,175,-1,162,181,160,-1,160,181,182,-1,160,182,178,-1,147,173,145,-1,145,173,172,-1,145,172,143,-1,143,172,177,-1,143,177,141,-1,141,177,176,-1,141,176,138,-1,138,176,175,-1,138,175,136,-1,136,175,180,-1,136,180,134,-1,134,180,179,-1,134,179,132,-1,132,179,178,-1,132,178,129,-1,129,178,182,-1,129,182,127,-1,127,182,181,-1,127,181,125,-1,125,181,162,-1,125,162,123,-1,123,162,161,-1,123,161,121,-1,121,161,159,-1,121,159,119,-1,119,159,158,-1,119,158,117,-1,117,158,165,-1,117,165,114,-1,114,165,164,-1,114,164,112,-1,112,164,163,-1,112,163,110,-1,110,163,168,-1,110,168,108,-1,108,168,167,-1,108,167,106,-1,106,167,166,-1,106,166,155,-1,155,166,171,-1,155,171,153,-1,153,171,170,-1,153,170,151,-1,151,170,169,-1,151,169,149,-1,149,169,174,-1,149,174,147,-1,147,174,173,-1,
        ]
    }
}
Shape{
    appearance Appearance {
        material  Material 	{
            diffuseColor 1.0 1.0 1.0
            specularColor 0.5019607843137255 0.5019607843137255 0.5019607843137255
            ambientIntensity 1.0
            transparency 0.0
            shininess 0.5
        }
    }
    geometry IndexedFaceSet {
        ccw TRUE
        solid FALSE
        coord DEF co Coordinate {
            point [
                -0.3543 0.5118 -0.7582, -0.3543 0.5118 -0.0055, -0.3543 0.6693 -0.7582, -0.3543 0.6693 -0.0055, -0.3937 0.6693 -0.0055, -0.3937 0.6693 1.1756, -0.3513 0.6693 -0.7924, 0.3425 0.6693 -0.8256, 0.3937 0.6693 1.1756, 0.3937 0.6693 -0.0055, 0.3543 0.6693 -0.0055, 0.3513 0.6693 -0.7924, -0.2582 0.6693 -1.0571, -0.3425 0.6693 -0.8256, -0.0732 0.6693 -1.1866, 0.3543 0.6693 -0.7582, 0.2049 0.6693 -1.1361, 0.1656 0.6693 -1.1636, 0.2364 0.6693 -1.0999, 0.1208 0.6693 -1.1808, 0.0732 0.6693 -1.1866, 0.2582 0.6693 -1.0571, -0.1208 0.6693 -1.1808, -0.1656 0.6693 -1.1636, -0.2049 0.6693 -1.1361, -0.2364 0.6693 -1.0999, 0.3543 0.5118 -0.7582, 0.3543 0.5118 -0.0055, 0.3425 0.5118 -0.8256, 0.3513 0.5118 -0.7924, 0.1194 0.5118 -0.0055, -0.1687 0.5118 -0.0055, -0.1656 0.5118 -1.1636, -0.1208 0.5118 -1.1808, -0.0732 0.5118 -1.1866, 0.0732 0.5118 -1.1866, 0.1208 0.5118 -1.1808, 0.1656 0.5118 -1.1636, 0.2049 0.5118 -1.1361, -0.3513 0.5118 -0.7924, 0.2364 0.5118 -1.0999, 0.2582 0.5118 -1.0571, -0.3425 0.5118 -0.8256, -0.2582 0.5118 -1.0571, -0.2049 0.5118 -1.1361, -0.2364 0.5118 -1.0999
            ]
        }
        coordIndex [
            0,1,2,-1,2,1,3,-1,3,4,5,-1,6,2,7,-1,8,9,10,-1,7,2,11,-1,12,13,14,-1,5,8,3,-1,3,8,10,-1,3,10,2,-1,2,10,15,-1,2,15,11,-1,16,17,13,-1,16,13,18,-1,17,19,13,-1,13,19,20,-1,13,20,14,-1,6,7,13,-1,13,7,21,-1,13,21,18,-1,22,23,24,-1,22,24,14,-1,14,24,25,-1,14,25,12,-1,15,10,26,-1,26,10,27,-1,28,29,30,-1,30,29,26,-1,30,26,27,-1,31,32,33,-1,31,33,30,-1,30,33,34,-1,30,34,35,-1,35,36,30,-1,30,36,37,-1,30,37,38,-1,31,1,32,-1,32,1,0,-1,32,0,39,-1,38,40,30,-1,30,40,41,-1,30,41,28,-1,39,42,32,-1,32,42,43,-1,32,43,44,-1,44,43,45,-1,35,34,20,-1,20,34,14,-1,28,41,7,-1,7,41,21,-1,13,12,42,-1,42,12,43,-1,15,26,29,-1,15,29,11,-1,11,29,28,-1,11,28,7,-1,21,41,40,-1,21,40,18,-1,18,40,38,-1,18,38,16,-1,16,38,37,-1,16,37,17,-1,17,37,36,-1,17,36,19,-1,19,36,35,-1,19,35,20,-1,0,2,6,-1,0,6,39,-1,39,6,13,-1,39,13,42,-1,43,12,25,-1,43,25,45,-1,45,25,24,-1,45,24,44,-1,44,24,23,-1,44,23,32,-1,32,23,22,-1,32,22,33,-1,33,22,14,-1,33,14,34,-1,
        ]
    }
}
Shape{
    appearance Appearance {
        material  Material 	{
            diffuseColor 0.25098039215686274 0.25098039215686274 0.25098039215686274
            specularColor 0.12549019607843137 0.12549019607843137 0.12549019607843137
            ambientIntensity 0.251
            transparency 0.0
            shininess 0.5
        }
    }
    geometry IndexedFaceSet {
        ccw TRUE
        solid FALSE
        coord DEF co Coordinate {
            point [
                -0.3937 2.874 1.1756, -0.3937 0.6693 1.1756, -0.3937 2.874 -0.0055, -0.3937 0.6693 -0.0055, 0.3937 2.874 -0.0055, 0.3937 0.6693 -0.0055, 0.3937 2.874 1.1756, 0.3937 0.6693 1.1756, 0.3937 3.3465 3.3803, 0.3937 2.5591 3.3803, 0.3937 3.3465 3.5378, 0.3937 2.5591 3.5378, -0.3937 2.5591 3.3803, -0.3937 3.3465 3.3803, -0.3937 2.5591 3.5378, -0.3937 3.3465 3.5378, 0.5906 2.874 1.8359, 0.5906 2.874 -0.0055, 0.4675 2.874 -0.0055, -0.5906 2.874 -0.0055, -0.5906 2.874 1.8359, -0.5384 2.874 -0.0055, 0.7856 2.874 2.3036, 0.7554 2.874 2.1346, 0.0858 2.874 3.1394, 0.2534 2.874 3.1022, 0.6894 2.874 1.9762, -0.545 2.874 2.925, -0.4089 2.874 3.0296, -0.2534 2.874 3.1022, -0.0858 2.874 3.1394, -0.6894 2.874 1.9762, -0.7554 2.874 2.1346, -0.7856 2.874 2.3036, -0.7784 2.874 2.4751, -0.7343 2.874 2.641, -0.6552 2.874 2.7933, 0.4089 2.874 3.0296, 0.545 2.874 2.925, 0.6552 2.874 2.7933, 0.7343 2.874 2.641, 0.7784 2.874 2.4751, 0.5906 3.3465 1.8359, 0.6894 3.3465 1.9762, 0.7554 3.3465 2.1346, 0.7856 3.3465 2.3036, 0.7784 3.3465 2.4751, 0.7343 3.3465 2.641, 0.6552 3.3465 2.7933, 0.545 3.3465 2.925, 0.4089 3.3465 3.0296, 0.2534 3.3465 3.1022, 0.0858 3.3465 3.1394, -0.0858 3.3465 3.1394, -0.2534 3.3465 3.1022, -0.4089 3.3465 3.0296, -0.545 3.3465 2.925, -0.6552 3.3465 2.7933, -0.7343 3.3465 2.641, -0.7784 3.3465 2.4751, -0.7856 3.3465 2.3036, -0.7554 3.3465 2.1346, -0.6894 3.3465 1.9762, -0.5906 3.3465 1.8359, 1.6142 2.5591 0.9, 1.6142 1.7717 0.9, 1.811 2.5591 0.9, 1.811 1.7717 0.9, 1.6142 1.7717 1.4905, 1.811 1.7717 1.4905, 1.6142 2.5591 1.4905, 1.811 2.5591 1.4905, -1.6142 1.7717 0.9, -1.6142 2.5591 0.9, -1.811 1.7717 0.9, -1.811 2.5591 0.9, -1.6142 2.5591 1.4905, -1.6142 1.7717 1.4905, -1.811 2.5591 1.4905, -1.811 1.7717 1.4905, -0.2559 1.8504 3.3016, -0.2472 1.9166 3.459, -0.2472 1.9166 3.3016, -0.2216 1.9783 3.459, -0.2216 1.9783 3.3016, -0.181 2.0313 3.459, -0.181 2.0313 3.3016, -0.128 2.072 3.459, -0.128 2.072 3.3016, -0.0662 2.0976 3.459, -0.0662 2.0976 3.3016, 0.0 2.1063 3.459, 0.0 2.1063 3.3016, 0.0662 2.0976 3.459, 0.0662 2.0976 3.3016, 0.128 2.072 3.459, 0.128 2.072 3.3016, 0.181 2.0313 3.459, 0.181 2.0313 3.3016, 0.2216 1.9783 3.459, 0.2216 1.9783 3.3016, 0.2472 1.9166 3.459, 0.2472 1.9166 3.3016, 0.2559 1.8504 3.459, 0.2559 1.8504 3.3016, 0.2472 1.7842 3.459, 0.2472 1.7842 3.3016, 0.2216 1.7224 3.459, 0.2216 1.7224 3.3016, 0.181 1.6694 3.459, 0.181 1.6694 3.3016, 0.128 1.6288 3.459, 0.128 1.6288 3.3016, 0.0662 1.6032 3.459, 0.0662 1.6032 3.3016, 0.0 1.5945 3.459, 0.0 1.5945 3.3016, -0.0662 1.6032 3.459, -0.0662 1.6032 3.3016, -0.128 1.6288 3.459, -0.128 1.6288 3.3016, -0.181 1.6694 3.459, -0.181 1.6694 3.3016, -0.2216 1.7224 3.459, -0.2216 1.7224 3.3016, -0.2472 1.7842 3.459, -0.2472 1.7842 3.3016, -0.2559 1.8504 3.459, 0.0 1.8504 3.459
            ]
        }
        coordIndex [
            0,1,2,-1,2,1,3,-1,4,5,6,-1,6,5,7,-1,6,7,0,-1,0,7,1,-1,8,9,10,-1,10,9,11,-1,12,13,14,-1,14,13,15,-1,13,12,8,-1,8,12,9,-1,16,17,6,-1,6,17,18,-1,6,18,4,-1,19,20,21,-1,21,20,0,-1,21,0,2,-1,22,23,20,-1,24,25,20,-1,6,0,16,-1,16,0,20,-1,16,20,26,-1,26,20,23,-1,20,27,28,-1,28,29,20,-1,20,29,30,-1,20,30,24,-1,31,32,20,-1,20,32,33,-1,20,33,34,-1,34,35,20,-1,20,35,36,-1,20,36,27,-1,25,37,20,-1,20,37,38,-1,20,38,39,-1,39,40,20,-1,20,40,41,-1,20,41,22,-1,42,16,43,-1,43,16,26,-1,43,26,44,-1,44,26,23,-1,44,23,45,-1,45,23,22,-1,45,22,46,-1,46,22,41,-1,46,41,47,-1,47,41,40,-1,47,40,48,-1,48,40,39,-1,48,39,49,-1,49,39,38,-1,49,38,50,-1,50,38,37,-1,50,37,51,-1,51,37,25,-1,51,25,52,-1,52,25,24,-1,52,24,53,-1,53,24,30,-1,53,30,54,-1,54,30,29,-1,54,29,55,-1,55,29,28,-1,55,28,56,-1,56,28,27,-1,56,27,57,-1,57,27,36,-1,57,36,58,-1,58,36,35,-1,58,35,59,-1,59,35,34,-1,59,34,60,-1,60,34,33,-1,60,33,61,-1,61,33,32,-1,61,32,62,-1,62,32,31,-1,62,31,63,-1,63,31,20,-1,64,65,66,-1,66,65,67,-1,65,68,67,-1,67,68,69,-1,68,70,69,-1,69,70,71,-1,70,68,64,-1,64,68,65,-1,72,73,74,-1,74,73,75,-1,76,77,78,-1,78,77,79,-1,77,72,79,-1,79,72,74,-1,77,76,72,-1,72,76,73,-1,80,81,82,-1,82,81,83,-1,82,83,84,-1,84,83,85,-1,84,85,86,-1,86,85,87,-1,86,87,88,-1,88,87,89,-1,88,89,90,-1,90,89,91,-1,90,91,92,-1,92,91,93,-1,92,93,94,-1,94,93,95,-1,94,95,96,-1,96,95,97,-1,96,97,98,-1,98,97,99,-1,98,99,100,-1,100,99,101,-1,100,101,102,-1,102,101,103,-1,102,103,104,-1,104,103,105,-1,104,105,106,-1,106,105,107,-1,106,107,108,-1,108,107,109,-1,108,109,110,-1,110,109,111,-1,110,111,112,-1,112,111,113,-1,112,113,114,-1,114,113,115,-1,114,115,116,-1,116,115,117,-1,116,117,118,-1,118,117,119,-1,118,119,120,-1,120,119,121,-1,120,121,122,-1,122,121,123,-1,122,123,124,-1,124,123,125,-1,124,125,126,-1,126,125,127,-1,126,127,80,-1,80,127,81,-1,107,105,128,-1,128,105,103,-1,128,103,101,-1,113,111,128,-1,128,111,109,-1,128,109,107,-1,119,117,128,-1,128,117,115,-1,128,115,113,-1,125,123,128,-1,128,123,121,-1,128,121,119,-1,83,81,128,-1,128,81,127,-1,128,127,125,-1,89,87,128,-1,128,87,85,-1,128,85,83,-1,95,93,128,-1,128,93,91,-1,128,91,89,-1,101,99,128,-1,128,99,97,-1,128,97,95,-1,
        ]
    }
}
Shape{
    appearance Appearance {
        material  Material 	{
            diffuseColor 1.0 1.0 1.0
            specularColor 0.5019607843137255 0.5019607843137255 0.5019607843137255
            ambientIntensity 1.0
            transparency 0.0
            shininess 0.5
        }
    }
    geometry IndexedFaceSet {
        ccw TRUE
        solid FALSE
        coord DEF co Coordinate {
            point [
                0.1029 0.1968 0.8852, 0.0 0.1968 0.8803, 0.0 0.5905 0.8803, -0.1029 0.5905 0.8852, -0.1029 0.1968 0.8852, -0.305 0.1968 0.9241, -0.305 0.5905 0.9241, -0.4961 0.1968 1.0006, -0.4961 0.5905 1.0006, -0.6693 0.1968 1.1119, -0.6693 0.5905 1.1119, -0.8182 0.1968 1.254, -0.8182 0.5905 1.254, -0.9376 0.1968 1.4216, -0.9376 0.5905 1.4216, -1.0231 0.1968 1.6089, -1.0231 0.5905 1.6089, -1.0717 0.1968 1.8089, -1.0717 0.5905 1.8089, -1.0815 0.1968 2.0145, -1.0815 0.5905 2.0145, -1.0522 0.1968 2.2182, -1.0522 0.5905 2.2182, -0.9848 0.1968 2.4127, -0.9848 0.5905 2.4127, -0.8819 0.1968 2.591, -0.8819 0.5905 2.591, -0.7471 0.1968 2.7465, -0.7471 0.5905 2.7465, -0.5853 0.1968 2.8738, -0.5853 0.5905 2.8738, -0.4024 0.1968 2.9681, -0.4024 0.5905 2.9681, -0.2049 0.1968 3.0261, -0.2049 0.5905 3.0261, 0.0 0.1968 3.0456, 0.0 0.5905 3.0456, 0.2049 0.1968 3.0261, 0.2049 0.5905 3.0261, 0.4024 0.1968 2.9681, 0.4024 0.5905 2.9681, 0.5853 0.1968 2.8738, 0.5853 0.5905 2.8738, 0.7471 0.1968 2.7465, 0.7471 0.5905 2.7465, 0.8819 0.1968 2.591, 0.8819 0.5905 2.591, 0.9848 0.1968 2.4127, 0.9848 0.5905 2.4127, 1.0522 0.1968 2.2182, 1.0522 0.5905 2.2182, 1.0815 0.1968 2.0145, 1.0815 0.5905 2.0145, 1.0717 0.1968 1.8089, 1.0717 0.5905 1.8089, 1.0231 0.1968 1.6089, 1.0231 0.5905 1.6089, 0.9376 0.1968 1.4216, 0.9376 0.5905 1.4216, 0.8182 0.1968 1.254, 0.8182 0.5905 1.254, 0.6693 0.1968 1.1119, 0.6693 0.5905 1.1119, 0.4961 0.1968 1.0006, 0.4961 0.5905 1.0006, 0.305 0.1968 0.9241, 0.305 0.5905 0.9241, 0.1029 0.5905 0.8852, 0.0 0.1968 1.4708, -0.1274 0.1968 1.4876, -0.1274 0.1968 2.4383, -0.2461 0.1968 2.3892, -0.348 0.1968 2.311, -0.4262 0.1968 2.209, 0.2461 0.1968 2.3892, 0.1274 0.1968 2.4383, 0.0 0.1968 2.4551, 0.1274 0.1968 1.4876, 0.2461 0.1968 1.5368, -0.348 0.1968 1.615, -0.2461 0.1968 1.5368, 0.4754 0.1968 2.0903, 0.4262 0.1968 2.209, 0.348 0.1968 2.311, 0.348 0.1968 1.615, 0.4262 0.1968 1.7169, 0.4754 0.1968 1.8356, -0.4921 0.1968 1.963, -0.4754 0.1968 1.8356, -0.4262 0.1968 1.7169, -0.4754 0.1968 2.0903, 0.4921 0.1968 1.963, -0.096 -0.4921 2.4456, -0.1883 -0.4921 2.4176, -0.1268 -0.4921 2.4363, -0.2734 -0.4921 2.3722, -0.2451 -0.4921 2.3873, -0.4092 -0.4921 2.2364, -0.348 -0.4921 2.311, -0.4547 -0.4921 2.1513, -0.4243 -0.4921 2.208, -0.4827 -0.4921 2.059, -0.4733 -0.4921 2.0897, -0.4827 -0.4921 1.867, -0.4921 -0.4921 1.963, -0.4547 -0.4921 1.7746, -0.4733 -0.4921 1.8362, -0.4092 -0.4921 1.6896, -0.4243 -0.4921 1.7179, -0.2734 -0.4921 1.5538, -0.348 -0.4921 1.615, -0.1883 -0.4921 1.5083, -0.2451 -0.4921 1.5386, -0.096 -0.4921 1.4803, -0.1268 -0.4921 1.4896, 0.096 -0.4921 1.4803, 0.0 -0.4921 1.4708, 0.1883 -0.4921 1.5083, 0.1268 -0.4921 1.4896, 0.2734 -0.4921 1.5538, 0.2451 -0.4921 1.5386, 0.4092 -0.4921 1.6896, 0.348 -0.4921 1.615, 0.4547 -0.4921 1.7746, 0.4243 -0.4921 1.7179, 0.4827 -0.4921 1.867, 0.4733 -0.4921 1.8362, 0.4827 -0.4921 2.059, 0.4921 -0.4921 1.963, 0.4547 -0.4921 2.1513, 0.4733 -0.4921 2.0897, 0.4092 -0.4921 2.2364, 0.4243 -0.4921 2.208, 0.2734 -0.4921 2.3722, 0.348 -0.4921 2.311, 0.1883 -0.4921 2.4176, 0.2451 -0.4921 2.3873, 0.0 -0.4921 2.4551, 0.096 -0.4921 2.4456, 0.1268 -0.4921 2.4363, 0.1847 -0.5881 1.517, 0.2682 -0.5881 1.5616, 0.4459 -0.5881 1.7783, 0.4734 -0.5881 1.8688, 0.4459 -0.5881 2.1477, 0.4013 -0.5881 2.2311, 0.1847 -0.5881 2.4089, 0.0942 -0.5881 2.4364, -0.1847 -0.5881 2.4089, -0.2682 -0.5881 2.3643, -0.4459 -0.5881 2.1477, -0.4734 -0.5881 2.0571, -0.4459 -0.5881 1.7783, -0.4013 -0.5881 1.6948, -0.1566 -0.9468 1.8583, -0.0798 -0.9748 1.9096, -0.0887 -0.9748 1.9262, 0.0 -0.9843 1.963, -0.0679 -0.9748 1.8951, -0.1332 -0.9468 1.8298, -0.1933 -0.9013 1.7696, -0.0533 -0.9748 1.8831, -0.1046 -0.9468 1.8064, -0.1519 -0.9013 1.7356, -0.1933 -0.8401 1.6736, -0.0367 -0.9748 1.8743, -0.0721 -0.9468 1.789, -0.1046 -0.9013 1.7104, -0.1332 -0.8401 1.6415, -0.1566 -0.7655 1.5849, -0.0187 -0.9748 1.8688, -0.0367 -0.9468 1.7783, -0.0533 -0.9013 1.6948, -0.0679 -0.8401 1.6217, -0.0798 -0.7655 1.5616, -0.0887 -0.6805 1.517, 0.0 -0.9748 1.867, 0.0 -0.9468 1.7746, 0.0 -0.9013 1.6896, 0.0 -0.8401 1.615, 0.0 -0.7655 1.5538, 0.0 -0.6805 1.5083, 0.0 -0.5881 1.4803, -0.174 -0.6805 1.5429, -0.1847 -0.5881 1.517, -0.0942 -0.5881 1.4896, -0.2682 -0.5881 1.5616, -0.2526 -0.6805 1.5849, -0.2273 -0.7655 1.6227, -0.3413 -0.5881 1.6217, -0.3215 -0.6805 1.6415, -0.2893 -0.7655 1.6736, -0.2461 -0.8401 1.7169, -0.378 -0.6805 1.7104, -0.3402 -0.7655 1.7356, -0.2893 -0.8401 1.7696, -0.2273 -0.9013 1.8111, -0.4201 -0.6805 1.789, -0.378 -0.7655 1.8064, -0.3215 -0.8401 1.8298, -0.2526 -0.9013 1.8583, -0.174 -0.9468 1.8909, -0.4734 -0.5881 1.8688, -0.4459 -0.6805 1.8743, -0.4013 -0.7655 1.8831, -0.3413 -0.8401 1.8951, -0.2682 -0.9013 1.9096, -0.1847 -0.9468 1.9262, -0.0942 -0.9748 1.9442, -0.096 -0.9748 1.963, -0.1883 -0.9468 1.963, -0.2734 -0.9013 1.963, -0.348 -0.8401 1.963, -0.4092 -0.7655 1.963, -0.4547 -0.6805 1.963, -0.4827 -0.5881 1.963, -0.4459 -0.6805 2.0517, -0.4013 -0.7655 2.0428, -0.3413 -0.8401 2.0309, -0.2682 -0.9013 2.0163, -0.1847 -0.9468 1.9997, -0.0942 -0.9748 1.9817, -0.4201 -0.6805 2.137, -0.378 -0.7655 2.1196, -0.3215 -0.8401 2.0961, -0.2526 -0.9013 2.0676, -0.174 -0.9468 2.035, -0.0887 -0.9748 1.9997, -0.4013 -0.5881 2.2311, -0.378 -0.6805 2.2156, -0.3402 -0.7655 2.1903, -0.2893 -0.8401 2.1563, -0.2273 -0.9013 2.1149, -0.1566 -0.9468 2.0676, -0.0798 -0.9748 2.0163, -0.3413 -0.5881 2.3043, -0.3215 -0.6805 2.2845, -0.2893 -0.7655 2.2523, -0.2461 -0.8401 2.209, -0.1933 -0.9013 2.1563, -0.1332 -0.9468 2.0961, -0.0679 -0.9748 2.0309, -0.2526 -0.6805 2.341, -0.2273 -0.7655 2.3032, -0.1933 -0.8401 2.2523, -0.1519 -0.9013 2.1903, -0.1046 -0.9468 2.1196, -0.0533 -0.9748 2.0428, -0.174 -0.6805 2.383, -0.1566 -0.7655 2.341, -0.1332 -0.8401 2.2845, -0.1046 -0.9013 2.2156, -0.0721 -0.9468 2.137, -0.0367 -0.9748 2.0517, -0.0942 -0.5881 2.4364, -0.0887 -0.6805 2.4089, -0.0798 -0.7655 2.3643, -0.0679 -0.8401 2.3043, -0.0533 -0.9013 2.2311, -0.0367 -0.9468 2.1477, -0.0187 -0.9748 2.0571, 0.0 -0.5881 2.4456, 0.0 -0.6805 2.4176, 0.0 -0.7655 2.3722, 0.0 -0.8401 2.311, 0.0 -0.9013 2.2364, 0.0 -0.9468 2.1513, 0.0 -0.9748 2.059, 0.0887 -0.6805 2.4089, 0.0798 -0.7655 2.3643, 0.0679 -0.8401 2.3043, 0.0533 -0.9013 2.2311, 0.0367 -0.9468 2.1477, 0.0187 -0.9748 2.0571, 0.174 -0.6805 2.383, 0.1566 -0.7655 2.341, 0.1332 -0.8401 2.2845, 0.1046 -0.9013 2.2156, 0.0721 -0.9468 2.137, 0.0367 -0.9748 2.0517, 0.2682 -0.5881 2.3643, 0.2526 -0.6805 2.341, 0.2273 -0.7655 2.3032, 0.1933 -0.8401 2.2523, 0.1519 -0.9013 2.1903, 0.1046 -0.9468 2.1196, 0.0533 -0.9748 2.0428, 0.3413 -0.5881 2.3043, 0.3215 -0.6805 2.2845, 0.2893 -0.7655 2.2523, 0.2461 -0.8401 2.209, 0.1933 -0.9013 2.1563, 0.1332 -0.9468 2.0961, 0.0679 -0.9748 2.0309, 0.378 -0.6805 2.2156, 0.3402 -0.7655 2.1903, 0.2893 -0.8401 2.1563, 0.2273 -0.9013 2.1149, 0.1566 -0.9468 2.0676, 0.0798 -0.9748 2.0163, 0.4201 -0.6805 2.137, 0.378 -0.7655 2.1196, 0.3215 -0.8401 2.0961, 0.2526 -0.9013 2.0676, 0.174 -0.9468 2.035, 0.0887 -0.9748 1.9997, 0.4734 -0.5881 2.0571, 0.4459 -0.6805 2.0517, 0.4013 -0.7655 2.0428, 0.3413 -0.8401 2.0309, 0.2682 -0.9013 2.0163, 0.1847 -0.9468 1.9997, 0.0942 -0.9748 1.9817, 0.4827 -0.5881 1.963, 0.4547 -0.6805 1.963, 0.4092 -0.7655 1.963, 0.348 -0.8401 1.963, 0.2734 -0.9013 1.963, 0.1883 -0.9468 1.963, 0.096 -0.9748 1.963, 0.4459 -0.6805 1.8743, 0.4013 -0.7655 1.8831, 0.3413 -0.8401 1.8951, 0.2682 -0.9013 1.9096, 0.1847 -0.9468 1.9262, 0.0942 -0.9748 1.9442, 0.4201 -0.6805 1.789, 0.378 -0.7655 1.8064, 0.3215 -0.8401 1.8298, 0.2526 -0.9013 1.8583, 0.174 -0.9468 1.8909, 0.0887 -0.9748 1.9262, 0.4013 -0.5881 1.6948, 0.378 -0.6805 1.7104, 0.3402 -0.7655 1.7356, 0.2893 -0.8401 1.7696, 0.2273 -0.9013 1.8111, 0.1566 -0.9468 1.8583, 0.0798 -0.9748 1.9096, 0.3413 -0.5881 1.6217, 0.3215 -0.6805 1.6415, 0.2893 -0.7655 1.6736, 0.2461 -0.8401 1.7169, 0.1933 -0.9013 1.7696, 0.1332 -0.9468 1.8298, 0.0679 -0.9748 1.8951, 0.2526 -0.6805 1.5849, 0.2273 -0.7655 1.6227, 0.1933 -0.8401 1.6736, 0.1519 -0.9013 1.7356, 0.1046 -0.9468 1.8064, 0.0533 -0.9748 1.8831, 0.174 -0.6805 1.5429, 0.1566 -0.7655 1.5849, 0.1332 -0.8401 1.6415, 0.1046 -0.9013 1.7104, 0.0721 -0.9468 1.789, 0.0367 -0.9748 1.8743, 0.0942 -0.5881 1.4896, 0.0887 -0.6805 1.517, 0.0798 -0.7655 1.5616, 0.0679 -0.8401 1.6217, 0.0533 -0.9013 1.6948, 0.0367 -0.9468 1.7783, 0.0187 -0.9748 1.8688
            ]
        }
        coordIndex [
            0,1,2,-1,2,1,3,-1,1,4,3,-1,3,4,5,-1,3,5,6,-1,6,5,7,-1,6,7,8,-1,8,7,9,-1,8,9,10,-1,10,9,11,-1,10,11,12,-1,12,11,13,-1,12,13,14,-1,14,13,15,-1,14,15,16,-1,16,15,17,-1,16,17,18,-1,18,17,19,-1,18,19,20,-1,20,19,21,-1,20,21,22,-1,22,21,23,-1,22,23,24,-1,24,23,25,-1,24,25,26,-1,26,25,27,-1,26,27,28,-1,28,27,29,-1,28,29,30,-1,30,29,31,-1,30,31,32,-1,32,31,33,-1,32,33,34,-1,34,33,35,-1,34,35,36,-1,36,35,37,-1,36,37,38,-1,38,37,39,-1,38,39,40,-1,40,39,41,-1,40,41,42,-1,42,41,43,-1,42,43,44,-1,44,43,45,-1,44,45,46,-1,46,45,47,-1,46,47,48,-1,48,47,49,-1,48,49,50,-1,50,49,51,-1,50,51,52,-1,52,51,53,-1,52,53,54,-1,54,53,55,-1,54,55,56,-1,56,55,57,-1,56,57,58,-1,58,57,59,-1,58,59,60,-1,60,59,61,-1,60,61,62,-1,62,61,63,-1,62,63,64,-1,64,63,65,-1,64,65,66,-1,66,65,0,-1,66,0,67,-1,67,0,2,-1,4,68,69,-1,70,31,71,-1,71,31,29,-1,71,29,72,-1,72,29,27,-1,72,27,73,-1,74,39,75,-1,75,39,37,-1,75,37,76,-1,76,37,35,-1,76,35,70,-1,70,35,33,-1,70,33,31,-1,4,1,68,-1,68,1,0,-1,68,0,77,-1,77,0,65,-1,77,65,78,-1,79,9,80,-1,80,9,7,-1,80,7,69,-1,69,7,5,-1,69,5,4,-1,81,47,82,-1,82,47,45,-1,82,45,83,-1,83,45,43,-1,83,43,74,-1,74,43,41,-1,74,41,39,-1,65,63,78,-1,78,63,61,-1,78,61,84,-1,84,61,59,-1,84,59,85,-1,85,59,57,-1,85,57,86,-1,87,17,88,-1,88,17,15,-1,88,15,89,-1,89,15,13,-1,89,13,79,-1,79,13,11,-1,79,11,9,-1,27,25,73,-1,73,25,23,-1,73,23,90,-1,90,23,21,-1,90,21,87,-1,87,21,19,-1,87,19,17,-1,57,55,86,-1,86,55,53,-1,86,53,91,-1,91,53,51,-1,91,51,81,-1,81,51,49,-1,81,49,47,-1,76,70,92,-1,71,93,70,-1,70,93,94,-1,70,94,92,-1,72,95,71,-1,71,95,96,-1,71,96,93,-1,73,97,72,-1,72,97,98,-1,72,98,95,-1,90,99,73,-1,73,99,100,-1,73,100,97,-1,87,101,90,-1,90,101,102,-1,90,102,99,-1,88,103,87,-1,87,103,104,-1,87,104,101,-1,89,105,88,-1,88,105,106,-1,88,106,103,-1,79,107,89,-1,89,107,108,-1,89,108,105,-1,80,109,79,-1,79,109,110,-1,79,110,107,-1,69,111,80,-1,80,111,112,-1,80,112,109,-1,68,113,69,-1,69,113,114,-1,69,114,111,-1,77,115,68,-1,68,115,116,-1,68,116,113,-1,78,117,77,-1,77,117,118,-1,77,118,115,-1,84,119,78,-1,78,119,120,-1,78,120,117,-1,85,121,84,-1,84,121,122,-1,84,122,119,-1,86,123,85,-1,85,123,124,-1,85,124,121,-1,91,125,86,-1,86,125,126,-1,86,126,123,-1,81,127,91,-1,91,127,128,-1,91,128,125,-1,82,129,81,-1,81,129,130,-1,81,130,127,-1,83,131,82,-1,82,131,132,-1,82,132,129,-1,74,133,83,-1,83,133,134,-1,83,134,131,-1,75,135,74,-1,74,135,136,-1,74,136,133,-1,92,137,76,-1,76,137,138,-1,76,138,75,-1,75,138,139,-1,75,139,135,-1,118,117,140,-1,120,119,141,-1,124,123,142,-1,126,125,143,-1,130,129,144,-1,132,131,145,-1,136,135,146,-1,139,138,147,-1,94,93,148,-1,96,95,149,-1,100,99,150,-1,102,101,151,-1,106,105,152,-1,108,107,153,-1,154,155,156,-1,156,155,157,-1,158,157,155,-1,158,155,159,-1,159,155,154,-1,159,154,160,-1,161,157,158,-1,161,158,162,-1,162,158,159,-1,162,159,163,-1,163,159,160,-1,163,160,164,-1,165,157,161,-1,165,161,166,-1,166,161,162,-1,166,162,167,-1,167,162,163,-1,167,163,168,-1,168,163,164,-1,168,164,169,-1,170,157,165,-1,170,165,171,-1,171,165,166,-1,171,166,172,-1,172,166,167,-1,172,167,173,-1,173,167,168,-1,173,168,174,-1,174,168,169,-1,174,169,175,-1,176,157,170,-1,176,170,177,-1,177,170,171,-1,177,171,178,-1,178,171,172,-1,178,172,179,-1,179,172,173,-1,179,173,180,-1,180,173,174,-1,180,174,181,-1,181,174,175,-1,181,175,182,-1,183,184,185,-1,112,111,184,-1,184,111,114,-1,184,114,185,-1,185,114,113,-1,185,113,116,-1,109,112,186,-1,186,112,184,-1,186,184,187,-1,187,184,183,-1,187,183,188,-1,110,109,189,-1,189,109,186,-1,189,186,190,-1,190,186,187,-1,190,187,191,-1,191,187,188,-1,191,188,192,-1,107,110,153,-1,153,110,189,-1,153,189,193,-1,193,189,190,-1,193,190,194,-1,194,190,191,-1,194,191,195,-1,195,191,192,-1,195,192,196,-1,105,108,152,-1,152,108,153,-1,152,153,197,-1,197,153,193,-1,197,193,198,-1,198,193,194,-1,198,194,199,-1,199,194,195,-1,199,195,200,-1,200,195,196,-1,200,196,201,-1,103,106,202,-1,202,106,152,-1,202,152,203,-1,203,152,197,-1,203,197,204,-1,204,197,198,-1,204,198,205,-1,205,198,199,-1,205,199,206,-1,206,199,200,-1,206,200,207,-1,207,200,201,-1,207,201,208,-1,208,209,207,-1,207,209,210,-1,207,210,206,-1,206,210,211,-1,206,211,205,-1,205,211,212,-1,205,212,204,-1,204,212,213,-1,204,213,203,-1,203,213,214,-1,203,214,202,-1,202,214,215,-1,202,215,103,-1,103,215,104,-1,101,104,151,-1,151,104,215,-1,151,215,216,-1,216,215,214,-1,216,214,217,-1,217,214,213,-1,217,213,218,-1,218,213,212,-1,218,212,219,-1,219,212,211,-1,219,211,220,-1,220,211,210,-1,220,210,221,-1,221,210,209,-1,221,209,157,-1,208,157,209,-1,116,182,185,-1,185,182,175,-1,185,175,183,-1,183,175,169,-1,183,169,188,-1,188,169,164,-1,188,164,192,-1,192,164,160,-1,192,160,196,-1,196,160,154,-1,196,154,201,-1,201,154,156,-1,201,156,208,-1,208,156,157,-1,99,102,150,-1,150,102,151,-1,150,151,222,-1,222,151,216,-1,222,216,223,-1,223,216,217,-1,223,217,224,-1,224,217,218,-1,224,218,225,-1,225,218,219,-1,225,219,226,-1,226,219,220,-1,226,220,227,-1,227,220,221,-1,227,221,157,-1,97,100,228,-1,228,100,150,-1,228,150,229,-1,229,150,222,-1,229,222,230,-1,230,222,223,-1,230,223,231,-1,231,223,224,-1,231,224,232,-1,232,224,225,-1,232,225,233,-1,233,225,226,-1,233,226,234,-1,234,226,227,-1,234,227,157,-1,98,97,235,-1,235,97,228,-1,235,228,236,-1,236,228,229,-1,236,229,237,-1,237,229,230,-1,237,230,238,-1,238,230,231,-1,238,231,239,-1,239,231,232,-1,239,232,240,-1,240,232,233,-1,240,233,241,-1,241,233,234,-1,241,234,157,-1,95,98,149,-1,149,98,235,-1,149,235,242,-1,242,235,236,-1,242,236,243,-1,243,236,237,-1,243,237,244,-1,244,237,238,-1,244,238,245,-1,245,238,239,-1,245,239,246,-1,246,239,240,-1,246,240,247,-1,247,240,241,-1,247,241,157,-1,93,96,148,-1,148,96,149,-1,148,149,248,-1,248,149,242,-1,248,242,249,-1,249,242,243,-1,249,243,250,-1,250,243,244,-1,250,244,251,-1,251,244,245,-1,251,245,252,-1,252,245,246,-1,252,246,253,-1,253,246,247,-1,253,247,157,-1,92,94,254,-1,254,94,148,-1,254,148,255,-1,255,148,248,-1,255,248,256,-1,256,248,249,-1,256,249,257,-1,257,249,250,-1,257,250,258,-1,258,250,251,-1,258,251,259,-1,259,251,252,-1,259,252,260,-1,260,252,253,-1,260,253,157,-1,137,92,261,-1,261,92,254,-1,261,254,262,-1,262,254,255,-1,262,255,263,-1,263,255,256,-1,263,256,264,-1,264,256,257,-1,264,257,265,-1,265,257,258,-1,265,258,266,-1,266,258,259,-1,266,259,267,-1,267,259,260,-1,267,260,157,-1,138,137,147,-1,147,137,261,-1,147,261,268,-1,268,261,262,-1,268,262,269,-1,269,262,263,-1,269,263,270,-1,270,263,264,-1,270,264,271,-1,271,264,265,-1,271,265,272,-1,272,265,266,-1,272,266,273,-1,273,266,267,-1,273,267,157,-1,135,139,146,-1,146,139,147,-1,146,147,274,-1,274,147,268,-1,274,268,275,-1,275,268,269,-1,275,269,276,-1,276,269,270,-1,276,270,277,-1,277,270,271,-1,277,271,278,-1,278,271,272,-1,278,272,279,-1,279,272,273,-1,279,273,157,-1,133,136,280,-1,280,136,146,-1,280,146,281,-1,281,146,274,-1,281,274,282,-1,282,274,275,-1,282,275,283,-1,283,275,276,-1,283,276,284,-1,284,276,277,-1,284,277,285,-1,285,277,278,-1,285,278,286,-1,286,278,279,-1,286,279,157,-1,134,133,287,-1,287,133,280,-1,287,280,288,-1,288,280,281,-1,288,281,289,-1,289,281,282,-1,289,282,290,-1,290,282,283,-1,290,283,291,-1,291,283,284,-1,291,284,292,-1,292,284,285,-1,292,285,293,-1,293,285,286,-1,293,286,157,-1,131,134,145,-1,145,134,287,-1,145,287,294,-1,294,287,288,-1,294,288,295,-1,295,288,289,-1,295,289,296,-1,296,289,290,-1,296,290,297,-1,297,290,291,-1,297,291,298,-1,298,291,292,-1,298,292,299,-1,299,292,293,-1,299,293,157,-1,129,132,144,-1,144,132,145,-1,144,145,300,-1,300,145,294,-1,300,294,301,-1,301,294,295,-1,301,295,302,-1,302,295,296,-1,302,296,303,-1,303,296,297,-1,303,297,304,-1,304,297,298,-1,304,298,305,-1,305,298,299,-1,305,299,157,-1,127,130,306,-1,306,130,144,-1,306,144,307,-1,307,144,300,-1,307,300,308,-1,308,300,301,-1,308,301,309,-1,309,301,302,-1,309,302,310,-1,310,302,303,-1,310,303,311,-1,311,303,304,-1,311,304,312,-1,312,304,305,-1,312,305,157,-1,128,127,313,-1,313,127,306,-1,313,306,314,-1,314,306,307,-1,314,307,315,-1,315,307,308,-1,315,308,316,-1,316,308,309,-1,316,309,317,-1,317,309,310,-1,317,310,318,-1,318,310,311,-1,318,311,319,-1,319,311,312,-1,319,312,157,-1,125,128,143,-1,143,128,313,-1,143,313,320,-1,320,313,314,-1,320,314,321,-1,321,314,315,-1,321,315,322,-1,322,315,316,-1,322,316,323,-1,323,316,317,-1,323,317,324,-1,324,317,318,-1,324,318,325,-1,325,318,319,-1,325,319,157,-1,123,126,142,-1,142,126,143,-1,142,143,326,-1,326,143,320,-1,326,320,327,-1,327,320,321,-1,327,321,328,-1,328,321,322,-1,328,322,329,-1,329,322,323,-1,329,323,330,-1,330,323,324,-1,330,324,331,-1,331,324,325,-1,331,325,157,-1,121,124,332,-1,332,124,142,-1,332,142,333,-1,333,142,326,-1,333,326,334,-1,334,326,327,-1,334,327,335,-1,335,327,328,-1,335,328,336,-1,336,328,329,-1,336,329,337,-1,337,329,330,-1,337,330,338,-1,338,330,331,-1,338,331,157,-1,122,121,339,-1,339,121,332,-1,339,332,340,-1,340,332,333,-1,340,333,341,-1,341,333,334,-1,341,334,342,-1,342,334,335,-1,342,335,343,-1,343,335,336,-1,343,336,344,-1,344,336,337,-1,344,337,345,-1,345,337,338,-1,345,338,157,-1,119,122,141,-1,141,122,339,-1,141,339,346,-1,346,339,340,-1,346,340,347,-1,347,340,341,-1,347,341,348,-1,348,341,342,-1,348,342,349,-1,349,342,343,-1,349,343,350,-1,350,343,344,-1,350,344,351,-1,351,344,345,-1,351,345,157,-1,117,120,140,-1,140,120,141,-1,140,141,352,-1,352,141,346,-1,352,346,353,-1,353,346,347,-1,353,347,354,-1,354,347,348,-1,354,348,355,-1,355,348,349,-1,355,349,356,-1,356,349,350,-1,356,350,357,-1,357,350,351,-1,357,351,157,-1,115,118,358,-1,358,118,140,-1,358,140,359,-1,359,140,352,-1,359,352,360,-1,360,352,353,-1,360,353,361,-1,361,353,354,-1,361,354,362,-1,362,354,355,-1,362,355,363,-1,363,355,356,-1,363,356,364,-1,364,356,357,-1,364,357,157,-1,116,115,182,-1,182,115,358,-1,182,358,181,-1,181,358,359,-1,181,359,180,-1,180,359,360,-1,180,360,179,-1,179,360,361,-1,179,361,178,-1,178,361,362,-1,178,362,177,-1,177,362,363,-1,177,363,176,-1,176,363,364,-1,176,364,157,-1,
        ]
    }
}
Shape{
    appearance Appearance {
        material  Material 	{
            diffuseColor 0.7529411764705882 0.7529411764705882 0.7529411764705882
            specularColor 0.3764705882352941 0.3764705882352941 0.3764705882352941
            ambientIntensity 0.7529
            transparency 0.0
            shininess 0.5
        }
    }
    geometry IndexedFaceSet {
        ccw TRUE
        solid FALSE
        coord DEF co Coordinate {
            point [
                -0.7545 0.3078 -0.0051, -0.9081 -0.0859 -0.0051, -0.7545 0.3078 -0.0055, -0.9081 -0.0859 -0.0055, -0.8505 -0.0859 -0.0051, -0.8505 -0.0859 -0.0055, -0.8106 0.0245 -0.0051, -0.8106 0.0245 -0.0055, -0.648 0.0245 -0.0051, -0.648 0.0245 -0.0055, -0.6104 -0.0859 -0.0051, -0.6104 -0.0859 -0.0055, -0.5528 -0.0859 -0.0051, -0.5528 -0.0859 -0.0055, -0.7016 0.3078 -0.0051, -0.7016 0.3078 -0.0055, -0.6613 0.0677 -0.0051, -0.7929 0.0677 -0.0051, -0.72 0.2322 -0.0051, -0.7238 0.2458 -0.0051, -0.7263 0.2598 -0.0051, -0.7276 0.2598 -0.0051, -0.7302 0.2458 -0.0051, -0.7337 0.2322 -0.0051, -0.6613 0.0677 -0.0055, -0.7929 0.0677 -0.0055, -0.72 0.2322 -0.0055, -0.7238 0.2458 -0.0055, -0.7263 0.2598 -0.0055, -0.7276 0.2598 -0.0055, -0.7302 0.2458 -0.0055, -0.7337 0.2322 -0.0055, -0.3142 -0.0859 -0.0051, -0.2071 -0.0859 -0.0051, -0.3142 -0.0859 -0.0055, -0.2071 -0.0859 -0.0055, -0.2071 0.3078 -0.0051, -0.2071 0.3078 -0.0055, -0.3182 0.3078 -0.0051, -0.3182 0.3078 -0.0055, -0.524 0.1159 -0.0051, -0.524 0.1159 -0.0055, -0.5211 0.1529 -0.0055, -0.5211 0.1529 -0.0051, -0.5106 0.1917 -0.0055, -0.5106 0.1917 -0.0051, -0.4923 0.2256 -0.0055, -0.4923 0.2256 -0.0051, -0.4644 0.2564 -0.0055, -0.4644 0.2564 -0.0051, -0.464 0.2568 -0.0055, -0.464 0.2568 -0.0051, -0.4212 0.2855 -0.0055, -0.4212 0.2855 -0.0051, -0.3751 0.3017 -0.0055, -0.3751 0.3017 -0.0051, -0.3629 -0.0817 -0.0055, -0.3629 -0.0817 -0.0051, -0.4082 -0.0682 -0.0055, -0.4082 -0.0682 -0.0051, -0.4494 -0.0443 -0.0055, -0.4494 -0.0443 -0.0051, -0.4818 -0.0132 -0.0055, -0.4818 -0.0132 -0.0051, -0.5043 0.022 -0.0055, -0.5043 0.022 -0.0051, -0.5185 0.0632 -0.0055, -0.5185 0.0632 -0.0051, -0.445 0.2094 -0.0051, -0.4258 0.2297 -0.0051, -0.3971 0.2482 -0.0051, -0.3646 0.2596 -0.0051, -0.318 0.2646 -0.0051, -0.2599 0.2646 -0.0051, -0.2599 -0.0427 -0.0051, -0.3158 -0.0427 -0.0051, -0.3574 -0.0389 -0.0051, -0.3905 -0.0285 -0.0051, -0.4173 -0.0126 -0.0051, -0.4394 0.0092 -0.0051, -0.456 0.0364 -0.0051, -0.4676 0.0734 -0.0051, -0.4712 0.1147 -0.0051, -0.4678 0.1539 -0.0051, -0.4586 0.1851 -0.0051, -0.318 0.2646 -0.0055, -0.2599 0.2646 -0.0055, -0.3646 0.2596 -0.0055, -0.3971 0.2482 -0.0055, -0.4258 0.2297 -0.0055, -0.445 0.2094 -0.0055, -0.4586 0.1851 -0.0055, -0.4678 0.1539 -0.0055, -0.4712 0.1147 -0.0055, -0.4676 0.0734 -0.0055, -0.456 0.0364 -0.0055, -0.4394 0.0092 -0.0055, -0.4173 -0.0126 -0.0055, -0.3905 -0.0285 -0.0055, -0.3574 -0.0389 -0.0055, -0.3158 -0.0427 -0.0055, -0.2599 -0.0427 -0.0055, -0.1303 -0.0427 -0.0051, -0.1303 -0.0859 -0.0051, -0.1303 -0.0427 -0.0055, -0.1303 -0.0859 -0.0055, 0.081 -0.0859 -0.0051, 0.081 -0.0859 -0.0055, 0.081 0.3078 -0.0051, 0.081 0.3078 -0.0055, -0.1207 0.3078 -0.0051, -0.1207 0.3078 -0.0055, -0.1207 0.2646 -0.0051, -0.1207 0.2646 -0.0055, 0.0281 0.2646 -0.0051, 0.0281 0.2646 -0.0055, 0.0281 0.1349 -0.0051, 0.0281 0.1349 -0.0055, -0.1111 0.1349 -0.0051, -0.1111 0.1349 -0.0055, -0.1111 0.0917 -0.0051, -0.1111 0.0917 -0.0055, 0.0281 0.0917 -0.0051, 0.0281 0.0917 -0.0055, 0.0281 -0.0427 -0.0051, 0.0281 -0.0427 -0.0055, 0.1578 -0.0223 -0.0051, 0.1578 -0.0655 -0.0051, 0.1578 -0.0223 -0.0055, 0.1578 -0.0655 -0.0055, 0.1997 -0.0828 -0.0051, 0.2661 -0.0907 -0.0051, 0.2661 -0.0907 -0.0055, 0.2553 -0.0905 -0.0055, 0.2553 -0.0905 -0.0051, 0.2395 -0.0883 -0.0055, 0.1997 -0.0828 -0.0055, 0.2893 -0.0883 -0.0055, 0.3146 -0.0857 -0.0051, 0.3146 -0.0857 -0.0055, 0.3528 -0.0726 -0.0051, 0.3528 -0.0726 -0.0055, 0.3845 -0.0523 -0.0051, 0.3845 -0.0523 -0.0055, 0.414 -0.0212 -0.0051, 0.414 -0.0212 -0.0055, 0.435 0.0162 -0.0051, 0.435 0.0162 -0.0055, 0.4468 0.0579 -0.0051, 0.4468 0.0579 -0.0055, 0.4507 0.1035 -0.0051, 0.4507 0.1035 -0.0055, 0.29 0.3093 -0.0051, 0.2504 0.3126 -0.0051, 0.2798 0.3102 -0.0055, 0.2504 0.3126 -0.0055, 0.29 0.3093 -0.0055, 0.3339 0.2966 -0.0055, 0.3339 0.2966 -0.0051, 0.3713 0.2751 -0.0055, 0.3713 0.2751 -0.0051, 0.4068 0.2409 -0.0055, 0.4068 0.2409 -0.0051, 0.4299 0.2041 -0.0055, 0.4299 0.2041 -0.0051, 0.445 0.1595 -0.0055, 0.445 0.1595 -0.0051, 0.2156 0.3102 -0.0055, 0.2033 0.3093 -0.0051, 0.2033 0.3093 -0.0055, 0.1578 0.297 -0.0051, 0.1578 0.297 -0.0055, 0.1578 0.2442 -0.0051, 0.1578 0.2442 -0.0055, 0.25 0.2694 -0.0051, 0.25 0.2694 -0.0055, 0.2021 0.2631 -0.0055, 0.2021 0.2631 -0.0051, 0.3978 0.1067 -0.0051, 0.3978 0.1067 -0.0055, 0.396 0.1374 -0.0055, 0.396 0.1374 -0.0051, 0.3855 0.1795 -0.0055, 0.3855 0.1795 -0.0051, 0.3692 0.2099 -0.0055, 0.3692 0.2099 -0.0051, 0.3455 0.2361 -0.0055, 0.3455 0.2361 -0.0051, 0.3182 0.2544 -0.0055, 0.3182 0.2544 -0.0051, 0.2887 0.265 -0.0055, 0.2887 0.265 -0.0051, 0.2588 -0.0475 -0.0051, 0.2588 -0.0475 -0.0055, 0.2956 -0.0434 -0.0055, 0.2956 -0.0434 -0.0051, 0.3242 -0.0328 -0.0055, 0.3242 -0.0328 -0.0051, 0.3484 -0.0166 -0.0055, 0.3484 -0.0166 -0.0051, 0.3669 0.0029 -0.0055, 0.3669 0.0029 -0.0051, 0.3832 0.0302 -0.0055, 0.3832 0.0302 -0.0051, 0.3939 0.0641 -0.0055, 0.3939 0.0641 -0.0051, 0.1648 -0.0262 -0.0055, 0.1648 -0.0262 -0.0051, 0.2066 -0.0417 -0.0055, 0.2066 -0.0417 -0.0051, 0.4843 -0.0427 -0.0051, 0.4843 -0.0859 -0.0051, 0.4843 -0.0427 -0.0055, 0.4843 -0.0859 -0.0055, 0.6859 -0.0859 -0.0051, 0.6859 -0.0859 -0.0055, 0.6859 0.3078 -0.0051, 0.6859 0.3078 -0.0055, 0.6331 0.3078 -0.0051, 0.6331 0.3078 -0.0055, 0.6331 -0.0427 -0.0051, 0.6331 -0.0427 -0.0055
            ]
        }
        coordIndex [
            0,1,2,-1,2,1,3,-1,1,4,3,-1,3,4,5,-1,4,6,5,-1,5,6,7,-1,6,8,7,-1,7,8,9,-1,8,10,9,-1,9,10,11,-1,10,12,11,-1,11,12,13,-1,12,14,13,-1,13,14,15,-1,14,0,15,-1,15,0,2,-1,16,8,17,-1,17,8,6,-1,18,14,16,-1,16,14,12,-1,16,12,8,-1,8,12,10,-1,18,19,14,-1,14,19,20,-1,14,20,0,-1,0,20,21,-1,0,21,22,-1,22,23,0,-1,0,23,17,-1,0,17,1,-1,1,17,6,-1,1,6,4,-1,16,17,24,-1,24,17,25,-1,18,16,26,-1,26,16,24,-1,18,26,27,-1,18,27,19,-1,19,27,28,-1,19,28,20,-1,21,20,29,-1,29,20,28,-1,21,29,30,-1,21,30,22,-1,22,30,31,-1,22,31,23,-1,17,23,25,-1,25,23,31,-1,32,33,34,-1,34,33,35,-1,33,36,35,-1,35,36,37,-1,36,38,37,-1,37,38,39,-1,40,41,42,-1,40,42,43,-1,43,42,44,-1,43,44,45,-1,45,44,46,-1,45,46,47,-1,47,46,48,-1,47,48,49,-1,49,48,50,-1,49,50,51,-1,51,50,52,-1,51,52,53,-1,53,52,54,-1,53,54,55,-1,55,54,39,-1,55,39,38,-1,32,34,56,-1,32,56,57,-1,57,56,58,-1,57,58,59,-1,59,58,60,-1,59,60,61,-1,61,60,62,-1,61,62,63,-1,63,62,64,-1,63,64,65,-1,65,64,66,-1,65,66,67,-1,67,66,41,-1,67,41,40,-1,45,47,68,-1,68,47,49,-1,68,49,69,-1,69,49,51,-1,69,51,70,-1,70,51,53,-1,70,53,71,-1,71,53,55,-1,71,55,72,-1,72,55,38,-1,72,38,73,-1,73,38,36,-1,73,36,74,-1,74,36,33,-1,74,33,75,-1,75,33,32,-1,75,32,76,-1,76,32,57,-1,76,57,77,-1,77,57,59,-1,77,59,78,-1,78,59,61,-1,78,61,79,-1,79,61,63,-1,79,63,80,-1,80,63,65,-1,80,65,81,-1,81,65,67,-1,81,67,82,-1,82,67,40,-1,82,40,83,-1,83,40,43,-1,83,43,84,-1,84,43,45,-1,84,45,68,-1,72,73,85,-1,85,73,86,-1,72,85,87,-1,72,87,71,-1,71,87,88,-1,71,88,70,-1,70,88,89,-1,70,89,69,-1,69,89,90,-1,69,90,68,-1,68,90,91,-1,68,91,84,-1,84,91,92,-1,84,92,83,-1,83,92,93,-1,83,93,82,-1,82,93,94,-1,82,94,81,-1,81,94,95,-1,81,95,80,-1,80,95,96,-1,80,96,79,-1,79,96,97,-1,79,97,78,-1,78,97,98,-1,78,98,77,-1,77,98,99,-1,77,99,76,-1,76,99,100,-1,76,100,75,-1,74,75,101,-1,101,75,100,-1,73,74,86,-1,86,74,101,-1,102,103,104,-1,104,103,105,-1,103,106,105,-1,105,106,107,-1,106,108,107,-1,107,108,109,-1,108,110,109,-1,109,110,111,-1,110,112,111,-1,111,112,113,-1,112,114,113,-1,113,114,115,-1,114,116,115,-1,115,116,117,-1,116,118,117,-1,117,118,119,-1,118,120,119,-1,119,120,121,-1,120,122,121,-1,121,122,123,-1,122,124,123,-1,123,124,125,-1,124,102,125,-1,125,102,104,-1,106,103,102,-1,102,124,106,-1,106,124,122,-1,106,122,108,-1,112,110,114,-1,114,110,108,-1,114,108,116,-1,116,108,122,-1,116,122,118,-1,118,122,120,-1,126,127,128,-1,128,127,129,-1,129,127,130,-1,131,132,133,-1,131,133,134,-1,134,133,135,-1,134,135,130,-1,130,135,136,-1,130,136,129,-1,132,131,137,-1,137,131,138,-1,137,138,139,-1,139,138,140,-1,139,140,141,-1,141,140,142,-1,141,142,143,-1,143,142,144,-1,143,144,145,-1,145,144,146,-1,145,146,147,-1,147,146,148,-1,147,148,149,-1,149,148,150,-1,149,150,151,-1,152,153,154,-1,154,153,155,-1,154,156,152,-1,152,156,157,-1,152,157,158,-1,158,157,159,-1,158,159,160,-1,160,159,161,-1,160,161,162,-1,162,161,163,-1,162,163,164,-1,164,163,165,-1,164,165,166,-1,166,165,151,-1,166,151,150,-1,155,153,167,-1,167,153,168,-1,167,168,169,-1,169,168,170,-1,169,170,171,-1,170,172,171,-1,171,172,173,-1,174,175,176,-1,174,176,177,-1,177,176,173,-1,177,173,172,-1,178,179,180,-1,178,180,181,-1,181,180,182,-1,181,182,183,-1,183,182,184,-1,183,184,185,-1,185,184,186,-1,185,186,187,-1,187,186,188,-1,187,188,189,-1,189,188,190,-1,189,190,191,-1,191,190,175,-1,191,175,174,-1,192,193,194,-1,192,194,195,-1,195,194,196,-1,195,196,197,-1,197,196,198,-1,197,198,199,-1,199,198,200,-1,199,200,201,-1,201,200,202,-1,201,202,203,-1,203,202,204,-1,203,204,205,-1,205,204,179,-1,205,179,178,-1,126,128,206,-1,126,206,207,-1,207,206,208,-1,207,208,209,-1,209,208,193,-1,209,193,192,-1,195,131,192,-1,192,131,134,-1,192,134,209,-1,209,134,130,-1,209,130,207,-1,207,130,127,-1,207,127,126,-1,172,170,177,-1,177,170,168,-1,177,168,174,-1,174,168,153,-1,174,153,191,-1,191,153,152,-1,191,152,189,-1,189,152,158,-1,189,158,187,-1,187,158,160,-1,187,160,185,-1,185,160,162,-1,185,162,183,-1,183,162,164,-1,183,164,181,-1,181,164,166,-1,181,166,178,-1,178,166,150,-1,178,150,205,-1,205,150,148,-1,205,148,203,-1,203,148,146,-1,203,146,201,-1,201,146,144,-1,201,144,199,-1,199,144,142,-1,199,142,197,-1,197,142,140,-1,197,140,195,-1,195,140,138,-1,195,138,131,-1,210,211,212,-1,212,211,213,-1,211,214,213,-1,213,214,215,-1,214,216,215,-1,215,216,217,-1,216,218,217,-1,217,218,219,-1,218,220,219,-1,219,220,221,-1,220,210,221,-1,221,210,212,-1,218,216,220,-1,220,216,214,-1,220,214,210,-1,210,214,211,-1,
        ]
    }
}
Shape{
    appearance Appearance {
        material  Material 	{
            diffuseColor 0.25098039215686274 0.25098039215686274 0.25098039215686274
            specularColor 0.12549019607843137 0.12549019607843137 0.12549019607843137
            ambientIntensity 0.251
            transparency 0.0
            shininess 0.5
        }
    }
    geometry IndexedFaceSet {
        ccw TRUE
        solid FALSE
        coord DEF co Coordinate {
            point [
                -0.6613 0.0677 -0.0055, -0.7929 0.0677 -0.0055, -0.72 0.2322 -0.0055, -0.7337 0.2322 -0.0055, -0.7238 0.2458 -0.0055, -0.7302 0.2458 -0.0055, -0.7263 0.2598 -0.0055, -0.7276 0.2598 -0.0055, -0.2599 0.2646 -0.0055, -0.2599 -0.0427 -0.0055, -0.318 0.2646 -0.0055, -0.3158 -0.0427 -0.0055, -0.3574 -0.0389 -0.0055, -0.4712 0.1147 -0.0055, -0.4678 0.1539 -0.0055, -0.4586 0.1851 -0.0055, -0.3646 0.2596 -0.0055, -0.3905 -0.0285 -0.0055, -0.4173 -0.0126 -0.0055, -0.4394 0.0092 -0.0055, -0.456 0.0364 -0.0055, -0.4676 0.0734 -0.0055, -0.445 0.2094 -0.0055, -0.4258 0.2297 -0.0055, -0.3971 0.2482 -0.0055
            ]
        }
        coordIndex [
            0,1,2,-1,2,1,3,-1,2,3,4,-1,4,3,5,-1,4,5,6,-1,6,5,7,-1,8,9,10,-1,10,9,11,-1,10,11,12,-1,13,14,10,-1,10,14,15,-1,10,15,16,-1,12,17,10,-1,10,17,18,-1,10,18,19,-1,19,20,10,-1,10,20,21,-1,10,21,13,-1,22,23,15,-1,15,23,24,-1,15,24,16,-1,
        ]
    }
}