#VRML V2.0 utf8
# 3D model generated by easyeda2kicad.py (https://github.com/uPesy/easyeda2kicad.py)

Shape{
    appearance Appearance {
        material  Material 	{
            diffuseColor 0.48627450980392156 0.48627450980392156 0.48627450980392156
            specularColor 0.42745098039215684 0.42745098039215684 0.42745098039215684
            ambientIntensity 0.4863
            transparency 0.0
            shininess 0.5
        }
    }
    geometry IndexedFaceSet {
        ccw TRUE
        solid FALSE
        coord DEF co Coordinate {
            point [
                -0.2523 0.1165 0.0079, -0.2984 0.1165 0.0079, -0.2728 0.174 0.0079, -0.2776 0.174 0.0079, -0.2742 0.1788 0.0079, -0.2764 0.1788 0.0079, -0.275 0.1837 0.0079, -0.2755 0.1837 0.0079, -1.3976 -0.2504 0.0079, -1.5748 -0.2504 0.0079, -1.5748 0.0618 0.0079, 0.0 0.5764 0.0079, 0.0209 0.5764 0.0079, 0.0075 0.2005 0.0079, 0.0344 0.085 0.0079, 0.0344 0.0698 0.0079, 0.0209 0.0618 0.0079, 0.0491 0.0638 0.0079, 0.063 0.0618 0.0079, 0.0499 0.1849 0.0079, 0.0369 0.0836 0.0079, 0.0667 0.187 0.0079, 0.0802 0.1855 0.0079, 0.2192 0.0627 0.0079, 0.2192 0.2005 0.0079, 1.5748 0.0618 0.0079, 0.3937 0.5764 0.0079, 0.4626 0.5764 0.0079, 0.4626 0.5567 0.0079, 0.5906 0.5764 0.0079, 0.6594 0.5764 0.0079, 0.6594 0.5567 0.0079, 0.2657 0.5764 0.0079, 0.2657 0.5567 0.0079, 0.1969 0.5764 0.0079, 0.128 0.5567 0.0079, 0.128 0.5764 0.0079, 0.7185 0.5567 0.0079, 0.7185 0.5764 0.0079, 0.7874 0.5764 0.0079, 0.8563 0.5567 0.0079, 0.9154 0.5567 0.0079, 0.0905 0.1818 0.0079, 0.1001 0.1754 0.0079, 0.1084 0.1662 0.0079, 0.1184 0.1301 0.0079, 0.117 0.1152 0.0079, 0.1133 0.1033 0.0079, 0.0826 0.0776 0.0079, 0.0698 0.0761 0.0079, 0.0927 0.0813 0.0079, 0.1011 0.087 0.0079, 0.1076 0.0938 0.0079, 0.0515 0.0782 0.0079, 0.1026 0.0674 0.0079, 0.1487 0.0627 0.0079, 0.0893 0.0628 0.0079, 0.0804 0.0618 0.0079, 0.3248 0.5764 0.0079, 0.3248 0.5567 0.0079, 0.5217 0.5567 0.0079, 0.5217 0.5764 0.0079, 0.8563 0.5764 0.0079, 0.9843 0.5764 0.0079, 1.0531 0.5764 0.0079, 1.0531 0.5567 0.0079, 0.1141 0.1556 0.0079, 0.1178 0.1408 0.0079, 0.2008 0.2005 0.0079, 0.0689 0.5567 0.0079, 0.0689 0.5764 0.0079, 0.0344 0.1967 0.0079, 0.0344 0.1782 0.0079, 1.1122 0.5764 0.0079, 1.5748 0.5764 0.0079, 1.1122 0.5567 0.0079, 0.9154 0.5764 0.0079, 0.1137 0.0744 0.0079, 0.1241 0.0853 0.0079, 0.1487 0.0778 0.0079, 0.1314 0.0984 0.0079, 0.2008 0.0778 0.0079, 0.1296 0.1642 0.0079, 0.1215 0.1771 0.0079, 0.1091 0.189 0.0079, 0.096 0.1966 0.0079, 0.0807 0.201 0.0079, 0.1356 0.113 0.0079, 0.1369 0.129 0.0079, 0.1349 0.1486 0.0079, 0.0668 0.2022 0.0079, 0.0503 0.201 0.0079, 1.3976 -0.2504 0.0079, 1.5748 -0.2504 0.0079, 1.3976 -0.6441 0.0079, 0.0209 -0.6441 0.0079, 0.0723 0.061 0.0079, 0.0685 0.0611 0.0079, -0.6594 0.5567 0.0079, -0.0631 0.2005 0.0079, -0.3248 0.5567 0.0079, -0.2657 0.5567 0.0079, -0.5906 0.5764 0.0079, -0.5217 0.5764 0.0079, -0.5217 0.5567 0.0079, -0.4626 0.5567 0.0079, -0.4626 0.5764 0.0079, -0.3937 0.5764 0.0079, -1.1122 0.5764 0.0079, -1.1122 0.5567 0.0079, -1.3435 0.5764 0.0079, -1.5748 0.5764 0.0079, -0.9843 0.5764 0.0079, -0.9154 0.5764 0.0079, -0.9154 0.5567 0.0079, -0.011 0.1854 0.0079, -0.011 0.14 0.0079, -0.0631 0.1854 0.0079, -0.0597 0.14 0.0079, -0.0933 0.2005 0.0079, -0.0597 0.1249 0.0079, -0.011 0.1249 0.0079, -0.011 0.0778 0.0079, -0.0664 0.0778 0.0079, -0.0933 0.0627 0.0079, -0.0664 0.0627 0.0079, 0.0075 0.0627 0.0079, -0.6594 0.5764 0.0079, -0.3248 0.5764 0.0079, -1.0531 0.5764 0.0079, -1.0531 0.5567 0.0079, -0.3387 0.0627 0.0079, -0.2143 0.0627 0.0079, -0.1973 0.1005 0.0079, -0.1894 0.0881 0.0079, -0.7185 0.5764 0.0079, -0.7185 0.5567 0.0079, -0.7874 0.5764 0.0079, -0.8563 0.5567 0.0079, -0.8563 0.5764 0.0079, -0.0689 0.5764 0.0079, -0.0689 0.5567 0.0079, -0.128 0.5567 0.0079, -0.128 0.5764 0.0079, -0.2657 0.5764 0.0079, -0.1781 0.0773 0.0079, -0.1637 0.0689 0.0079, -0.1478 0.0642 0.0079, -0.1521 0.1984 0.0079, -0.1682 0.1927 0.0079, -0.2664 0.2005 0.0079, -0.1832 0.1826 0.0079, -0.1322 0.2005 0.0079, -0.1834 0.1825 0.0079, -0.1931 0.1717 0.0079, -0.1995 0.1599 0.0079, -0.2849 0.2005 0.0079, -0.1308 0.0627 0.0079, -0.2032 0.1463 0.0079, -0.2042 0.1333 0.0079, -0.2023 0.1149 0.0079, -0.3185 0.0627 0.0079, -0.3046 0.1013 0.0079, -0.2476 0.1013 0.0079, -0.2345 0.0627 0.0079, -1.3976 -0.6441 0.0079, -0.1118 0.1854 0.0079, -0.1118 0.0778 0.0079, -0.1321 0.1854 0.0079, -0.1314 0.0778 0.0079, -0.1459 0.0792 0.0079, -0.1857 0.1329 0.0079, -0.1846 0.1466 0.0079, -0.1814 0.1575 0.0079, -0.1484 0.1836 0.0079, -0.1575 0.0828 0.0079, -0.1669 0.0884 0.0079, -0.1746 0.096 0.0079, -0.1804 0.1055 0.0079, -0.1845 0.1185 0.0079, -0.1766 0.166 0.0079, -0.1699 0.1731 0.0079, -0.1598 0.1796 0.0079
            ]
        }
        coordIndex [
            0,1,2,-1,2,1,3,-1,2,3,4,-1,4,3,5,-1,4,5,6,-1,6,5,7,-1,8,9,10,-1,11,12,13,-1,14,15,16,-1,16,15,17,-1,16,17,18,-1,14,19,20,-1,20,19,21,-1,20,21,22,-1,23,24,25,-1,26,27,28,-1,29,30,31,-1,32,33,34,-1,34,33,35,-1,34,35,36,-1,37,38,39,-1,40,41,25,-1,22,42,20,-1,20,42,43,-1,20,43,44,-1,45,46,20,-1,20,46,47,-1,48,49,50,-1,50,49,51,-1,47,52,20,-1,20,52,51,-1,20,51,53,-1,53,51,49,-1,54,55,56,-1,56,55,57,-1,58,26,59,-1,59,26,28,-1,59,28,25,-1,25,28,60,-1,61,29,60,-1,60,29,31,-1,60,31,25,-1,25,31,37,-1,25,37,40,-1,40,37,39,-1,40,39,62,-1,63,64,65,-1,44,66,20,-1,20,66,67,-1,20,67,45,-1,68,12,69,-1,69,12,70,-1,12,71,72,-1,68,69,24,-1,24,69,35,-1,24,35,25,-1,25,35,33,-1,25,33,59,-1,73,74,75,-1,75,74,25,-1,75,25,65,-1,65,25,41,-1,65,41,63,-1,63,41,76,-1,54,77,55,-1,55,77,78,-1,55,78,79,-1,79,78,80,-1,79,80,81,-1,82,83,68,-1,68,83,84,-1,68,84,12,-1,12,84,85,-1,12,85,86,-1,80,87,81,-1,81,87,88,-1,81,88,68,-1,68,88,89,-1,68,89,82,-1,86,90,12,-1,12,90,91,-1,12,91,71,-1,55,23,57,-1,57,23,25,-1,57,25,92,-1,92,25,93,-1,92,94,57,-1,57,94,95,-1,57,95,96,-1,96,95,97,-1,98,13,99,-1,100,101,13,-1,102,103,104,-1,105,106,107,-1,108,109,110,-1,110,109,10,-1,110,10,111,-1,112,113,114,-1,115,116,117,-1,117,116,118,-1,117,118,119,-1,119,118,120,-1,121,122,120,-1,120,122,123,-1,120,123,119,-1,119,123,124,-1,125,126,16,-1,127,102,98,-1,98,102,104,-1,98,104,13,-1,13,104,105,-1,13,105,100,-1,100,105,107,-1,100,107,128,-1,129,112,130,-1,130,112,114,-1,130,114,131,-1,132,133,134,-1,126,13,16,-1,16,13,12,-1,16,12,14,-1,14,12,72,-1,14,72,19,-1,135,136,137,-1,137,136,138,-1,137,138,139,-1,140,11,141,-1,141,11,13,-1,141,13,142,-1,142,13,101,-1,142,101,143,-1,143,101,144,-1,134,145,132,-1,132,145,146,-1,132,146,147,-1,148,149,150,-1,150,149,151,-1,152,98,119,-1,119,98,99,-1,119,99,117,-1,151,153,150,-1,150,153,154,-1,150,154,155,-1,114,138,131,-1,131,138,136,-1,131,136,156,-1,156,136,98,-1,156,98,150,-1,150,98,152,-1,150,152,148,-1,123,125,124,-1,124,125,16,-1,124,16,157,-1,155,158,150,-1,150,158,159,-1,150,159,132,-1,132,159,160,-1,132,160,133,-1,131,161,16,-1,162,163,161,-1,161,163,164,-1,161,164,16,-1,16,164,132,-1,16,132,157,-1,157,132,147,-1,165,16,95,-1,95,16,18,-1,95,18,97,-1,165,8,16,-1,16,8,10,-1,16,10,131,-1,131,10,109,-1,131,109,130,-1,166,167,168,-1,168,167,169,-1,168,169,170,-1,171,172,168,-1,168,172,173,-1,168,173,174,-1,170,175,168,-1,168,175,176,-1,168,176,177,-1,177,178,168,-1,168,178,179,-1,168,179,171,-1,180,181,173,-1,173,181,182,-1,173,182,174,-1,
        ]
    }
}
Shape{
    appearance Appearance {
        material  Material 	{
            diffuseColor 0.8941176470588236 0.8941176470588236 0.8941176470588236
            specularColor 0.788235294117647 0.788235294117647 0.788235294117647
            ambientIntensity 0.8941
            transparency 0.0
            shininess 0.5
        }
    }
    geometry IndexedFaceSet {
        ccw TRUE
        solid FALSE
        coord DEF co Coordinate {
            point [
                -0.2523 0.1165 0.0079, -0.2476 0.1013 0.0079, -0.2984 0.1165 0.0079, -0.3046 0.1013 0.0079, -0.2728 0.174 0.0079, -0.2664 0.2005 0.0079, -0.2143 0.0627 0.0079, -0.2345 0.0627 0.0079, -0.2742 0.1788 0.0079, -0.275 0.1837 0.0079, -0.2849 0.2005 0.0079, -0.2755 0.1837 0.0079, -0.2764 0.1788 0.0079, -0.2776 0.174 0.0079, -0.3387 0.0627 0.0079, -0.3185 0.0627 0.0079, -0.1995 0.1599 0.0079, -0.1931 0.1717 0.0079, -0.1766 0.166 0.0079, -0.1834 0.1825 0.0079, -0.1699 0.1731 0.0079, -0.1832 0.1826 0.0079, -0.1598 0.1796 0.0079, -0.1682 0.1927 0.0079, -0.1484 0.1836 0.0079, -0.1521 0.1984 0.0079, -0.1321 0.1854 0.0079, -0.1322 0.2005 0.0079, -0.1118 0.1854 0.0079, -0.0933 0.2005 0.0079, -0.1118 0.0778 0.0079, -0.0933 0.0627 0.0079, -0.1314 0.0778 0.0079, -0.1308 0.0627 0.0079, -0.1459 0.0792 0.0079, -0.1478 0.0642 0.0079, -0.1575 0.0828 0.0079, -0.1637 0.0689 0.0079, -0.1669 0.0884 0.0079, -0.1781 0.0773 0.0079, -0.1746 0.096 0.0079, -0.1894 0.0881 0.0079, -0.1804 0.1055 0.0079, -0.1973 0.1005 0.0079, -0.1845 0.1185 0.0079, -0.2023 0.1149 0.0079, -0.1857 0.1329 0.0079, -0.2042 0.1333 0.0079, -0.1846 0.1466 0.0079, -0.2032 0.1463 0.0079, -0.1814 0.1575 0.0079, 0.0075 0.0627 0.0079, -0.0664 0.0627 0.0079, -0.0664 0.0778 0.0079, -0.011 0.0778 0.0079, -0.011 0.1249 0.0079, 0.0075 0.2005 0.0079, -0.0631 0.1854 0.0079, -0.0631 0.2005 0.0079, -0.011 0.1854 0.0079, -0.011 0.14 0.0079, -0.0597 0.14 0.0079, -0.0597 0.1249 0.0079, 0.0344 0.0698 0.0079, 0.0344 0.085 0.0079, 0.0369 0.0836 0.0079, 0.0491 0.0638 0.0079, 0.0515 0.0782 0.0079, 0.063 0.0618 0.0079, 0.0698 0.0761 0.0079, 0.0685 0.0611 0.0079, 0.0723 0.061 0.0079, 0.0826 0.0776 0.0079, 0.0804 0.0618 0.0079, 0.0344 0.1782 0.0079, 0.0344 0.1967 0.0079, 0.0499 0.1849 0.0079, 0.0503 0.201 0.0079, 0.0667 0.187 0.0079, 0.0668 0.2022 0.0079, 0.0802 0.1855 0.0079, 0.0807 0.201 0.0079, 0.0905 0.1818 0.0079, 0.096 0.1966 0.0079, 0.1001 0.1754 0.0079, 0.1091 0.189 0.0079, 0.1084 0.1662 0.0079, 0.1215 0.1771 0.0079, 0.1141 0.1556 0.0079, 0.1296 0.1642 0.0079, 0.1178 0.1408 0.0079, 0.1349 0.1486 0.0079, 0.1184 0.1301 0.0079, 0.1369 0.129 0.0079, 0.117 0.1152 0.0079, 0.1356 0.113 0.0079, 0.1133 0.1033 0.0079, 0.1314 0.0984 0.0079, 0.1076 0.0938 0.0079, 0.1241 0.0853 0.0079, 0.1011 0.087 0.0079, 0.1137 0.0744 0.0079, 0.0927 0.0813 0.0079, 0.1026 0.0674 0.0079, 0.0893 0.0628 0.0079
            ]
        }
        coordIndex [
            0,1,2,-1,2,1,3,-1,4,5,0,-1,0,5,6,-1,0,6,1,-1,1,6,7,-1,4,8,5,-1,5,8,9,-1,5,9,10,-1,10,9,11,-1,10,11,12,-1,12,13,10,-1,10,13,2,-1,10,2,14,-1,14,2,3,-1,14,3,15,-1,16,17,18,-1,18,17,19,-1,18,19,20,-1,20,19,21,-1,20,21,22,-1,22,21,23,-1,22,23,24,-1,24,23,25,-1,24,25,26,-1,26,25,27,-1,26,27,28,-1,28,27,29,-1,28,29,30,-1,30,29,31,-1,30,31,32,-1,32,31,33,-1,32,33,34,-1,34,33,35,-1,34,35,36,-1,36,35,37,-1,36,37,38,-1,38,37,39,-1,38,39,40,-1,40,39,41,-1,40,41,42,-1,42,41,43,-1,42,43,44,-1,44,43,45,-1,44,45,46,-1,46,45,47,-1,46,47,48,-1,48,47,49,-1,48,49,50,-1,50,49,16,-1,50,16,18,-1,51,52,53,-1,53,54,51,-1,51,54,55,-1,51,55,56,-1,57,58,59,-1,59,58,56,-1,59,56,60,-1,60,56,55,-1,60,55,61,-1,61,55,62,-1,63,64,65,-1,63,65,66,-1,66,65,67,-1,66,67,68,-1,68,67,69,-1,68,69,70,-1,70,69,71,-1,71,69,72,-1,71,72,73,-1,74,75,76,-1,76,75,77,-1,76,77,78,-1,78,77,79,-1,78,79,80,-1,80,79,81,-1,80,81,82,-1,82,81,83,-1,82,83,84,-1,84,83,85,-1,84,85,86,-1,86,85,87,-1,86,87,88,-1,88,87,89,-1,88,89,90,-1,90,89,91,-1,90,91,92,-1,92,91,93,-1,92,93,94,-1,94,93,95,-1,94,95,96,-1,96,95,97,-1,96,97,98,-1,98,97,99,-1,98,99,100,-1,100,99,101,-1,100,101,102,-1,102,101,103,-1,102,103,72,-1,72,103,104,-1,72,104,73,-1,
        ]
    }
}
Shape{
    appearance Appearance {
        material  Material 	{
            diffuseColor 0.48627450980392156 0.48627450980392156 0.48627450980392156
            specularColor 0.42745098039215684 0.42745098039215684 0.42745098039215684
            ambientIntensity 0.4863
            transparency 0.0
            shininess 0.5
        }
    }
    geometry IndexedFaceSet {
        ccw TRUE
        solid FALSE
        coord DEF co Coordinate {
            point [
                1.0531 -0.0142 0.4213, 1.0433 -0.0142 0.4213, 1.0531 -0.1677 0.4213, 1.0433 -0.1717 0.4213, 1.1122 -0.1677 0.4213, 1.122 -0.1717 0.4213, 1.1122 -0.0142 0.4213, 1.122 -0.0142 0.4213, 0.8563 -0.0142 0.4213, 0.8465 -0.0142 0.4213, 0.8563 -0.1677 0.4213, 0.8465 -0.1717 0.4213, 0.9154 -0.1677 0.4213, 0.9252 -0.1717 0.4213, 0.9154 -0.0142 0.4213, 0.9252 -0.0142 0.4213, 0.6594 -0.0142 0.4213, 0.6496 -0.0142 0.4213, 0.6594 -0.1677 0.4213, 0.6496 -0.1717 0.4213, 0.7185 -0.1677 0.4213, 0.7283 -0.1717 0.4213, 0.7185 -0.0142 0.4213, 0.7283 -0.0142 0.4213, 0.4626 -0.0142 0.4213, 0.4528 -0.0142 0.4213, 0.4626 -0.1677 0.4213, 0.4528 -0.1717 0.4213, 0.5217 -0.1677 0.4213, 0.5315 -0.1717 0.4213, 0.5217 -0.0142 0.4213, 0.5315 -0.0142 0.4213, 0.2657 -0.0142 0.4213, 0.2559 -0.0142 0.4213, 0.2657 -0.1677 0.4213, 0.2559 -0.1717 0.4213, 0.3248 -0.1677 0.4213, 0.3346 -0.1717 0.4213, 0.3248 -0.0142 0.4213, 0.3346 -0.0142 0.4213, 0.0689 -0.0142 0.4213, 0.0591 -0.0142 0.4213, 0.0689 -0.1677 0.4213, 0.0591 -0.1717 0.4213, 0.128 -0.1677 0.4213, 0.1378 -0.1717 0.4213, 0.128 -0.0142 0.4213, 0.1378 -0.0142 0.4213, -0.128 -0.0142 0.4213, -0.1378 -0.0142 0.4213, -0.128 -0.1677 0.4213, -0.1378 -0.1717 0.4213, -0.0689 -0.1677 0.4213, -0.0591 -0.1717 0.4213, -0.0689 -0.0142 0.4213, -0.0591 -0.0142 0.4213, -0.3248 -0.0142 0.4213, -0.3346 -0.0142 0.4213, -0.3248 -0.1677 0.4213, -0.3346 -0.1717 0.4213, -0.2657 -0.1677 0.4213, -0.2559 -0.1717 0.4213, -0.2657 -0.0142 0.4213, -0.2559 -0.0142 0.4213, -0.5217 -0.0142 0.4213, -0.5315 -0.0142 0.4213, -0.5217 -0.1677 0.4213, -0.5315 -0.1717 0.4213, -0.4626 -0.1677 0.4213, -0.4528 -0.1717 0.4213, -0.4626 -0.0142 0.4213, -0.4528 -0.0142 0.4213, -0.7185 -0.0142 0.4213, -0.7283 -0.0142 0.4213, -0.7185 -0.1677 0.4213, -0.7283 -0.1717 0.4213, -0.6594 -0.1677 0.4213, -0.6496 -0.1717 0.4213, -0.6594 -0.0142 0.4213, -0.6496 -0.0142 0.4213, -0.9154 -0.0142 0.4213, -0.9252 -0.0142 0.4213, -0.9154 -0.1677 0.4213, -0.9252 -0.1717 0.4213, -0.8563 -0.1677 0.4213, -0.8465 -0.1717 0.4213, -0.8563 -0.0142 0.4213, -0.8465 -0.0142 0.4213, -1.1122 0.5764 0.0128, -1.1122 0.5764 0.0079, -1.3435 0.5764 0.0079, -0.9154 0.5764 0.0128, -0.9154 0.5764 0.0079, -0.9843 0.5764 0.0079, -0.7185 0.5764 0.0128, -0.7185 0.5764 0.0079, -0.7874 0.5764 0.0079, -0.5217 0.5764 0.0128, -0.5217 0.5764 0.0079, -0.5906 0.5764 0.0079, -0.3248 0.5764 0.0128, -0.3248 0.5764 0.0079, -0.3937 0.5764 0.0079, 0.2657 0.5764 0.0128, 0.2657 0.5764 0.0079, 0.1969 0.5764 0.0079, 0.4626 0.5764 0.0128, 0.4626 0.5764 0.0079, 0.3937 0.5764 0.0079, 0.6594 0.5764 0.0128, 0.6594 0.5764 0.0079, 0.5906 0.5764 0.0079, 0.8563 0.5764 0.0128, 0.8563 0.5764 0.0079, 0.7874 0.5764 0.0079, 1.0531 0.5764 0.0128, 1.0531 0.5764 0.0079, 0.9843 0.5764 0.0079, 1.0531 0.5764 0.0266, 0.9843 0.5764 0.1654, 1.5748 0.5764 0.0079, 1.1122 0.5764 0.0079, 1.1122 0.5764 0.0128, 1.1122 0.5764 0.0266, 1.4567 0.5764 0.1654, 1.1122 0.5764 0.1457, 1.0531 0.5764 0.1457, 1.5748 0.5764 0.313, 1.4567 0.5764 0.2362, 1.4567 0.5764 0.4803, 1.5748 0.5764 0.4803, 1.4567 0.5764 0.4724, 1.4567 0.5764 0.313, 0.9154 0.5764 0.0079, 0.9154 0.5764 0.0128, 0.7874 0.5764 0.1654, 0.8563 0.5764 0.0266, 0.9154 0.5764 0.0266, 0.9154 0.5764 0.1457, 0.8563 0.5764 0.1457, 0.6594 0.5764 0.0266, 0.7185 0.5764 0.0266, 0.7185 0.5764 0.0128, 0.7185 0.5764 0.0079, 0.7185 0.5764 0.1457, 0.6594 0.5764 0.1457, 0.5906 0.5764 0.1654, 0.5217 0.5764 0.0079, 0.5217 0.5764 0.0128, 0.3937 0.5764 0.1654, 0.4626 0.5764 0.1457, 0.4626 0.5764 0.0266, 0.5217 0.5764 0.1457, 0.5217 0.5764 0.0266, 0.3248 0.5764 0.0079, 0.3248 0.5764 0.0128, 0.1969 0.5764 0.1654, 0.2657 0.5764 0.1457, 0.2657 0.5764 0.0266, 0.3248 0.5764 0.1457, 0.3248 0.5764 0.0266, 0.128 0.5764 0.0079, 0.128 0.5764 0.0128, 0.0 0.5764 0.1654, 0.0689 0.5764 0.1457, 0.0689 0.5764 0.0266, 0.128 0.5764 0.1457, 0.128 0.5764 0.0266, 0.0689 0.5764 0.0128, 0.0689 0.5764 0.0079, 0.0209 0.5764 0.0079, 0.0 0.5764 0.0079, -0.0689 0.5764 0.0079, -0.0689 0.5764 0.0128, -0.128 0.5764 0.1457, -0.3937 0.5764 0.1654, -0.128 0.5764 0.0079, -0.2657 0.5764 0.0079, -0.128 0.5764 0.0128, -0.2657 0.5764 0.0128, -0.128 0.5764 0.0266, -0.0689 0.5764 0.0266, -0.0689 0.5764 0.1457, -0.2657 0.5764 0.1457, -0.3248 0.5764 0.1457, -0.3248 0.5764 0.0266, -0.2657 0.5764 0.0266, -0.5217 0.5764 0.0266, -0.4626 0.5764 0.0266, -0.4626 0.5764 0.0128, -0.4626 0.5764 0.0079, -0.4626 0.5764 0.1457, -0.5217 0.5764 0.1457, -0.5906 0.5764 0.1654, -0.6594 0.5764 0.0079, -0.6594 0.5764 0.0128, -0.7874 0.5764 0.1654, -0.7185 0.5764 0.1457, -0.7185 0.5764 0.0266, -0.6594 0.5764 0.1457, -0.6594 0.5764 0.0266, -0.8563 0.5764 0.0079, -0.8563 0.5764 0.0128, -0.9843 0.5764 0.1654, -0.9154 0.5764 0.1457, -0.9154 0.5764 0.0266, -0.8563 0.5764 0.1457, -0.8563 0.5764 0.0266, -1.0531 0.5764 0.0079, -1.0531 0.5764 0.0128, -1.1122 0.5764 0.0266, -1.3435 0.5764 0.1654, -1.1122 0.5764 0.1457, -1.0531 0.5764 0.1457, -1.0531 0.5764 0.0266, -1.4567 0.5764 0.1654, -1.5748 0.5764 0.0079, -1.4567 0.5764 0.2362, -1.5748 0.5764 0.313, -1.4567 0.5764 0.313, -1.4567 0.5764 0.4724, -1.5748 0.5764 0.4803, -1.4567 0.5764 0.4803
            ]
        }
        coordIndex [
            0,1,2,-1,2,1,3,-1,2,3,4,-1,4,3,5,-1,4,5,6,-1,6,5,7,-1,8,9,10,-1,10,9,11,-1,10,11,12,-1,12,11,13,-1,12,13,14,-1,14,13,15,-1,16,17,18,-1,18,17,19,-1,18,19,20,-1,20,19,21,-1,20,21,22,-1,22,21,23,-1,24,25,26,-1,26,25,27,-1,26,27,28,-1,28,27,29,-1,28,29,30,-1,30,29,31,-1,32,33,34,-1,34,33,35,-1,34,35,36,-1,36,35,37,-1,36,37,38,-1,38,37,39,-1,40,41,42,-1,42,41,43,-1,42,43,44,-1,44,43,45,-1,44,45,46,-1,46,45,47,-1,48,49,50,-1,50,49,51,-1,50,51,52,-1,52,51,53,-1,52,53,54,-1,54,53,55,-1,56,57,58,-1,58,57,59,-1,58,59,60,-1,60,59,61,-1,60,61,62,-1,62,61,63,-1,64,65,66,-1,66,65,67,-1,66,67,68,-1,68,67,69,-1,68,69,70,-1,70,69,71,-1,72,73,74,-1,74,73,75,-1,74,75,76,-1,76,75,77,-1,76,77,78,-1,78,77,79,-1,80,81,82,-1,82,81,83,-1,82,83,84,-1,84,83,85,-1,84,85,86,-1,86,85,87,-1,88,89,90,-1,91,92,93,-1,94,95,96,-1,97,98,99,-1,100,101,102,-1,103,104,105,-1,106,107,108,-1,109,110,111,-1,112,113,114,-1,115,116,117,-1,118,115,119,-1,120,121,122,-1,115,118,122,-1,122,118,123,-1,122,123,120,-1,124,125,119,-1,119,125,126,-1,119,126,118,-1,123,125,120,-1,120,125,124,-1,120,124,127,-1,127,124,128,-1,129,130,131,-1,131,130,127,-1,131,127,132,-1,132,127,128,-1,115,117,119,-1,119,117,133,-1,119,133,134,-1,114,135,112,-1,112,135,136,-1,112,136,134,-1,134,136,137,-1,134,137,119,-1,119,137,138,-1,119,138,135,-1,135,138,139,-1,135,139,136,-1,140,141,142,-1,142,141,135,-1,142,135,143,-1,143,135,114,-1,141,144,135,-1,135,144,145,-1,135,145,146,-1,146,145,140,-1,146,140,109,-1,109,140,142,-1,109,111,146,-1,146,111,147,-1,146,147,148,-1,149,150,151,-1,150,149,152,-1,152,149,146,-1,152,146,153,-1,153,146,148,-1,153,148,151,-1,151,148,106,-1,151,106,149,-1,106,108,149,-1,149,108,154,-1,149,154,155,-1,156,157,158,-1,157,156,159,-1,159,156,149,-1,159,149,160,-1,160,149,155,-1,160,155,158,-1,158,155,103,-1,158,103,156,-1,103,105,156,-1,156,105,161,-1,156,161,162,-1,163,164,165,-1,164,163,166,-1,166,163,156,-1,166,156,167,-1,167,156,162,-1,167,162,165,-1,165,162,168,-1,165,168,163,-1,163,168,169,-1,163,169,170,-1,170,171,163,-1,163,171,172,-1,163,172,173,-1,174,175,163,-1,176,177,178,-1,178,177,179,-1,178,180,173,-1,173,180,181,-1,173,181,163,-1,163,181,182,-1,163,182,174,-1,174,183,175,-1,175,183,184,-1,175,184,185,-1,102,175,100,-1,100,175,185,-1,100,185,179,-1,179,185,186,-1,179,186,178,-1,178,186,183,-1,178,183,180,-1,180,183,174,-1,187,188,189,-1,189,188,175,-1,189,175,190,-1,190,175,102,-1,188,191,175,-1,175,191,192,-1,175,192,193,-1,193,192,187,-1,193,187,97,-1,97,187,189,-1,97,99,193,-1,193,99,194,-1,193,194,195,-1,196,197,198,-1,197,196,199,-1,199,196,193,-1,199,193,200,-1,200,193,195,-1,200,195,198,-1,198,195,94,-1,198,94,196,-1,94,96,196,-1,196,96,201,-1,196,201,202,-1,203,204,205,-1,204,203,206,-1,206,203,196,-1,206,196,207,-1,207,196,202,-1,207,202,205,-1,205,202,91,-1,205,91,203,-1,91,93,203,-1,203,93,208,-1,203,208,209,-1,210,211,212,-1,212,211,203,-1,212,203,213,-1,213,203,214,-1,214,203,209,-1,214,209,210,-1,210,209,88,-1,210,88,211,-1,211,88,90,-1,211,90,215,-1,215,90,216,-1,215,216,217,-1,217,216,218,-1,217,218,219,-1,219,218,220,-1,220,218,221,-1,220,221,222,-1,
        ]
    }
}
Shape{
    appearance Appearance {
        material  Material 	{
            diffuseColor 0.8941176470588236 0.8941176470588236 0.8941176470588236
            specularColor 0.788235294117647 0.788235294117647 0.788235294117647
            ambientIntensity 0.8941
            transparency 0.0
            shininess 0.5
        }
    }
    geometry IndexedFaceSet {
        ccw TRUE
        solid FALSE
        coord DEF co Coordinate {
            point [
                0.2008 0.2005 0.0079, 0.2192 0.2005 0.0079, 0.2008 0.0778 0.0079, 0.2192 0.0627 0.0079, 0.1487 0.0778 0.0079, 0.1487 0.0627 0.0079
            ]
        }
        coordIndex [
            0,1,2,-1,2,1,3,-1,2,3,4,-1,4,3,5,-1,
        ]
    }
}
Shape{
    appearance Appearance {
        material  Material 	{
            diffuseColor 0.48627450980392156 0.48627450980392156 0.48627450980392156
            specularColor 0.42745098039215684 0.42745098039215684 0.42745098039215684
            ambientIntensity 0.4863
            transparency 0.0
            shininess 0.5
        }
    }
    geometry IndexedFaceSet {
        ccw TRUE
        solid FALSE
        coord DEF co Coordinate {
            point [
                -1.1122 -0.0142 0.4213, -1.122 -0.0142 0.4213, -1.1122 -0.1677 0.4213, -1.122 -0.1717 0.4213, -1.0531 -0.1677 0.4213, -1.0433 -0.1717 0.4213, -1.0531 -0.0142 0.4213, -1.0433 -0.0142 0.4213, -1.4567 0.5764 0.4724, -1.4567 0.5764 0.4803, -1.4567 0.0646 0.4724, -1.4567 -0.0142 0.4803, -1.4567 0.0646 0.2362, -1.4567 -0.0142 0.1654, -1.4567 0.5764 0.2362, -1.4567 0.5764 0.1654, 1.4567 0.5764 0.4803, 1.4567 0.5764 0.4724, 1.4567 0.0646 0.4724, 1.4567 0.5764 0.2362, 1.4567 0.5764 0.1654, 1.4567 0.0646 0.2362, 1.4567 -0.0142 0.1654, 1.4567 -0.0142 0.4803, 1.5748 -0.2504 0.0079, 1.5748 0.5764 0.0079, 1.5748 -0.2504 0.4803, 1.5748 0.5764 0.4803, -1.5748 -0.2504 0.4803, -1.5748 0.5764 0.4803, -1.5748 -0.2504 0.0079, -1.5748 0.5764 0.0079, -1.3976 -0.6441 0.4803, -1.3976 -0.6441 0.0079, -1.3051 -0.6441 0.126, 0.0209 -0.6441 0.0079, 1.3051 -0.6441 0.126, 1.3976 -0.6441 0.0079, 1.3051 -0.6441 0.3622, 1.3976 -0.6441 0.4803, -1.3051 -0.6441 0.3622, -0.7283 -0.1717 0.4803, -0.7283 -0.0142 0.4803, -0.8465 -0.0142 0.4803, -0.8465 -0.1717 0.4803, -0.9252 -0.1717 0.4803, -0.9252 -0.0142 0.4803, -1.0433 -0.0142 0.4803, -1.0433 -0.1717 0.4803, -1.122 -0.1717 0.4803, -1.3976 -0.2504 0.4803, -1.122 -0.0142 0.4803, -0.3346 -0.1717 0.4803, -0.3346 -0.0142 0.4803, -0.4528 -0.0142 0.4803, 1.3976 -0.2504 0.4803, 1.122 -0.0142 0.4803, 1.122 -0.1717 0.4803, 1.0433 -0.1717 0.4803, -0.5315 -0.0142 0.4803, -0.6496 -0.0142 0.4803, -0.5315 -0.1717 0.4803, -0.6496 -0.1717 0.4803, 1.0433 -0.0142 0.4803, 0.9252 -0.0142 0.4803, 0.9252 -0.1717 0.4803, 0.8465 -0.1717 0.4803, 0.8465 -0.0142 0.4803, 0.7283 -0.0142 0.4803, 0.7283 -0.1717 0.4803, 0.6496 -0.1717 0.4803, 0.6496 -0.0142 0.4803, 0.5315 -0.0142 0.4803, 0.5315 -0.1717 0.4803, 0.4528 -0.1717 0.4803, 0.4528 -0.0142 0.4803, 0.3346 -0.0142 0.4803, 0.3346 -0.1717 0.4803, 0.2559 -0.1717 0.4803, 0.2559 -0.0142 0.4803, 0.1378 -0.0142 0.4803, 0.1378 -0.1717 0.4803, 0.0591 -0.1717 0.4803, 0.0591 -0.0142 0.4803, -0.0591 -0.0142 0.4803, -0.0591 -0.1717 0.4803, -0.1378 -0.1717 0.4803, -0.4528 -0.1717 0.4803, -0.2559 -0.1717 0.4803, -0.2559 -0.0142 0.4803, -0.1378 -0.0142 0.4803, -1.4173 -0.2504 0.1575, -1.3976 -0.2504 0.0079, -1.4173 -0.2504 0.2756, -1.4764 -0.2504 0.2756, -1.4764 -0.2504 0.1575, 1.3976 -0.2504 0.0079, 1.4173 -0.2504 0.1575, 1.4173 -0.2504 0.2756, 1.4764 -0.2504 0.1575, 1.4764 -0.2504 0.2756, 0.9154 -0.0142 0.4213, 0.9252 -0.0142 0.4213, 0.3346 -0.0142 0.4213, -0.6496 -0.0142 0.4213, 1.122 -0.0142 0.4213, 1.1122 -0.0142 0.4213, -0.8563 -0.0142 0.4213, -0.8465 -0.0142 0.4213, 0.4528 -0.0142 0.4213, 0.4626 -0.0142 0.4213, 0.5217 -0.0142 0.4213, 0.5315 -0.0142 0.4213, 1.0433 -0.0142 0.4213, 1.0531 -0.0142 0.4213, -0.9252 -0.0142 0.4213, -0.9154 -0.0142 0.4213, -0.7283 -0.0142 0.4213, -0.7185 -0.0142 0.4213, 0.7185 -0.0142 0.4213, 0.7283 -0.0142 0.4213, -0.5315 -0.0142 0.4213, -0.5217 -0.0142 0.4213, -0.4626 -0.0142 0.4213, -0.4528 -0.0142 0.4213, -0.2657 -0.0142 0.4213, -0.2559 -0.0142 0.4213, 0.6496 -0.0142 0.4213, 0.6594 -0.0142 0.4213, -0.6594 -0.0142 0.4213, -0.3346 -0.0142 0.4213, -0.3248 -0.0142 0.4213, 0.8465 -0.0142 0.4213, 0.8563 -0.0142 0.4213, -0.0689 -0.0142 0.4213, -0.0591 -0.0142 0.4213, -0.1378 -0.0142 0.4213, -0.128 -0.0142 0.4213, 0.128 -0.0142 0.4213, 0.1378 -0.0142 0.4213, 0.0591 -0.0142 0.4213, 0.0689 -0.0142 0.4213, 0.3248 -0.0142 0.4213, 0.2559 -0.0142 0.4213, 0.2657 -0.0142 0.4213
            ]
        }
        coordIndex [
            0,1,2,-1,2,1,3,-1,2,3,4,-1,4,3,5,-1,4,5,6,-1,6,5,7,-1,8,9,10,-1,10,9,11,-1,10,11,12,-1,12,11,13,-1,12,13,14,-1,14,13,15,-1,16,17,18,-1,19,20,21,-1,21,20,22,-1,21,22,18,-1,18,22,23,-1,18,23,16,-1,24,25,26,-1,26,25,27,-1,28,29,30,-1,30,29,31,-1,32,33,34,-1,34,33,35,-1,34,35,36,-1,36,35,37,-1,36,37,38,-1,38,37,39,-1,38,39,40,-1,40,39,32,-1,40,32,34,-1,41,42,43,-1,44,45,32,-1,46,47,45,-1,45,47,48,-1,45,48,32,-1,32,48,49,-1,32,49,50,-1,50,49,51,-1,50,51,28,-1,28,51,11,-1,28,11,29,-1,29,11,9,-1,52,53,54,-1,27,16,26,-1,26,16,23,-1,26,23,55,-1,55,23,56,-1,55,56,39,-1,39,56,57,-1,39,57,58,-1,59,60,61,-1,61,60,62,-1,63,64,58,-1,58,64,65,-1,58,65,39,-1,39,65,66,-1,67,68,66,-1,66,68,69,-1,66,69,39,-1,39,69,70,-1,71,72,70,-1,70,72,73,-1,70,73,39,-1,39,73,74,-1,75,76,74,-1,74,76,77,-1,74,77,39,-1,39,77,78,-1,79,80,78,-1,78,80,81,-1,78,81,39,-1,39,81,82,-1,83,84,82,-1,82,84,85,-1,82,85,39,-1,39,85,86,-1,54,87,52,-1,52,87,39,-1,52,39,88,-1,88,39,86,-1,88,86,89,-1,89,86,90,-1,43,44,41,-1,41,44,32,-1,41,32,62,-1,62,32,39,-1,62,39,61,-1,61,39,87,-1,91,92,93,-1,93,92,50,-1,93,50,94,-1,94,50,28,-1,94,28,95,-1,95,28,30,-1,95,30,91,-1,91,30,92,-1,92,33,50,-1,50,33,32,-1,37,96,39,-1,39,96,55,-1,96,97,98,-1,97,96,99,-1,99,96,24,-1,99,24,100,-1,100,24,26,-1,100,26,98,-1,98,26,55,-1,98,55,96,-1,101,102,22,-1,103,76,75,-1,104,60,59,-1,11,51,13,-1,13,51,1,-1,13,1,0,-1,56,23,105,-1,105,23,22,-1,105,22,106,-1,0,6,13,-1,13,6,7,-1,13,7,22,-1,107,108,22,-1,109,110,22,-1,22,110,111,-1,22,111,112,-1,64,63,102,-1,102,63,113,-1,102,113,22,-1,22,113,114,-1,22,114,106,-1,47,46,7,-1,7,46,115,-1,7,115,22,-1,22,115,116,-1,22,116,107,-1,43,42,108,-1,108,42,117,-1,108,117,22,-1,22,117,118,-1,119,120,22,-1,121,122,22,-1,22,122,123,-1,22,123,124,-1,125,126,22,-1,72,71,112,-1,112,71,127,-1,112,127,22,-1,22,127,128,-1,22,128,119,-1,118,129,22,-1,22,129,104,-1,22,104,121,-1,121,104,59,-1,54,53,124,-1,124,53,130,-1,124,130,22,-1,22,130,131,-1,22,131,125,-1,68,67,120,-1,120,67,132,-1,120,132,22,-1,22,132,133,-1,22,133,101,-1,134,135,22,-1,89,90,126,-1,126,90,136,-1,126,136,22,-1,22,136,137,-1,22,137,134,-1,138,139,22,-1,84,83,135,-1,135,83,140,-1,135,140,22,-1,22,140,141,-1,22,141,138,-1,75,109,103,-1,103,109,22,-1,103,22,142,-1,80,79,139,-1,139,79,143,-1,139,143,22,-1,22,143,144,-1,22,144,142,-1,22,20,13,-1,13,20,15,-1,
        ]
    }
}
Shape{
    appearance Appearance {
        material  Material 	{
            diffuseColor 0.14901960784313725 0.14901960784313725 0.14901960784313725
            specularColor 0.12941176470588237 0.12941176470588237 0.12941176470588237
            ambientIntensity 0.149
            transparency 0.0
            shininess 0.5
        }
    }
    geometry IndexedFaceSet {
        ccw TRUE
        solid FALSE
        coord DEF co Coordinate {
            point [
                -1.4567 0.852 0.4724, -1.4567 0.852 0.3937, -1.4567 0.5764 0.4724, -1.4567 0.8205 0.3622, -1.4567 0.5764 0.313, -1.4567 0.8205 0.2362, -1.4567 0.5764 0.2362, 1.4567 0.8205 0.3622, 1.4567 0.852 0.3937, 1.4567 0.852 0.4724, 1.4567 0.5764 0.2362, 1.4567 0.8205 0.2362, 1.4567 0.5764 0.313, 1.4567 0.5764 0.4724, -0.6496 0.2221 0.4724, -0.6496 0.0646 0.4724, -0.5315 0.0646 0.4724, -0.5315 0.2221 0.4724, -0.4528 0.2221 0.4724, -1.0433 0.0646 0.4724, -0.9252 0.0646 0.4724, -1.0433 0.2221 0.4724, -0.9252 0.2221 0.4724, -1.4567 0.0646 0.4724, -1.122 0.0646 0.4724, -1.122 0.2221 0.4724, -0.8465 0.2221 0.4724, -0.2559 0.2221 0.4724, -0.3346 0.2221 0.4724, -0.3346 0.0646 0.4724, -0.4528 0.0646 0.4724, -0.7283 0.2221 0.4724, -0.7283 0.0646 0.4724, -0.8465 0.0646 0.4724, -0.0591 0.2221 0.4724, -0.0591 0.0646 0.4724, 0.0591 0.0646 0.4724, 0.0591 0.2221 0.4724, 0.1378 0.2221 0.4724, -0.1378 0.2221 0.4724, -0.1378 0.0646 0.4724, -0.2559 0.0646 0.4724, 0.3346 0.2221 0.4724, 0.3346 0.0646 0.4724, 0.4528 0.0646 0.4724, 0.4528 0.2221 0.4724, 0.5315 0.2221 0.4724, 0.2559 0.2221 0.4724, 0.2559 0.0646 0.4724, 0.1378 0.0646 0.4724, 0.7283 0.2221 0.4724, 0.7283 0.0646 0.4724, 0.8465 0.0646 0.4724, 0.8465 0.2221 0.4724, 0.6496 0.2221 0.4724, 0.6496 0.0646 0.4724, 0.5315 0.0646 0.4724, 0.9252 0.0646 0.4724, 1.0433 0.0646 0.4724, 0.9252 0.2221 0.4724, 1.0433 0.2221 0.4724, 1.122 0.0646 0.4724, 1.4567 0.0646 0.4724, 1.122 0.2221 0.4724, -0.7283 0.0646 0.4134, 1.4567 0.0646 0.2362, 0.0591 0.0646 0.4134, -0.8465 0.0646 0.4134, -0.9252 0.0646 0.4134, -1.4567 0.0646 0.2362, -0.0591 0.0646 0.4134, -0.1378 0.0646 0.4134, 1.122 0.0646 0.4134, 1.0433 0.0646 0.4134, -1.122 0.0646 0.4134, -1.0433 0.0646 0.4134, 0.8465 0.0646 0.4134, -0.3346 0.0646 0.4134, 0.7283 0.0646 0.4134, 0.6496 0.0646 0.4134, -0.4528 0.0646 0.4134, -0.5315 0.0646 0.4134, 0.9252 0.0646 0.4134, -0.2559 0.0646 0.4134, -0.6496 0.0646 0.4134, 0.4528 0.0646 0.4134, 0.3346 0.0646 0.4134, 0.2559 0.0646 0.4134, 0.5315 0.0646 0.4134, 0.1378 0.0646 0.4134
            ]
        }
        coordIndex [
            0,1,2,-1,2,1,3,-1,2,3,4,-1,4,3,5,-1,4,5,6,-1,7,8,9,-1,10,11,12,-1,12,11,7,-1,12,7,13,-1,13,7,9,-1,14,15,16,-1,17,18,9,-1,19,20,21,-1,21,20,22,-1,23,24,2,-1,2,24,25,-1,2,25,0,-1,0,25,21,-1,0,21,9,-1,9,21,22,-1,9,22,26,-1,27,9,28,-1,28,9,18,-1,28,18,29,-1,29,18,30,-1,16,17,14,-1,14,17,9,-1,14,9,31,-1,31,9,26,-1,31,26,32,-1,32,26,33,-1,34,35,36,-1,37,38,9,-1,36,37,34,-1,34,37,9,-1,34,9,39,-1,39,9,27,-1,39,27,40,-1,40,27,41,-1,42,43,44,-1,45,46,9,-1,44,45,42,-1,42,45,9,-1,42,9,47,-1,47,9,38,-1,47,38,48,-1,48,38,49,-1,50,51,52,-1,52,53,50,-1,50,53,9,-1,50,9,54,-1,54,9,46,-1,54,46,55,-1,55,46,56,-1,57,58,59,-1,59,58,60,-1,61,62,63,-1,63,62,13,-1,63,13,60,-1,60,13,9,-1,60,9,59,-1,59,9,53,-1,64,32,33,-1,65,62,61,-1,66,36,35,-1,67,68,69,-1,70,71,69,-1,61,72,65,-1,65,72,73,-1,65,73,69,-1,24,23,74,-1,74,23,69,-1,74,69,75,-1,75,69,68,-1,75,68,19,-1,19,68,20,-1,76,52,51,-1,77,29,30,-1,78,79,69,-1,80,81,69,-1,51,78,76,-1,76,78,69,-1,76,69,82,-1,82,69,73,-1,82,73,57,-1,57,73,58,-1,30,80,77,-1,77,80,69,-1,77,69,83,-1,83,69,71,-1,83,71,41,-1,41,71,40,-1,33,67,64,-1,64,67,69,-1,64,69,84,-1,84,69,81,-1,84,81,15,-1,15,81,16,-1,85,44,43,-1,86,87,69,-1,43,86,85,-1,85,86,69,-1,85,69,88,-1,88,69,79,-1,88,79,56,-1,56,79,55,-1,35,70,66,-1,66,70,69,-1,66,69,89,-1,89,69,87,-1,89,87,49,-1,49,87,48,-1,5,11,6,-1,6,11,10,-1,6,10,69,-1,69,10,65,-1,5,3,11,-1,11,3,7,-1,3,1,7,-1,7,1,8,-1,1,0,8,-1,8,0,9,-1,
        ]
    }
}
Shape{
    appearance Appearance {
        material  Material 	{
            diffuseColor 0.9411764705882353 0.9411764705882353 0.9411764705882353
            specularColor 0.8274509803921568 0.8274509803921568 0.8274509803921568
            ambientIntensity 0.9412
            transparency 0.0
            shininess 0.5
        }
    }
    geometry IndexedFaceSet {
        ccw TRUE
        solid FALSE
        coord DEF co Coordinate {
            point [
                -1.4764 -0.2504 0.2756, -1.4764 -0.6441 0.2756, -1.4173 -0.2504 0.2756, -1.4173 -0.6441 0.2756, -1.4764 -0.2819 0.1575, -1.4764 -0.2504 0.1575, -1.4173 -0.2819 0.1575, -1.4173 -0.2504 0.1575, -1.4764 -0.2839 0.1572, -1.4173 -0.2839 0.1572, -1.4764 -0.2858 0.1564, -1.4173 -0.2858 0.1564, -1.4764 -0.2875 0.1552, -1.4173 -0.2875 0.1552, -1.4764 -0.2887 0.1535, -1.4173 -0.2887 0.1535, -1.4764 -0.2895 0.1516, -1.4173 -0.2895 0.1516, -1.4764 -0.2898 0.1496, -1.4173 -0.2898 0.1496, -1.4764 -0.2898 0.0079, -1.4173 -0.2898 0.0079, -1.4173 -0.29 0.0058, -1.4764 -0.29 0.0058, -1.4173 -0.2908 0.0039, -1.4764 -0.2908 0.0039, -1.4173 -0.2921 0.0023, -1.4764 -0.2921 0.0023, -1.4173 -0.2937 0.0011, -1.4764 -0.2937 0.0011, -1.4173 -0.2956 0.0003, -1.4764 -0.2956 0.0003, -1.4173 -0.2976 0.0, -1.4764 -0.2976 0.0, -1.4764 -0.4787 0.0, -1.4173 -0.4787 0.0, -1.4173 -0.4808 0.0003, -1.4764 -0.4808 0.0003, -1.4173 -0.4827 0.0011, -1.4764 -0.4827 0.0011, -1.4173 -0.4843 0.0023, -1.4764 -0.4843 0.0023, -1.4173 -0.4856 0.0039, -1.4764 -0.4856 0.0039, -1.4173 -0.4863 0.0058, -1.4764 -0.4863 0.0058, -1.4173 -0.4866 0.0079, -1.4764 -0.4866 0.0079, -1.4764 -0.4866 0.0591, -1.4173 -0.4866 0.0591, -1.4764 -0.5772 0.0591, -1.4173 -0.5772 0.0591, -1.4173 -0.5792 0.0593, -1.4764 -0.5792 0.0593, -1.4173 -0.5811 0.0601, -1.4764 -0.5811 0.0601, -1.4173 -0.5827 0.0614, -1.4764 -0.5827 0.0614, -1.4173 -0.584 0.063, -1.4764 -0.584 0.063, -1.4173 -0.5848 0.0649, -1.4764 -0.5848 0.0649, -1.4173 -0.585 0.0669, -1.4764 -0.585 0.0669, -1.4764 -0.585 0.1693, -1.4173 -0.585 0.1693, -1.4764 -0.5853 0.1713, -1.4173 -0.5853 0.1713, -1.4764 -0.5861 0.1732, -1.4173 -0.5861 0.1732, -1.4764 -0.5873 0.1749, -1.4173 -0.5873 0.1749, -1.4764 -0.589 0.1761, -1.4173 -0.589 0.1761, -1.4764 -0.5909 0.1769, -1.4173 -0.5909 0.1769, -1.4764 -0.5929 0.1772, -1.4173 -0.5929 0.1772, -1.4764 -0.6441 0.1772, -1.4173 -0.6441 0.1772
            ]
        }
        coordIndex [
            0,1,2,-1,2,1,3,-1,4,5,6,-1,6,5,7,-1,4,6,8,-1,8,6,9,-1,8,9,10,-1,10,9,11,-1,10,11,12,-1,12,11,13,-1,12,13,14,-1,14,13,15,-1,14,15,16,-1,16,15,17,-1,16,17,18,-1,18,17,19,-1,20,18,21,-1,21,18,19,-1,20,21,22,-1,20,22,23,-1,23,22,24,-1,23,24,25,-1,25,24,26,-1,25,26,27,-1,27,26,28,-1,27,28,29,-1,29,28,30,-1,29,30,31,-1,31,30,32,-1,31,32,33,-1,34,33,35,-1,35,33,32,-1,34,35,36,-1,34,36,37,-1,37,36,38,-1,37,38,39,-1,39,38,40,-1,39,40,41,-1,41,40,42,-1,41,42,43,-1,43,42,44,-1,43,44,45,-1,45,44,46,-1,45,46,47,-1,48,47,49,-1,49,47,46,-1,50,48,51,-1,51,48,49,-1,50,51,52,-1,50,52,53,-1,53,52,54,-1,53,54,55,-1,55,54,56,-1,55,56,57,-1,57,56,58,-1,57,58,59,-1,59,58,60,-1,59,60,61,-1,61,60,62,-1,61,62,63,-1,64,63,65,-1,65,63,62,-1,64,65,66,-1,66,65,67,-1,66,67,68,-1,68,67,69,-1,68,69,70,-1,70,69,71,-1,70,71,72,-1,72,71,73,-1,72,73,74,-1,74,73,75,-1,74,75,76,-1,76,75,77,-1,78,76,79,-1,79,76,77,-1,1,78,3,-1,3,78,79,-1,76,78,1,-1,47,48,34,-1,0,66,68,-1,8,0,4,-1,4,0,5,-1,66,0,64,-1,64,0,48,-1,64,48,50,-1,8,10,0,-1,0,10,12,-1,0,12,48,-1,48,12,14,-1,68,70,0,-1,0,70,72,-1,0,72,1,-1,1,72,74,-1,1,74,76,-1,34,48,33,-1,14,16,48,-1,48,16,18,-1,48,18,33,-1,33,18,20,-1,33,20,23,-1,41,43,45,-1,53,61,50,-1,50,61,63,-1,50,63,64,-1,53,55,61,-1,61,55,57,-1,61,57,59,-1,23,25,33,-1,33,25,27,-1,33,27,31,-1,31,27,29,-1,41,45,39,-1,47,34,45,-1,45,34,37,-1,45,37,39,-1,69,67,2,-1,13,11,2,-1,69,2,71,-1,11,9,2,-1,2,9,6,-1,2,6,7,-1,67,65,2,-1,2,65,51,-1,2,51,49,-1,79,77,3,-1,3,77,75,-1,3,75,2,-1,2,75,73,-1,2,73,71,-1,35,32,21,-1,13,2,15,-1,15,2,49,-1,15,49,17,-1,54,60,56,-1,56,60,58,-1,65,62,51,-1,51,62,60,-1,51,60,52,-1,52,60,54,-1,44,35,46,-1,46,35,21,-1,46,21,49,-1,49,21,19,-1,49,19,17,-1,28,26,30,-1,30,26,24,-1,30,24,32,-1,32,24,22,-1,32,22,21,-1,44,42,40,-1,40,38,44,-1,44,38,36,-1,44,36,35,-1,
        ]
    }
}
Shape{
    appearance Appearance {
        material  Material 	{
            diffuseColor 1.0 0.8901960784313725 0.3411764705882353
            specularColor 0.8784313725490196 0.7843137254901961 0.30196078431372547
            ambientIntensity 0.8604
            transparency 0.0
            shininess 0.5
        }
    }
    geometry IndexedFaceSet {
        ccw TRUE
        solid FALSE
        coord DEF co Coordinate {
            point [
                -1.1122 0.5764 0.0128, -1.0531 0.5764 0.0128, -1.1122 0.5782 0.013, -1.0531 0.5782 0.013, -1.1122 0.5798 0.0137, -1.0531 0.5798 0.0137, -1.1122 0.5813 0.0148, -1.0531 0.5813 0.0148, -1.1122 0.5823 0.0162, -1.0531 0.5823 0.0162, -1.1122 0.583 0.0179, -1.0531 0.583 0.0179, -1.1122 0.5833 0.0197, -1.0531 0.5833 0.0197, -1.1122 0.583 0.0215, -1.0531 0.583 0.0215, -1.1122 0.5823 0.0231, -1.0531 0.5823 0.0231, -1.1122 0.5813 0.0246, -1.0531 0.5813 0.0246, -1.1122 0.5798 0.0257, -1.0531 0.5798 0.0257, -1.1122 0.5782 0.0263, -1.0531 0.5782 0.0263, -1.1122 0.5764 0.0266, -1.0531 0.5764 0.0266, -1.1122 0.6591 0.1457, -1.1122 0.5764 0.1457, -1.0531 0.6591 0.1457, -1.0531 0.5764 0.1457, -1.0531 0.6631 0.1451, -1.1122 0.6631 0.1451, -1.0531 0.6669 0.1436, -1.1122 0.6669 0.1436, -1.0531 0.6702 0.1411, -1.1122 0.6702 0.1411, -1.0531 0.6727 0.1378, -1.1122 0.6727 0.1378, -1.0531 0.6743 0.134, -1.1122 0.6743 0.134, -1.0531 0.6748 0.1299, -1.1122 0.6748 0.1299, -1.1122 0.6748 0.0669, -1.0531 0.6748 0.0669, -1.0531 0.6745 0.0649, -1.1122 0.6745 0.0649, -1.0531 0.6738 0.063, -1.1122 0.6738 0.063, -1.0531 0.6725 0.0614, -1.1122 0.6725 0.0614, -1.0531 0.6709 0.0601, -1.1122 0.6709 0.0601, -1.0531 0.669 0.0593, -1.1122 0.669 0.0593, -1.0531 0.6669 0.0591, -1.1122 0.6669 0.0591, -1.1122 0.6551 0.0591, -1.0531 0.6551 0.0591, -1.1122 0.6551 0.0118, -1.0531 0.6551 0.0118, -1.1122 0.6433 0.0, -1.0531 0.6433 0.0, -1.1122 0.5567 0.0, -1.0531 0.5567 0.0, -1.1122 0.5567 0.0079, -1.0531 0.5567 0.0079, -1.1122 0.5764 0.0079, -1.0531 0.5764 0.0079
            ]
        }
        coordIndex [
            0,1,2,-1,2,1,3,-1,2,3,4,-1,4,3,5,-1,4,5,6,-1,6,5,7,-1,6,7,8,-1,8,7,9,-1,8,9,10,-1,10,9,11,-1,10,11,12,-1,12,11,13,-1,12,13,14,-1,14,13,15,-1,14,15,16,-1,16,15,17,-1,16,17,18,-1,18,17,19,-1,18,19,20,-1,20,19,21,-1,20,21,22,-1,22,21,23,-1,22,23,24,-1,24,23,25,-1,26,27,28,-1,28,27,29,-1,26,28,30,-1,26,30,31,-1,31,30,32,-1,31,32,33,-1,33,32,34,-1,33,34,35,-1,35,34,36,-1,35,36,37,-1,37,36,38,-1,37,38,39,-1,39,38,40,-1,39,40,41,-1,42,41,43,-1,43,41,40,-1,42,43,44,-1,42,44,45,-1,45,44,46,-1,45,46,47,-1,47,46,48,-1,47,48,49,-1,49,48,50,-1,49,50,51,-1,51,50,52,-1,51,52,53,-1,53,52,54,-1,53,54,55,-1,56,55,57,-1,57,55,54,-1,58,56,59,-1,59,56,57,-1,60,58,61,-1,61,58,59,-1,62,60,63,-1,63,60,61,-1,64,62,65,-1,65,62,63,-1,22,24,27,-1,55,56,42,-1,56,27,26,-1,60,62,66,-1,66,62,64,-1,66,0,2,-1,33,35,37,-1,42,56,41,-1,41,56,26,-1,41,26,39,-1,49,42,47,-1,47,42,45,-1,49,51,42,-1,42,51,53,-1,42,53,55,-1,66,2,60,-1,60,2,4,-1,60,4,6,-1,39,26,37,-1,37,26,31,-1,37,31,33,-1,6,8,60,-1,60,8,10,-1,60,10,58,-1,58,10,12,-1,58,12,56,-1,56,12,14,-1,14,16,56,-1,56,16,18,-1,56,18,27,-1,27,18,20,-1,27,20,22,-1,28,29,57,-1,46,44,43,-1,65,63,67,-1,67,63,61,-1,43,54,52,-1,40,28,43,-1,43,28,57,-1,43,57,54,-1,9,7,61,-1,61,7,5,-1,61,5,67,-1,67,5,3,-1,67,3,1,-1,52,50,43,-1,43,50,48,-1,43,48,46,-1,36,34,32,-1,25,23,29,-1,29,23,21,-1,29,21,57,-1,57,21,19,-1,19,17,57,-1,57,17,15,-1,57,15,59,-1,59,15,13,-1,59,13,61,-1,61,13,11,-1,61,11,9,-1,40,38,28,-1,28,38,36,-1,28,36,30,-1,30,36,32,-1,
        ]
    }
}
Shape{
    appearance Appearance {
        material  Material 	{
            diffuseColor 0.48627450980392156 0.48627450980392156 0.48627450980392156
            specularColor 0.42745098039215684 0.42745098039215684 0.42745098039215684
            ambientIntensity 0.4863
            transparency 0.0
            shininess 0.5
        }
    }
    geometry IndexedFaceSet {
        ccw TRUE
        solid FALSE
        coord DEF co Coordinate {
            point [
                -1.0433 -0.0142 0.4213, -1.0433 -0.1717 0.4213, -1.0433 -0.0142 0.4803, -1.0433 -0.1717 0.4803, -1.122 -0.1717 0.4213, -1.122 -0.1717 0.4803, -1.122 -0.0142 0.4213, -1.122 -0.0142 0.4803
            ]
        }
        coordIndex [
            0,1,2,-1,2,1,3,-1,1,4,3,-1,3,4,5,-1,4,6,5,-1,5,6,7,-1,
        ]
    }
}
Shape{
    appearance Appearance {
        material  Material 	{
            diffuseColor 0.14901960784313725 0.14901960784313725 0.14901960784313725
            specularColor 0.12941176470588237 0.12941176470588237 0.12941176470588237
            ambientIntensity 0.149
            transparency 0.0
            shininess 0.5
        }
    }
    geometry IndexedFaceSet {
        ccw TRUE
        solid FALSE
        coord DEF co Coordinate {
            point [
                -1.0433 0.2221 0.4134, -1.0433 0.0646 0.4134, -1.0433 0.2221 0.4724, -1.0433 0.0646 0.4724, -1.122 0.0646 0.4134, -1.122 0.2221 0.4134, -1.122 0.0646 0.4724, -1.122 0.2221 0.4724
            ]
        }
        coordIndex [
            0,1,2,-1,2,1,3,-1,4,5,6,-1,6,5,7,-1,5,0,7,-1,7,0,2,-1,5,4,0,-1,0,4,1,-1,
        ]
    }
}
Shape{
    appearance Appearance {
        material  Material 	{
            diffuseColor 1.0 0.8901960784313725 0.3411764705882353
            specularColor 0.8784313725490196 0.7843137254901961 0.30196078431372547
            ambientIntensity 0.8604
            transparency 0.0
            shininess 0.5
        }
    }
    geometry IndexedFaceSet {
        ccw TRUE
        solid FALSE
        coord DEF co Coordinate {
            point [
                -1.1122 -0.0142 0.4213, -1.1122 0.2181 0.4213, -1.0531 -0.0142 0.4213, -1.0531 0.2181 0.4213, -1.0531 -0.1677 0.4409, -1.0531 -0.1677 0.4213, -1.0531 -0.1664 0.4511, -1.0531 0.1787 0.4803, -1.0531 0.2181 0.4409, -1.0531 -0.1385 0.479, -1.0531 -0.148 0.475, -1.0531 -0.1283 0.4803, -1.0531 -0.1562 0.4688, -1.0531 -0.1624 0.4606, -1.0531 0.2128 0.4606, -1.0531 0.2066 0.4688, -1.0531 0.1984 0.475, -1.0531 0.2168 0.4511, -1.0531 0.1889 0.479, -1.1122 0.2181 0.4409, -1.1122 0.2168 0.4511, -1.1122 0.1787 0.4803, -1.1122 -0.1283 0.4803, -1.1122 -0.1385 0.479, -1.1122 0.1984 0.475, -1.1122 0.2066 0.4688, -1.1122 0.2128 0.4606, -1.1122 0.1889 0.479, -1.1122 -0.1677 0.4213, -1.1122 -0.1677 0.4409, -1.1122 -0.1664 0.4511, -1.1122 -0.1624 0.4606, -1.1122 -0.1562 0.4688, -1.1122 -0.148 0.475
            ]
        }
        coordIndex [
            0,1,2,-1,2,1,3,-1,4,5,2,-1,4,2,6,-1,7,3,8,-1,9,10,2,-1,3,7,2,-1,2,7,11,-1,2,11,9,-1,10,12,2,-1,2,12,13,-1,2,13,6,-1,14,15,16,-1,8,17,7,-1,7,17,14,-1,7,14,18,-1,18,14,16,-1,8,3,19,-1,19,3,1,-1,20,19,21,-1,21,19,1,-1,21,1,22,-1,22,1,0,-1,22,0,23,-1,24,25,26,-1,20,21,26,-1,26,21,27,-1,26,27,24,-1,28,29,0,-1,0,29,30,-1,0,30,31,-1,31,32,0,-1,0,32,33,-1,0,33,23,-1,29,28,4,-1,4,28,5,-1,21,22,7,-1,7,22,11,-1,21,7,18,-1,21,18,27,-1,27,18,16,-1,27,16,24,-1,24,16,15,-1,24,15,25,-1,25,15,14,-1,25,14,26,-1,26,14,17,-1,26,17,20,-1,20,17,8,-1,20,8,19,-1,11,22,23,-1,11,23,9,-1,9,23,33,-1,9,33,10,-1,10,33,32,-1,10,32,12,-1,12,32,31,-1,12,31,13,-1,13,31,30,-1,13,30,6,-1,6,30,29,-1,6,29,4,-1,
        ]
    }
}
Shape{
    appearance Appearance {
        material  Material 	{
            diffuseColor 0.48627450980392156 0.48627450980392156 0.48627450980392156
            specularColor 0.42745098039215684 0.42745098039215684 0.42745098039215684
            ambientIntensity 0.4863
            transparency 0.0
            shininess 0.5
        }
    }
    geometry IndexedFaceSet {
        ccw TRUE
        solid FALSE
        coord DEF co Coordinate {
            point [
                1.2854 -0.6244 0.3425, 1.2854 -0.0535 0.3425, 1.2854 -0.6244 0.1457, 1.2854 -0.0535 0.1457, 1.1122 -0.0535 0.1457, 1.1122 -0.5654 0.1457, 1.0531 -0.5654 0.1457, -1.2854 -0.6244 0.1457, 0.8563 -0.5654 0.1457, 0.8563 -0.0535 0.1457, 0.7185 -0.0535 0.1457, 0.7185 -0.5654 0.1457, 0.6594 -0.5654 0.1457, 0.4626 -0.5654 0.1457, 0.4626 -0.0535 0.1457, 0.3248 -0.0535 0.1457, 0.9154 -0.5654 0.1457, 0.9154 -0.0535 0.1457, 1.0531 -0.0535 0.1457, 0.3248 -0.5654 0.1457, 0.2657 -0.5654 0.1457, 0.6594 -0.0535 0.1457, 0.5217 -0.0535 0.1457, 0.5217 -0.5654 0.1457, 0.0689 -0.5654 0.1457, 0.0689 -0.0535 0.1457, -0.0689 -0.0535 0.1457, -0.0689 -0.5654 0.1457, -0.128 -0.5654 0.1457, 0.128 -0.5654 0.1457, 0.128 -0.0535 0.1457, 0.2657 -0.0535 0.1457, -0.3248 -0.5654 0.1457, -0.3248 -0.0535 0.1457, -0.4626 -0.0535 0.1457, -0.4626 -0.5654 0.1457, -0.5217 -0.5654 0.1457, -0.2657 -0.5654 0.1457, -0.2657 -0.0535 0.1457, -0.128 -0.0535 0.1457, -0.7185 -0.5654 0.1457, -0.7185 -0.0535 0.1457, -0.8563 -0.0535 0.1457, -0.8563 -0.5654 0.1457, -0.9154 -0.5654 0.1457, -0.6594 -0.5654 0.1457, -0.6594 -0.0535 0.1457, -0.5217 -0.0535 0.1457, -1.1122 -0.0535 0.1457, -1.2854 -0.0535 0.1457, -1.1122 -0.5654 0.1457, -1.0531 -0.5654 0.1457, -1.0531 -0.0535 0.1457, -0.9154 -0.0535 0.1457, -1.2854 -0.6244 0.3425, -1.2854 -0.0535 0.3425, -1.1122 -0.0535 0.3425, -1.1122 -0.5654 0.3425, -1.0531 -0.5654 0.3425, -0.8563 -0.5654 0.3425, -0.8563 -0.0535 0.3425, -0.7185 -0.0535 0.3425, -0.7185 -0.5654 0.3425, -0.6594 -0.5654 0.3425, -0.4626 -0.5654 0.3425, -0.4626 -0.0535 0.3425, -0.3248 -0.0535 0.3425, -0.9154 -0.5654 0.3425, -0.9154 -0.0535 0.3425, -1.0531 -0.0535 0.3425, -0.3248 -0.5654 0.3425, -0.2657 -0.5654 0.3425, -0.6594 -0.0535 0.3425, -0.5217 -0.0535 0.3425, -0.5217 -0.5654 0.3425, -0.0689 -0.5654 0.3425, -0.0689 -0.0535 0.3425, 0.0689 -0.0535 0.3425, 0.0689 -0.5654 0.3425, 0.128 -0.5654 0.3425, -0.128 -0.5654 0.3425, -0.128 -0.0535 0.3425, -0.2657 -0.0535 0.3425, 0.3248 -0.5654 0.3425, 0.3248 -0.0535 0.3425, 0.4626 -0.0535 0.3425, 0.4626 -0.5654 0.3425, 0.5217 -0.5654 0.3425, 0.2657 -0.5654 0.3425, 0.2657 -0.0535 0.3425, 0.128 -0.0535 0.3425, 0.7185 -0.5654 0.3425, 0.7185 -0.0535 0.3425, 0.8563 -0.0535 0.3425, 0.8563 -0.5654 0.3425, 0.9154 -0.5654 0.3425, 0.6594 -0.5654 0.3425, 0.6594 -0.0535 0.3425, 0.5217 -0.0535 0.3425, 1.1122 -0.0535 0.3425, 1.1122 -0.5654 0.3425, 1.0531 -0.5654 0.3425, 1.0531 -0.0535 0.3425, 0.9154 -0.0535 0.3425, 1.1122 -0.0535 0.185, -1.1122 -0.0535 0.3031, 0.5217 -0.0535 0.3031, 0.7185 -0.0535 0.3031, 0.6594 -0.0535 0.3031, 0.5217 -0.0535 0.185, 0.4626 -0.0535 0.185, 0.4626 -0.0535 0.3031, 0.3248 -0.0535 0.3031, 1.1122 -0.0535 0.3031, 0.6594 -0.0535 0.185, 0.8563 -0.0535 0.3031, 0.7185 -0.0535 0.185, 0.2657 -0.0535 0.3031, 0.128 -0.0535 0.3031, 1.0531 -0.0535 0.185, 1.0531 -0.0535 0.3031, 0.9154 -0.0535 0.3031, 0.2657 -0.0535 0.185, 0.3248 -0.0535 0.185, 0.0689 -0.0535 0.3031, -0.0689 -0.0535 0.3031, 0.8563 -0.0535 0.185, 0.0689 -0.0535 0.185, 0.128 -0.0535 0.185, -0.128 -0.0535 0.3031, -0.2657 -0.0535 0.3031, 0.9154 -0.0535 0.185, -0.128 -0.0535 0.185, -0.0689 -0.0535 0.185, -0.3248 -0.0535 0.3031, -0.4626 -0.0535 0.3031, -0.3248 -0.0535 0.185, -0.2657 -0.0535 0.185, -0.5217 -0.0535 0.3031, -0.6594 -0.0535 0.3031, -0.5217 -0.0535 0.185, -0.4626 -0.0535 0.185, -0.7185 -0.0535 0.3031, -0.8563 -0.0535 0.3031, -0.7185 -0.0535 0.185, -0.6594 -0.0535 0.185, -0.9154 -0.0535 0.3031, -1.0531 -0.0535 0.3031, -0.9154 -0.0535 0.185, -0.8563 -0.0535 0.185, -1.1122 -0.0535 0.185, -1.0531 -0.0535 0.185
            ]
        }
        coordIndex [
            0,1,2,-1,2,1,3,-1,2,3,4,-1,4,5,2,-1,2,5,6,-1,2,6,7,-1,8,9,10,-1,11,12,7,-1,13,14,15,-1,10,11,8,-1,8,11,7,-1,8,7,16,-1,16,7,6,-1,16,6,17,-1,17,6,18,-1,19,20,7,-1,21,22,12,-1,12,22,23,-1,12,23,7,-1,7,23,13,-1,7,13,19,-1,19,13,15,-1,24,25,26,-1,27,28,7,-1,26,27,24,-1,24,27,7,-1,24,7,29,-1,29,7,20,-1,29,20,30,-1,30,20,31,-1,32,33,34,-1,35,36,7,-1,34,35,32,-1,32,35,7,-1,32,7,37,-1,37,7,28,-1,37,28,38,-1,38,28,39,-1,40,41,42,-1,43,44,7,-1,42,43,40,-1,40,43,7,-1,40,7,45,-1,45,7,36,-1,45,36,46,-1,46,36,47,-1,48,49,50,-1,50,49,7,-1,50,7,51,-1,51,7,44,-1,51,44,52,-1,52,44,53,-1,7,49,54,-1,54,49,55,-1,54,55,56,-1,56,57,54,-1,54,57,58,-1,54,58,0,-1,59,60,61,-1,62,63,0,-1,64,65,66,-1,61,62,59,-1,59,62,0,-1,59,0,67,-1,67,0,58,-1,67,58,68,-1,68,58,69,-1,70,71,0,-1,72,73,63,-1,63,73,74,-1,63,74,0,-1,0,74,64,-1,0,64,70,-1,70,64,66,-1,75,76,77,-1,78,79,0,-1,77,78,75,-1,75,78,0,-1,75,0,80,-1,80,0,71,-1,80,71,81,-1,81,71,82,-1,83,84,85,-1,86,87,0,-1,85,86,83,-1,83,86,0,-1,83,0,88,-1,88,0,79,-1,88,79,89,-1,89,79,90,-1,91,92,93,-1,94,95,0,-1,93,94,91,-1,91,94,0,-1,91,0,96,-1,96,0,87,-1,96,87,97,-1,97,87,98,-1,99,1,100,-1,100,1,0,-1,100,0,101,-1,101,0,95,-1,101,95,102,-1,102,95,103,-1,104,4,3,-1,105,56,55,-1,97,98,106,-1,93,92,107,-1,108,97,109,-1,109,97,106,-1,109,106,110,-1,110,106,111,-1,85,84,111,-1,111,84,112,-1,1,99,113,-1,22,21,114,-1,115,93,116,-1,116,93,107,-1,116,107,114,-1,114,107,108,-1,114,108,22,-1,22,108,109,-1,89,90,117,-1,117,90,118,-1,3,1,104,-1,104,1,113,-1,104,113,119,-1,119,113,120,-1,102,103,120,-1,120,103,121,-1,117,122,112,-1,112,122,123,-1,112,123,111,-1,111,123,15,-1,111,15,110,-1,110,15,14,-1,77,76,124,-1,124,76,125,-1,10,9,126,-1,124,127,118,-1,118,127,128,-1,118,128,117,-1,117,128,30,-1,117,30,122,-1,122,30,31,-1,81,82,129,-1,129,82,130,-1,116,10,115,-1,115,10,126,-1,115,126,121,-1,121,126,131,-1,121,131,120,-1,120,131,17,-1,120,17,119,-1,119,17,18,-1,129,132,125,-1,125,132,133,-1,125,133,124,-1,124,133,26,-1,124,26,127,-1,127,26,25,-1,66,65,134,-1,134,65,135,-1,134,136,130,-1,130,136,137,-1,130,137,129,-1,129,137,38,-1,129,38,132,-1,132,38,39,-1,73,72,138,-1,138,72,139,-1,138,140,135,-1,135,140,141,-1,135,141,134,-1,134,141,34,-1,134,34,136,-1,136,34,33,-1,61,60,142,-1,142,60,143,-1,142,144,139,-1,139,144,145,-1,139,145,138,-1,138,145,46,-1,138,46,140,-1,140,46,47,-1,68,69,146,-1,146,69,147,-1,146,148,143,-1,143,148,149,-1,143,149,142,-1,142,149,42,-1,142,42,144,-1,144,42,41,-1,49,48,150,-1,55,49,105,-1,105,49,150,-1,105,150,147,-1,147,150,151,-1,147,151,146,-1,146,151,52,-1,146,52,148,-1,148,52,53,-1,
        ]
    }
}
Shape{
    appearance Appearance {
        material  Material 	{
            diffuseColor 1.0 0.8901960784313725 0.3411764705882353
            specularColor 0.8784313725490196 0.7843137254901961 0.30196078431372547
            ambientIntensity 0.8604
            transparency 0.0
            shininess 0.5
        }
    }
    geometry IndexedFaceSet {
        ccw TRUE
        solid FALSE
        coord DEF co Coordinate {
            point [
                -1.0531 -0.526 0.185, -1.0531 -0.0535 0.185, -1.1122 -0.526 0.185, -1.1122 -0.0535 0.185, -1.1122 -0.0535 0.1457, -1.1122 -0.5654 0.1457, -1.1122 -0.5601 0.1654, -1.1122 -0.5538 0.1735, -1.1122 -0.5457 0.1798, -1.1122 -0.564 0.1559, -1.1122 -0.5362 0.1837, -1.0531 -0.0535 0.1457, -1.0531 -0.5654 0.1457, -1.0531 -0.564 0.1559, -1.0531 -0.5362 0.1837, -1.0531 -0.5457 0.1798, -1.0531 -0.5538 0.1735, -1.0531 -0.5601 0.1654, -1.1122 -0.0535 0.3425, -1.1122 -0.0535 0.3031, -1.1122 -0.5654 0.3425, -1.1122 -0.526 0.3031, -1.1122 -0.5457 0.3084, -1.1122 -0.5538 0.3147, -1.1122 -0.5601 0.3228, -1.1122 -0.5362 0.3045, -1.1122 -0.564 0.3323, -1.0531 -0.526 0.3031, -1.0531 -0.0535 0.3031, -1.0531 -0.5601 0.3228, -1.0531 -0.5538 0.3147, -1.0531 -0.5457 0.3084, -1.0531 -0.0535 0.3425, -1.0531 -0.5654 0.3425, -1.0531 -0.5362 0.3045, -1.0531 -0.564 0.3323
            ]
        }
        coordIndex [
            0,1,2,-1,2,1,3,-1,3,4,2,-1,2,4,5,-1,6,7,8,-1,5,9,2,-1,2,9,6,-1,2,6,10,-1,10,6,8,-1,11,1,12,-1,12,1,0,-1,12,0,13,-1,0,14,15,-1,15,16,0,-1,0,16,17,-1,0,17,13,-1,18,19,20,-1,20,19,21,-1,22,23,24,-1,21,25,20,-1,20,25,22,-1,20,22,26,-1,26,22,24,-1,21,19,27,-1,27,19,28,-1,29,30,31,-1,28,32,27,-1,27,32,33,-1,27,33,34,-1,34,33,31,-1,31,33,35,-1,31,35,29,-1,33,20,26,-1,33,26,35,-1,35,26,24,-1,35,24,29,-1,29,24,23,-1,29,23,30,-1,30,23,22,-1,30,22,31,-1,31,22,25,-1,31,25,34,-1,34,25,21,-1,34,21,27,-1,0,2,10,-1,0,10,14,-1,14,10,8,-1,14,8,15,-1,15,8,7,-1,15,7,16,-1,16,7,6,-1,16,6,17,-1,17,6,9,-1,17,9,13,-1,13,9,5,-1,13,5,12,-1,
        ]
    }
}
Shape{
    appearance Appearance {
        material  Material 	{
            diffuseColor 0.9411764705882353 0.9411764705882353 0.9411764705882353
            specularColor 0.8274509803921568 0.8274509803921568 0.8274509803921568
            ambientIntensity 0.9412
            transparency 0.0
            shininess 0.5
        }
    }
    geometry IndexedFaceSet {
        ccw TRUE
        solid FALSE
        coord DEF co Coordinate {
            point [
                1.4764 -0.6441 0.2756, 1.4764 -0.2504 0.2756, 1.4173 -0.6441 0.2756, 1.4173 -0.2504 0.2756, 1.4764 -0.6441 0.1772, 1.4173 -0.6441 0.1772, 1.4764 -0.5929 0.1772, 1.4173 -0.5929 0.1772, 1.4764 -0.5909 0.1769, 1.4173 -0.5909 0.1769, 1.4764 -0.589 0.1761, 1.4173 -0.589 0.1761, 1.4764 -0.5873 0.1749, 1.4173 -0.5873 0.1749, 1.4764 -0.5861 0.1732, 1.4173 -0.5861 0.1732, 1.4764 -0.5853 0.1713, 1.4173 -0.5853 0.1713, 1.4764 -0.585 0.1693, 1.4173 -0.585 0.1693, 1.4764 -0.585 0.0669, 1.4173 -0.585 0.0669, 1.4173 -0.5848 0.0649, 1.4764 -0.5848 0.0649, 1.4173 -0.584 0.063, 1.4764 -0.584 0.063, 1.4173 -0.5827 0.0614, 1.4764 -0.5827 0.0614, 1.4173 -0.5811 0.0601, 1.4764 -0.5811 0.0601, 1.4173 -0.5792 0.0593, 1.4764 -0.5792 0.0593, 1.4173 -0.5772 0.0591, 1.4764 -0.5772 0.0591, 1.4764 -0.4866 0.0591, 1.4173 -0.4866 0.0591, 1.4764 -0.4866 0.0079, 1.4173 -0.4866 0.0079, 1.4173 -0.4863 0.0058, 1.4764 -0.4863 0.0058, 1.4173 -0.4856 0.0039, 1.4764 -0.4856 0.0039, 1.4173 -0.4843 0.0023, 1.4764 -0.4843 0.0023, 1.4173 -0.4827 0.0011, 1.4764 -0.4827 0.0011, 1.4173 -0.4808 0.0003, 1.4764 -0.4808 0.0003, 1.4173 -0.4787 0.0, 1.4764 -0.4787 0.0, 1.4764 -0.2976 0.0, 1.4173 -0.2976 0.0, 1.4173 -0.2956 0.0003, 1.4764 -0.2956 0.0003, 1.4173 -0.2937 0.0011, 1.4764 -0.2937 0.0011, 1.4173 -0.2921 0.0023, 1.4764 -0.2921 0.0023, 1.4173 -0.2908 0.0039, 1.4764 -0.2908 0.0039, 1.4173 -0.29 0.0058, 1.4764 -0.29 0.0058, 1.4173 -0.2898 0.0079, 1.4764 -0.2898 0.0079, 1.4764 -0.2898 0.1496, 1.4173 -0.2898 0.1496, 1.4764 -0.2895 0.1516, 1.4173 -0.2895 0.1516, 1.4764 -0.2887 0.1535, 1.4173 -0.2887 0.1535, 1.4764 -0.2875 0.1552, 1.4173 -0.2875 0.1552, 1.4764 -0.2858 0.1564, 1.4173 -0.2858 0.1564, 1.4764 -0.2839 0.1572, 1.4173 -0.2839 0.1572, 1.4764 -0.2819 0.1575, 1.4173 -0.2819 0.1575, 1.4764 -0.2504 0.1575, 1.4173 -0.2504 0.1575
            ]
        }
        coordIndex [
            0,1,2,-1,2,1,3,-1,4,0,5,-1,5,0,2,-1,6,4,7,-1,7,4,5,-1,6,7,8,-1,8,7,9,-1,8,9,10,-1,10,9,11,-1,10,11,12,-1,12,11,13,-1,12,13,14,-1,14,13,15,-1,14,15,16,-1,16,15,17,-1,16,17,18,-1,18,17,19,-1,20,18,21,-1,21,18,19,-1,20,21,22,-1,20,22,23,-1,23,22,24,-1,23,24,25,-1,25,24,26,-1,25,26,27,-1,27,26,28,-1,27,28,29,-1,29,28,30,-1,29,30,31,-1,31,30,32,-1,31,32,33,-1,34,33,35,-1,35,33,32,-1,36,34,37,-1,37,34,35,-1,36,37,38,-1,36,38,39,-1,39,38,40,-1,39,40,41,-1,41,40,42,-1,41,42,43,-1,43,42,44,-1,43,44,45,-1,45,44,46,-1,45,46,47,-1,47,46,48,-1,47,48,49,-1,50,49,51,-1,51,49,48,-1,50,51,52,-1,50,52,53,-1,53,52,54,-1,53,54,55,-1,55,54,56,-1,55,56,57,-1,57,56,58,-1,57,58,59,-1,59,58,60,-1,59,60,61,-1,61,60,62,-1,61,62,63,-1,64,63,65,-1,65,63,62,-1,64,65,66,-1,66,65,67,-1,66,67,68,-1,68,67,69,-1,68,69,70,-1,70,69,71,-1,70,71,72,-1,72,71,73,-1,72,73,74,-1,74,73,75,-1,74,75,76,-1,76,75,77,-1,78,76,79,-1,79,76,77,-1,14,16,1,-1,70,72,1,-1,14,1,12,-1,72,74,1,-1,1,74,76,-1,1,76,78,-1,16,18,1,-1,1,18,33,-1,1,33,34,-1,4,6,0,-1,0,6,8,-1,0,8,1,-1,1,8,10,-1,1,10,12,-1,49,50,63,-1,70,1,68,-1,68,1,34,-1,68,34,66,-1,29,23,27,-1,27,23,25,-1,18,20,33,-1,33,20,23,-1,33,23,31,-1,31,23,29,-1,39,49,36,-1,36,49,63,-1,36,63,34,-1,34,63,64,-1,34,64,66,-1,55,57,53,-1,53,57,59,-1,53,59,50,-1,50,59,61,-1,50,61,63,-1,39,41,43,-1,43,45,39,-1,39,45,47,-1,39,47,49,-1,7,5,2,-1,37,35,48,-1,3,17,15,-1,75,3,77,-1,77,3,79,-1,17,3,19,-1,19,3,35,-1,19,35,32,-1,75,73,3,-1,3,73,71,-1,3,71,35,-1,35,71,69,-1,15,13,3,-1,3,13,11,-1,3,11,2,-1,2,11,9,-1,2,9,7,-1,48,35,51,-1,69,67,35,-1,35,67,65,-1,35,65,51,-1,51,65,62,-1,51,62,60,-1,42,40,38,-1,30,22,32,-1,32,22,21,-1,32,21,19,-1,30,28,22,-1,22,28,26,-1,22,26,24,-1,60,58,51,-1,51,58,56,-1,51,56,52,-1,52,56,54,-1,42,38,44,-1,37,48,38,-1,38,48,46,-1,38,46,44,-1,
        ]
    }
}
Shape{
    appearance Appearance {
        material  Material 	{
            diffuseColor 0.48627450980392156 0.48627450980392156 0.48627450980392156
            specularColor 0.42745098039215684 0.42745098039215684 0.42745098039215684
            ambientIntensity 0.4863
            transparency 0.0
            shininess 0.5
        }
    }
    geometry IndexedFaceSet {
        ccw TRUE
        solid FALSE
        coord DEF co Coordinate {
            point [
                -0.8465 -0.0142 0.4213, -0.8465 -0.1717 0.4213, -0.8465 -0.0142 0.4803, -0.8465 -0.1717 0.4803, -0.9252 -0.1717 0.4213, -0.9252 -0.1717 0.4803, -0.9252 -0.0142 0.4213, -0.9252 -0.0142 0.4803, 1.122 -0.0142 0.4213, 1.122 -0.1717 0.4213, 1.122 -0.0142 0.4803, 1.122 -0.1717 0.4803, 1.0433 -0.1717 0.4213, 1.0433 -0.1717 0.4803, 1.0433 -0.0142 0.4213, 1.0433 -0.0142 0.4803, 0.9252 -0.0142 0.4213, 0.9252 -0.1717 0.4213, 0.9252 -0.0142 0.4803, 0.9252 -0.1717 0.4803, 0.8465 -0.1717 0.4213, 0.8465 -0.1717 0.4803, 0.8465 -0.0142 0.4213, 0.8465 -0.0142 0.4803, 0.7283 -0.0142 0.4213, 0.7283 -0.1717 0.4213, 0.7283 -0.0142 0.4803, 0.7283 -0.1717 0.4803, 0.6496 -0.1717 0.4213, 0.6496 -0.1717 0.4803, 0.6496 -0.0142 0.4213, 0.6496 -0.0142 0.4803, 0.5315 -0.0142 0.4213, 0.5315 -0.1717 0.4213, 0.5315 -0.0142 0.4803, 0.5315 -0.1717 0.4803, 0.4528 -0.1717 0.4213, 0.4528 -0.1717 0.4803, 0.4528 -0.0142 0.4213, 0.4528 -0.0142 0.4803, 0.3346 -0.0142 0.4213, 0.3346 -0.1717 0.4213, 0.3346 -0.0142 0.4803, 0.3346 -0.1717 0.4803, 0.2559 -0.1717 0.4213, 0.2559 -0.1717 0.4803, 0.2559 -0.0142 0.4213, 0.2559 -0.0142 0.4803, 0.1378 -0.0142 0.4213, 0.1378 -0.1717 0.4213, 0.1378 -0.0142 0.4803, 0.1378 -0.1717 0.4803, 0.0591 -0.1717 0.4213, 0.0591 -0.1717 0.4803, 0.0591 -0.0142 0.4213, 0.0591 -0.0142 0.4803, -0.0591 -0.0142 0.4213, -0.0591 -0.1717 0.4213, -0.0591 -0.0142 0.4803, -0.0591 -0.1717 0.4803, -0.1378 -0.1717 0.4213, -0.1378 -0.1717 0.4803, -0.1378 -0.0142 0.4213, -0.1378 -0.0142 0.4803, -0.2559 -0.0142 0.4213, -0.2559 -0.1717 0.4213, -0.2559 -0.0142 0.4803, -0.2559 -0.1717 0.4803, -0.3346 -0.1717 0.4213, -0.3346 -0.1717 0.4803, -0.3346 -0.0142 0.4213, -0.3346 -0.0142 0.4803, -0.4528 -0.0142 0.4213, -0.4528 -0.1717 0.4213, -0.4528 -0.0142 0.4803, -0.4528 -0.1717 0.4803, -0.5315 -0.1717 0.4213, -0.5315 -0.1717 0.4803, -0.5315 -0.0142 0.4213, -0.5315 -0.0142 0.4803, -0.6496 -0.0142 0.4213, -0.6496 -0.1717 0.4213, -0.6496 -0.0142 0.4803, -0.6496 -0.1717 0.4803, -0.7283 -0.1717 0.4213, -0.7283 -0.1717 0.4803, -0.7283 -0.0142 0.4213, -0.7283 -0.0142 0.4803
            ]
        }
        coordIndex [
            0,1,2,-1,2,1,3,-1,1,4,3,-1,3,4,5,-1,4,6,5,-1,5,6,7,-1,8,9,10,-1,10,9,11,-1,9,12,11,-1,11,12,13,-1,12,14,13,-1,13,14,15,-1,16,17,18,-1,18,17,19,-1,17,20,19,-1,19,20,21,-1,20,22,21,-1,21,22,23,-1,24,25,26,-1,26,25,27,-1,25,28,27,-1,27,28,29,-1,28,30,29,-1,29,30,31,-1,32,33,34,-1,34,33,35,-1,33,36,35,-1,35,36,37,-1,36,38,37,-1,37,38,39,-1,40,41,42,-1,42,41,43,-1,41,44,43,-1,43,44,45,-1,44,46,45,-1,45,46,47,-1,48,49,50,-1,50,49,51,-1,49,52,51,-1,51,52,53,-1,52,54,53,-1,53,54,55,-1,56,57,58,-1,58,57,59,-1,57,60,59,-1,59,60,61,-1,60,62,61,-1,61,62,63,-1,64,65,66,-1,66,65,67,-1,65,68,67,-1,67,68,69,-1,68,70,69,-1,69,70,71,-1,72,73,74,-1,74,73,75,-1,73,76,75,-1,75,76,77,-1,76,78,77,-1,77,78,79,-1,80,81,82,-1,82,81,83,-1,81,84,83,-1,83,84,85,-1,84,86,85,-1,85,86,87,-1,
        ]
    }
}
Shape{
    appearance Appearance {
        material  Material 	{
            diffuseColor 0.14901960784313725 0.14901960784313725 0.14901960784313725
            specularColor 0.12941176470588237 0.12941176470588237 0.12941176470588237
            ambientIntensity 0.149
            transparency 0.0
            shininess 0.5
        }
    }
    geometry IndexedFaceSet {
        ccw TRUE
        solid FALSE
        coord DEF co Coordinate {
            point [
                -0.8465 0.2221 0.4134, -0.8465 0.0646 0.4134, -0.8465 0.2221 0.4724, -0.8465 0.0646 0.4724, -0.9252 0.0646 0.4134, -0.9252 0.2221 0.4134, -0.9252 0.0646 0.4724, -0.9252 0.2221 0.4724, 1.122 0.2221 0.4134, 1.122 0.0646 0.4134, 1.122 0.2221 0.4724, 1.122 0.0646 0.4724, 1.0433 0.0646 0.4134, 1.0433 0.2221 0.4134, 1.0433 0.0646 0.4724, 1.0433 0.2221 0.4724, 0.9252 0.2221 0.4134, 0.9252 0.0646 0.4134, 0.9252 0.2221 0.4724, 0.9252 0.0646 0.4724, 0.8465 0.0646 0.4134, 0.8465 0.2221 0.4134, 0.8465 0.0646 0.4724, 0.8465 0.2221 0.4724, 0.7283 0.2221 0.4134, 0.7283 0.0646 0.4134, 0.7283 0.2221 0.4724, 0.7283 0.0646 0.4724, 0.6496 0.0646 0.4134, 0.6496 0.2221 0.4134, 0.6496 0.0646 0.4724, 0.6496 0.2221 0.4724, 0.5315 0.2221 0.4134, 0.5315 0.0646 0.4134, 0.5315 0.2221 0.4724, 0.5315 0.0646 0.4724, 0.4528 0.0646 0.4134, 0.4528 0.2221 0.4134, 0.4528 0.0646 0.4724, 0.4528 0.2221 0.4724, 0.3346 0.2221 0.4134, 0.3346 0.0646 0.4134, 0.3346 0.2221 0.4724, 0.3346 0.0646 0.4724, 0.2559 0.0646 0.4134, 0.2559 0.2221 0.4134, 0.2559 0.0646 0.4724, 0.2559 0.2221 0.4724, 0.1378 0.2221 0.4134, 0.1378 0.0646 0.4134, 0.1378 0.2221 0.4724, 0.1378 0.0646 0.4724, 0.0591 0.0646 0.4134, 0.0591 0.2221 0.4134, 0.0591 0.0646 0.4724, 0.0591 0.2221 0.4724, -0.0591 0.2221 0.4134, -0.0591 0.0646 0.4134, -0.0591 0.2221 0.4724, -0.0591 0.0646 0.4724, -0.1378 0.0646 0.4134, -0.1378 0.2221 0.4134, -0.1378 0.0646 0.4724, -0.1378 0.2221 0.4724, -0.2559 0.2221 0.4134, -0.2559 0.0646 0.4134, -0.2559 0.2221 0.4724, -0.2559 0.0646 0.4724, -0.3346 0.0646 0.4134, -0.3346 0.2221 0.4134, -0.3346 0.0646 0.4724, -0.3346 0.2221 0.4724, -0.4528 0.2221 0.4134, -0.4528 0.0646 0.4134, -0.4528 0.2221 0.4724, -0.4528 0.0646 0.4724, -0.5315 0.0646 0.4134, -0.5315 0.2221 0.4134, -0.5315 0.0646 0.4724, -0.5315 0.2221 0.4724, -0.6496 0.2221 0.4134, -0.6496 0.0646 0.4134, -0.6496 0.2221 0.4724, -0.6496 0.0646 0.4724, -0.7283 0.0646 0.4134, -0.7283 0.2221 0.4134, -0.7283 0.0646 0.4724, -0.7283 0.2221 0.4724
            ]
        }
        coordIndex [
            0,1,2,-1,2,1,3,-1,4,5,6,-1,6,5,7,-1,5,0,7,-1,7,0,2,-1,5,4,0,-1,0,4,1,-1,8,9,10,-1,10,9,11,-1,12,13,14,-1,14,13,15,-1,13,8,15,-1,15,8,10,-1,13,12,8,-1,8,12,9,-1,16,17,18,-1,18,17,19,-1,20,21,22,-1,22,21,23,-1,21,16,23,-1,23,16,18,-1,21,20,16,-1,16,20,17,-1,24,25,26,-1,26,25,27,-1,28,29,30,-1,30,29,31,-1,29,24,31,-1,31,24,26,-1,29,28,24,-1,24,28,25,-1,32,33,34,-1,34,33,35,-1,36,37,38,-1,38,37,39,-1,37,32,39,-1,39,32,34,-1,37,36,32,-1,32,36,33,-1,40,41,42,-1,42,41,43,-1,44,45,46,-1,46,45,47,-1,45,40,47,-1,47,40,42,-1,45,44,40,-1,40,44,41,-1,48,49,50,-1,50,49,51,-1,52,53,54,-1,54,53,55,-1,53,48,55,-1,55,48,50,-1,53,52,48,-1,48,52,49,-1,56,57,58,-1,58,57,59,-1,60,61,62,-1,62,61,63,-1,61,56,63,-1,63,56,58,-1,61,60,56,-1,56,60,57,-1,64,65,66,-1,66,65,67,-1,68,69,70,-1,70,69,71,-1,69,64,71,-1,71,64,66,-1,69,68,64,-1,64,68,65,-1,72,73,74,-1,74,73,75,-1,76,77,78,-1,78,77,79,-1,77,72,79,-1,79,72,74,-1,77,76,72,-1,72,76,73,-1,80,81,82,-1,82,81,83,-1,84,85,86,-1,86,85,87,-1,85,80,87,-1,87,80,82,-1,85,84,80,-1,80,84,81,-1,
        ]
    }
}
Shape{
    appearance Appearance {
        material  Material 	{
            diffuseColor 1.0 0.8901960784313725 0.3411764705882353
            specularColor 0.8784313725490196 0.7843137254901961 0.30196078431372547
            ambientIntensity 0.8604
            transparency 0.0
            shininess 0.5
        }
    }
    geometry IndexedFaceSet {
        ccw TRUE
        solid FALSE
        coord DEF co Coordinate {
            point [
                -0.9154 0.5764 0.0128, -0.8563 0.5764 0.0128, -0.9154 0.5782 0.013, -0.8563 0.5782 0.013, -0.9154 0.5798 0.0137, -0.8563 0.5798 0.0137, -0.9154 0.5813 0.0148, -0.8563 0.5813 0.0148, -0.9154 0.5823 0.0162, -0.8563 0.5823 0.0162, -0.9154 0.583 0.0179, -0.8563 0.583 0.0179, -0.9154 0.5833 0.0197, -0.8563 0.5833 0.0197, -0.9154 0.583 0.0215, -0.8563 0.583 0.0215, -0.9154 0.5823 0.0231, -0.8563 0.5823 0.0231, -0.9154 0.5813 0.0246, -0.8563 0.5813 0.0246, -0.9154 0.5798 0.0257, -0.8563 0.5798 0.0257, -0.9154 0.5782 0.0263, -0.8563 0.5782 0.0263, -0.9154 0.5764 0.0266, -0.8563 0.5764 0.0266, -0.9154 0.6591 0.1457, -0.9154 0.5764 0.1457, -0.8563 0.6591 0.1457, -0.8563 0.5764 0.1457, -0.8563 0.6631 0.1451, -0.9154 0.6631 0.1451, -0.8563 0.6669 0.1436, -0.9154 0.6669 0.1436, -0.8563 0.6702 0.1411, -0.9154 0.6702 0.1411, -0.8563 0.6727 0.1378, -0.9154 0.6727 0.1378, -0.8563 0.6743 0.134, -0.9154 0.6743 0.134, -0.8563 0.6748 0.1299, -0.9154 0.6748 0.1299, -0.9154 0.6748 0.0669, -0.8563 0.6748 0.0669, -0.8563 0.6745 0.0649, -0.9154 0.6745 0.0649, -0.8563 0.6738 0.063, -0.9154 0.6738 0.063, -0.8563 0.6725 0.0614, -0.9154 0.6725 0.0614, -0.8563 0.6709 0.0601, -0.9154 0.6709 0.0601, -0.8563 0.669 0.0593, -0.9154 0.669 0.0593, -0.8563 0.6669 0.0591, -0.9154 0.6669 0.0591, -0.9154 0.6551 0.0591, -0.8563 0.6551 0.0591, -0.9154 0.6551 0.0118, -0.8563 0.6551 0.0118, -0.9154 0.6433 0.0, -0.8563 0.6433 0.0, -0.9154 0.5567 0.0, -0.8563 0.5567 0.0, -0.9154 0.5567 0.0079, -0.8563 0.5567 0.0079, -0.9154 0.5764 0.0079, -0.8563 0.5764 0.0079, -0.7185 0.5764 0.0128, -0.6594 0.5764 0.0128, -0.7185 0.5782 0.013, -0.6594 0.5782 0.013, -0.7185 0.5798 0.0137, -0.6594 0.5798 0.0137, -0.7185 0.5813 0.0148, -0.6594 0.5813 0.0148, -0.7185 0.5823 0.0162, -0.6594 0.5823 0.0162, -0.7185 0.583 0.0179, -0.6594 0.583 0.0179, -0.7185 0.5833 0.0197, -0.6594 0.5833 0.0197, -0.7185 0.583 0.0215, -0.6594 0.583 0.0215, -0.7185 0.5823 0.0231, -0.6594 0.5823 0.0231, -0.7185 0.5813 0.0246, -0.6594 0.5813 0.0246, -0.7185 0.5798 0.0257, -0.6594 0.5798 0.0257, -0.7185 0.5782 0.0263, -0.6594 0.5782 0.0263, -0.7185 0.5764 0.0266, -0.6594 0.5764 0.0266, -0.7185 0.6591 0.1457, -0.7185 0.5764 0.1457, -0.6594 0.6591 0.1457, -0.6594 0.5764 0.1457, -0.6594 0.6631 0.1451, -0.7185 0.6631 0.1451, -0.6594 0.6669 0.1436, -0.7185 0.6669 0.1436, -0.6594 0.6702 0.1411, -0.7185 0.6702 0.1411, -0.6594 0.6727 0.1378, -0.7185 0.6727 0.1378, -0.6594 0.6743 0.134, -0.7185 0.6743 0.134, -0.6594 0.6748 0.1299, -0.7185 0.6748 0.1299, -0.7185 0.6748 0.0669, -0.6594 0.6748 0.0669, -0.6594 0.6745 0.0649, -0.7185 0.6745 0.0649, -0.6594 0.6738 0.063, -0.7185 0.6738 0.063, -0.6594 0.6725 0.0614, -0.7185 0.6725 0.0614, -0.6594 0.6709 0.0601, -0.7185 0.6709 0.0601, -0.6594 0.669 0.0593, -0.7185 0.669 0.0593, -0.6594 0.6669 0.0591, -0.7185 0.6669 0.0591, -0.7185 0.6551 0.0591, -0.6594 0.6551 0.0591, -0.7185 0.6551 0.0118, -0.6594 0.6551 0.0118, -0.7185 0.6433 0.0, -0.6594 0.6433 0.0, -0.7185 0.5567 0.0, -0.6594 0.5567 0.0, -0.7185 0.5567 0.0079, -0.6594 0.5567 0.0079, -0.7185 0.5764 0.0079, -0.6594 0.5764 0.0079, -0.5217 0.5764 0.0128, -0.4626 0.5764 0.0128, -0.5217 0.5782 0.013, -0.4626 0.5782 0.013, -0.5217 0.5798 0.0137, -0.4626 0.5798 0.0137, -0.5217 0.5813 0.0148, -0.4626 0.5813 0.0148, -0.5217 0.5823 0.0162, -0.4626 0.5823 0.0162, -0.5217 0.583 0.0179, -0.4626 0.583 0.0179, -0.5217 0.5833 0.0197, -0.4626 0.5833 0.0197, -0.5217 0.583 0.0215, -0.4626 0.583 0.0215, -0.5217 0.5823 0.0231, -0.4626 0.5823 0.0231, -0.5217 0.5813 0.0246, -0.4626 0.5813 0.0246, -0.5217 0.5798 0.0257, -0.4626 0.5798 0.0257, -0.5217 0.5782 0.0263, -0.4626 0.5782 0.0263, -0.5217 0.5764 0.0266, -0.4626 0.5764 0.0266, -0.5217 0.6591 0.1457, -0.5217 0.5764 0.1457, -0.4626 0.6591 0.1457, -0.4626 0.5764 0.1457, -0.4626 0.6631 0.1451, -0.5217 0.6631 0.1451, -0.4626 0.6669 0.1436, -0.5217 0.6669 0.1436, -0.4626 0.6702 0.1411, -0.5217 0.6702 0.1411, -0.4626 0.6727 0.1378, -0.5217 0.6727 0.1378, -0.4626 0.6743 0.134, -0.5217 0.6743 0.134, -0.4626 0.6748 0.1299, -0.5217 0.6748 0.1299, -0.5217 0.6748 0.0669, -0.4626 0.6748 0.0669, -0.4626 0.6745 0.0649, -0.5217 0.6745 0.0649, -0.4626 0.6738 0.063, -0.5217 0.6738 0.063, -0.4626 0.6725 0.0614, -0.5217 0.6725 0.0614, -0.4626 0.6709 0.0601, -0.5217 0.6709 0.0601, -0.4626 0.669 0.0593, -0.5217 0.669 0.0593, -0.4626 0.6669 0.0591, -0.5217 0.6669 0.0591, -0.5217 0.6551 0.0591, -0.4626 0.6551 0.0591, -0.5217 0.6551 0.0118, -0.4626 0.6551 0.0118, -0.5217 0.6433 0.0, -0.4626 0.6433 0.0, -0.5217 0.5567 0.0, -0.4626 0.5567 0.0, -0.5217 0.5567 0.0079, -0.4626 0.5567 0.0079, -0.5217 0.5764 0.0079, -0.4626 0.5764 0.0079, -0.3248 0.5764 0.0128, -0.2657 0.5764 0.0128, -0.3248 0.5782 0.013, -0.2657 0.5782 0.013, -0.3248 0.5798 0.0137, -0.2657 0.5798 0.0137, -0.3248 0.5813 0.0148, -0.2657 0.5813 0.0148, -0.3248 0.5823 0.0162, -0.2657 0.5823 0.0162, -0.3248 0.583 0.0179, -0.2657 0.583 0.0179, -0.3248 0.5833 0.0197, -0.2657 0.5833 0.0197, -0.3248 0.583 0.0215, -0.2657 0.583 0.0215, -0.3248 0.5823 0.0231, -0.2657 0.5823 0.0231, -0.3248 0.5813 0.0246, -0.2657 0.5813 0.0246, -0.3248 0.5798 0.0257, -0.2657 0.5798 0.0257, -0.3248 0.5782 0.0263, -0.2657 0.5782 0.0263, -0.3248 0.5764 0.0266, -0.2657 0.5764 0.0266, -0.3248 0.6591 0.1457, -0.3248 0.5764 0.1457, -0.2657 0.6591 0.1457, -0.2657 0.5764 0.1457, -0.2657 0.6631 0.1451, -0.3248 0.6631 0.1451, -0.2657 0.6669 0.1436, -0.3248 0.6669 0.1436, -0.2657 0.6702 0.1411, -0.3248 0.6702 0.1411, -0.2657 0.6727 0.1378, -0.3248 0.6727 0.1378, -0.2657 0.6743 0.134, -0.3248 0.6743 0.134, -0.2657 0.6748 0.1299, -0.3248 0.6748 0.1299, -0.3248 0.6748 0.0669, -0.2657 0.6748 0.0669, -0.2657 0.6745 0.0649, -0.3248 0.6745 0.0649, -0.2657 0.6738 0.063, -0.3248 0.6738 0.063, -0.2657 0.6725 0.0614, -0.3248 0.6725 0.0614, -0.2657 0.6709 0.0601, -0.3248 0.6709 0.0601, -0.2657 0.669 0.0593, -0.3248 0.669 0.0593, -0.2657 0.6669 0.0591, -0.3248 0.6669 0.0591, -0.3248 0.6551 0.0591, -0.2657 0.6551 0.0591, -0.3248 0.6551 0.0118, -0.2657 0.6551 0.0118, -0.3248 0.6433 0.0, -0.2657 0.6433 0.0, -0.3248 0.5567 0.0, -0.2657 0.5567 0.0, -0.3248 0.5567 0.0079, -0.2657 0.5567 0.0079, -0.3248 0.5764 0.0079, -0.2657 0.5764 0.0079, -0.128 0.5764 0.0128, -0.0689 0.5764 0.0128, -0.128 0.5782 0.013, -0.0689 0.5782 0.013, -0.128 0.5798 0.0137, -0.0689 0.5798 0.0137, -0.128 0.5813 0.0148, -0.0689 0.5813 0.0148, -0.128 0.5823 0.0162, -0.0689 0.5823 0.0162, -0.128 0.583 0.0179, -0.0689 0.583 0.0179, -0.128 0.5833 0.0197, -0.0689 0.5833 0.0197, -0.128 0.583 0.0215, -0.0689 0.583 0.0215, -0.128 0.5823 0.0231, -0.0689 0.5823 0.0231, -0.128 0.5813 0.0246, -0.0689 0.5813 0.0246, -0.128 0.5798 0.0257, -0.0689 0.5798 0.0257, -0.128 0.5782 0.0263, -0.0689 0.5782 0.0263, -0.128 0.5764 0.0266, -0.0689 0.5764 0.0266, -0.128 0.6591 0.1457, -0.128 0.5764 0.1457, -0.0689 0.6591 0.1457, -0.0689 0.5764 0.1457, -0.0689 0.6631 0.1451, -0.128 0.6631 0.1451, -0.0689 0.6669 0.1436, -0.128 0.6669 0.1436, -0.0689 0.6702 0.1411, -0.128 0.6702 0.1411, -0.0689 0.6727 0.1378, -0.128 0.6727 0.1378, -0.0689 0.6743 0.134, -0.128 0.6743 0.134, -0.0689 0.6748 0.1299, -0.128 0.6748 0.1299, -0.128 0.6748 0.0669, -0.0689 0.6748 0.0669, -0.0689 0.6745 0.0649, -0.128 0.6745 0.0649, -0.0689 0.6738 0.063, -0.128 0.6738 0.063, -0.0689 0.6725 0.0614, -0.128 0.6725 0.0614, -0.0689 0.6709 0.0601, -0.128 0.6709 0.0601, -0.0689 0.669 0.0593, -0.128 0.669 0.0593, -0.0689 0.6669 0.0591, -0.128 0.6669 0.0591, -0.128 0.6551 0.0591, -0.0689 0.6551 0.0591, -0.128 0.6551 0.0118, -0.0689 0.6551 0.0118, -0.128 0.6433 0.0, -0.0689 0.6433 0.0, -0.128 0.5567 0.0, -0.0689 0.5567 0.0, -0.128 0.5567 0.0079, -0.0689 0.5567 0.0079, -0.128 0.5764 0.0079, -0.0689 0.5764 0.0079, 0.0689 0.5764 0.0128, 0.128 0.5764 0.0128, 0.0689 0.5782 0.013, 0.128 0.5782 0.013, 0.0689 0.5798 0.0137, 0.128 0.5798 0.0137, 0.0689 0.5813 0.0148, 0.128 0.5813 0.0148, 0.0689 0.5823 0.0162, 0.128 0.5823 0.0162, 0.0689 0.583 0.0179, 0.128 0.583 0.0179, 0.0689 0.5833 0.0197, 0.128 0.5833 0.0197, 0.0689 0.583 0.0215, 0.128 0.583 0.0215, 0.0689 0.5823 0.0231, 0.128 0.5823 0.0231, 0.0689 0.5813 0.0246, 0.128 0.5813 0.0246, 0.0689 0.5798 0.0257, 0.128 0.5798 0.0257, 0.0689 0.5782 0.0263, 0.128 0.5782 0.0263, 0.0689 0.5764 0.0266, 0.128 0.5764 0.0266, 0.0689 0.6591 0.1457, 0.0689 0.5764 0.1457, 0.128 0.6591 0.1457, 0.128 0.5764 0.1457, 0.128 0.6631 0.1451, 0.0689 0.6631 0.1451, 0.128 0.6669 0.1436, 0.0689 0.6669 0.1436, 0.128 0.6702 0.1411, 0.0689 0.6702 0.1411, 0.128 0.6727 0.1378, 0.0689 0.6727 0.1378, 0.128 0.6743 0.134, 0.0689 0.6743 0.134, 0.128 0.6748 0.1299, 0.0689 0.6748 0.1299, 0.0689 0.6748 0.0669, 0.128 0.6748 0.0669, 0.128 0.6745 0.0649, 0.0689 0.6745 0.0649, 0.128 0.6738 0.063, 0.0689 0.6738 0.063, 0.128 0.6725 0.0614, 0.0689 0.6725 0.0614, 0.128 0.6709 0.0601, 0.0689 0.6709 0.0601, 0.128 0.669 0.0593, 0.0689 0.669 0.0593, 0.128 0.6669 0.0591, 0.0689 0.6669 0.0591, 0.0689 0.6551 0.0591, 0.128 0.6551 0.0591, 0.0689 0.6551 0.0118, 0.128 0.6551 0.0118, 0.0689 0.6433 0.0, 0.128 0.6433 0.0, 0.0689 0.5567 0.0, 0.128 0.5567 0.0, 0.0689 0.5567 0.0079, 0.128 0.5567 0.0079, 0.0689 0.5764 0.0079, 0.128 0.5764 0.0079, 0.2657 0.5764 0.0128, 0.3248 0.5764 0.0128, 0.2657 0.5782 0.013, 0.3248 0.5782 0.013, 0.2657 0.5798 0.0137, 0.3248 0.5798 0.0137, 0.2657 0.5813 0.0148, 0.3248 0.5813 0.0148, 0.2657 0.5823 0.0162, 0.3248 0.5823 0.0162, 0.2657 0.583 0.0179, 0.3248 0.583 0.0179, 0.2657 0.5833 0.0197, 0.3248 0.5833 0.0197, 0.2657 0.583 0.0215, 0.3248 0.583 0.0215, 0.2657 0.5823 0.0231, 0.3248 0.5823 0.0231, 0.2657 0.5813 0.0246, 0.3248 0.5813 0.0246, 0.2657 0.5798 0.0257, 0.3248 0.5798 0.0257, 0.2657 0.5782 0.0263, 0.3248 0.5782 0.0263, 0.2657 0.5764 0.0266, 0.3248 0.5764 0.0266, 0.2657 0.6591 0.1457, 0.2657 0.5764 0.1457, 0.3248 0.6591 0.1457, 0.3248 0.5764 0.1457, 0.3248 0.6631 0.1451, 0.2657 0.6631 0.1451, 0.3248 0.6669 0.1436, 0.2657 0.6669 0.1436, 0.3248 0.6702 0.1411, 0.2657 0.6702 0.1411, 0.3248 0.6727 0.1378, 0.2657 0.6727 0.1378, 0.3248 0.6743 0.134, 0.2657 0.6743 0.134, 0.3248 0.6748 0.1299, 0.2657 0.6748 0.1299, 0.2657 0.6748 0.0669, 0.3248 0.6748 0.0669, 0.3248 0.6745 0.0649, 0.2657 0.6745 0.0649, 0.3248 0.6738 0.063, 0.2657 0.6738 0.063, 0.3248 0.6725 0.0614, 0.2657 0.6725 0.0614, 0.3248 0.6709 0.0601, 0.2657 0.6709 0.0601, 0.3248 0.669 0.0593, 0.2657 0.669 0.0593, 0.3248 0.6669 0.0591, 0.2657 0.6669 0.0591, 0.2657 0.6551 0.0591, 0.3248 0.6551 0.0591, 0.2657 0.6551 0.0118, 0.3248 0.6551 0.0118, 0.2657 0.6433 0.0, 0.3248 0.6433 0.0, 0.2657 0.5567 0.0, 0.3248 0.5567 0.0, 0.2657 0.5567 0.0079, 0.3248 0.5567 0.0079, 0.2657 0.5764 0.0079, 0.3248 0.5764 0.0079, 0.4626 0.5764 0.0128, 0.5217 0.5764 0.0128, 0.4626 0.5782 0.013, 0.5217 0.5782 0.013, 0.4626 0.5798 0.0137, 0.5217 0.5798 0.0137, 0.4626 0.5813 0.0148, 0.5217 0.5813 0.0148, 0.4626 0.5823 0.0162, 0.5217 0.5823 0.0162, 0.4626 0.583 0.0179, 0.5217 0.583 0.0179, 0.4626 0.5833 0.0197, 0.5217 0.5833 0.0197, 0.4626 0.583 0.0215, 0.5217 0.583 0.0215, 0.4626 0.5823 0.0231, 0.5217 0.5823 0.0231, 0.4626 0.5813 0.0246, 0.5217 0.5813 0.0246, 0.4626 0.5798 0.0257, 0.5217 0.5798 0.0257, 0.4626 0.5782 0.0263, 0.5217 0.5782 0.0263, 0.4626 0.5764 0.0266, 0.5217 0.5764 0.0266, 0.4626 0.6591 0.1457, 0.4626 0.5764 0.1457, 0.5217 0.6591 0.1457, 0.5217 0.5764 0.1457, 0.5217 0.6631 0.1451, 0.4626 0.6631 0.1451, 0.5217 0.6669 0.1436, 0.4626 0.6669 0.1436, 0.5217 0.6702 0.1411, 0.4626 0.6702 0.1411, 0.5217 0.6727 0.1378, 0.4626 0.6727 0.1378, 0.5217 0.6743 0.134, 0.4626 0.6743 0.134, 0.5217 0.6748 0.1299, 0.4626 0.6748 0.1299, 0.4626 0.6748 0.0669, 0.5217 0.6748 0.0669, 0.5217 0.6745 0.0649, 0.4626 0.6745 0.0649, 0.5217 0.6738 0.063, 0.4626 0.6738 0.063, 0.5217 0.6725 0.0614, 0.4626 0.6725 0.0614, 0.5217 0.6709 0.0601, 0.4626 0.6709 0.0601, 0.5217 0.669 0.0593, 0.4626 0.669 0.0593, 0.5217 0.6669 0.0591, 0.4626 0.6669 0.0591, 0.4626 0.6551 0.0591, 0.5217 0.6551 0.0591, 0.4626 0.6551 0.0118, 0.5217 0.6551 0.0118, 0.4626 0.6433 0.0, 0.5217 0.6433 0.0, 0.4626 0.5567 0.0, 0.5217 0.5567 0.0, 0.4626 0.5567 0.0079, 0.5217 0.5567 0.0079, 0.4626 0.5764 0.0079, 0.5217 0.5764 0.0079, 0.6594 0.5764 0.0128, 0.7185 0.5764 0.0128, 0.6594 0.5782 0.013, 0.7185 0.5782 0.013, 0.6594 0.5798 0.0137, 0.7185 0.5798 0.0137, 0.6594 0.5813 0.0148, 0.7185 0.5813 0.0148, 0.6594 0.5823 0.0162, 0.7185 0.5823 0.0162, 0.6594 0.583 0.0179, 0.7185 0.583 0.0179, 0.6594 0.5833 0.0197, 0.7185 0.5833 0.0197, 0.6594 0.583 0.0215, 0.7185 0.583 0.0215, 0.6594 0.5823 0.0231, 0.7185 0.5823 0.0231, 0.6594 0.5813 0.0246, 0.7185 0.5813 0.0246, 0.6594 0.5798 0.0257, 0.7185 0.5798 0.0257, 0.6594 0.5782 0.0263, 0.7185 0.5782 0.0263, 0.6594 0.5764 0.0266, 0.7185 0.5764 0.0266, 0.6594 0.6591 0.1457, 0.6594 0.5764 0.1457, 0.7185 0.6591 0.1457, 0.7185 0.5764 0.1457, 0.7185 0.6631 0.1451, 0.6594 0.6631 0.1451, 0.7185 0.6669 0.1436, 0.6594 0.6669 0.1436, 0.7185 0.6702 0.1411, 0.6594 0.6702 0.1411, 0.7185 0.6727 0.1378, 0.6594 0.6727 0.1378, 0.7185 0.6743 0.134, 0.6594 0.6743 0.134, 0.7185 0.6748 0.1299, 0.6594 0.6748 0.1299, 0.6594 0.6748 0.0669, 0.7185 0.6748 0.0669, 0.7185 0.6745 0.0649, 0.6594 0.6745 0.0649, 0.7185 0.6738 0.063, 0.6594 0.6738 0.063, 0.7185 0.6725 0.0614, 0.6594 0.6725 0.0614, 0.7185 0.6709 0.0601, 0.6594 0.6709 0.0601, 0.7185 0.669 0.0593, 0.6594 0.669 0.0593, 0.7185 0.6669 0.0591, 0.6594 0.6669 0.0591, 0.6594 0.6551 0.0591, 0.7185 0.6551 0.0591, 0.6594 0.6551 0.0118, 0.7185 0.6551 0.0118, 0.6594 0.6433 0.0, 0.7185 0.6433 0.0, 0.6594 0.5567 0.0, 0.7185 0.5567 0.0, 0.6594 0.5567 0.0079, 0.7185 0.5567 0.0079, 0.6594 0.5764 0.0079, 0.7185 0.5764 0.0079, 0.8563 0.5764 0.0128, 0.9154 0.5764 0.0128, 0.8563 0.5782 0.013, 0.9154 0.5782 0.013, 0.8563 0.5798 0.0137, 0.9154 0.5798 0.0137, 0.8563 0.5813 0.0148, 0.9154 0.5813 0.0148, 0.8563 0.5823 0.0162, 0.9154 0.5823 0.0162, 0.8563 0.583 0.0179, 0.9154 0.583 0.0179, 0.8563 0.5833 0.0197, 0.9154 0.5833 0.0197, 0.8563 0.583 0.0215, 0.9154 0.583 0.0215, 0.8563 0.5823 0.0231, 0.9154 0.5823 0.0231, 0.8563 0.5813 0.0246, 0.9154 0.5813 0.0246, 0.8563 0.5798 0.0257, 0.9154 0.5798 0.0257, 0.8563 0.5782 0.0263, 0.9154 0.5782 0.0263, 0.8563 0.5764 0.0266, 0.9154 0.5764 0.0266, 0.8563 0.6591 0.1457, 0.8563 0.5764 0.1457, 0.9154 0.6591 0.1457, 0.9154 0.5764 0.1457, 0.9154 0.6631 0.1451, 0.8563 0.6631 0.1451, 0.9154 0.6669 0.1436, 0.8563 0.6669 0.1436, 0.9154 0.6702 0.1411, 0.8563 0.6702 0.1411, 0.9154 0.6727 0.1378, 0.8563 0.6727 0.1378, 0.9154 0.6743 0.134, 0.8563 0.6743 0.134, 0.9154 0.6748 0.1299, 0.8563 0.6748 0.1299, 0.8563 0.6748 0.0669, 0.9154 0.6748 0.0669, 0.9154 0.6745 0.0649, 0.8563 0.6745 0.0649, 0.9154 0.6738 0.063, 0.8563 0.6738 0.063, 0.9154 0.6725 0.0614, 0.8563 0.6725 0.0614, 0.9154 0.6709 0.0601, 0.8563 0.6709 0.0601, 0.9154 0.669 0.0593, 0.8563 0.669 0.0593, 0.9154 0.6669 0.0591, 0.8563 0.6669 0.0591, 0.8563 0.6551 0.0591, 0.9154 0.6551 0.0591, 0.8563 0.6551 0.0118, 0.9154 0.6551 0.0118, 0.8563 0.6433 0.0, 0.9154 0.6433 0.0, 0.8563 0.5567 0.0, 0.9154 0.5567 0.0, 0.8563 0.5567 0.0079, 0.9154 0.5567 0.0079, 0.8563 0.5764 0.0079, 0.9154 0.5764 0.0079, 1.0531 0.5764 0.0128, 1.1122 0.5764 0.0128, 1.0531 0.5782 0.013, 1.1122 0.5782 0.013, 1.0531 0.5798 0.0137, 1.1122 0.5798 0.0137, 1.0531 0.5813 0.0148, 1.1122 0.5813 0.0148, 1.0531 0.5823 0.0162, 1.1122 0.5823 0.0162, 1.0531 0.583 0.0179, 1.1122 0.583 0.0179, 1.0531 0.5833 0.0197, 1.1122 0.5833 0.0197, 1.0531 0.583 0.0215, 1.1122 0.583 0.0215, 1.0531 0.5823 0.0231, 1.1122 0.5823 0.0231, 1.0531 0.5813 0.0246, 1.1122 0.5813 0.0246, 1.0531 0.5798 0.0257, 1.1122 0.5798 0.0257, 1.0531 0.5782 0.0263, 1.1122 0.5782 0.0263, 1.0531 0.5764 0.0266, 1.1122 0.5764 0.0266, 1.0531 0.6591 0.1457, 1.0531 0.5764 0.1457, 1.1122 0.6591 0.1457, 1.1122 0.5764 0.1457, 1.1122 0.6631 0.1451, 1.0531 0.6631 0.1451, 1.1122 0.6669 0.1436, 1.0531 0.6669 0.1436, 1.1122 0.6702 0.1411, 1.0531 0.6702 0.1411, 1.1122 0.6727 0.1378, 1.0531 0.6727 0.1378, 1.1122 0.6743 0.134, 1.0531 0.6743 0.134, 1.1122 0.6748 0.1299, 1.0531 0.6748 0.1299, 1.0531 0.6748 0.0669, 1.1122 0.6748 0.0669, 1.1122 0.6745 0.0649, 1.0531 0.6745 0.0649, 1.1122 0.6738 0.063, 1.0531 0.6738 0.063, 1.1122 0.6725 0.0614, 1.0531 0.6725 0.0614, 1.1122 0.6709 0.0601, 1.0531 0.6709 0.0601, 1.1122 0.669 0.0593, 1.0531 0.669 0.0593, 1.1122 0.6669 0.0591, 1.0531 0.6669 0.0591, 1.0531 0.6551 0.0591, 1.1122 0.6551 0.0591, 1.0531 0.6551 0.0118, 1.1122 0.6551 0.0118, 1.0531 0.6433 0.0, 1.1122 0.6433 0.0, 1.0531 0.5567 0.0, 1.1122 0.5567 0.0, 1.0531 0.5567 0.0079, 1.1122 0.5567 0.0079, 1.0531 0.5764 0.0079, 1.1122 0.5764 0.0079, -0.9154 -0.0142 0.4213, -0.9154 0.2181 0.4213, -0.8563 -0.0142 0.4213, -0.8563 0.2181 0.4213, -0.8563 -0.1677 0.4409, -0.8563 -0.1677 0.4213, -0.8563 -0.1664 0.4511, -0.8563 0.1787 0.4803, -0.8563 0.2181 0.4409, -0.8563 -0.1385 0.479, -0.8563 -0.148 0.475, -0.8563 -0.1283 0.4803, -0.8563 -0.1562 0.4688, -0.8563 -0.1624 0.4606, -0.8563 0.2128 0.4606, -0.8563 0.2066 0.4688, -0.8563 0.1984 0.475, -0.8563 0.2168 0.4511, -0.8563 0.1889 0.479, -0.9154 0.2181 0.4409, -0.9154 0.2168 0.4511, -0.9154 0.1787 0.4803, -0.9154 -0.1283 0.4803, -0.9154 -0.1385 0.479, -0.9154 0.1984 0.475, -0.9154 0.2066 0.4688, -0.9154 0.2128 0.4606, -0.9154 0.1889 0.479, -0.9154 -0.1677 0.4213, -0.9154 -0.1677 0.4409, -0.9154 -0.1664 0.4511, -0.9154 -0.1624 0.4606, -0.9154 -0.1562 0.4688, -0.9154 -0.148 0.475, -0.7185 -0.0142 0.4213, -0.7185 0.2181 0.4213, -0.6594 -0.0142 0.4213, -0.6594 0.2181 0.4213, -0.6594 -0.1677 0.4409, -0.6594 -0.1677 0.4213, -0.6594 -0.1664 0.4511, -0.6594 0.1787 0.4803, -0.6594 0.2181 0.4409, -0.6594 -0.1385 0.479, -0.6594 -0.148 0.475, -0.6594 -0.1283 0.4803, -0.6594 -0.1562 0.4688, -0.6594 -0.1624 0.4606, -0.6594 0.2128 0.4606, -0.6594 0.2066 0.4688, -0.6594 0.1984 0.475, -0.6594 0.2168 0.4511, -0.6594 0.1889 0.479, -0.7185 0.2181 0.4409, -0.7185 0.2168 0.4511, -0.7185 0.1787 0.4803, -0.7185 -0.1283 0.4803, -0.7185 -0.1385 0.479, -0.7185 0.1984 0.475, -0.7185 0.2066 0.4688, -0.7185 0.2128 0.4606, -0.7185 0.1889 0.479, -0.7185 -0.1677 0.4213, -0.7185 -0.1677 0.4409, -0.7185 -0.1664 0.4511, -0.7185 -0.1624 0.4606, -0.7185 -0.1562 0.4688, -0.7185 -0.148 0.475, -0.5217 -0.0142 0.4213, -0.5217 0.2181 0.4213, -0.4626 -0.0142 0.4213, -0.4626 0.2181 0.4213, -0.4626 -0.1677 0.4409, -0.4626 -0.1677 0.4213, -0.4626 -0.1664 0.4511, -0.4626 0.1787 0.4803, -0.4626 0.2181 0.4409, -0.4626 -0.1385 0.479, -0.4626 -0.148 0.475, -0.4626 -0.1283 0.4803, -0.4626 -0.1562 0.4688, -0.4626 -0.1624 0.4606, -0.4626 0.2128 0.4606, -0.4626 0.2066 0.4688, -0.4626 0.1984 0.475, -0.4626 0.2168 0.4511, -0.4626 0.1889 0.479, -0.5217 0.2181 0.4409, -0.5217 0.2168 0.4511, -0.5217 0.1787 0.4803, -0.5217 -0.1283 0.4803, -0.5217 -0.1385 0.479, -0.5217 0.1984 0.475, -0.5217 0.2066 0.4688, -0.5217 0.2128 0.4606, -0.5217 0.1889 0.479, -0.5217 -0.1677 0.4213, -0.5217 -0.1677 0.4409, -0.5217 -0.1664 0.4511, -0.5217 -0.1624 0.4606, -0.5217 -0.1562 0.4688, -0.5217 -0.148 0.475, -0.3248 -0.0142 0.4213, -0.3248 0.2181 0.4213, -0.2657 -0.0142 0.4213, -0.2657 0.2181 0.4213, -0.2657 -0.1677 0.4409, -0.2657 -0.1677 0.4213, -0.2657 -0.1664 0.4511, -0.2657 0.1787 0.4803, -0.2657 0.2181 0.4409, -0.2657 -0.1385 0.479, -0.2657 -0.148 0.475, -0.2657 -0.1283 0.4803, -0.2657 -0.1562 0.4688, -0.2657 -0.1624 0.4606, -0.2657 0.2128 0.4606, -0.2657 0.2066 0.4688, -0.2657 0.1984 0.475, -0.2657 0.2168 0.4511, -0.2657 0.1889 0.479, -0.3248 0.2181 0.4409, -0.3248 0.2168 0.4511, -0.3248 0.1787 0.4803, -0.3248 -0.1283 0.4803, -0.3248 -0.1385 0.479, -0.3248 0.1984 0.475, -0.3248 0.2066 0.4688, -0.3248 0.2128 0.4606, -0.3248 0.1889 0.479, -0.3248 -0.1677 0.4213, -0.3248 -0.1677 0.4409, -0.3248 -0.1664 0.4511, -0.3248 -0.1624 0.4606, -0.3248 -0.1562 0.4688, -0.3248 -0.148 0.475, -0.128 -0.0142 0.4213, -0.128 0.2181 0.4213, -0.0689 -0.0142 0.4213, -0.0689 0.2181 0.4213, -0.0689 -0.1677 0.4409, -0.0689 -0.1677 0.4213, -0.0689 -0.1664 0.4511, -0.0689 0.1787 0.4803, -0.0689 0.2181 0.4409, -0.0689 -0.1385 0.479, -0.0689 -0.148 0.475, -0.0689 -0.1283 0.4803, -0.0689 -0.1562 0.4688, -0.0689 -0.1624 0.4606, -0.0689 0.2128 0.4606, -0.0689 0.2066 0.4688, -0.0689 0.1984 0.475, -0.0689 0.2168 0.4511, -0.0689 0.1889 0.479, -0.128 0.2181 0.4409, -0.128 0.2168 0.4511, -0.128 0.1787 0.4803, -0.128 -0.1283 0.4803, -0.128 -0.1385 0.479, -0.128 0.1984 0.475, -0.128 0.2066 0.4688, -0.128 0.2128 0.4606, -0.128 0.1889 0.479, -0.128 -0.1677 0.4213, -0.128 -0.1677 0.4409, -0.128 -0.1664 0.4511, -0.128 -0.1624 0.4606, -0.128 -0.1562 0.4688, -0.128 -0.148 0.475, 0.0689 -0.0142 0.4213, 0.0689 0.2181 0.4213, 0.128 -0.0142 0.4213, 0.128 0.2181 0.4213, 0.128 -0.1677 0.4409, 0.128 -0.1677 0.4213, 0.128 -0.1664 0.4511, 0.128 0.1787 0.4803, 0.128 0.2181 0.4409, 0.128 -0.1385 0.479, 0.128 -0.148 0.475, 0.128 -0.1283 0.4803, 0.128 -0.1562 0.4688, 0.128 -0.1624 0.4606, 0.128 0.2128 0.4606, 0.128 0.2066 0.4688, 0.128 0.1984 0.475, 0.128 0.2168 0.4511, 0.128 0.1889 0.479, 0.0689 0.2181 0.4409, 0.0689 0.2168 0.4511, 0.0689 0.1787 0.4803, 0.0689 -0.1283 0.4803, 0.0689 -0.1385 0.479, 0.0689 0.1984 0.475, 0.0689 0.2066 0.4688, 0.0689 0.2128 0.4606, 0.0689 0.1889 0.479, 0.0689 -0.1677 0.4213, 0.0689 -0.1677 0.4409, 0.0689 -0.1664 0.4511, 0.0689 -0.1624 0.4606, 0.0689 -0.1562 0.4688, 0.0689 -0.148 0.475, 0.2657 -0.0142 0.4213, 0.2657 0.2181 0.4213, 0.3248 -0.0142 0.4213, 0.3248 0.2181 0.4213, 0.3248 -0.1677 0.4409, 0.3248 -0.1677 0.4213, 0.3248 -0.1664 0.4511, 0.3248 0.1787 0.4803, 0.3248 0.2181 0.4409, 0.3248 -0.1385 0.479, 0.3248 -0.148 0.475, 0.3248 -0.1283 0.4803, 0.3248 -0.1562 0.4688, 0.3248 -0.1624 0.4606, 0.3248 0.2128 0.4606, 0.3248 0.2066 0.4688, 0.3248 0.1984 0.475, 0.3248 0.2168 0.4511, 0.3248 0.1889 0.479, 0.2657 0.2181 0.4409, 0.2657 0.2168 0.4511, 0.2657 0.1787 0.4803, 0.2657 -0.1283 0.4803, 0.2657 -0.1385 0.479, 0.2657 0.1984 0.475, 0.2657 0.2066 0.4688, 0.2657 0.2128 0.4606, 0.2657 0.1889 0.479, 0.2657 -0.1677 0.4213, 0.2657 -0.1677 0.4409, 0.2657 -0.1664 0.4511, 0.2657 -0.1624 0.4606, 0.2657 -0.1562 0.4688, 0.2657 -0.148 0.475, 0.4626 -0.0142 0.4213, 0.4626 0.2181 0.4213, 0.5217 -0.0142 0.4213, 0.5217 0.2181 0.4213, 0.5217 -0.1677 0.4409, 0.5217 -0.1677 0.4213, 0.5217 -0.1664 0.4511, 0.5217 0.1787 0.4803, 0.5217 0.2181 0.4409, 0.5217 -0.1385 0.479, 0.5217 -0.148 0.475, 0.5217 -0.1283 0.4803, 0.5217 -0.1562 0.4688, 0.5217 -0.1624 0.4606, 0.5217 0.2128 0.4606, 0.5217 0.2066 0.4688, 0.5217 0.1984 0.475, 0.5217 0.2168 0.4511, 0.5217 0.1889 0.479, 0.4626 0.2181 0.4409, 0.4626 0.2168 0.4511, 0.4626 0.1787 0.4803, 0.4626 -0.1283 0.4803, 0.4626 -0.1385 0.479, 0.4626 0.1984 0.475, 0.4626 0.2066 0.4688, 0.4626 0.2128 0.4606, 0.4626 0.1889 0.479, 0.4626 -0.1677 0.4213, 0.4626 -0.1677 0.4409, 0.4626 -0.1664 0.4511, 0.4626 -0.1624 0.4606, 0.4626 -0.1562 0.4688, 0.4626 -0.148 0.475, 0.6594 -0.0142 0.4213, 0.6594 0.2181 0.4213, 0.7185 -0.0142 0.4213, 0.7185 0.2181 0.4213, 0.7185 -0.1677 0.4409, 0.7185 -0.1677 0.4213, 0.7185 -0.1664 0.4511, 0.7185 0.1787 0.4803, 0.7185 0.2181 0.4409, 0.7185 -0.1385 0.479, 0.7185 -0.148 0.475, 0.7185 -0.1283 0.4803, 0.7185 -0.1562 0.4688, 0.7185 -0.1624 0.4606, 0.7185 0.2128 0.4606, 0.7185 0.2066 0.4688, 0.7185 0.1984 0.475, 0.7185 0.2168 0.4511, 0.7185 0.1889 0.479, 0.6594 0.2181 0.4409, 0.6594 0.2168 0.4511, 0.6594 0.1787 0.4803, 0.6594 -0.1283 0.4803, 0.6594 -0.1385 0.479, 0.6594 0.1984 0.475, 0.6594 0.2066 0.4688, 0.6594 0.2128 0.4606, 0.6594 0.1889 0.479, 0.6594 -0.1677 0.4213, 0.6594 -0.1677 0.4409, 0.6594 -0.1664 0.4511, 0.6594 -0.1624 0.4606, 0.6594 -0.1562 0.4688, 0.6594 -0.148 0.475, 0.8563 -0.0142 0.4213, 0.8563 0.2181 0.4213, 0.9154 -0.0142 0.4213, 0.9154 0.2181 0.4213, 0.9154 -0.1677 0.4409, 0.9154 -0.1677 0.4213, 0.9154 -0.1664 0.4511, 0.9154 0.1787 0.4803, 0.9154 0.2181 0.4409, 0.9154 -0.1385 0.479, 0.9154 -0.148 0.475, 0.9154 -0.1283 0.4803, 0.9154 -0.1562 0.4688, 0.9154 -0.1624 0.4606, 0.9154 0.2128 0.4606, 0.9154 0.2066 0.4688, 0.9154 0.1984 0.475, 0.9154 0.2168 0.4511, 0.9154 0.1889 0.479, 0.8563 0.2181 0.4409, 0.8563 0.2168 0.4511, 0.8563 0.1787 0.4803, 0.8563 -0.1283 0.4803, 0.8563 -0.1385 0.479, 0.8563 0.1984 0.475, 0.8563 0.2066 0.4688, 0.8563 0.2128 0.4606, 0.8563 0.1889 0.479, 0.8563 -0.1677 0.4213, 0.8563 -0.1677 0.4409, 0.8563 -0.1664 0.4511, 0.8563 -0.1624 0.4606, 0.8563 -0.1562 0.4688, 0.8563 -0.148 0.475, 1.0531 -0.0142 0.4213, 1.0531 0.2181 0.4213, 1.1122 -0.0142 0.4213, 1.1122 0.2181 0.4213, 1.1122 -0.1677 0.4409, 1.1122 -0.1677 0.4213, 1.1122 -0.1664 0.4511, 1.1122 0.1787 0.4803, 1.1122 0.2181 0.4409, 1.1122 -0.1385 0.479, 1.1122 -0.148 0.475, 1.1122 -0.1283 0.4803, 1.1122 -0.1562 0.4688, 1.1122 -0.1624 0.4606, 1.1122 0.2128 0.4606, 1.1122 0.2066 0.4688, 1.1122 0.1984 0.475, 1.1122 0.2168 0.4511, 1.1122 0.1889 0.479, 1.0531 0.2181 0.4409, 1.0531 0.2168 0.4511, 1.0531 0.1787 0.4803, 1.0531 -0.1283 0.4803, 1.0531 -0.1385 0.479, 1.0531 0.1984 0.475, 1.0531 0.2066 0.4688, 1.0531 0.2128 0.4606, 1.0531 0.1889 0.479, 1.0531 -0.1677 0.4213, 1.0531 -0.1677 0.4409, 1.0531 -0.1664 0.4511, 1.0531 -0.1624 0.4606, 1.0531 -0.1562 0.4688, 1.0531 -0.148 0.475, -0.8563 -0.526 0.185, -0.8563 -0.0535 0.185, -0.9154 -0.526 0.185, -0.9154 -0.0535 0.185, -0.9154 -0.0535 0.1457, -0.9154 -0.5654 0.1457, -0.9154 -0.5601 0.1654, -0.9154 -0.5538 0.1735, -0.9154 -0.5457 0.1798, -0.9154 -0.564 0.1559, -0.9154 -0.5362 0.1837, -0.8563 -0.0535 0.1457, -0.8563 -0.5654 0.1457, -0.8563 -0.564 0.1559, -0.8563 -0.5362 0.1837, -0.8563 -0.5457 0.1798, -0.8563 -0.5538 0.1735, -0.8563 -0.5601 0.1654, -0.9154 -0.0535 0.3425, -0.9154 -0.0535 0.3031, -0.9154 -0.5654 0.3425, -0.9154 -0.526 0.3031, -0.9154 -0.5457 0.3084, -0.9154 -0.5538 0.3147, -0.9154 -0.5601 0.3228, -0.9154 -0.5362 0.3045, -0.9154 -0.564 0.3323, -0.8563 -0.526 0.3031, -0.8563 -0.0535 0.3031, -0.8563 -0.5601 0.3228, -0.8563 -0.5538 0.3147, -0.8563 -0.5457 0.3084, -0.8563 -0.0535 0.3425, -0.8563 -0.5654 0.3425, -0.8563 -0.5362 0.3045, -0.8563 -0.564 0.3323, -0.6594 -0.526 0.185, -0.6594 -0.0535 0.185, -0.7185 -0.526 0.185, -0.7185 -0.0535 0.185, -0.7185 -0.0535 0.1457, -0.7185 -0.5654 0.1457, -0.7185 -0.5601 0.1654, -0.7185 -0.5538 0.1735, -0.7185 -0.5457 0.1798, -0.7185 -0.564 0.1559, -0.7185 -0.5362 0.1837, -0.6594 -0.0535 0.1457, -0.6594 -0.5654 0.1457, -0.6594 -0.564 0.1559, -0.6594 -0.5362 0.1837, -0.6594 -0.5457 0.1798, -0.6594 -0.5538 0.1735, -0.6594 -0.5601 0.1654, -0.7185 -0.0535 0.3425, -0.7185 -0.0535 0.3031, -0.7185 -0.5654 0.3425, -0.7185 -0.526 0.3031, -0.7185 -0.5457 0.3084, -0.7185 -0.5538 0.3147, -0.7185 -0.5601 0.3228, -0.7185 -0.5362 0.3045, -0.7185 -0.564 0.3323, -0.6594 -0.526 0.3031, -0.6594 -0.0535 0.3031, -0.6594 -0.5601 0.3228, -0.6594 -0.5538 0.3147, -0.6594 -0.5457 0.3084, -0.6594 -0.0535 0.3425, -0.6594 -0.5654 0.3425, -0.6594 -0.5362 0.3045, -0.6594 -0.564 0.3323, -0.4626 -0.526 0.185, -0.4626 -0.0535 0.185, -0.5217 -0.526 0.185, -0.5217 -0.0535 0.185, -0.5217 -0.0535 0.1457, -0.5217 -0.5654 0.1457, -0.5217 -0.5601 0.1654, -0.5217 -0.5538 0.1735, -0.5217 -0.5457 0.1798, -0.5217 -0.564 0.1559, -0.5217 -0.5362 0.1837, -0.4626 -0.0535 0.1457, -0.4626 -0.5654 0.1457, -0.4626 -0.564 0.1559, -0.4626 -0.5362 0.1837, -0.4626 -0.5457 0.1798, -0.4626 -0.5538 0.1735, -0.4626 -0.5601 0.1654, -0.5217 -0.0535 0.3425, -0.5217 -0.0535 0.3031, -0.5217 -0.5654 0.3425, -0.5217 -0.526 0.3031, -0.5217 -0.5457 0.3084, -0.5217 -0.5538 0.3147, -0.5217 -0.5601 0.3228, -0.5217 -0.5362 0.3045, -0.5217 -0.564 0.3323, -0.4626 -0.526 0.3031, -0.4626 -0.0535 0.3031, -0.4626 -0.5601 0.3228, -0.4626 -0.5538 0.3147, -0.4626 -0.5457 0.3084, -0.4626 -0.0535 0.3425, -0.4626 -0.5654 0.3425, -0.4626 -0.5362 0.3045, -0.4626 -0.564 0.3323, -0.2657 -0.526 0.185, -0.2657 -0.0535 0.185, -0.3248 -0.526 0.185, -0.3248 -0.0535 0.185, -0.3248 -0.0535 0.1457, -0.3248 -0.5654 0.1457, -0.3248 -0.5601 0.1654, -0.3248 -0.5538 0.1735, -0.3248 -0.5457 0.1798, -0.3248 -0.564 0.1559, -0.3248 -0.5362 0.1837, -0.2657 -0.0535 0.1457, -0.2657 -0.5654 0.1457, -0.2657 -0.564 0.1559, -0.2657 -0.5362 0.1837, -0.2657 -0.5457 0.1798, -0.2657 -0.5538 0.1735, -0.2657 -0.5601 0.1654, -0.3248 -0.0535 0.3425, -0.3248 -0.0535 0.3031, -0.3248 -0.5654 0.3425, -0.3248 -0.526 0.3031, -0.3248 -0.5457 0.3084, -0.3248 -0.5538 0.3147, -0.3248 -0.5601 0.3228, -0.3248 -0.5362 0.3045, -0.3248 -0.564 0.3323, -0.2657 -0.526 0.3031, -0.2657 -0.0535 0.3031, -0.2657 -0.5601 0.3228, -0.2657 -0.5538 0.3147, -0.2657 -0.5457 0.3084, -0.2657 -0.0535 0.3425, -0.2657 -0.5654 0.3425, -0.2657 -0.5362 0.3045, -0.2657 -0.564 0.3323, -0.0689 -0.526 0.185, -0.0689 -0.0535 0.185, -0.128 -0.526 0.185, -0.128 -0.0535 0.185, -0.128 -0.0535 0.1457, -0.128 -0.5654 0.1457, -0.128 -0.5601 0.1654, -0.128 -0.5538 0.1735, -0.128 -0.5457 0.1798, -0.128 -0.564 0.1559, -0.128 -0.5362 0.1837, -0.0689 -0.0535 0.1457, -0.0689 -0.5654 0.1457, -0.0689 -0.564 0.1559, -0.0689 -0.5362 0.1837, -0.0689 -0.5457 0.1798, -0.0689 -0.5538 0.1735, -0.0689 -0.5601 0.1654, -0.128 -0.0535 0.3425, -0.128 -0.0535 0.3031, -0.128 -0.5654 0.3425, -0.128 -0.526 0.3031, -0.128 -0.5457 0.3084, -0.128 -0.5538 0.3147, -0.128 -0.5601 0.3228, -0.128 -0.5362 0.3045, -0.128 -0.564 0.3323, -0.0689 -0.526 0.3031, -0.0689 -0.0535 0.3031, -0.0689 -0.5601 0.3228, -0.0689 -0.5538 0.3147, -0.0689 -0.5457 0.3084, -0.0689 -0.0535 0.3425, -0.0689 -0.5654 0.3425, -0.0689 -0.5362 0.3045, -0.0689 -0.564 0.3323, 0.128 -0.526 0.185, 0.128 -0.0535 0.185, 0.0689 -0.526 0.185, 0.0689 -0.0535 0.185, 0.0689 -0.0535 0.1457, 0.0689 -0.5654 0.1457, 0.0689 -0.5601 0.1654, 0.0689 -0.5538 0.1735, 0.0689 -0.5457 0.1798, 0.0689 -0.564 0.1559, 0.0689 -0.5362 0.1837, 0.128 -0.0535 0.1457, 0.128 -0.5654 0.1457, 0.128 -0.564 0.1559, 0.128 -0.5362 0.1837, 0.128 -0.5457 0.1798, 0.128 -0.5538 0.1735, 0.128 -0.5601 0.1654, 0.0689 -0.0535 0.3425, 0.0689 -0.0535 0.3031, 0.0689 -0.5654 0.3425, 0.0689 -0.526 0.3031, 0.0689 -0.5457 0.3084, 0.0689 -0.5538 0.3147, 0.0689 -0.5601 0.3228, 0.0689 -0.5362 0.3045, 0.0689 -0.564 0.3323, 0.128 -0.526 0.3031, 0.128 -0.0535 0.3031, 0.128 -0.5601 0.3228, 0.128 -0.5538 0.3147, 0.128 -0.5457 0.3084, 0.128 -0.0535 0.3425, 0.128 -0.5654 0.3425, 0.128 -0.5362 0.3045, 0.128 -0.564 0.3323, 0.3248 -0.526 0.185, 0.3248 -0.0535 0.185, 0.2657 -0.526 0.185, 0.2657 -0.0535 0.185, 0.2657 -0.0535 0.1457, 0.2657 -0.5654 0.1457, 0.2657 -0.5601 0.1654, 0.2657 -0.5538 0.1735, 0.2657 -0.5457 0.1798, 0.2657 -0.564 0.1559, 0.2657 -0.5362 0.1837, 0.3248 -0.0535 0.1457, 0.3248 -0.5654 0.1457, 0.3248 -0.564 0.1559, 0.3248 -0.5362 0.1837, 0.3248 -0.5457 0.1798, 0.3248 -0.5538 0.1735, 0.3248 -0.5601 0.1654, 0.2657 -0.0535 0.3425, 0.2657 -0.0535 0.3031, 0.2657 -0.5654 0.3425, 0.2657 -0.526 0.3031, 0.2657 -0.5457 0.3084, 0.2657 -0.5538 0.3147, 0.2657 -0.5601 0.3228, 0.2657 -0.5362 0.3045, 0.2657 -0.564 0.3323, 0.3248 -0.526 0.3031, 0.3248 -0.0535 0.3031, 0.3248 -0.5601 0.3228, 0.3248 -0.5538 0.3147, 0.3248 -0.5457 0.3084, 0.3248 -0.0535 0.3425, 0.3248 -0.5654 0.3425, 0.3248 -0.5362 0.3045, 0.3248 -0.564 0.3323, 0.5217 -0.526 0.185, 0.5217 -0.0535 0.185, 0.4626 -0.526 0.185, 0.4626 -0.0535 0.185, 0.4626 -0.0535 0.1457, 0.4626 -0.5654 0.1457, 0.4626 -0.5601 0.1654, 0.4626 -0.5538 0.1735, 0.4626 -0.5457 0.1798, 0.4626 -0.564 0.1559, 0.4626 -0.5362 0.1837, 0.5217 -0.0535 0.1457, 0.5217 -0.5654 0.1457, 0.5217 -0.564 0.1559, 0.5217 -0.5362 0.1837, 0.5217 -0.5457 0.1798, 0.5217 -0.5538 0.1735, 0.5217 -0.5601 0.1654, 0.4626 -0.0535 0.3425, 0.4626 -0.0535 0.3031, 0.4626 -0.5654 0.3425, 0.4626 -0.526 0.3031, 0.4626 -0.5457 0.3084, 0.4626 -0.5538 0.3147, 0.4626 -0.5601 0.3228, 0.4626 -0.5362 0.3045, 0.4626 -0.564 0.3323, 0.5217 -0.526 0.3031, 0.5217 -0.0535 0.3031, 0.5217 -0.5601 0.3228, 0.5217 -0.5538 0.3147, 0.5217 -0.5457 0.3084, 0.5217 -0.0535 0.3425, 0.5217 -0.5654 0.3425, 0.5217 -0.5362 0.3045, 0.5217 -0.564 0.3323, 0.7185 -0.526 0.185, 0.7185 -0.0535 0.185, 0.6594 -0.526 0.185, 0.6594 -0.0535 0.185, 0.6594 -0.0535 0.1457, 0.6594 -0.5654 0.1457, 0.6594 -0.5601 0.1654, 0.6594 -0.5538 0.1735, 0.6594 -0.5457 0.1798, 0.6594 -0.564 0.1559, 0.6594 -0.5362 0.1837, 0.7185 -0.0535 0.1457, 0.7185 -0.5654 0.1457, 0.7185 -0.564 0.1559, 0.7185 -0.5362 0.1837, 0.7185 -0.5457 0.1798, 0.7185 -0.5538 0.1735, 0.7185 -0.5601 0.1654, 0.6594 -0.0535 0.3425, 0.6594 -0.0535 0.3031, 0.6594 -0.5654 0.3425, 0.6594 -0.526 0.3031, 0.6594 -0.5457 0.3084, 0.6594 -0.5538 0.3147, 0.6594 -0.5601 0.3228, 0.6594 -0.5362 0.3045, 0.6594 -0.564 0.3323, 0.7185 -0.526 0.3031, 0.7185 -0.0535 0.3031, 0.7185 -0.5601 0.3228, 0.7185 -0.5538 0.3147, 0.7185 -0.5457 0.3084, 0.7185 -0.0535 0.3425, 0.7185 -0.5654 0.3425, 0.7185 -0.5362 0.3045, 0.7185 -0.564 0.3323, 0.9154 -0.526 0.185, 0.9154 -0.0535 0.185, 0.8563 -0.526 0.185, 0.8563 -0.0535 0.185, 0.8563 -0.0535 0.1457, 0.8563 -0.5654 0.1457, 0.8563 -0.5601 0.1654, 0.8563 -0.5538 0.1735, 0.8563 -0.5457 0.1798, 0.8563 -0.564 0.1559, 0.8563 -0.5362 0.1837, 0.9154 -0.0535 0.1457, 0.9154 -0.5654 0.1457, 0.9154 -0.564 0.1559, 0.9154 -0.5362 0.1837, 0.9154 -0.5457 0.1798, 0.9154 -0.5538 0.1735, 0.9154 -0.5601 0.1654, 0.8563 -0.0535 0.3425, 0.8563 -0.0535 0.3031, 0.8563 -0.5654 0.3425, 0.8563 -0.526 0.3031, 0.8563 -0.5457 0.3084, 0.8563 -0.5538 0.3147, 0.8563 -0.5601 0.3228, 0.8563 -0.5362 0.3045, 0.8563 -0.564 0.3323, 0.9154 -0.526 0.3031, 0.9154 -0.0535 0.3031, 0.9154 -0.5601 0.3228, 0.9154 -0.5538 0.3147, 0.9154 -0.5457 0.3084, 0.9154 -0.0535 0.3425, 0.9154 -0.5654 0.3425, 0.9154 -0.5362 0.3045, 0.9154 -0.564 0.3323, 1.1122 -0.526 0.185, 1.1122 -0.0535 0.185, 1.0531 -0.526 0.185, 1.0531 -0.0535 0.185, 1.0531 -0.0535 0.1457, 1.0531 -0.5654 0.1457, 1.0531 -0.5601 0.1654, 1.0531 -0.5538 0.1735, 1.0531 -0.5457 0.1798, 1.0531 -0.564 0.1559, 1.0531 -0.5362 0.1837, 1.1122 -0.0535 0.1457, 1.1122 -0.5654 0.1457, 1.1122 -0.564 0.1559, 1.1122 -0.5362 0.1837, 1.1122 -0.5457 0.1798, 1.1122 -0.5538 0.1735, 1.1122 -0.5601 0.1654, 1.0531 -0.0535 0.3425, 1.0531 -0.0535 0.3031, 1.0531 -0.5654 0.3425, 1.0531 -0.526 0.3031, 1.0531 -0.5457 0.3084, 1.0531 -0.5538 0.3147, 1.0531 -0.5601 0.3228, 1.0531 -0.5362 0.3045, 1.0531 -0.564 0.3323, 1.1122 -0.526 0.3031, 1.1122 -0.0535 0.3031, 1.1122 -0.5601 0.3228, 1.1122 -0.5538 0.3147, 1.1122 -0.5457 0.3084, 1.1122 -0.0535 0.3425, 1.1122 -0.5654 0.3425, 1.1122 -0.5362 0.3045, 1.1122 -0.564 0.3323
            ]
        }
        coordIndex [
            0,1,2,-1,2,1,3,-1,2,3,4,-1,4,3,5,-1,4,5,6,-1,6,5,7,-1,6,7,8,-1,8,7,9,-1,8,9,10,-1,10,9,11,-1,10,11,12,-1,12,11,13,-1,12,13,14,-1,14,13,15,-1,14,15,16,-1,16,15,17,-1,16,17,18,-1,18,17,19,-1,18,19,20,-1,20,19,21,-1,20,21,22,-1,22,21,23,-1,22,23,24,-1,24,23,25,-1,26,27,28,-1,28,27,29,-1,26,28,30,-1,26,30,31,-1,31,30,32,-1,31,32,33,-1,33,32,34,-1,33,34,35,-1,35,34,36,-1,35,36,37,-1,37,36,38,-1,37,38,39,-1,39,38,40,-1,39,40,41,-1,42,41,43,-1,43,41,40,-1,42,43,44,-1,42,44,45,-1,45,44,46,-1,45,46,47,-1,47,46,48,-1,47,48,49,-1,49,48,50,-1,49,50,51,-1,51,50,52,-1,51,52,53,-1,53,52,54,-1,53,54,55,-1,56,55,57,-1,57,55,54,-1,58,56,59,-1,59,56,57,-1,60,58,61,-1,61,58,59,-1,62,60,63,-1,63,60,61,-1,64,62,65,-1,65,62,63,-1,22,24,27,-1,55,56,42,-1,56,27,26,-1,60,62,66,-1,66,62,64,-1,66,0,2,-1,33,35,37,-1,42,56,41,-1,41,56,26,-1,41,26,39,-1,49,42,47,-1,47,42,45,-1,49,51,42,-1,42,51,53,-1,42,53,55,-1,66,2,60,-1,60,2,4,-1,60,4,6,-1,39,26,37,-1,37,26,31,-1,37,31,33,-1,6,8,60,-1,60,8,10,-1,60,10,58,-1,58,10,12,-1,58,12,56,-1,56,12,14,-1,14,16,56,-1,56,16,18,-1,56,18,27,-1,27,18,20,-1,27,20,22,-1,28,29,57,-1,46,44,43,-1,65,63,67,-1,67,63,61,-1,43,54,52,-1,40,28,43,-1,43,28,57,-1,43,57,54,-1,9,7,61,-1,61,7,5,-1,61,5,67,-1,67,5,3,-1,67,3,1,-1,52,50,43,-1,43,50,48,-1,43,48,46,-1,36,34,32,-1,25,23,29,-1,29,23,21,-1,29,21,57,-1,57,21,19,-1,19,17,57,-1,57,17,15,-1,57,15,59,-1,59,15,13,-1,59,13,61,-1,61,13,11,-1,61,11,9,-1,40,38,28,-1,28,38,36,-1,28,36,30,-1,30,36,32,-1,68,69,70,-1,70,69,71,-1,70,71,72,-1,72,71,73,-1,72,73,74,-1,74,73,75,-1,74,75,76,-1,76,75,77,-1,76,77,78,-1,78,77,79,-1,78,79,80,-1,80,79,81,-1,80,81,82,-1,82,81,83,-1,82,83,84,-1,84,83,85,-1,84,85,86,-1,86,85,87,-1,86,87,88,-1,88,87,89,-1,88,89,90,-1,90,89,91,-1,90,91,92,-1,92,91,93,-1,94,95,96,-1,96,95,97,-1,94,96,98,-1,94,98,99,-1,99,98,100,-1,99,100,101,-1,101,100,102,-1,101,102,103,-1,103,102,104,-1,103,104,105,-1,105,104,106,-1,105,106,107,-1,107,106,108,-1,107,108,109,-1,110,109,111,-1,111,109,108,-1,110,111,112,-1,110,112,113,-1,113,112,114,-1,113,114,115,-1,115,114,116,-1,115,116,117,-1,117,116,118,-1,117,118,119,-1,119,118,120,-1,119,120,121,-1,121,120,122,-1,121,122,123,-1,124,123,125,-1,125,123,122,-1,126,124,127,-1,127,124,125,-1,128,126,129,-1,129,126,127,-1,130,128,131,-1,131,128,129,-1,132,130,133,-1,133,130,131,-1,90,92,95,-1,123,124,110,-1,124,95,94,-1,128,130,134,-1,134,130,132,-1,134,68,70,-1,101,103,105,-1,110,124,109,-1,109,124,94,-1,109,94,107,-1,117,110,115,-1,115,110,113,-1,117,119,110,-1,110,119,121,-1,110,121,123,-1,134,70,128,-1,128,70,72,-1,128,72,74,-1,107,94,105,-1,105,94,99,-1,105,99,101,-1,74,76,128,-1,128,76,78,-1,128,78,126,-1,126,78,80,-1,126,80,124,-1,124,80,82,-1,82,84,124,-1,124,84,86,-1,124,86,95,-1,95,86,88,-1,95,88,90,-1,96,97,125,-1,114,112,111,-1,133,131,135,-1,135,131,129,-1,111,122,120,-1,108,96,111,-1,111,96,125,-1,111,125,122,-1,77,75,129,-1,129,75,73,-1,129,73,135,-1,135,73,71,-1,135,71,69,-1,120,118,111,-1,111,118,116,-1,111,116,114,-1,104,102,100,-1,93,91,97,-1,97,91,89,-1,97,89,125,-1,125,89,87,-1,87,85,125,-1,125,85,83,-1,125,83,127,-1,127,83,81,-1,127,81,129,-1,129,81,79,-1,129,79,77,-1,108,106,96,-1,96,106,104,-1,96,104,98,-1,98,104,100,-1,136,137,138,-1,138,137,139,-1,138,139,140,-1,140,139,141,-1,140,141,142,-1,142,141,143,-1,142,143,144,-1,144,143,145,-1,144,145,146,-1,146,145,147,-1,146,147,148,-1,148,147,149,-1,148,149,150,-1,150,149,151,-1,150,151,152,-1,152,151,153,-1,152,153,154,-1,154,153,155,-1,154,155,156,-1,156,155,157,-1,156,157,158,-1,158,157,159,-1,158,159,160,-1,160,159,161,-1,162,163,164,-1,164,163,165,-1,162,164,166,-1,162,166,167,-1,167,166,168,-1,167,168,169,-1,169,168,170,-1,169,170,171,-1,171,170,172,-1,171,172,173,-1,173,172,174,-1,173,174,175,-1,175,174,176,-1,175,176,177,-1,178,177,179,-1,179,177,176,-1,178,179,180,-1,178,180,181,-1,181,180,182,-1,181,182,183,-1,183,182,184,-1,183,184,185,-1,185,184,186,-1,185,186,187,-1,187,186,188,-1,187,188,189,-1,189,188,190,-1,189,190,191,-1,192,191,193,-1,193,191,190,-1,194,192,195,-1,195,192,193,-1,196,194,197,-1,197,194,195,-1,198,196,199,-1,199,196,197,-1,200,198,201,-1,201,198,199,-1,158,160,163,-1,191,192,178,-1,192,163,162,-1,196,198,202,-1,202,198,200,-1,202,136,138,-1,169,171,173,-1,178,192,177,-1,177,192,162,-1,177,162,175,-1,185,178,183,-1,183,178,181,-1,185,187,178,-1,178,187,189,-1,178,189,191,-1,202,138,196,-1,196,138,140,-1,196,140,142,-1,175,162,173,-1,173,162,167,-1,173,167,169,-1,142,144,196,-1,196,144,146,-1,196,146,194,-1,194,146,148,-1,194,148,192,-1,192,148,150,-1,150,152,192,-1,192,152,154,-1,192,154,163,-1,163,154,156,-1,163,156,158,-1,164,165,193,-1,182,180,179,-1,201,199,203,-1,203,199,197,-1,179,190,188,-1,176,164,179,-1,179,164,193,-1,179,193,190,-1,145,143,197,-1,197,143,141,-1,197,141,203,-1,203,141,139,-1,203,139,137,-1,188,186,179,-1,179,186,184,-1,179,184,182,-1,172,170,168,-1,161,159,165,-1,165,159,157,-1,165,157,193,-1,193,157,155,-1,155,153,193,-1,193,153,151,-1,193,151,195,-1,195,151,149,-1,195,149,197,-1,197,149,147,-1,197,147,145,-1,176,174,164,-1,164,174,172,-1,164,172,166,-1,166,172,168,-1,204,205,206,-1,206,205,207,-1,206,207,208,-1,208,207,209,-1,208,209,210,-1,210,209,211,-1,210,211,212,-1,212,211,213,-1,212,213,214,-1,214,213,215,-1,214,215,216,-1,216,215,217,-1,216,217,218,-1,218,217,219,-1,218,219,220,-1,220,219,221,-1,220,221,222,-1,222,221,223,-1,222,223,224,-1,224,223,225,-1,224,225,226,-1,226,225,227,-1,226,227,228,-1,228,227,229,-1,230,231,232,-1,232,231,233,-1,230,232,234,-1,230,234,235,-1,235,234,236,-1,235,236,237,-1,237,236,238,-1,237,238,239,-1,239,238,240,-1,239,240,241,-1,241,240,242,-1,241,242,243,-1,243,242,244,-1,243,244,245,-1,246,245,247,-1,247,245,244,-1,246,247,248,-1,246,248,249,-1,249,248,250,-1,249,250,251,-1,251,250,252,-1,251,252,253,-1,253,252,254,-1,253,254,255,-1,255,254,256,-1,255,256,257,-1,257,256,258,-1,257,258,259,-1,260,259,261,-1,261,259,258,-1,262,260,263,-1,263,260,261,-1,264,262,265,-1,265,262,263,-1,266,264,267,-1,267,264,265,-1,268,266,269,-1,269,266,267,-1,226,228,231,-1,259,260,246,-1,260,231,230,-1,264,266,270,-1,270,266,268,-1,270,204,206,-1,237,239,241,-1,246,260,245,-1,245,260,230,-1,245,230,243,-1,253,246,251,-1,251,246,249,-1,253,255,246,-1,246,255,257,-1,246,257,259,-1,270,206,264,-1,264,206,208,-1,264,208,210,-1,243,230,241,-1,241,230,235,-1,241,235,237,-1,210,212,264,-1,264,212,214,-1,264,214,262,-1,262,214,216,-1,262,216,260,-1,260,216,218,-1,218,220,260,-1,260,220,222,-1,260,222,231,-1,231,222,224,-1,231,224,226,-1,232,233,261,-1,250,248,247,-1,269,267,271,-1,271,267,265,-1,247,258,256,-1,244,232,247,-1,247,232,261,-1,247,261,258,-1,213,211,265,-1,265,211,209,-1,265,209,271,-1,271,209,207,-1,271,207,205,-1,256,254,247,-1,247,254,252,-1,247,252,250,-1,240,238,236,-1,229,227,233,-1,233,227,225,-1,233,225,261,-1,261,225,223,-1,223,221,261,-1,261,221,219,-1,261,219,263,-1,263,219,217,-1,263,217,265,-1,265,217,215,-1,265,215,213,-1,244,242,232,-1,232,242,240,-1,232,240,234,-1,234,240,236,-1,272,273,274,-1,274,273,275,-1,274,275,276,-1,276,275,277,-1,276,277,278,-1,278,277,279,-1,278,279,280,-1,280,279,281,-1,280,281,282,-1,282,281,283,-1,282,283,284,-1,284,283,285,-1,284,285,286,-1,286,285,287,-1,286,287,288,-1,288,287,289,-1,288,289,290,-1,290,289,291,-1,290,291,292,-1,292,291,293,-1,292,293,294,-1,294,293,295,-1,294,295,296,-1,296,295,297,-1,298,299,300,-1,300,299,301,-1,298,300,302,-1,298,302,303,-1,303,302,304,-1,303,304,305,-1,305,304,306,-1,305,306,307,-1,307,306,308,-1,307,308,309,-1,309,308,310,-1,309,310,311,-1,311,310,312,-1,311,312,313,-1,314,313,315,-1,315,313,312,-1,314,315,316,-1,314,316,317,-1,317,316,318,-1,317,318,319,-1,319,318,320,-1,319,320,321,-1,321,320,322,-1,321,322,323,-1,323,322,324,-1,323,324,325,-1,325,324,326,-1,325,326,327,-1,328,327,329,-1,329,327,326,-1,330,328,331,-1,331,328,329,-1,332,330,333,-1,333,330,331,-1,334,332,335,-1,335,332,333,-1,336,334,337,-1,337,334,335,-1,294,296,299,-1,327,328,314,-1,328,299,298,-1,332,334,338,-1,338,334,336,-1,338,272,274,-1,305,307,309,-1,314,328,313,-1,313,328,298,-1,313,298,311,-1,321,314,319,-1,319,314,317,-1,321,323,314,-1,314,323,325,-1,314,325,327,-1,338,274,332,-1,332,274,276,-1,332,276,278,-1,311,298,309,-1,309,298,303,-1,309,303,305,-1,278,280,332,-1,332,280,282,-1,332,282,330,-1,330,282,284,-1,330,284,328,-1,328,284,286,-1,286,288,328,-1,328,288,290,-1,328,290,299,-1,299,290,292,-1,299,292,294,-1,300,301,329,-1,318,316,315,-1,337,335,339,-1,339,335,333,-1,315,326,324,-1,312,300,315,-1,315,300,329,-1,315,329,326,-1,281,279,333,-1,333,279,277,-1,333,277,339,-1,339,277,275,-1,339,275,273,-1,324,322,315,-1,315,322,320,-1,315,320,318,-1,308,306,304,-1,297,295,301,-1,301,295,293,-1,301,293,329,-1,329,293,291,-1,291,289,329,-1,329,289,287,-1,329,287,331,-1,331,287,285,-1,331,285,333,-1,333,285,283,-1,333,283,281,-1,312,310,300,-1,300,310,308,-1,300,308,302,-1,302,308,304,-1,340,341,342,-1,342,341,343,-1,342,343,344,-1,344,343,345,-1,344,345,346,-1,346,345,347,-1,346,347,348,-1,348,347,349,-1,348,349,350,-1,350,349,351,-1,350,351,352,-1,352,351,353,-1,352,353,354,-1,354,353,355,-1,354,355,356,-1,356,355,357,-1,356,357,358,-1,358,357,359,-1,358,359,360,-1,360,359,361,-1,360,361,362,-1,362,361,363,-1,362,363,364,-1,364,363,365,-1,366,367,368,-1,368,367,369,-1,366,368,370,-1,366,370,371,-1,371,370,372,-1,371,372,373,-1,373,372,374,-1,373,374,375,-1,375,374,376,-1,375,376,377,-1,377,376,378,-1,377,378,379,-1,379,378,380,-1,379,380,381,-1,382,381,383,-1,383,381,380,-1,382,383,384,-1,382,384,385,-1,385,384,386,-1,385,386,387,-1,387,386,388,-1,387,388,389,-1,389,388,390,-1,389,390,391,-1,391,390,392,-1,391,392,393,-1,393,392,394,-1,393,394,395,-1,396,395,397,-1,397,395,394,-1,398,396,399,-1,399,396,397,-1,400,398,401,-1,401,398,399,-1,402,400,403,-1,403,400,401,-1,404,402,405,-1,405,402,403,-1,362,364,367,-1,395,396,382,-1,396,367,366,-1,400,402,406,-1,406,402,404,-1,406,340,342,-1,373,375,377,-1,382,396,381,-1,381,396,366,-1,381,366,379,-1,389,382,387,-1,387,382,385,-1,389,391,382,-1,382,391,393,-1,382,393,395,-1,406,342,400,-1,400,342,344,-1,400,344,346,-1,379,366,377,-1,377,366,371,-1,377,371,373,-1,346,348,400,-1,400,348,350,-1,400,350,398,-1,398,350,352,-1,398,352,396,-1,396,352,354,-1,354,356,396,-1,396,356,358,-1,396,358,367,-1,367,358,360,-1,367,360,362,-1,368,369,397,-1,386,384,383,-1,405,403,407,-1,407,403,401,-1,383,394,392,-1,380,368,383,-1,383,368,397,-1,383,397,394,-1,349,347,401,-1,401,347,345,-1,401,345,407,-1,407,345,343,-1,407,343,341,-1,392,390,383,-1,383,390,388,-1,383,388,386,-1,376,374,372,-1,365,363,369,-1,369,363,361,-1,369,361,397,-1,397,361,359,-1,359,357,397,-1,397,357,355,-1,397,355,399,-1,399,355,353,-1,399,353,401,-1,401,353,351,-1,401,351,349,-1,380,378,368,-1,368,378,376,-1,368,376,370,-1,370,376,372,-1,408,409,410,-1,410,409,411,-1,410,411,412,-1,412,411,413,-1,412,413,414,-1,414,413,415,-1,414,415,416,-1,416,415,417,-1,416,417,418,-1,418,417,419,-1,418,419,420,-1,420,419,421,-1,420,421,422,-1,422,421,423,-1,422,423,424,-1,424,423,425,-1,424,425,426,-1,426,425,427,-1,426,427,428,-1,428,427,429,-1,428,429,430,-1,430,429,431,-1,430,431,432,-1,432,431,433,-1,434,435,436,-1,436,435,437,-1,434,436,438,-1,434,438,439,-1,439,438,440,-1,439,440,441,-1,441,440,442,-1,441,442,443,-1,443,442,444,-1,443,444,445,-1,445,444,446,-1,445,446,447,-1,447,446,448,-1,447,448,449,-1,450,449,451,-1,451,449,448,-1,450,451,452,-1,450,452,453,-1,453,452,454,-1,453,454,455,-1,455,454,456,-1,455,456,457,-1,457,456,458,-1,457,458,459,-1,459,458,460,-1,459,460,461,-1,461,460,462,-1,461,462,463,-1,464,463,465,-1,465,463,462,-1,466,464,467,-1,467,464,465,-1,468,466,469,-1,469,466,467,-1,470,468,471,-1,471,468,469,-1,472,470,473,-1,473,470,471,-1,430,432,435,-1,463,464,450,-1,464,435,434,-1,468,470,474,-1,474,470,472,-1,474,408,410,-1,441,443,445,-1,450,464,449,-1,449,464,434,-1,449,434,447,-1,457,450,455,-1,455,450,453,-1,457,459,450,-1,450,459,461,-1,450,461,463,-1,474,410,468,-1,468,410,412,-1,468,412,414,-1,447,434,445,-1,445,434,439,-1,445,439,441,-1,414,416,468,-1,468,416,418,-1,468,418,466,-1,466,418,420,-1,466,420,464,-1,464,420,422,-1,422,424,464,-1,464,424,426,-1,464,426,435,-1,435,426,428,-1,435,428,430,-1,436,437,465,-1,454,452,451,-1,473,471,475,-1,475,471,469,-1,451,462,460,-1,448,436,451,-1,451,436,465,-1,451,465,462,-1,417,415,469,-1,469,415,413,-1,469,413,475,-1,475,413,411,-1,475,411,409,-1,460,458,451,-1,451,458,456,-1,451,456,454,-1,444,442,440,-1,433,431,437,-1,437,431,429,-1,437,429,465,-1,465,429,427,-1,427,425,465,-1,465,425,423,-1,465,423,467,-1,467,423,421,-1,467,421,469,-1,469,421,419,-1,469,419,417,-1,448,446,436,-1,436,446,444,-1,436,444,438,-1,438,444,440,-1,476,477,478,-1,478,477,479,-1,478,479,480,-1,480,479,481,-1,480,481,482,-1,482,481,483,-1,482,483,484,-1,484,483,485,-1,484,485,486,-1,486,485,487,-1,486,487,488,-1,488,487,489,-1,488,489,490,-1,490,489,491,-1,490,491,492,-1,492,491,493,-1,492,493,494,-1,494,493,495,-1,494,495,496,-1,496,495,497,-1,496,497,498,-1,498,497,499,-1,498,499,500,-1,500,499,501,-1,502,503,504,-1,504,503,505,-1,502,504,506,-1,502,506,507,-1,507,506,508,-1,507,508,509,-1,509,508,510,-1,509,510,511,-1,511,510,512,-1,511,512,513,-1,513,512,514,-1,513,514,515,-1,515,514,516,-1,515,516,517,-1,518,517,519,-1,519,517,516,-1,518,519,520,-1,518,520,521,-1,521,520,522,-1,521,522,523,-1,523,522,524,-1,523,524,525,-1,525,524,526,-1,525,526,527,-1,527,526,528,-1,527,528,529,-1,529,528,530,-1,529,530,531,-1,532,531,533,-1,533,531,530,-1,534,532,535,-1,535,532,533,-1,536,534,537,-1,537,534,535,-1,538,536,539,-1,539,536,537,-1,540,538,541,-1,541,538,539,-1,498,500,503,-1,531,532,518,-1,532,503,502,-1,536,538,542,-1,542,538,540,-1,542,476,478,-1,509,511,513,-1,518,532,517,-1,517,532,502,-1,517,502,515,-1,525,518,523,-1,523,518,521,-1,525,527,518,-1,518,527,529,-1,518,529,531,-1,542,478,536,-1,536,478,480,-1,536,480,482,-1,515,502,513,-1,513,502,507,-1,513,507,509,-1,482,484,536,-1,536,484,486,-1,536,486,534,-1,534,486,488,-1,534,488,532,-1,532,488,490,-1,490,492,532,-1,532,492,494,-1,532,494,503,-1,503,494,496,-1,503,496,498,-1,504,505,533,-1,522,520,519,-1,541,539,543,-1,543,539,537,-1,519,530,528,-1,516,504,519,-1,519,504,533,-1,519,533,530,-1,485,483,537,-1,537,483,481,-1,537,481,543,-1,543,481,479,-1,543,479,477,-1,528,526,519,-1,519,526,524,-1,519,524,522,-1,512,510,508,-1,501,499,505,-1,505,499,497,-1,505,497,533,-1,533,497,495,-1,495,493,533,-1,533,493,491,-1,533,491,535,-1,535,491,489,-1,535,489,537,-1,537,489,487,-1,537,487,485,-1,516,514,504,-1,504,514,512,-1,504,512,506,-1,506,512,508,-1,544,545,546,-1,546,545,547,-1,546,547,548,-1,548,547,549,-1,548,549,550,-1,550,549,551,-1,550,551,552,-1,552,551,553,-1,552,553,554,-1,554,553,555,-1,554,555,556,-1,556,555,557,-1,556,557,558,-1,558,557,559,-1,558,559,560,-1,560,559,561,-1,560,561,562,-1,562,561,563,-1,562,563,564,-1,564,563,565,-1,564,565,566,-1,566,565,567,-1,566,567,568,-1,568,567,569,-1,570,571,572,-1,572,571,573,-1,570,572,574,-1,570,574,575,-1,575,574,576,-1,575,576,577,-1,577,576,578,-1,577,578,579,-1,579,578,580,-1,579,580,581,-1,581,580,582,-1,581,582,583,-1,583,582,584,-1,583,584,585,-1,586,585,587,-1,587,585,584,-1,586,587,588,-1,586,588,589,-1,589,588,590,-1,589,590,591,-1,591,590,592,-1,591,592,593,-1,593,592,594,-1,593,594,595,-1,595,594,596,-1,595,596,597,-1,597,596,598,-1,597,598,599,-1,600,599,601,-1,601,599,598,-1,602,600,603,-1,603,600,601,-1,604,602,605,-1,605,602,603,-1,606,604,607,-1,607,604,605,-1,608,606,609,-1,609,606,607,-1,566,568,571,-1,599,600,586,-1,600,571,570,-1,604,606,610,-1,610,606,608,-1,610,544,546,-1,577,579,581,-1,586,600,585,-1,585,600,570,-1,585,570,583,-1,593,586,591,-1,591,586,589,-1,593,595,586,-1,586,595,597,-1,586,597,599,-1,610,546,604,-1,604,546,548,-1,604,548,550,-1,583,570,581,-1,581,570,575,-1,581,575,577,-1,550,552,604,-1,604,552,554,-1,604,554,602,-1,602,554,556,-1,602,556,600,-1,600,556,558,-1,558,560,600,-1,600,560,562,-1,600,562,571,-1,571,562,564,-1,571,564,566,-1,572,573,601,-1,590,588,587,-1,609,607,611,-1,611,607,605,-1,587,598,596,-1,584,572,587,-1,587,572,601,-1,587,601,598,-1,553,551,605,-1,605,551,549,-1,605,549,611,-1,611,549,547,-1,611,547,545,-1,596,594,587,-1,587,594,592,-1,587,592,590,-1,580,578,576,-1,569,567,573,-1,573,567,565,-1,573,565,601,-1,601,565,563,-1,563,561,601,-1,601,561,559,-1,601,559,603,-1,603,559,557,-1,603,557,605,-1,605,557,555,-1,605,555,553,-1,584,582,572,-1,572,582,580,-1,572,580,574,-1,574,580,576,-1,612,613,614,-1,614,613,615,-1,614,615,616,-1,616,615,617,-1,616,617,618,-1,618,617,619,-1,618,619,620,-1,620,619,621,-1,620,621,622,-1,622,621,623,-1,622,623,624,-1,624,623,625,-1,624,625,626,-1,626,625,627,-1,626,627,628,-1,628,627,629,-1,628,629,630,-1,630,629,631,-1,630,631,632,-1,632,631,633,-1,632,633,634,-1,634,633,635,-1,634,635,636,-1,636,635,637,-1,638,639,640,-1,640,639,641,-1,638,640,642,-1,638,642,643,-1,643,642,644,-1,643,644,645,-1,645,644,646,-1,645,646,647,-1,647,646,648,-1,647,648,649,-1,649,648,650,-1,649,650,651,-1,651,650,652,-1,651,652,653,-1,654,653,655,-1,655,653,652,-1,654,655,656,-1,654,656,657,-1,657,656,658,-1,657,658,659,-1,659,658,660,-1,659,660,661,-1,661,660,662,-1,661,662,663,-1,663,662,664,-1,663,664,665,-1,665,664,666,-1,665,666,667,-1,668,667,669,-1,669,667,666,-1,670,668,671,-1,671,668,669,-1,672,670,673,-1,673,670,671,-1,674,672,675,-1,675,672,673,-1,676,674,677,-1,677,674,675,-1,634,636,639,-1,667,668,654,-1,668,639,638,-1,672,674,678,-1,678,674,676,-1,678,612,614,-1,645,647,649,-1,654,668,653,-1,653,668,638,-1,653,638,651,-1,661,654,659,-1,659,654,657,-1,661,663,654,-1,654,663,665,-1,654,665,667,-1,678,614,672,-1,672,614,616,-1,672,616,618,-1,651,638,649,-1,649,638,643,-1,649,643,645,-1,618,620,672,-1,672,620,622,-1,672,622,670,-1,670,622,624,-1,670,624,668,-1,668,624,626,-1,626,628,668,-1,668,628,630,-1,668,630,639,-1,639,630,632,-1,639,632,634,-1,640,641,669,-1,658,656,655,-1,677,675,679,-1,679,675,673,-1,655,666,664,-1,652,640,655,-1,655,640,669,-1,655,669,666,-1,621,619,673,-1,673,619,617,-1,673,617,679,-1,679,617,615,-1,679,615,613,-1,664,662,655,-1,655,662,660,-1,655,660,658,-1,648,646,644,-1,637,635,641,-1,641,635,633,-1,641,633,669,-1,669,633,631,-1,631,629,669,-1,669,629,627,-1,669,627,671,-1,671,627,625,-1,671,625,673,-1,673,625,623,-1,673,623,621,-1,652,650,640,-1,640,650,648,-1,640,648,642,-1,642,648,644,-1,680,681,682,-1,682,681,683,-1,682,683,684,-1,684,683,685,-1,684,685,686,-1,686,685,687,-1,686,687,688,-1,688,687,689,-1,688,689,690,-1,690,689,691,-1,690,691,692,-1,692,691,693,-1,692,693,694,-1,694,693,695,-1,694,695,696,-1,696,695,697,-1,696,697,698,-1,698,697,699,-1,698,699,700,-1,700,699,701,-1,700,701,702,-1,702,701,703,-1,702,703,704,-1,704,703,705,-1,706,707,708,-1,708,707,709,-1,706,708,710,-1,706,710,711,-1,711,710,712,-1,711,712,713,-1,713,712,714,-1,713,714,715,-1,715,714,716,-1,715,716,717,-1,717,716,718,-1,717,718,719,-1,719,718,720,-1,719,720,721,-1,722,721,723,-1,723,721,720,-1,722,723,724,-1,722,724,725,-1,725,724,726,-1,725,726,727,-1,727,726,728,-1,727,728,729,-1,729,728,730,-1,729,730,731,-1,731,730,732,-1,731,732,733,-1,733,732,734,-1,733,734,735,-1,736,735,737,-1,737,735,734,-1,738,736,739,-1,739,736,737,-1,740,738,741,-1,741,738,739,-1,742,740,743,-1,743,740,741,-1,744,742,745,-1,745,742,743,-1,702,704,707,-1,735,736,722,-1,736,707,706,-1,740,742,746,-1,746,742,744,-1,746,680,682,-1,713,715,717,-1,722,736,721,-1,721,736,706,-1,721,706,719,-1,729,722,727,-1,727,722,725,-1,729,731,722,-1,722,731,733,-1,722,733,735,-1,746,682,740,-1,740,682,684,-1,740,684,686,-1,719,706,717,-1,717,706,711,-1,717,711,713,-1,686,688,740,-1,740,688,690,-1,740,690,738,-1,738,690,692,-1,738,692,736,-1,736,692,694,-1,694,696,736,-1,736,696,698,-1,736,698,707,-1,707,698,700,-1,707,700,702,-1,708,709,737,-1,726,724,723,-1,745,743,747,-1,747,743,741,-1,723,734,732,-1,720,708,723,-1,723,708,737,-1,723,737,734,-1,689,687,741,-1,741,687,685,-1,741,685,747,-1,747,685,683,-1,747,683,681,-1,732,730,723,-1,723,730,728,-1,723,728,726,-1,716,714,712,-1,705,703,709,-1,709,703,701,-1,709,701,737,-1,737,701,699,-1,699,697,737,-1,737,697,695,-1,737,695,739,-1,739,695,693,-1,739,693,741,-1,741,693,691,-1,741,691,689,-1,720,718,708,-1,708,718,716,-1,708,716,710,-1,710,716,712,-1,748,749,750,-1,750,749,751,-1,752,753,750,-1,752,750,754,-1,755,751,756,-1,757,758,750,-1,751,755,750,-1,750,755,759,-1,750,759,757,-1,758,760,750,-1,750,760,761,-1,750,761,754,-1,762,763,764,-1,756,765,755,-1,755,765,762,-1,755,762,766,-1,766,762,764,-1,756,751,767,-1,767,751,749,-1,768,767,769,-1,769,767,749,-1,769,749,770,-1,770,749,748,-1,770,748,771,-1,772,773,774,-1,768,769,774,-1,774,769,775,-1,774,775,772,-1,776,777,748,-1,748,777,778,-1,748,778,779,-1,779,780,748,-1,748,780,781,-1,748,781,771,-1,777,776,752,-1,752,776,753,-1,769,770,755,-1,755,770,759,-1,782,783,784,-1,784,783,785,-1,786,787,784,-1,786,784,788,-1,789,785,790,-1,791,792,784,-1,785,789,784,-1,784,789,793,-1,784,793,791,-1,792,794,784,-1,784,794,795,-1,784,795,788,-1,796,797,798,-1,790,799,789,-1,789,799,796,-1,789,796,800,-1,800,796,798,-1,790,785,801,-1,801,785,783,-1,802,801,803,-1,803,801,783,-1,803,783,804,-1,804,783,782,-1,804,782,805,-1,806,807,808,-1,802,803,808,-1,808,803,809,-1,808,809,806,-1,810,811,782,-1,782,811,812,-1,782,812,813,-1,813,814,782,-1,782,814,815,-1,782,815,805,-1,811,810,786,-1,786,810,787,-1,803,804,789,-1,789,804,793,-1,816,817,818,-1,818,817,819,-1,820,821,818,-1,820,818,822,-1,823,819,824,-1,825,826,818,-1,819,823,818,-1,818,823,827,-1,818,827,825,-1,826,828,818,-1,818,828,829,-1,818,829,822,-1,830,831,832,-1,824,833,823,-1,823,833,830,-1,823,830,834,-1,834,830,832,-1,824,819,835,-1,835,819,817,-1,836,835,837,-1,837,835,817,-1,837,817,838,-1,838,817,816,-1,838,816,839,-1,840,841,842,-1,836,837,842,-1,842,837,843,-1,842,843,840,-1,844,845,816,-1,816,845,846,-1,816,846,847,-1,847,848,816,-1,816,848,849,-1,816,849,839,-1,845,844,820,-1,820,844,821,-1,837,838,823,-1,823,838,827,-1,850,851,852,-1,852,851,853,-1,854,855,852,-1,854,852,856,-1,857,853,858,-1,859,860,852,-1,853,857,852,-1,852,857,861,-1,852,861,859,-1,860,862,852,-1,852,862,863,-1,852,863,856,-1,864,865,866,-1,858,867,857,-1,857,867,864,-1,857,864,868,-1,868,864,866,-1,858,853,869,-1,869,853,851,-1,870,869,871,-1,871,869,851,-1,871,851,872,-1,872,851,850,-1,872,850,873,-1,874,875,876,-1,870,871,876,-1,876,871,877,-1,876,877,874,-1,878,879,850,-1,850,879,880,-1,850,880,881,-1,881,882,850,-1,850,882,883,-1,850,883,873,-1,879,878,854,-1,854,878,855,-1,871,872,857,-1,857,872,861,-1,884,885,886,-1,886,885,887,-1,888,889,886,-1,888,886,890,-1,891,887,892,-1,893,894,886,-1,887,891,886,-1,886,891,895,-1,886,895,893,-1,894,896,886,-1,886,896,897,-1,886,897,890,-1,898,899,900,-1,892,901,891,-1,891,901,898,-1,891,898,902,-1,902,898,900,-1,892,887,903,-1,903,887,885,-1,904,903,905,-1,905,903,885,-1,905,885,906,-1,906,885,884,-1,906,884,907,-1,908,909,910,-1,904,905,910,-1,910,905,911,-1,910,911,908,-1,912,913,884,-1,884,913,914,-1,884,914,915,-1,915,916,884,-1,884,916,917,-1,884,917,907,-1,913,912,888,-1,888,912,889,-1,905,906,891,-1,891,906,895,-1,918,919,920,-1,920,919,921,-1,922,923,920,-1,922,920,924,-1,925,921,926,-1,927,928,920,-1,921,925,920,-1,920,925,929,-1,920,929,927,-1,928,930,920,-1,920,930,931,-1,920,931,924,-1,932,933,934,-1,926,935,925,-1,925,935,932,-1,925,932,936,-1,936,932,934,-1,926,921,937,-1,937,921,919,-1,938,937,939,-1,939,937,919,-1,939,919,940,-1,940,919,918,-1,940,918,941,-1,942,943,944,-1,938,939,944,-1,944,939,945,-1,944,945,942,-1,946,947,918,-1,918,947,948,-1,918,948,949,-1,949,950,918,-1,918,950,951,-1,918,951,941,-1,947,946,922,-1,922,946,923,-1,939,940,925,-1,925,940,929,-1,952,953,954,-1,954,953,955,-1,956,957,954,-1,956,954,958,-1,959,955,960,-1,961,962,954,-1,955,959,954,-1,954,959,963,-1,954,963,961,-1,962,964,954,-1,954,964,965,-1,954,965,958,-1,966,967,968,-1,960,969,959,-1,959,969,966,-1,959,966,970,-1,970,966,968,-1,960,955,971,-1,971,955,953,-1,972,971,973,-1,973,971,953,-1,973,953,974,-1,974,953,952,-1,974,952,975,-1,976,977,978,-1,972,973,978,-1,978,973,979,-1,978,979,976,-1,980,981,952,-1,952,981,982,-1,952,982,983,-1,983,984,952,-1,952,984,985,-1,952,985,975,-1,981,980,956,-1,956,980,957,-1,973,974,959,-1,959,974,963,-1,986,987,988,-1,988,987,989,-1,990,991,988,-1,990,988,992,-1,993,989,994,-1,995,996,988,-1,989,993,988,-1,988,993,997,-1,988,997,995,-1,996,998,988,-1,988,998,999,-1,988,999,992,-1,1000,1001,1002,-1,994,1003,993,-1,993,1003,1000,-1,993,1000,1004,-1,1004,1000,1002,-1,994,989,1005,-1,1005,989,987,-1,1006,1005,1007,-1,1007,1005,987,-1,1007,987,1008,-1,1008,987,986,-1,1008,986,1009,-1,1010,1011,1012,-1,1006,1007,1012,-1,1012,1007,1013,-1,1012,1013,1010,-1,1014,1015,986,-1,986,1015,1016,-1,986,1016,1017,-1,1017,1018,986,-1,986,1018,1019,-1,986,1019,1009,-1,1015,1014,990,-1,990,1014,991,-1,1007,1008,993,-1,993,1008,997,-1,1020,1021,1022,-1,1022,1021,1023,-1,1024,1025,1022,-1,1024,1022,1026,-1,1027,1023,1028,-1,1029,1030,1022,-1,1023,1027,1022,-1,1022,1027,1031,-1,1022,1031,1029,-1,1030,1032,1022,-1,1022,1032,1033,-1,1022,1033,1026,-1,1034,1035,1036,-1,1028,1037,1027,-1,1027,1037,1034,-1,1027,1034,1038,-1,1038,1034,1036,-1,1028,1023,1039,-1,1039,1023,1021,-1,1040,1039,1041,-1,1041,1039,1021,-1,1041,1021,1042,-1,1042,1021,1020,-1,1042,1020,1043,-1,1044,1045,1046,-1,1040,1041,1046,-1,1046,1041,1047,-1,1046,1047,1044,-1,1048,1049,1020,-1,1020,1049,1050,-1,1020,1050,1051,-1,1051,1052,1020,-1,1020,1052,1053,-1,1020,1053,1043,-1,1049,1048,1024,-1,1024,1048,1025,-1,1041,1042,1027,-1,1027,1042,1031,-1,1054,1055,1056,-1,1056,1055,1057,-1,1058,1059,1056,-1,1058,1056,1060,-1,1061,1057,1062,-1,1063,1064,1056,-1,1057,1061,1056,-1,1056,1061,1065,-1,1056,1065,1063,-1,1064,1066,1056,-1,1056,1066,1067,-1,1056,1067,1060,-1,1068,1069,1070,-1,1062,1071,1061,-1,1061,1071,1068,-1,1061,1068,1072,-1,1072,1068,1070,-1,1062,1057,1073,-1,1073,1057,1055,-1,1074,1073,1075,-1,1075,1073,1055,-1,1075,1055,1076,-1,1076,1055,1054,-1,1076,1054,1077,-1,1078,1079,1080,-1,1074,1075,1080,-1,1080,1075,1081,-1,1080,1081,1078,-1,1082,1083,1054,-1,1054,1083,1084,-1,1054,1084,1085,-1,1085,1086,1054,-1,1054,1086,1087,-1,1054,1087,1077,-1,1083,1082,1058,-1,1058,1082,1059,-1,1075,1076,1061,-1,1061,1076,1065,-1,1088,1089,1090,-1,1090,1089,1091,-1,1092,1093,1090,-1,1092,1090,1094,-1,1095,1091,1096,-1,1097,1098,1090,-1,1091,1095,1090,-1,1090,1095,1099,-1,1090,1099,1097,-1,1098,1100,1090,-1,1090,1100,1101,-1,1090,1101,1094,-1,1102,1103,1104,-1,1096,1105,1095,-1,1095,1105,1102,-1,1095,1102,1106,-1,1106,1102,1104,-1,1096,1091,1107,-1,1107,1091,1089,-1,1108,1107,1109,-1,1109,1107,1089,-1,1109,1089,1110,-1,1110,1089,1088,-1,1110,1088,1111,-1,1112,1113,1114,-1,1108,1109,1114,-1,1114,1109,1115,-1,1114,1115,1112,-1,1116,1117,1088,-1,1088,1117,1118,-1,1088,1118,1119,-1,1119,1120,1088,-1,1088,1120,1121,-1,1088,1121,1111,-1,1117,1116,1092,-1,1092,1116,1093,-1,1109,1110,1095,-1,1095,1110,1099,-1,769,755,766,-1,769,766,775,-1,775,766,764,-1,775,764,772,-1,772,764,763,-1,772,763,773,-1,773,763,762,-1,773,762,774,-1,774,762,765,-1,774,765,768,-1,768,765,756,-1,768,756,767,-1,759,770,771,-1,759,771,757,-1,757,771,781,-1,757,781,758,-1,758,781,780,-1,758,780,760,-1,760,780,779,-1,760,779,761,-1,761,779,778,-1,761,778,754,-1,754,778,777,-1,754,777,752,-1,803,789,800,-1,803,800,809,-1,809,800,798,-1,809,798,806,-1,806,798,797,-1,806,797,807,-1,807,797,796,-1,807,796,808,-1,808,796,799,-1,808,799,802,-1,802,799,790,-1,802,790,801,-1,793,804,805,-1,793,805,791,-1,791,805,815,-1,791,815,792,-1,792,815,814,-1,792,814,794,-1,794,814,813,-1,794,813,795,-1,795,813,812,-1,795,812,788,-1,788,812,811,-1,788,811,786,-1,837,823,834,-1,837,834,843,-1,843,834,832,-1,843,832,840,-1,840,832,831,-1,840,831,841,-1,841,831,830,-1,841,830,842,-1,842,830,833,-1,842,833,836,-1,836,833,824,-1,836,824,835,-1,827,838,839,-1,827,839,825,-1,825,839,849,-1,825,849,826,-1,826,849,848,-1,826,848,828,-1,828,848,847,-1,828,847,829,-1,829,847,846,-1,829,846,822,-1,822,846,845,-1,822,845,820,-1,871,857,868,-1,871,868,877,-1,877,868,866,-1,877,866,874,-1,874,866,865,-1,874,865,875,-1,875,865,864,-1,875,864,876,-1,876,864,867,-1,876,867,870,-1,870,867,858,-1,870,858,869,-1,861,872,873,-1,861,873,859,-1,859,873,883,-1,859,883,860,-1,860,883,882,-1,860,882,862,-1,862,882,881,-1,862,881,863,-1,863,881,880,-1,863,880,856,-1,856,880,879,-1,856,879,854,-1,905,891,902,-1,905,902,911,-1,911,902,900,-1,911,900,908,-1,908,900,899,-1,908,899,909,-1,909,899,898,-1,909,898,910,-1,910,898,901,-1,910,901,904,-1,904,901,892,-1,904,892,903,-1,895,906,907,-1,895,907,893,-1,893,907,917,-1,893,917,894,-1,894,917,916,-1,894,916,896,-1,896,916,915,-1,896,915,897,-1,897,915,914,-1,897,914,890,-1,890,914,913,-1,890,913,888,-1,939,925,936,-1,939,936,945,-1,945,936,934,-1,945,934,942,-1,942,934,933,-1,942,933,943,-1,943,933,932,-1,943,932,944,-1,944,932,935,-1,944,935,938,-1,938,935,926,-1,938,926,937,-1,929,940,941,-1,929,941,927,-1,927,941,951,-1,927,951,928,-1,928,951,950,-1,928,950,930,-1,930,950,949,-1,930,949,931,-1,931,949,948,-1,931,948,924,-1,924,948,947,-1,924,947,922,-1,973,959,970,-1,973,970,979,-1,979,970,968,-1,979,968,976,-1,976,968,967,-1,976,967,977,-1,977,967,966,-1,977,966,978,-1,978,966,969,-1,978,969,972,-1,972,969,960,-1,972,960,971,-1,963,974,975,-1,963,975,961,-1,961,975,985,-1,961,985,962,-1,962,985,984,-1,962,984,964,-1,964,984,983,-1,964,983,965,-1,965,983,982,-1,965,982,958,-1,958,982,981,-1,958,981,956,-1,1007,993,1004,-1,1007,1004,1013,-1,1013,1004,1002,-1,1013,1002,1010,-1,1010,1002,1001,-1,1010,1001,1011,-1,1011,1001,1000,-1,1011,1000,1012,-1,1012,1000,1003,-1,1012,1003,1006,-1,1006,1003,994,-1,1006,994,1005,-1,997,1008,1009,-1,997,1009,995,-1,995,1009,1019,-1,995,1019,996,-1,996,1019,1018,-1,996,1018,998,-1,998,1018,1017,-1,998,1017,999,-1,999,1017,1016,-1,999,1016,992,-1,992,1016,1015,-1,992,1015,990,-1,1041,1027,1038,-1,1041,1038,1047,-1,1047,1038,1036,-1,1047,1036,1044,-1,1044,1036,1035,-1,1044,1035,1045,-1,1045,1035,1034,-1,1045,1034,1046,-1,1046,1034,1037,-1,1046,1037,1040,-1,1040,1037,1028,-1,1040,1028,1039,-1,1031,1042,1043,-1,1031,1043,1029,-1,1029,1043,1053,-1,1029,1053,1030,-1,1030,1053,1052,-1,1030,1052,1032,-1,1032,1052,1051,-1,1032,1051,1033,-1,1033,1051,1050,-1,1033,1050,1026,-1,1026,1050,1049,-1,1026,1049,1024,-1,1075,1061,1072,-1,1075,1072,1081,-1,1081,1072,1070,-1,1081,1070,1078,-1,1078,1070,1069,-1,1078,1069,1079,-1,1079,1069,1068,-1,1079,1068,1080,-1,1080,1068,1071,-1,1080,1071,1074,-1,1074,1071,1062,-1,1074,1062,1073,-1,1065,1076,1077,-1,1065,1077,1063,-1,1063,1077,1087,-1,1063,1087,1064,-1,1064,1087,1086,-1,1064,1086,1066,-1,1066,1086,1085,-1,1066,1085,1067,-1,1067,1085,1084,-1,1067,1084,1060,-1,1060,1084,1083,-1,1060,1083,1058,-1,1109,1095,1106,-1,1109,1106,1115,-1,1115,1106,1104,-1,1115,1104,1112,-1,1112,1104,1103,-1,1112,1103,1113,-1,1113,1103,1102,-1,1113,1102,1114,-1,1114,1102,1105,-1,1114,1105,1108,-1,1108,1105,1096,-1,1108,1096,1107,-1,1099,1110,1111,-1,1099,1111,1097,-1,1097,1111,1121,-1,1097,1121,1098,-1,1098,1121,1120,-1,1098,1120,1100,-1,1100,1120,1119,-1,1100,1119,1101,-1,1101,1119,1118,-1,1101,1118,1094,-1,1094,1118,1117,-1,1094,1117,1092,-1,1122,1123,1124,-1,1124,1123,1125,-1,1125,1126,1124,-1,1124,1126,1127,-1,1128,1129,1130,-1,1127,1131,1124,-1,1124,1131,1128,-1,1124,1128,1132,-1,1132,1128,1130,-1,1133,1123,1134,-1,1134,1123,1122,-1,1134,1122,1135,-1,1122,1136,1137,-1,1137,1138,1122,-1,1122,1138,1139,-1,1122,1139,1135,-1,1140,1141,1142,-1,1142,1141,1143,-1,1144,1145,1146,-1,1143,1147,1142,-1,1142,1147,1144,-1,1142,1144,1148,-1,1148,1144,1146,-1,1143,1141,1149,-1,1149,1141,1150,-1,1151,1152,1153,-1,1150,1154,1149,-1,1149,1154,1155,-1,1149,1155,1156,-1,1156,1155,1153,-1,1153,1155,1157,-1,1153,1157,1151,-1,1158,1159,1160,-1,1160,1159,1161,-1,1161,1162,1160,-1,1160,1162,1163,-1,1164,1165,1166,-1,1163,1167,1160,-1,1160,1167,1164,-1,1160,1164,1168,-1,1168,1164,1166,-1,1169,1159,1170,-1,1170,1159,1158,-1,1170,1158,1171,-1,1158,1172,1173,-1,1173,1174,1158,-1,1158,1174,1175,-1,1158,1175,1171,-1,1176,1177,1178,-1,1178,1177,1179,-1,1180,1181,1182,-1,1179,1183,1178,-1,1178,1183,1180,-1,1178,1180,1184,-1,1184,1180,1182,-1,1179,1177,1185,-1,1185,1177,1186,-1,1187,1188,1189,-1,1186,1190,1185,-1,1185,1190,1191,-1,1185,1191,1192,-1,1192,1191,1189,-1,1189,1191,1193,-1,1189,1193,1187,-1,1194,1195,1196,-1,1196,1195,1197,-1,1197,1198,1196,-1,1196,1198,1199,-1,1200,1201,1202,-1,1199,1203,1196,-1,1196,1203,1200,-1,1196,1200,1204,-1,1204,1200,1202,-1,1205,1195,1206,-1,1206,1195,1194,-1,1206,1194,1207,-1,1194,1208,1209,-1,1209,1210,1194,-1,1194,1210,1211,-1,1194,1211,1207,-1,1212,1213,1214,-1,1214,1213,1215,-1,1216,1217,1218,-1,1215,1219,1214,-1,1214,1219,1216,-1,1214,1216,1220,-1,1220,1216,1218,-1,1215,1213,1221,-1,1221,1213,1222,-1,1223,1224,1225,-1,1222,1226,1221,-1,1221,1226,1227,-1,1221,1227,1228,-1,1228,1227,1225,-1,1225,1227,1229,-1,1225,1229,1223,-1,1230,1231,1232,-1,1232,1231,1233,-1,1233,1234,1232,-1,1232,1234,1235,-1,1236,1237,1238,-1,1235,1239,1232,-1,1232,1239,1236,-1,1232,1236,1240,-1,1240,1236,1238,-1,1241,1231,1242,-1,1242,1231,1230,-1,1242,1230,1243,-1,1230,1244,1245,-1,1245,1246,1230,-1,1230,1246,1247,-1,1230,1247,1243,-1,1248,1249,1250,-1,1250,1249,1251,-1,1252,1253,1254,-1,1251,1255,1250,-1,1250,1255,1252,-1,1250,1252,1256,-1,1256,1252,1254,-1,1251,1249,1257,-1,1257,1249,1258,-1,1259,1260,1261,-1,1258,1262,1257,-1,1257,1262,1263,-1,1257,1263,1264,-1,1264,1263,1261,-1,1261,1263,1265,-1,1261,1265,1259,-1,1266,1267,1268,-1,1268,1267,1269,-1,1269,1270,1268,-1,1268,1270,1271,-1,1272,1273,1274,-1,1271,1275,1268,-1,1268,1275,1272,-1,1268,1272,1276,-1,1276,1272,1274,-1,1277,1267,1278,-1,1278,1267,1266,-1,1278,1266,1279,-1,1266,1280,1281,-1,1281,1282,1266,-1,1266,1282,1283,-1,1266,1283,1279,-1,1284,1285,1286,-1,1286,1285,1287,-1,1288,1289,1290,-1,1287,1291,1286,-1,1286,1291,1288,-1,1286,1288,1292,-1,1292,1288,1290,-1,1287,1285,1293,-1,1293,1285,1294,-1,1295,1296,1297,-1,1294,1298,1293,-1,1293,1298,1299,-1,1293,1299,1300,-1,1300,1299,1297,-1,1297,1299,1301,-1,1297,1301,1295,-1,1302,1303,1304,-1,1304,1303,1305,-1,1305,1306,1304,-1,1304,1306,1307,-1,1308,1309,1310,-1,1307,1311,1304,-1,1304,1311,1308,-1,1304,1308,1312,-1,1312,1308,1310,-1,1313,1303,1314,-1,1314,1303,1302,-1,1314,1302,1315,-1,1302,1316,1317,-1,1317,1318,1302,-1,1302,1318,1319,-1,1302,1319,1315,-1,1320,1321,1322,-1,1322,1321,1323,-1,1324,1325,1326,-1,1323,1327,1322,-1,1322,1327,1324,-1,1322,1324,1328,-1,1328,1324,1326,-1,1323,1321,1329,-1,1329,1321,1330,-1,1331,1332,1333,-1,1330,1334,1329,-1,1329,1334,1335,-1,1329,1335,1336,-1,1336,1335,1333,-1,1333,1335,1337,-1,1333,1337,1331,-1,1338,1339,1340,-1,1340,1339,1341,-1,1341,1342,1340,-1,1340,1342,1343,-1,1344,1345,1346,-1,1343,1347,1340,-1,1340,1347,1344,-1,1340,1344,1348,-1,1348,1344,1346,-1,1349,1339,1350,-1,1350,1339,1338,-1,1350,1338,1351,-1,1338,1352,1353,-1,1353,1354,1338,-1,1338,1354,1355,-1,1338,1355,1351,-1,1356,1357,1358,-1,1358,1357,1359,-1,1360,1361,1362,-1,1359,1363,1358,-1,1358,1363,1360,-1,1358,1360,1364,-1,1364,1360,1362,-1,1359,1357,1365,-1,1365,1357,1366,-1,1367,1368,1369,-1,1366,1370,1365,-1,1365,1370,1371,-1,1365,1371,1372,-1,1372,1371,1369,-1,1369,1371,1373,-1,1369,1373,1367,-1,1374,1375,1376,-1,1376,1375,1377,-1,1377,1378,1376,-1,1376,1378,1379,-1,1380,1381,1382,-1,1379,1383,1376,-1,1376,1383,1380,-1,1376,1380,1384,-1,1384,1380,1382,-1,1385,1375,1386,-1,1386,1375,1374,-1,1386,1374,1387,-1,1374,1388,1389,-1,1389,1390,1374,-1,1374,1390,1391,-1,1374,1391,1387,-1,1392,1393,1394,-1,1394,1393,1395,-1,1396,1397,1398,-1,1395,1399,1394,-1,1394,1399,1396,-1,1394,1396,1400,-1,1400,1396,1398,-1,1395,1393,1401,-1,1401,1393,1402,-1,1403,1404,1405,-1,1402,1406,1401,-1,1401,1406,1407,-1,1401,1407,1408,-1,1408,1407,1405,-1,1405,1407,1409,-1,1405,1409,1403,-1,1410,1411,1412,-1,1412,1411,1413,-1,1413,1414,1412,-1,1412,1414,1415,-1,1416,1417,1418,-1,1415,1419,1412,-1,1412,1419,1416,-1,1412,1416,1420,-1,1420,1416,1418,-1,1421,1411,1422,-1,1422,1411,1410,-1,1422,1410,1423,-1,1410,1424,1425,-1,1425,1426,1410,-1,1410,1426,1427,-1,1410,1427,1423,-1,1428,1429,1430,-1,1430,1429,1431,-1,1432,1433,1434,-1,1431,1435,1430,-1,1430,1435,1432,-1,1430,1432,1436,-1,1436,1432,1434,-1,1431,1429,1437,-1,1437,1429,1438,-1,1439,1440,1441,-1,1438,1442,1437,-1,1437,1442,1443,-1,1437,1443,1444,-1,1444,1443,1441,-1,1441,1443,1445,-1,1441,1445,1439,-1,1446,1447,1448,-1,1448,1447,1449,-1,1449,1450,1448,-1,1448,1450,1451,-1,1452,1453,1454,-1,1451,1455,1448,-1,1448,1455,1452,-1,1448,1452,1456,-1,1456,1452,1454,-1,1457,1447,1458,-1,1458,1447,1446,-1,1458,1446,1459,-1,1446,1460,1461,-1,1461,1462,1446,-1,1446,1462,1463,-1,1446,1463,1459,-1,1464,1465,1466,-1,1466,1465,1467,-1,1468,1469,1470,-1,1467,1471,1466,-1,1466,1471,1468,-1,1466,1468,1472,-1,1472,1468,1470,-1,1467,1465,1473,-1,1473,1465,1474,-1,1475,1476,1477,-1,1474,1478,1473,-1,1473,1478,1479,-1,1473,1479,1480,-1,1480,1479,1477,-1,1477,1479,1481,-1,1477,1481,1475,-1,1482,1483,1484,-1,1484,1483,1485,-1,1485,1486,1484,-1,1484,1486,1487,-1,1488,1489,1490,-1,1487,1491,1484,-1,1484,1491,1488,-1,1484,1488,1492,-1,1492,1488,1490,-1,1493,1483,1494,-1,1494,1483,1482,-1,1494,1482,1495,-1,1482,1496,1497,-1,1497,1498,1482,-1,1482,1498,1499,-1,1482,1499,1495,-1,1500,1501,1502,-1,1502,1501,1503,-1,1504,1505,1506,-1,1503,1507,1502,-1,1502,1507,1504,-1,1502,1504,1508,-1,1508,1504,1506,-1,1503,1501,1509,-1,1509,1501,1510,-1,1511,1512,1513,-1,1510,1514,1509,-1,1509,1514,1515,-1,1509,1515,1516,-1,1516,1515,1513,-1,1513,1515,1517,-1,1513,1517,1511,-1,1155,1142,1148,-1,1155,1148,1157,-1,1157,1148,1146,-1,1157,1146,1151,-1,1151,1146,1145,-1,1151,1145,1152,-1,1152,1145,1144,-1,1152,1144,1153,-1,1153,1144,1147,-1,1153,1147,1156,-1,1156,1147,1143,-1,1156,1143,1149,-1,1122,1124,1132,-1,1122,1132,1136,-1,1136,1132,1130,-1,1136,1130,1137,-1,1137,1130,1129,-1,1137,1129,1138,-1,1138,1129,1128,-1,1138,1128,1139,-1,1139,1128,1131,-1,1139,1131,1135,-1,1135,1131,1127,-1,1135,1127,1134,-1,1191,1178,1184,-1,1191,1184,1193,-1,1193,1184,1182,-1,1193,1182,1187,-1,1187,1182,1181,-1,1187,1181,1188,-1,1188,1181,1180,-1,1188,1180,1189,-1,1189,1180,1183,-1,1189,1183,1192,-1,1192,1183,1179,-1,1192,1179,1185,-1,1158,1160,1168,-1,1158,1168,1172,-1,1172,1168,1166,-1,1172,1166,1173,-1,1173,1166,1165,-1,1173,1165,1174,-1,1174,1165,1164,-1,1174,1164,1175,-1,1175,1164,1167,-1,1175,1167,1171,-1,1171,1167,1163,-1,1171,1163,1170,-1,1227,1214,1220,-1,1227,1220,1229,-1,1229,1220,1218,-1,1229,1218,1223,-1,1223,1218,1217,-1,1223,1217,1224,-1,1224,1217,1216,-1,1224,1216,1225,-1,1225,1216,1219,-1,1225,1219,1228,-1,1228,1219,1215,-1,1228,1215,1221,-1,1194,1196,1204,-1,1194,1204,1208,-1,1208,1204,1202,-1,1208,1202,1209,-1,1209,1202,1201,-1,1209,1201,1210,-1,1210,1201,1200,-1,1210,1200,1211,-1,1211,1200,1203,-1,1211,1203,1207,-1,1207,1203,1199,-1,1207,1199,1206,-1,1263,1250,1256,-1,1263,1256,1265,-1,1265,1256,1254,-1,1265,1254,1259,-1,1259,1254,1253,-1,1259,1253,1260,-1,1260,1253,1252,-1,1260,1252,1261,-1,1261,1252,1255,-1,1261,1255,1264,-1,1264,1255,1251,-1,1264,1251,1257,-1,1230,1232,1240,-1,1230,1240,1244,-1,1244,1240,1238,-1,1244,1238,1245,-1,1245,1238,1237,-1,1245,1237,1246,-1,1246,1237,1236,-1,1246,1236,1247,-1,1247,1236,1239,-1,1247,1239,1243,-1,1243,1239,1235,-1,1243,1235,1242,-1,1299,1286,1292,-1,1299,1292,1301,-1,1301,1292,1290,-1,1301,1290,1295,-1,1295,1290,1289,-1,1295,1289,1296,-1,1296,1289,1288,-1,1296,1288,1297,-1,1297,1288,1291,-1,1297,1291,1300,-1,1300,1291,1287,-1,1300,1287,1293,-1,1266,1268,1276,-1,1266,1276,1280,-1,1280,1276,1274,-1,1280,1274,1281,-1,1281,1274,1273,-1,1281,1273,1282,-1,1282,1273,1272,-1,1282,1272,1283,-1,1283,1272,1275,-1,1283,1275,1279,-1,1279,1275,1271,-1,1279,1271,1278,-1,1335,1322,1328,-1,1335,1328,1337,-1,1337,1328,1326,-1,1337,1326,1331,-1,1331,1326,1325,-1,1331,1325,1332,-1,1332,1325,1324,-1,1332,1324,1333,-1,1333,1324,1327,-1,1333,1327,1336,-1,1336,1327,1323,-1,1336,1323,1329,-1,1302,1304,1312,-1,1302,1312,1316,-1,1316,1312,1310,-1,1316,1310,1317,-1,1317,1310,1309,-1,1317,1309,1318,-1,1318,1309,1308,-1,1318,1308,1319,-1,1319,1308,1311,-1,1319,1311,1315,-1,1315,1311,1307,-1,1315,1307,1314,-1,1371,1358,1364,-1,1371,1364,1373,-1,1373,1364,1362,-1,1373,1362,1367,-1,1367,1362,1361,-1,1367,1361,1368,-1,1368,1361,1360,-1,1368,1360,1369,-1,1369,1360,1363,-1,1369,1363,1372,-1,1372,1363,1359,-1,1372,1359,1365,-1,1338,1340,1348,-1,1338,1348,1352,-1,1352,1348,1346,-1,1352,1346,1353,-1,1353,1346,1345,-1,1353,1345,1354,-1,1354,1345,1344,-1,1354,1344,1355,-1,1355,1344,1347,-1,1355,1347,1351,-1,1351,1347,1343,-1,1351,1343,1350,-1,1407,1394,1400,-1,1407,1400,1409,-1,1409,1400,1398,-1,1409,1398,1403,-1,1403,1398,1397,-1,1403,1397,1404,-1,1404,1397,1396,-1,1404,1396,1405,-1,1405,1396,1399,-1,1405,1399,1408,-1,1408,1399,1395,-1,1408,1395,1401,-1,1374,1376,1384,-1,1374,1384,1388,-1,1388,1384,1382,-1,1388,1382,1389,-1,1389,1382,1381,-1,1389,1381,1390,-1,1390,1381,1380,-1,1390,1380,1391,-1,1391,1380,1383,-1,1391,1383,1387,-1,1387,1383,1379,-1,1387,1379,1386,-1,1443,1430,1436,-1,1443,1436,1445,-1,1445,1436,1434,-1,1445,1434,1439,-1,1439,1434,1433,-1,1439,1433,1440,-1,1440,1433,1432,-1,1440,1432,1441,-1,1441,1432,1435,-1,1441,1435,1444,-1,1444,1435,1431,-1,1444,1431,1437,-1,1410,1412,1420,-1,1410,1420,1424,-1,1424,1420,1418,-1,1424,1418,1425,-1,1425,1418,1417,-1,1425,1417,1426,-1,1426,1417,1416,-1,1426,1416,1427,-1,1427,1416,1419,-1,1427,1419,1423,-1,1423,1419,1415,-1,1423,1415,1422,-1,1479,1466,1472,-1,1479,1472,1481,-1,1481,1472,1470,-1,1481,1470,1475,-1,1475,1470,1469,-1,1475,1469,1476,-1,1476,1469,1468,-1,1476,1468,1477,-1,1477,1468,1471,-1,1477,1471,1480,-1,1480,1471,1467,-1,1480,1467,1473,-1,1446,1448,1456,-1,1446,1456,1460,-1,1460,1456,1454,-1,1460,1454,1461,-1,1461,1454,1453,-1,1461,1453,1462,-1,1462,1453,1452,-1,1462,1452,1463,-1,1463,1452,1455,-1,1463,1455,1459,-1,1459,1455,1451,-1,1459,1451,1458,-1,1515,1502,1508,-1,1515,1508,1517,-1,1517,1508,1506,-1,1517,1506,1511,-1,1511,1506,1505,-1,1511,1505,1512,-1,1512,1505,1504,-1,1512,1504,1513,-1,1513,1504,1507,-1,1513,1507,1516,-1,1516,1507,1503,-1,1516,1503,1509,-1,1482,1484,1492,-1,1482,1492,1496,-1,1496,1492,1490,-1,1496,1490,1497,-1,1497,1490,1489,-1,1497,1489,1498,-1,1498,1489,1488,-1,1498,1488,1499,-1,1499,1488,1491,-1,1499,1491,1495,-1,1495,1491,1487,-1,1495,1487,1494,-1,
        ]
    }
}
Shape{
    appearance Appearance {
        material  Material 	{
            diffuseColor 0.48627450980392156 0.48627450980392156 0.48627450980392156
            specularColor 0.42745098039215684 0.42745098039215684 0.42745098039215684
            ambientIntensity 0.4863
            transparency 0.0
            shininess 0.5
        }
    }
    geometry IndexedFaceSet {
        ccw TRUE
        solid FALSE
        coord DEF co Coordinate {
            point [
                -1.3051 -0.6441 0.126, -1.2854 -0.6244 0.1457, -1.3051 -0.6441 0.3622, -1.2854 -0.6244 0.3425, 1.3051 -0.6441 0.126, 1.2854 -0.6244 0.1457, 1.2854 -0.6244 0.3425, 1.3051 -0.6441 0.3622
            ]
        }
        coordIndex [
            0,1,2,-1,2,1,3,-1,4,5,0,-1,0,5,1,-1,6,7,3,-1,3,7,2,-1,7,6,4,-1,4,6,5,-1,
        ]
    }
}