#VRML V2.0 utf8
# 3D model generated by easyeda2kicad.py (https://github.com/uPesy/easyeda2kicad.py)

Shape{
    appearance Appearance {
        material  Material 	{
            diffuseColor 0.6666666666666666 0.6666666666666666 0.6666666666666666
            specularColor 0.4666666666666667 0.4666666666666667 0.4666666666666667
            ambientIntensity 0.6667
            transparency 0.0
            shininess 0.5
        }
    }
    geometry IndexedFaceSet {
        ccw TRUE
        solid FALSE
        coord DEF co Coordinate {
            point [
                -0.8465 -0.4843 0.0315, -0.8465 -0.1036 0.0315, -0.0409 -0.1036 0.0315, -0.8173 -0.5223 0.0315, -0.8268 -0.5184 0.0315, -0.835 -0.5121 0.0315, -0.8412 -0.504 0.0315, -0.8452 -0.4945 0.0315, 0.1633 -0.1036 0.0315, 0.1712 -0.1047 0.0315, -0.0409 -0.5237 0.0315, 0.1766 -0.1048 0.0315, 0.1881 -0.1036 0.0315, 0.807 -0.5237 0.0315, 0.8464 -0.1036 0.0315, 0.8464 -0.4843 0.0315, 0.8172 -0.5223 0.0315, 0.8267 -0.5184 0.0315, 0.8349 -0.5121 0.0315, 0.8451 -0.4945 0.0315, 0.8411 -0.504 0.0315, -0.0409 0.5236 0.0315, -0.0216 -0.0808 0.0315, -0.0216 -0.1024 0.0315, 0.084 -0.1024 0.0315, 0.1224 -0.0922 0.0315, 0.1224 -0.0706 0.0315, 0.084 0.0944 0.0315, 0.1434 -0.1008 0.0315, -0.8071 -0.5237 0.0315, 0.0576 0.0728 0.0315, 0.0576 0.008 0.0315, -0.0168 0.0728 0.0315, -0.012 0.008 0.0315, 0.0576 -0.0136 0.0315, 0.0576 -0.0808 0.0315, -0.012 -0.0136 0.0315, -0.0168 0.0944 0.0315, 0.3865 0.0944 0.0315, 0.8172 0.5222 0.0315, 0.3865 -0.1024 0.0315, 0.8267 0.5183 0.0315, 0.8349 0.5121 0.0315, 0.2584 0.0426 0.0315, 0.2469 0.061 0.0315, 0.3601 0.0944 0.0315, 0.1879 0.0731 0.0315, 0.2026 0.0677 0.0315, 0.1259 -0.0725 0.0315, 0.2162 0.0586 0.0315, 0.2281 0.0455 0.0315, 0.2424 -0.0061 0.0315, 0.2404 -0.0274 0.0315, 0.2351 -0.0443 0.0315, 0.1913 -0.0811 0.0315, 0.1729 -0.0832 0.0315, 0.2056 -0.0759 0.0315, 0.2177 -0.0677 0.0315, 0.2269 -0.058 0.0315, 0.1468 -0.0803 0.0315, 0.2362 0.0303 0.0315, 0.2415 0.0092 0.0315, 0.2291 0.0781 0.0315, 0.807 0.5236 0.0315, 0.8411 0.5039 0.0315, 0.8451 0.4944 0.0315, 0.8464 0.4842 0.0315, 0.2199 -0.0957 0.0315, 0.2357 -0.0856 0.0315, 0.2856 -0.1024 0.0315, 0.2505 -0.07 0.0315, 0.2856 -0.0808 0.0315, 0.261 -0.0513 0.0315, 0.3601 -0.0808 0.0315, 0.2008 -0.1023 0.0315, 0.2669 -0.0305 0.0315, 0.2688 -0.0077 0.0315, 0.266 0.0203 0.0315, 0.2104 0.0889 0.0315, 0.1885 0.0952 0.0315, 0.1687 0.0968 0.0315, 0.1452 0.0952 0.0315, 0.1224 0.089 0.0315, 0.1224 0.0626 0.0315, 0.1446 0.0721 0.0315, 0.1685 0.0752 0.0315, -0.2329 -0.1024 0.0315, -0.2087 -0.0485 0.0315, -0.1974 -0.0661 0.0315, -0.1812 -0.0816 0.0315, -0.1606 -0.0935 0.0315, -0.1379 -0.1003 0.0315, -0.1136 -0.1024 0.0315, -0.0601 -0.1024 0.0315, -0.0601 0.0944 0.0315, -0.1156 0.0944 0.0315, -0.144 0.0914 0.0315, -0.1671 0.0833 0.0315, -0.1885 0.069 0.0315, -0.3073 0.0944 0.0315, -0.1887 0.0688 0.0315, -0.2026 0.0533 0.0315, -0.2118 0.0364 0.0315, -0.3817 -0.1024 0.0315, -0.4105 -0.1024 0.0315, -0.3337 0.0944 0.0315, -0.8465 0.4842 0.0315, -0.8452 0.4944 0.0315, -0.2617 -0.1024 0.0315, -0.2805 -0.0472 0.0315, -0.3618 -0.0472 0.0315, -0.2171 0.017 0.0315, -0.2185 -0.0015 0.0315, -0.2157 -0.0278 0.0315, -0.8412 0.5039 0.0315, -0.835 0.5121 0.0315, -0.8268 0.5183 0.0315, -0.8071 0.5236 0.0315, -0.8173 0.5222 0.0315
            ]
        }
        coordIndex [
            0,1,2,-1,3,4,0,-1,4,5,0,-1,0,5,6,-1,0,6,7,-1,8,9,10,-1,9,11,10,-1,10,11,12,-1,10,12,13,-1,13,12,14,-1,13,14,15,-1,16,13,17,-1,17,13,18,-1,15,19,13,-1,13,19,20,-1,13,20,18,-1,21,22,2,-1,2,22,23,-1,2,23,24,-1,25,24,26,-1,26,24,27,-1,25,28,24,-1,24,28,8,-1,24,8,2,-1,2,8,10,-1,2,10,0,-1,0,10,29,-1,0,29,3,-1,30,31,32,-1,32,31,33,-1,34,35,36,-1,36,35,22,-1,27,37,21,-1,21,37,32,-1,21,32,22,-1,22,32,33,-1,22,33,36,-1,38,39,40,-1,40,39,41,-1,40,41,42,-1,43,44,45,-1,46,47,48,-1,48,47,49,-1,48,49,50,-1,51,52,48,-1,48,52,53,-1,54,55,56,-1,56,55,57,-1,53,58,48,-1,48,58,57,-1,48,57,59,-1,59,57,55,-1,50,60,48,-1,48,60,61,-1,48,61,51,-1,44,62,45,-1,45,62,21,-1,45,21,38,-1,38,21,63,-1,38,63,39,-1,42,64,40,-1,40,64,65,-1,40,65,66,-1,67,68,69,-1,69,68,70,-1,69,70,71,-1,71,70,72,-1,71,72,73,-1,66,14,40,-1,40,14,12,-1,40,12,69,-1,69,12,74,-1,69,74,67,-1,72,75,73,-1,73,75,76,-1,73,76,45,-1,45,76,77,-1,45,77,43,-1,62,78,21,-1,21,78,79,-1,21,79,80,-1,80,81,21,-1,21,81,82,-1,21,82,27,-1,27,82,83,-1,27,83,26,-1,26,83,84,-1,26,84,48,-1,48,84,85,-1,48,85,46,-1,86,87,88,-1,88,89,86,-1,86,89,90,-1,86,90,91,-1,92,93,2,-1,2,93,94,-1,2,94,21,-1,21,94,95,-1,21,95,96,-1,97,98,99,-1,98,100,99,-1,99,100,101,-1,99,101,102,-1,103,2,104,-1,104,2,1,-1,104,1,105,-1,105,1,106,-1,105,106,107,-1,91,92,86,-1,86,92,2,-1,86,2,108,-1,108,2,103,-1,108,103,109,-1,109,103,110,-1,102,111,99,-1,99,111,112,-1,99,112,86,-1,86,112,113,-1,86,113,87,-1,107,114,105,-1,105,114,115,-1,105,115,116,-1,96,97,21,-1,21,97,99,-1,21,99,117,-1,117,99,105,-1,117,105,118,-1,118,105,116,-1,
        ]
    }
}
Shape{
    appearance Appearance {
        material  Material 	{
            diffuseColor 0.20784313725490197 0.20784313725490197 0.20784313725490197
            specularColor 0.01568627450980392 0.01568627450980392 0.01568627450980392
            ambientIntensity 0.298
            transparency 0.0
            shininess 0.5
        }
    }
    geometry IndexedFaceSet {
        ccw TRUE
        solid FALSE
        coord DEF co Coordinate {
            point [
                -0.8452 0.4944 0.0394, -0.8465 0.4842 0.0394, -1.8469 0.7874 0.0394, -1.8469 -0.7874 0.0394, -1.8307 0.8036 0.0394, -0.8173 0.5222 0.0394, -0.8268 0.5183 0.0394, 1.8307 -0.8036 0.0394, 0.8172 -0.5223 0.0394, 0.8267 -0.5184 0.0394, 0.8411 0.5039 0.0394, 0.8349 0.5121 0.0394, 1.8307 0.8036 0.0394, 0.8267 0.5183 0.0394, 1.8388 0.8014 0.0394, 1.8421 0.7988 0.0394, 0.8451 0.4944 0.0394, 1.8447 0.7955 0.0394, 1.8463 0.7916 0.0394, 1.8469 0.7874 0.0394, 0.8172 0.5222 0.0394, 0.807 0.5236 0.0394, -0.8071 0.5236 0.0394, -1.8422 -0.7989 0.0394, -1.8448 -0.7955 0.0394, -0.8452 -0.4945 0.0394, -0.8412 -0.504 0.0394, -0.835 -0.5121 0.0394, -1.8307 -0.8036 0.0394, -0.8268 -0.5184 0.0394, 1.8463 -0.7916 0.0394, 1.8447 -0.7955 0.0394, 0.8451 -0.4945 0.0394, 1.8421 -0.7989 0.0394, 1.8469 -0.7874 0.0394, 0.8464 -0.4843 0.0394, 0.8464 0.4842 0.0394, -1.8464 0.7916 0.0394, -1.8448 0.7955 0.0394, -1.8422 0.7988 0.0394, -1.8388 -0.8015 0.0394, -0.8465 -0.4843 0.0394, -1.8464 -0.7916 0.0394, -0.8173 -0.5223 0.0394, -0.8071 -0.5237 0.0394, 0.807 -0.5237 0.0394, 1.8349 0.803 0.0394, -0.835 0.5121 0.0394, -0.8412 0.5039 0.0394, -1.8349 0.803 0.0394, -1.8388 0.8014 0.0394, -1.8349 -0.8031 0.0394, 0.8349 -0.5121 0.0394, 0.8411 -0.504 0.0394, 1.8349 -0.8031 0.0394, 1.8388 -0.8015 0.0394, -1.8307 -0.8662 0.2657, -1.8307 -0.8662 0.2067, -1.815 -0.8662 0.2657, -1.815 -0.8662 0.2067, -1.7284 -0.8662 0.2067, -1.6182 -0.8662 0.2067, -1.7284 -0.8662 0.2657, -1.6182 -0.8662 0.2657, -1.5315 -0.8662 0.2067, -1.4213 -0.8662 0.2067, -1.5315 -0.8662 0.2657, -1.4213 -0.8662 0.2657, -1.3347 -0.8662 0.2067, -1.2244 -0.8662 0.2067, -1.3347 -0.8662 0.2657, -1.2244 -0.8662 0.2657, -1.1378 -0.8662 0.2067, -1.0276 -0.8662 0.2067, -1.1378 -0.8662 0.2657, -1.0276 -0.8662 0.2657, -0.941 -0.8662 0.2067, -0.8307 -0.8662 0.2067, -0.941 -0.8662 0.2657, -0.8307 -0.8662 0.2657, -0.7441 -0.8662 0.2067, -0.6339 -0.8662 0.2067, -0.7441 -0.8662 0.2657, -0.6339 -0.8662 0.2657, -0.5473 -0.8662 0.2067, -0.437 -0.8662 0.2067, -0.5473 -0.8662 0.2657, -0.437 -0.8662 0.2657, -0.3504 -0.8662 0.2067, -0.2402 -0.8662 0.2067, -0.3504 -0.8662 0.2657, -0.2402 -0.8662 0.2657, -0.1536 -0.8662 0.2067, -0.0433 -0.8662 0.2067, -0.1536 -0.8662 0.2657, -0.0433 -0.8662 0.2657, 0.0433 -0.8662 0.2067, 0.1535 -0.8662 0.2067, 0.0433 -0.8662 0.2657, 0.1535 -0.8662 0.2657, 0.2401 -0.8662 0.2067, 0.3504 -0.8662 0.2067, 0.2401 -0.8662 0.2657, 0.3504 -0.8662 0.2657, 0.437 -0.8662 0.2067, 0.5472 -0.8662 0.2067, 0.437 -0.8662 0.2657, 0.5472 -0.8662 0.2657, 0.6338 -0.8662 0.2067, 0.7441 -0.8662 0.2067, 0.6338 -0.8662 0.2657, 0.7441 -0.8662 0.2657, 0.8307 -0.8662 0.2067, 0.9409 -0.8662 0.2067, 0.8307 -0.8662 0.2657, 0.9409 -0.8662 0.2657, 1.0275 -0.8662 0.2067, 1.1378 -0.8662 0.2067, 1.0275 -0.8662 0.2657, 1.1378 -0.8662 0.2657, 1.2244 -0.8662 0.2067, 1.3346 -0.8662 0.2067, 1.2244 -0.8662 0.2657, 1.3346 -0.8662 0.2657, 1.4212 -0.8662 0.2067, 1.5315 -0.8662 0.2067, 1.4212 -0.8662 0.2657, 1.5315 -0.8662 0.2657, 1.6181 -0.8662 0.2067, 1.7283 -0.8662 0.2067, 1.6181 -0.8662 0.2657, 1.7283 -0.8662 0.2657, -1.8307 0.8661 0.2067, -1.8307 0.8661 0.2657, -1.815 0.8661 0.2067, -1.815 0.8661 0.2657, -1.7284 0.8661 0.2657, -1.6182 0.8661 0.2657, -1.7284 0.8661 0.2067, -1.6182 0.8661 0.2067, -1.5315 0.8661 0.2657, -1.4213 0.8661 0.2657, -1.5315 0.8661 0.2067, -1.4213 0.8661 0.2067, -1.3347 0.8661 0.2657, -1.2244 0.8661 0.2657, -1.3347 0.8661 0.2067, -1.2244 0.8661 0.2067, -1.1378 0.8661 0.2657, -1.0276 0.8661 0.2657, -1.1378 0.8661 0.2067, -1.0276 0.8661 0.2067, -0.941 0.8661 0.2657, -0.8307 0.8661 0.2657, -0.941 0.8661 0.2067, -0.8307 0.8661 0.2067, -0.7441 0.8661 0.2657, -0.6339 0.8661 0.2657, -0.7441 0.8661 0.2067, -0.6339 0.8661 0.2067, -0.5473 0.8661 0.2657, -0.437 0.8661 0.2657, -0.5473 0.8661 0.2067, -0.437 0.8661 0.2067, -0.3504 0.8661 0.2657, -0.2402 0.8661 0.2657, -0.3504 0.8661 0.2067, -0.2402 0.8661 0.2067, -0.1536 0.8661 0.2657, -0.0433 0.8661 0.2657, -0.1536 0.8661 0.2067, -0.0433 0.8661 0.2067, 0.0433 0.8661 0.2657, 0.1535 0.8661 0.2657, 0.0433 0.8661 0.2067, 0.1535 0.8661 0.2067, 0.2401 0.8661 0.2657, 0.3504 0.8661 0.2657, 0.2401 0.8661 0.2067, 0.3504 0.8661 0.2067, 0.437 0.8661 0.2657, 0.5472 0.8661 0.2657, 0.437 0.8661 0.2067, 0.5472 0.8661 0.2067, 0.6338 0.8661 0.2657, 0.7441 0.8661 0.2657, 0.6338 0.8661 0.2067, 0.7441 0.8661 0.2067, 0.8307 0.8661 0.2657, 0.9409 0.8661 0.2657, 0.8307 0.8661 0.2067, 0.9409 0.8661 0.2067, 1.0275 0.8661 0.2657, 1.1378 0.8661 0.2657, 1.0275 0.8661 0.2067, 1.1378 0.8661 0.2067, 1.2244 0.8661 0.2657, 1.3346 0.8661 0.2657, 1.2244 0.8661 0.2067, 1.3346 0.8661 0.2067, 1.4212 0.8661 0.2657, 1.5315 0.8661 0.2657, 1.4212 0.8661 0.2067, 1.5315 0.8661 0.2067, 1.6181 0.8661 0.2657, 1.7283 0.8661 0.2657, 1.6181 0.8661 0.2067, 1.7283 0.8661 0.2067, -1.9095 -0.7874 0.2657, -1.9095 -0.7874 0.2067, -1.9075 -0.805 0.2067, -1.9075 -0.805 0.2657, -1.9017 -0.8216 0.2067, -1.9017 -0.8216 0.2657, -1.8923 -0.8365 0.2067, -1.8923 -0.8365 0.2657, -1.8798 -0.849 0.2067, -1.8798 -0.849 0.2657, -1.8649 -0.8584 0.2067, -1.8649 -0.8584 0.2657, -1.8483 -0.8642 0.2067, -1.8483 -0.8642 0.2657, 1.8149 -0.8662 0.2067, 1.8307 -0.8662 0.2067, 1.8149 -0.8662 0.2657, 1.8307 -0.8662 0.2657, 1.851 -0.8635 0.2067, 1.851 -0.8635 0.2657, 1.87 -0.8556 0.2067, 1.87 -0.8556 0.2657, 1.8863 -0.8431 0.2067, 1.8863 -0.8431 0.2657, 1.8989 -0.8268 0.2067, 1.8989 -0.8268 0.2657, 1.9067 -0.8078 0.2067, 1.9067 -0.8078 0.2657, 1.9094 -0.7874 0.2067, 1.9094 -0.7874 0.2657, 1.9094 0.7874 0.2657, 1.9094 0.7874 0.2067, 1.9067 0.8077 0.2067, 1.9067 0.8077 0.2657, 1.8989 0.8267 0.2067, 1.8989 0.8267 0.2657, 1.8863 0.843 0.2067, 1.8863 0.843 0.2657, 1.87 0.8556 0.2067, 1.87 0.8556 0.2657, 1.851 0.8634 0.2067, 1.851 0.8634 0.2657, 1.8307 0.8661 0.2067, 1.8307 0.8661 0.2657, 1.8149 0.8661 0.2657, 1.8149 0.8661 0.2067, -1.8483 0.8641 0.2067, -1.8483 0.8641 0.2657, -1.8649 0.8583 0.2067, -1.8649 0.8583 0.2657, -1.8798 0.8489 0.2067, -1.8798 0.8489 0.2657, -1.8923 0.8365 0.2067, -1.8923 0.8365 0.2657, -1.9017 0.8215 0.2067, -1.9017 0.8215 0.2657, -1.9075 0.8049 0.2067, -1.9075 0.8049 0.2657, -1.9095 0.7874 0.2067, -1.9095 0.7874 0.2657, -1.8857 -0.7874 0.4005, -1.8843 -0.7997 0.4005, -1.8803 -0.8113 0.4005, -1.8737 -0.8217 0.4005, -1.865 -0.8304 0.4005, -1.8546 -0.837 0.4005, -1.843 -0.841 0.4005, -1.8307 -0.8424 0.4005, 1.8307 -0.8424 0.4005, 1.8449 -0.8405 0.4005, 1.8582 -0.835 0.4005, 1.8695 -0.8263 0.4005, 1.8783 -0.8149 0.4005, 1.8838 -0.8017 0.4005, 1.8856 -0.7874 0.4005, 1.8856 0.7874 0.4005, 1.8838 0.8016 0.4005, 1.8783 0.8148 0.4005, 1.8695 0.8262 0.4005, 1.8582 0.835 0.4005, 1.8449 0.8405 0.4005, 1.8307 0.8423 0.4005, -1.8307 0.8423 0.4005, -1.843 0.841 0.4005, -1.8546 0.8369 0.4005, -1.865 0.8303 0.4005, -1.8737 0.8216 0.4005, -1.8803 0.8112 0.4005, -1.8843 0.7996 0.4005, -1.8857 0.7874 0.4005, -1.6619 -0.5969 0.4331, -1.6678 -0.5827 0.4331, -1.8469 -0.7874 0.4331, -1.6525 -0.5257 0.4331, -1.6403 -0.5163 0.4331, -1.8469 0.7874 0.4331, 1.8307 -0.8036 0.4331, 1.8447 -0.7955 0.4331, 1.8463 -0.7916 0.4331, -1.6698 -0.5674 0.4331, -1.6678 -0.5521 0.4331, -1.6619 -0.5379 0.4331, 1.8349 -0.8031 0.4331, 1.8388 -0.8015 0.4331, 1.8421 -0.7989 0.4331, 1.8469 -0.7874 0.4331, -1.5537 -0.5827 0.4331, -1.5596 -0.5969 0.4331, -1.569 -0.5257 0.4331, -1.5596 -0.5379 0.4331, 1.8469 0.7874 0.4331, -1.5537 -0.5521 0.4331, -1.5517 -0.5674 0.4331, -1.8453 -0.7945 0.4331, -1.8434 -0.7975 0.4331, -1.6525 -0.6092 0.4331, -1.8408 -0.8001 0.4331, 1.8463 0.7916 0.4331, 1.8447 0.7955 0.4331, 1.8421 0.7988 0.4331, -1.569 -0.6092 0.4331, -1.5812 -0.6186 0.4331, -1.8307 -0.8036 0.4331, -1.5954 -0.6245 0.4331, -1.6107 -0.6265 0.4331, -1.8465 -0.791 0.4331, 1.8388 0.8014 0.4331, 1.8349 0.803 0.4331, -1.5812 -0.5163 0.4331, 1.8307 0.8036 0.4331, -1.5954 -0.5104 0.4331, -1.8307 0.8036 0.4331, -1.6107 -0.5084 0.4331, -1.8344 0.8032 0.4331, -1.8378 0.802 0.4331, -1.626 -0.6245 0.4331, -1.6403 -0.6186 0.4331, -1.8344 -0.8032 0.4331, -1.8378 -0.802 0.4331, -1.8408 0.8 0.4331, -1.8434 0.7975 0.4331, -1.8453 0.7944 0.4331, -1.8465 0.791 0.4331, -1.626 -0.5104 0.4331, -1.8307 -0.8424 0.0719, -1.843 -0.841 0.0719, -1.8546 -0.837 0.0719, -1.865 -0.8304 0.0719, -1.8737 -0.8217 0.0719, -1.8803 -0.8113 0.0719, -1.8843 -0.7997 0.0719, -1.8857 -0.7874 0.0719, -1.8857 0.7874 0.0719, -1.8784 0.8148 0.0719, -1.8799 0.8111 0.0719, -1.8841 0.7996 0.0719, -1.8838 0.8016 0.0719, -1.8734 0.8214 0.0719, -1.8696 0.8262 0.0719, -1.8647 0.83 0.0719, -1.8582 0.835 0.0719, -1.8545 0.8365 0.0719, -1.845 0.8405 0.0719, -1.843 0.8407 0.0719, -1.8307 0.8423 0.0719, 1.8307 0.8423 0.0719, 1.8449 0.8405 0.0719, 1.8582 0.835 0.0719, 1.8695 0.8262 0.0719, 1.8783 0.8148 0.0719, 1.8838 0.8016 0.0719, 1.8856 0.7874 0.0719, 1.8856 -0.7874 0.0719, 1.8838 -0.8017 0.0719, 1.8783 -0.8149 0.0719, 1.8695 -0.8263 0.0719, 1.8582 -0.835 0.0719, 1.8449 -0.8405 0.0719, 1.8307 -0.8424 0.0719, 1.8559 0.7874 0.0404, 1.8551 0.7939 0.0404, 1.8645 0.7874 0.0436, 1.8634 0.7961 0.0436, 1.8722 0.7874 0.0486, 1.8708 0.7981 0.0486, 1.8784 0.7874 0.0552, 1.8768 0.7997 0.0552, 1.883 0.7874 0.0631, 1.8812 0.8009 0.0631, 1.8526 0.8 0.0404, 1.86 0.8043 0.0436, 1.8666 0.8081 0.0486, 1.872 0.8113 0.0552, 1.876 0.8135 0.0631, 1.8485 0.8052 0.0404, 1.8546 0.8113 0.0436, 1.86 0.8167 0.0486, 1.8645 0.8211 0.0552, 1.8677 0.8244 0.0631, 1.8433 0.8093 0.0404, 1.8476 0.8167 0.0436, 1.8514 0.8233 0.0486, 1.8546 0.8287 0.0552, 1.8568 0.8327 0.0631, 1.8372 0.8118 0.0404, 1.8394 0.8201 0.0436, 1.8414 0.8275 0.0486, 1.843 0.8335 0.0552, 1.8442 0.8379 0.0631, 1.8307 0.8126 0.0404, 1.8307 0.8212 0.0436, 1.8307 0.8289 0.0486, 1.8307 0.8351 0.0552, 1.8307 0.8397 0.0631, -1.8307 0.8126 0.0404, -1.8307 0.8212 0.0436, -1.8307 0.8289 0.0486, -1.8307 0.8351 0.0552, -1.8307 0.8397 0.0631, 1.8559 -0.7874 0.0404, 1.8645 -0.7874 0.0436, 1.8722 -0.7874 0.0486, 1.8784 -0.7874 0.0552, 1.883 -0.7874 0.0631, -1.8813 0.8009 0.0631, -1.8761 0.8135 0.0631, -1.8569 0.8327 0.0631, -1.8443 0.8379 0.0631, -1.8486 0.8052 0.0404, -1.8526 0.8 0.0404, -1.8547 0.8113 0.0436, -1.8601 0.8043 0.0436, -1.8601 0.8167 0.0486, -1.8667 0.8081 0.0486, -1.8645 0.8211 0.0552, -1.8721 0.8113 0.0552, -1.8678 0.8244 0.0631, -1.8431 0.8335 0.0552, -1.8415 0.8275 0.0486, -1.8395 0.8201 0.0436, -1.8373 0.8118 0.0404, -1.8546 0.8287 0.0552, -1.8515 0.8233 0.0486, -1.8477 0.8167 0.0436, -1.8434 0.8093 0.0404, -1.8769 0.7997 0.0552, -1.8708 0.7981 0.0486, -1.8635 0.7961 0.0436, -1.8552 0.7939 0.0404, -1.8831 0.7874 0.0631, -1.8785 0.7874 0.0552, -1.8723 0.7874 0.0486, -1.8646 0.7874 0.0436, -1.856 0.7874 0.0404, 1.8307 -0.8127 0.0404, 1.8372 -0.8119 0.0404, 1.8307 -0.8213 0.0436, 1.8394 -0.8202 0.0436, 1.8307 -0.8289 0.0486, 1.8414 -0.8275 0.0486, 1.8307 -0.8352 0.0552, 1.843 -0.8336 0.0552, 1.8307 -0.8398 0.0631, 1.8442 -0.838 0.0631, 1.8433 -0.8093 0.0404, 1.8476 -0.8168 0.0436, 1.8514 -0.8234 0.0486, 1.8546 -0.8288 0.0552, 1.8568 -0.8328 0.0631, 1.8485 -0.8053 0.0404, 1.8546 -0.8114 0.0436, 1.86 -0.8168 0.0486, 1.8645 -0.8212 0.0552, 1.8677 -0.8245 0.0631, 1.8526 -0.8001 0.0404, 1.86 -0.8044 0.0436, 1.8666 -0.8082 0.0486, 1.872 -0.8113 0.0552, 1.876 -0.8136 0.0631, 1.8551 -0.794 0.0404, 1.8634 -0.7962 0.0436, 1.8708 -0.7982 0.0486, 1.8768 -0.7998 0.0552, 1.8812 -0.801 0.0631, -1.856 -0.7874 0.0404, -1.8646 -0.7874 0.0436, -1.8723 -0.7874 0.0486, -1.8785 -0.7874 0.0552, -1.8831 -0.7874 0.0631, -1.8307 -0.8127 0.0404, -1.8307 -0.8213 0.0436, -1.8307 -0.8289 0.0486, -1.8307 -0.8352 0.0552, -1.8307 -0.8398 0.0631, -1.8818 -0.7991 0.0631, -1.8773 -0.7981 0.0552, -1.8712 -0.7967 0.0486, -1.8638 -0.795 0.0436, -1.8554 -0.7931 0.0404, -1.8465 -0.791 0.0394, -1.8453 -0.7945 0.0394, -1.8535 -0.7984 0.0404, -1.8434 -0.7975 0.0394, -1.8505 -0.8032 0.0404, -1.8408 -0.8001 0.0394, -1.8465 -0.8072 0.0404, -1.8378 -0.802 0.0394, -1.8417 -0.8102 0.0404, -1.8344 -0.8032 0.0394, -1.8364 -0.8121 0.0404, -1.8613 -0.8021 0.0436, -1.8572 -0.8086 0.0436, -1.8519 -0.8139 0.0436, -1.8454 -0.818 0.0436, -1.8383 -0.8205 0.0436, -1.8681 -0.8055 0.0486, -1.8632 -0.8133 0.0486, -1.8566 -0.8199 0.0486, -1.8488 -0.8248 0.0486, -1.84 -0.8279 0.0486, -1.8738 -0.8082 0.0552, -1.8681 -0.8172 0.0552, -1.8605 -0.8248 0.0552, -1.8515 -0.8305 0.0552, -1.8414 -0.834 0.0552, -1.8779 -0.8102 0.0631, -1.8717 -0.8201 0.0631, -1.8634 -0.8284 0.0631, -1.8535 -0.8346 0.0631, -1.8424 -0.8385 0.0631, -1.8307 -0.8398 0.4093, -1.8424 -0.8385 0.4093, -1.8307 -0.8352 0.4172, -1.8414 -0.834 0.4172, -1.8307 -0.8289 0.4239, -1.84 -0.8279 0.4239, -1.8307 -0.8213 0.4289, -1.8383 -0.8205 0.4289, -1.8307 -0.8127 0.432, -1.8364 -0.8121 0.432, -1.8417 -0.8102 0.432, -1.8465 -0.8072 0.432, -1.8505 -0.8032 0.432, -1.8535 -0.7984 0.432, -1.8554 -0.7931 0.432, -1.856 -0.7874 0.432, -1.8454 -0.818 0.4289, -1.8519 -0.8139 0.4289, -1.8572 -0.8086 0.4289, -1.8613 -0.8021 0.4289, -1.8638 -0.795 0.4289, -1.8646 -0.7874 0.4289, -1.8488 -0.8248 0.4239, -1.8566 -0.8199 0.4239, -1.8632 -0.8133 0.4239, -1.8681 -0.8055 0.4239, -1.8712 -0.7967 0.4239, -1.8723 -0.7874 0.4239, -1.8515 -0.8305 0.4172, -1.8605 -0.8248 0.4172, -1.8681 -0.8172 0.4172, -1.8738 -0.8082 0.4172, -1.8773 -0.7981 0.4172, -1.8785 -0.7874 0.4172, -1.8535 -0.8346 0.4093, -1.8634 -0.8284 0.4093, -1.8717 -0.8201 0.4093, -1.8779 -0.8102 0.4093, -1.8818 -0.7991 0.4093, -1.8831 -0.7874 0.4093, 1.8307 -0.8398 0.4093, 1.8307 -0.8352 0.4172, 1.8307 -0.8289 0.4239, 1.8307 -0.8213 0.4289, 1.8307 -0.8127 0.432, -1.8831 0.7874 0.4093, -1.8785 0.7874 0.4172, -1.8723 0.7874 0.4239, -1.8646 0.7874 0.4289, -1.856 0.7874 0.432, 1.8559 -0.7874 0.432, 1.8551 -0.794 0.432, 1.8645 -0.7874 0.4289, 1.8634 -0.7962 0.4289, 1.8722 -0.7874 0.4239, 1.8708 -0.7982 0.4239, 1.8784 -0.7874 0.4172, 1.8768 -0.7998 0.4172, 1.883 -0.7874 0.4093, 1.8812 -0.801 0.4093, 1.8526 -0.8001 0.432, 1.86 -0.8044 0.4289, 1.8666 -0.8082 0.4239, 1.872 -0.8113 0.4172, 1.876 -0.8136 0.4093, 1.8485 -0.8053 0.432, 1.8546 -0.8114 0.4289, 1.86 -0.8168 0.4239, 1.8645 -0.8212 0.4172, 1.8677 -0.8245 0.4093, 1.8433 -0.8093 0.432, 1.8476 -0.8168 0.4289, 1.8514 -0.8234 0.4239, 1.8546 -0.8288 0.4172, 1.8568 -0.8328 0.4093, 1.8372 -0.8119 0.432, 1.8394 -0.8202 0.4289, 1.8414 -0.8275 0.4239, 1.843 -0.8336 0.4172, 1.8442 -0.838 0.4093, -1.8818 0.799 0.4093, -1.8773 0.798 0.4172, -1.8712 0.7966 0.4239, -1.8638 0.7949 0.4289, -1.8554 0.793 0.432, -1.8535 0.7983 0.432, -1.8505 0.8031 0.432, -1.8465 0.8071 0.432, -1.8417 0.8101 0.432, -1.8364 0.812 0.432, -1.8307 0.8126 0.432, -1.8613 0.8021 0.4289, -1.8572 0.8085 0.4289, -1.8519 0.8138 0.4289, -1.8454 0.8179 0.4289, -1.8383 0.8204 0.4289, -1.8307 0.8212 0.4289, -1.8681 0.8054 0.4239, -1.8632 0.8132 0.4239, -1.8566 0.8198 0.4239, -1.8488 0.8248 0.4239, -1.84 0.8278 0.4239, -1.8307 0.8289 0.4239, -1.8738 0.8081 0.4172, -1.8681 0.8172 0.4172, -1.8605 0.8247 0.4172, -1.8515 0.8304 0.4172, -1.8414 0.8339 0.4172, -1.8307 0.8351 0.4172, -1.8779 0.8101 0.4093, -1.8717 0.82 0.4093, -1.8634 0.8283 0.4093, -1.8535 0.8345 0.4093, -1.8424 0.8384 0.4093, -1.8307 0.8397 0.4093, 1.883 0.7874 0.4093, 1.8784 0.7874 0.4172, 1.8722 0.7874 0.4239, 1.8645 0.7874 0.4289, 1.8559 0.7874 0.432, 1.8307 0.8397 0.4093, 1.8307 0.8351 0.4172, 1.8307 0.8289 0.4239, 1.8307 0.8212 0.4289, 1.8307 0.8126 0.432, 1.8372 0.8118 0.432, 1.8394 0.8201 0.4289, 1.8414 0.8275 0.4239, 1.843 0.8335 0.4172, 1.8442 0.8379 0.4093, 1.8433 0.8093 0.432, 1.8476 0.8167 0.4289, 1.8514 0.8233 0.4239, 1.8546 0.8287 0.4172, 1.8568 0.8327 0.4093, 1.8485 0.8052 0.432, 1.8546 0.8113 0.4289, 1.86 0.8167 0.4239, 1.8645 0.8211 0.4172, 1.8677 0.8244 0.4093, 1.8526 0.8 0.432, 1.86 0.8043 0.4289, 1.8666 0.8081 0.4239, 1.872 0.8113 0.4172, 1.876 0.8135 0.4093, 1.8551 0.7939 0.432, 1.8634 0.7961 0.4289, 1.8708 0.7981 0.4239, 1.8768 0.7997 0.4172, 1.8812 0.8009 0.4093
            ]
        }
        coordIndex [
            0,1,2,-1,2,1,3,-1,4,5,6,-1,7,8,9,-1,10,11,12,-1,12,11,13,-1,14,15,16,-1,15,17,16,-1,16,17,18,-1,16,18,19,-1,13,20,12,-1,12,20,21,-1,12,21,4,-1,4,21,22,-1,4,22,5,-1,23,24,25,-1,26,27,28,-1,28,27,29,-1,30,31,32,-1,32,31,33,-1,30,32,34,-1,34,32,35,-1,34,35,19,-1,19,35,36,-1,19,36,16,-1,2,37,0,-1,0,37,38,-1,0,38,39,-1,23,25,40,-1,1,41,3,-1,3,41,25,-1,3,25,42,-1,42,25,24,-1,29,43,28,-1,28,43,44,-1,28,44,7,-1,7,44,45,-1,7,45,8,-1,10,12,16,-1,16,12,46,-1,16,46,14,-1,6,47,4,-1,4,47,48,-1,4,48,49,-1,49,48,0,-1,49,0,50,-1,50,0,39,-1,26,28,25,-1,25,28,51,-1,25,51,40,-1,9,52,7,-1,7,52,53,-1,7,53,54,-1,54,53,32,-1,54,32,55,-1,55,32,33,-1,56,57,58,-1,58,57,59,-1,60,61,62,-1,62,61,63,-1,64,65,66,-1,66,65,67,-1,68,69,70,-1,70,69,71,-1,72,73,74,-1,74,73,75,-1,76,77,78,-1,78,77,79,-1,80,81,82,-1,82,81,83,-1,84,85,86,-1,86,85,87,-1,88,89,90,-1,90,89,91,-1,92,93,94,-1,94,93,95,-1,96,97,98,-1,98,97,99,-1,100,101,102,-1,102,101,103,-1,104,105,106,-1,106,105,107,-1,108,109,110,-1,110,109,111,-1,112,113,114,-1,114,113,115,-1,116,117,118,-1,118,117,119,-1,120,121,122,-1,122,121,123,-1,124,125,126,-1,126,125,127,-1,128,129,130,-1,130,129,131,-1,132,133,134,-1,134,133,135,-1,136,137,138,-1,138,137,139,-1,140,141,142,-1,142,141,143,-1,144,145,146,-1,146,145,147,-1,148,149,150,-1,150,149,151,-1,152,153,154,-1,154,153,155,-1,156,157,158,-1,158,157,159,-1,160,161,162,-1,162,161,163,-1,164,165,166,-1,166,165,167,-1,168,169,170,-1,170,169,171,-1,172,173,174,-1,174,173,175,-1,176,177,178,-1,178,177,179,-1,180,181,182,-1,182,181,183,-1,184,185,186,-1,186,185,187,-1,188,189,190,-1,190,189,191,-1,192,193,194,-1,194,193,195,-1,196,197,198,-1,198,197,199,-1,200,201,202,-1,202,201,203,-1,204,205,206,-1,206,205,207,-1,208,209,210,-1,208,210,211,-1,211,210,212,-1,211,212,213,-1,213,212,214,-1,213,214,215,-1,215,214,216,-1,215,216,217,-1,217,216,218,-1,217,218,219,-1,219,218,220,-1,219,220,221,-1,221,220,57,-1,221,57,56,-1,222,223,224,-1,224,223,225,-1,225,223,226,-1,225,226,227,-1,227,226,228,-1,227,228,229,-1,229,228,230,-1,229,230,231,-1,231,230,232,-1,231,232,233,-1,233,232,234,-1,233,234,235,-1,235,234,236,-1,235,236,237,-1,238,237,239,-1,239,237,236,-1,238,239,240,-1,238,240,241,-1,241,240,242,-1,241,242,243,-1,243,242,244,-1,243,244,245,-1,245,244,246,-1,245,246,247,-1,247,246,248,-1,247,248,249,-1,249,248,250,-1,249,250,251,-1,252,251,253,-1,253,251,250,-1,133,132,254,-1,133,254,255,-1,255,254,256,-1,255,256,257,-1,257,256,258,-1,257,258,259,-1,259,258,260,-1,259,260,261,-1,261,260,262,-1,261,262,263,-1,263,262,264,-1,263,264,265,-1,265,264,266,-1,265,266,267,-1,208,267,209,-1,209,267,266,-1,268,208,211,-1,268,211,269,-1,269,211,213,-1,269,213,270,-1,270,213,215,-1,270,215,271,-1,271,215,217,-1,271,217,272,-1,272,217,219,-1,272,219,273,-1,273,219,221,-1,273,221,274,-1,274,221,56,-1,274,56,275,-1,275,56,58,-1,58,62,275,-1,275,62,63,-1,275,63,66,-1,66,67,275,-1,275,67,70,-1,275,70,71,-1,71,74,275,-1,275,74,75,-1,275,75,78,-1,78,79,275,-1,275,79,82,-1,275,82,83,-1,83,86,275,-1,275,86,87,-1,275,87,90,-1,90,91,275,-1,275,91,94,-1,275,94,276,-1,94,95,276,-1,276,95,98,-1,276,98,99,-1,99,102,276,-1,276,102,103,-1,276,103,106,-1,106,107,276,-1,276,107,110,-1,276,110,111,-1,111,114,276,-1,276,114,115,-1,276,115,118,-1,118,119,276,-1,276,119,122,-1,276,122,123,-1,123,126,276,-1,276,126,127,-1,276,127,130,-1,130,131,276,-1,276,131,224,-1,276,224,225,-1,276,225,227,-1,276,227,277,-1,277,227,229,-1,277,229,278,-1,278,229,231,-1,278,231,279,-1,279,231,233,-1,279,233,280,-1,280,233,235,-1,280,235,281,-1,281,235,237,-1,281,237,282,-1,282,237,283,-1,283,237,238,-1,283,238,241,-1,283,241,284,-1,284,241,243,-1,284,243,285,-1,285,243,245,-1,285,245,286,-1,286,245,247,-1,286,247,287,-1,287,247,249,-1,287,249,288,-1,288,249,251,-1,288,251,289,-1,289,251,252,-1,252,205,289,-1,289,205,204,-1,289,204,201,-1,201,200,289,-1,289,200,197,-1,289,197,196,-1,196,193,289,-1,289,193,192,-1,289,192,189,-1,189,188,289,-1,289,188,185,-1,289,185,184,-1,184,181,289,-1,289,181,180,-1,289,180,177,-1,177,176,289,-1,289,176,173,-1,289,173,290,-1,173,172,290,-1,290,172,169,-1,290,169,168,-1,168,165,290,-1,290,165,164,-1,290,164,161,-1,161,160,290,-1,290,160,157,-1,290,157,156,-1,156,153,290,-1,290,153,152,-1,290,152,149,-1,149,148,290,-1,290,148,145,-1,290,145,144,-1,144,141,290,-1,290,141,140,-1,290,140,137,-1,137,136,290,-1,290,136,135,-1,290,135,133,-1,290,133,255,-1,290,255,291,-1,291,255,257,-1,291,257,292,-1,292,257,259,-1,292,259,293,-1,293,259,261,-1,293,261,294,-1,294,261,263,-1,294,263,295,-1,295,263,265,-1,295,265,296,-1,296,265,267,-1,296,267,297,-1,297,267,268,-1,268,267,208,-1,298,299,300,-1,301,302,303,-1,304,305,306,-1,299,307,300,-1,300,307,308,-1,300,308,303,-1,303,308,309,-1,303,309,301,-1,310,311,304,-1,304,311,312,-1,304,312,305,-1,306,313,304,-1,304,313,314,-1,304,314,315,-1,316,317,318,-1,318,317,319,-1,318,319,313,-1,313,319,320,-1,313,320,314,-1,321,322,323,-1,323,322,324,-1,318,325,316,-1,316,325,326,-1,316,326,327,-1,315,328,304,-1,304,328,329,-1,304,329,330,-1,330,329,331,-1,330,331,332,-1,298,300,323,-1,323,300,333,-1,323,333,321,-1,327,334,316,-1,316,334,335,-1,316,335,336,-1,336,335,337,-1,336,337,338,-1,338,337,339,-1,338,339,340,-1,340,339,341,-1,340,341,342,-1,332,343,330,-1,330,343,344,-1,330,344,345,-1,345,344,323,-1,345,323,346,-1,346,323,324,-1,342,347,340,-1,340,347,348,-1,340,348,349,-1,349,350,340,-1,340,350,303,-1,340,303,351,-1,351,303,302,-1,352,57,220,-1,352,220,353,-1,353,220,218,-1,353,218,354,-1,354,218,216,-1,354,216,355,-1,355,216,214,-1,355,214,356,-1,356,214,212,-1,356,212,357,-1,357,212,210,-1,357,210,358,-1,358,210,209,-1,358,209,359,-1,359,209,360,-1,360,209,266,-1,361,362,262,-1,266,264,360,-1,360,264,363,-1,262,362,264,-1,264,362,364,-1,264,364,363,-1,361,262,365,-1,365,262,260,-1,365,260,366,-1,366,260,258,-1,366,258,367,-1,367,258,368,-1,368,258,256,-1,368,256,369,-1,369,256,370,-1,370,256,254,-1,370,254,371,-1,371,254,132,-1,371,132,372,-1,132,134,372,-1,372,134,138,-1,372,138,139,-1,139,142,372,-1,372,142,143,-1,372,143,146,-1,146,147,372,-1,372,147,150,-1,372,150,151,-1,151,154,372,-1,372,154,155,-1,372,155,158,-1,158,159,372,-1,372,159,162,-1,372,162,163,-1,163,166,372,-1,372,166,167,-1,372,167,170,-1,170,171,372,-1,372,171,174,-1,372,174,373,-1,373,174,175,-1,175,178,373,-1,373,178,179,-1,373,179,182,-1,182,183,373,-1,373,183,186,-1,373,186,187,-1,187,190,373,-1,373,190,191,-1,373,191,194,-1,194,195,373,-1,373,195,198,-1,373,198,199,-1,199,202,373,-1,373,202,203,-1,373,203,206,-1,206,207,373,-1,373,207,253,-1,373,253,250,-1,373,250,248,-1,373,248,374,-1,374,248,246,-1,374,246,375,-1,375,246,244,-1,375,244,376,-1,376,244,242,-1,376,242,377,-1,377,242,240,-1,377,240,378,-1,378,240,239,-1,378,239,379,-1,379,239,380,-1,380,239,236,-1,380,236,234,-1,380,234,381,-1,381,234,232,-1,381,232,382,-1,382,232,230,-1,382,230,383,-1,383,230,228,-1,383,228,384,-1,384,228,226,-1,384,226,385,-1,385,226,223,-1,385,223,386,-1,223,222,386,-1,386,222,129,-1,129,128,386,-1,386,128,125,-1,386,125,124,-1,124,121,386,-1,386,121,120,-1,386,120,117,-1,117,116,386,-1,386,116,113,-1,386,113,112,-1,112,109,386,-1,386,109,108,-1,386,108,105,-1,105,104,386,-1,386,104,101,-1,386,101,100,-1,100,97,386,-1,386,97,96,-1,386,96,352,-1,352,96,93,-1,352,93,92,-1,92,89,352,-1,352,89,88,-1,352,88,85,-1,85,84,352,-1,352,84,81,-1,352,81,80,-1,80,77,352,-1,352,77,76,-1,352,76,73,-1,73,72,352,-1,352,72,69,-1,352,69,68,-1,68,65,352,-1,352,65,64,-1,352,64,61,-1,61,60,352,-1,352,60,59,-1,352,59,57,-1,19,18,387,-1,387,18,388,-1,387,388,389,-1,389,388,390,-1,389,390,391,-1,391,390,392,-1,391,392,393,-1,393,392,394,-1,393,394,395,-1,395,394,396,-1,395,396,379,-1,379,396,378,-1,18,17,388,-1,388,17,397,-1,388,397,390,-1,390,397,398,-1,390,398,392,-1,392,398,399,-1,392,399,394,-1,394,399,400,-1,394,400,396,-1,396,400,401,-1,396,401,378,-1,378,401,377,-1,17,15,397,-1,397,15,402,-1,397,402,398,-1,398,402,403,-1,398,403,399,-1,399,403,404,-1,399,404,400,-1,400,404,405,-1,400,405,401,-1,401,405,406,-1,401,406,377,-1,377,406,376,-1,15,14,402,-1,402,14,407,-1,402,407,403,-1,403,407,408,-1,403,408,404,-1,404,408,409,-1,404,409,405,-1,405,409,410,-1,405,410,406,-1,406,410,411,-1,406,411,376,-1,376,411,375,-1,14,46,407,-1,407,46,412,-1,407,412,408,-1,408,412,413,-1,408,413,409,-1,409,413,414,-1,409,414,410,-1,410,414,415,-1,410,415,411,-1,411,415,416,-1,411,416,375,-1,375,416,374,-1,46,12,412,-1,412,12,417,-1,412,417,413,-1,413,417,418,-1,413,418,414,-1,414,418,419,-1,414,419,415,-1,415,419,420,-1,415,420,416,-1,416,420,421,-1,416,421,374,-1,374,421,373,-1,12,4,422,-1,12,422,417,-1,417,422,423,-1,417,423,418,-1,418,423,424,-1,418,424,419,-1,419,424,425,-1,419,425,420,-1,420,425,426,-1,420,426,421,-1,421,426,372,-1,421,372,373,-1,34,19,387,-1,34,387,427,-1,427,387,389,-1,427,389,428,-1,428,389,391,-1,428,391,429,-1,429,391,393,-1,429,393,430,-1,430,393,395,-1,430,395,431,-1,431,395,379,-1,431,379,380,-1,363,364,432,-1,362,361,433,-1,367,368,434,-1,369,370,435,-1,371,372,426,-1,39,38,436,-1,436,38,437,-1,436,437,438,-1,438,437,439,-1,438,439,440,-1,440,439,441,-1,440,441,442,-1,442,441,443,-1,442,443,444,-1,444,443,433,-1,370,371,435,-1,435,371,426,-1,435,426,445,-1,445,426,425,-1,445,425,446,-1,446,425,424,-1,446,424,447,-1,447,424,423,-1,447,423,448,-1,448,423,422,-1,448,422,49,-1,49,422,4,-1,368,369,434,-1,434,369,435,-1,434,435,449,-1,449,435,445,-1,449,445,450,-1,450,445,446,-1,450,446,451,-1,451,446,447,-1,451,447,452,-1,452,447,448,-1,452,448,50,-1,50,448,49,-1,366,367,444,-1,444,367,434,-1,444,434,442,-1,442,434,449,-1,442,449,440,-1,440,449,450,-1,440,450,438,-1,438,450,451,-1,438,451,436,-1,436,451,452,-1,436,452,39,-1,39,452,50,-1,433,361,444,-1,444,361,365,-1,444,365,366,-1,364,362,432,-1,432,362,433,-1,432,433,453,-1,453,433,443,-1,453,443,454,-1,454,443,441,-1,454,441,455,-1,455,441,439,-1,455,439,456,-1,456,439,437,-1,456,437,37,-1,37,437,38,-1,360,363,457,-1,457,363,432,-1,457,432,458,-1,458,432,453,-1,458,453,459,-1,459,453,454,-1,459,454,460,-1,460,454,455,-1,460,455,461,-1,461,455,456,-1,461,456,2,-1,2,456,37,-1,7,54,462,-1,462,54,463,-1,462,463,464,-1,464,463,465,-1,464,465,466,-1,466,465,467,-1,466,467,468,-1,468,467,469,-1,468,469,470,-1,470,469,471,-1,470,471,386,-1,386,471,385,-1,54,55,463,-1,463,55,472,-1,463,472,465,-1,465,472,473,-1,465,473,467,-1,467,473,474,-1,467,474,469,-1,469,474,475,-1,469,475,471,-1,471,475,476,-1,471,476,385,-1,385,476,384,-1,55,33,472,-1,472,33,477,-1,472,477,473,-1,473,477,478,-1,473,478,474,-1,474,478,479,-1,474,479,475,-1,475,479,480,-1,475,480,476,-1,476,480,481,-1,476,481,384,-1,384,481,383,-1,33,31,477,-1,477,31,482,-1,477,482,478,-1,478,482,483,-1,478,483,479,-1,479,483,484,-1,479,484,480,-1,480,484,485,-1,480,485,481,-1,481,485,486,-1,481,486,383,-1,383,486,382,-1,31,30,482,-1,482,30,487,-1,482,487,483,-1,483,487,488,-1,483,488,484,-1,484,488,489,-1,484,489,485,-1,485,489,490,-1,485,490,486,-1,486,490,491,-1,486,491,382,-1,382,491,381,-1,30,34,487,-1,487,34,427,-1,487,427,488,-1,488,427,428,-1,488,428,489,-1,489,428,429,-1,489,429,490,-1,490,429,430,-1,490,430,491,-1,491,430,431,-1,491,431,381,-1,381,431,380,-1,2,3,492,-1,2,492,461,-1,461,492,493,-1,461,493,460,-1,460,493,494,-1,460,494,459,-1,459,494,495,-1,459,495,458,-1,458,495,496,-1,458,496,457,-1,457,496,359,-1,457,359,360,-1,28,7,462,-1,28,462,497,-1,497,462,464,-1,497,464,498,-1,498,464,466,-1,498,466,499,-1,499,466,468,-1,499,468,500,-1,500,468,470,-1,500,470,501,-1,501,470,386,-1,501,386,352,-1,359,496,502,-1,496,495,503,-1,495,494,504,-1,494,493,505,-1,493,492,506,-1,492,3,507,-1,492,507,506,-1,506,507,508,-1,506,508,509,-1,509,508,510,-1,509,510,511,-1,511,510,512,-1,511,512,513,-1,513,512,514,-1,513,514,515,-1,515,514,516,-1,515,516,517,-1,517,516,28,-1,517,28,497,-1,493,506,505,-1,505,506,509,-1,505,509,518,-1,518,509,511,-1,518,511,519,-1,519,511,513,-1,519,513,520,-1,520,513,515,-1,520,515,521,-1,521,515,517,-1,521,517,522,-1,522,517,497,-1,522,497,498,-1,494,505,504,-1,504,505,518,-1,504,518,523,-1,523,518,519,-1,523,519,524,-1,524,519,520,-1,524,520,525,-1,525,520,521,-1,525,521,526,-1,526,521,522,-1,526,522,527,-1,527,522,498,-1,527,498,499,-1,495,504,503,-1,503,504,523,-1,503,523,528,-1,528,523,524,-1,528,524,529,-1,529,524,525,-1,529,525,530,-1,530,525,526,-1,530,526,531,-1,531,526,527,-1,531,527,532,-1,532,527,499,-1,532,499,500,-1,496,503,502,-1,502,503,528,-1,502,528,533,-1,533,528,529,-1,533,529,534,-1,534,529,530,-1,534,530,535,-1,535,530,531,-1,535,531,536,-1,536,531,532,-1,536,532,537,-1,537,532,500,-1,537,500,501,-1,359,502,358,-1,358,502,533,-1,358,533,357,-1,357,533,534,-1,357,534,356,-1,356,534,535,-1,356,535,355,-1,355,535,536,-1,355,536,354,-1,354,536,537,-1,354,537,353,-1,353,537,501,-1,353,501,352,-1,275,538,539,-1,538,540,541,-1,540,542,543,-1,542,544,545,-1,544,546,547,-1,546,330,345,-1,546,345,547,-1,547,345,346,-1,547,346,548,-1,548,346,324,-1,548,324,549,-1,549,324,322,-1,549,322,550,-1,550,322,321,-1,550,321,551,-1,551,321,333,-1,551,333,552,-1,552,333,300,-1,552,300,553,-1,544,547,545,-1,545,547,548,-1,545,548,554,-1,554,548,549,-1,554,549,555,-1,555,549,550,-1,555,550,556,-1,556,550,551,-1,556,551,557,-1,557,551,552,-1,557,552,558,-1,558,552,553,-1,558,553,559,-1,542,545,543,-1,543,545,554,-1,543,554,560,-1,560,554,555,-1,560,555,561,-1,561,555,556,-1,561,556,562,-1,562,556,557,-1,562,557,563,-1,563,557,558,-1,563,558,564,-1,564,558,559,-1,564,559,565,-1,540,543,541,-1,541,543,560,-1,541,560,566,-1,566,560,561,-1,566,561,567,-1,567,561,562,-1,567,562,568,-1,568,562,563,-1,568,563,569,-1,569,563,564,-1,569,564,570,-1,570,564,565,-1,570,565,571,-1,538,541,539,-1,539,541,566,-1,539,566,572,-1,572,566,567,-1,572,567,573,-1,573,567,568,-1,573,568,574,-1,574,568,569,-1,574,569,575,-1,575,569,570,-1,575,570,576,-1,576,570,571,-1,576,571,577,-1,275,539,274,-1,274,539,572,-1,274,572,273,-1,273,572,573,-1,273,573,272,-1,272,573,574,-1,272,574,271,-1,271,574,575,-1,271,575,270,-1,270,575,576,-1,270,576,269,-1,269,576,577,-1,269,577,268,-1,275,276,578,-1,275,578,538,-1,538,578,579,-1,538,579,540,-1,540,579,580,-1,540,580,542,-1,542,580,581,-1,542,581,544,-1,544,581,582,-1,544,582,546,-1,546,582,304,-1,546,304,330,-1,297,268,577,-1,297,577,583,-1,583,577,571,-1,583,571,584,-1,584,571,565,-1,584,565,585,-1,585,565,559,-1,585,559,586,-1,586,559,553,-1,586,553,587,-1,587,553,300,-1,587,300,303,-1,313,306,588,-1,588,306,589,-1,588,589,590,-1,590,589,591,-1,590,591,592,-1,592,591,593,-1,592,593,594,-1,594,593,595,-1,594,595,596,-1,596,595,597,-1,596,597,282,-1,282,597,281,-1,306,305,589,-1,589,305,598,-1,589,598,591,-1,591,598,599,-1,591,599,593,-1,593,599,600,-1,593,600,595,-1,595,600,601,-1,595,601,597,-1,597,601,602,-1,597,602,281,-1,281,602,280,-1,305,312,598,-1,598,312,603,-1,598,603,599,-1,599,603,604,-1,599,604,600,-1,600,604,605,-1,600,605,601,-1,601,605,606,-1,601,606,602,-1,602,606,607,-1,602,607,280,-1,280,607,279,-1,312,311,603,-1,603,311,608,-1,603,608,604,-1,604,608,609,-1,604,609,605,-1,605,609,610,-1,605,610,606,-1,606,610,611,-1,606,611,607,-1,607,611,612,-1,607,612,279,-1,279,612,278,-1,311,310,608,-1,608,310,613,-1,608,613,609,-1,609,613,614,-1,609,614,610,-1,610,614,615,-1,610,615,611,-1,611,615,616,-1,611,616,612,-1,612,616,617,-1,612,617,278,-1,278,617,277,-1,310,304,613,-1,613,304,582,-1,613,582,614,-1,614,582,581,-1,614,581,615,-1,615,581,580,-1,615,580,616,-1,616,580,579,-1,616,579,617,-1,617,579,578,-1,617,578,277,-1,277,578,276,-1,297,583,618,-1,583,584,619,-1,584,585,620,-1,585,586,621,-1,586,587,622,-1,587,303,350,-1,587,350,622,-1,622,350,349,-1,622,349,623,-1,623,349,348,-1,623,348,624,-1,624,348,347,-1,624,347,625,-1,625,347,342,-1,625,342,626,-1,626,342,341,-1,626,341,627,-1,627,341,339,-1,627,339,628,-1,586,622,621,-1,621,622,623,-1,621,623,629,-1,629,623,624,-1,629,624,630,-1,630,624,625,-1,630,625,631,-1,631,625,626,-1,631,626,632,-1,632,626,627,-1,632,627,633,-1,633,627,628,-1,633,628,634,-1,585,621,620,-1,620,621,629,-1,620,629,635,-1,635,629,630,-1,635,630,636,-1,636,630,631,-1,636,631,637,-1,637,631,632,-1,637,632,638,-1,638,632,633,-1,638,633,639,-1,639,633,634,-1,639,634,640,-1,584,620,619,-1,619,620,635,-1,619,635,641,-1,641,635,636,-1,641,636,642,-1,642,636,637,-1,642,637,643,-1,643,637,638,-1,643,638,644,-1,644,638,639,-1,644,639,645,-1,645,639,640,-1,645,640,646,-1,583,619,618,-1,618,619,641,-1,618,641,647,-1,647,641,642,-1,647,642,648,-1,648,642,643,-1,648,643,649,-1,649,643,644,-1,649,644,650,-1,650,644,645,-1,650,645,651,-1,651,645,646,-1,651,646,652,-1,297,618,296,-1,296,618,647,-1,296,647,295,-1,295,647,648,-1,295,648,294,-1,294,648,649,-1,294,649,293,-1,293,649,650,-1,293,650,292,-1,292,650,651,-1,292,651,291,-1,291,651,652,-1,291,652,290,-1,282,283,653,-1,282,653,596,-1,596,653,654,-1,596,654,594,-1,594,654,655,-1,594,655,592,-1,592,655,656,-1,592,656,590,-1,590,656,657,-1,590,657,588,-1,588,657,318,-1,588,318,313,-1,289,290,652,-1,289,652,658,-1,658,652,646,-1,658,646,659,-1,659,646,640,-1,659,640,660,-1,660,640,634,-1,660,634,661,-1,661,634,628,-1,661,628,662,-1,662,628,339,-1,662,339,337,-1,337,335,662,-1,662,335,663,-1,662,663,661,-1,661,663,664,-1,661,664,660,-1,660,664,665,-1,660,665,659,-1,659,665,666,-1,659,666,658,-1,658,666,667,-1,658,667,289,-1,289,667,288,-1,335,334,663,-1,663,334,668,-1,663,668,664,-1,664,668,669,-1,664,669,665,-1,665,669,670,-1,665,670,666,-1,666,670,671,-1,666,671,667,-1,667,671,672,-1,667,672,288,-1,288,672,287,-1,334,327,668,-1,668,327,673,-1,668,673,669,-1,669,673,674,-1,669,674,670,-1,670,674,675,-1,670,675,671,-1,671,675,676,-1,671,676,672,-1,672,676,677,-1,672,677,287,-1,287,677,286,-1,327,326,673,-1,673,326,678,-1,673,678,674,-1,674,678,679,-1,674,679,675,-1,675,679,680,-1,675,680,676,-1,676,680,681,-1,676,681,677,-1,677,681,682,-1,677,682,286,-1,286,682,285,-1,326,325,678,-1,678,325,683,-1,678,683,679,-1,679,683,684,-1,679,684,680,-1,680,684,685,-1,680,685,681,-1,681,685,686,-1,681,686,682,-1,682,686,687,-1,682,687,285,-1,285,687,284,-1,325,318,683,-1,683,318,657,-1,683,657,684,-1,684,657,656,-1,684,656,685,-1,685,656,655,-1,685,655,686,-1,686,655,654,-1,686,654,687,-1,687,654,653,-1,687,653,284,-1,284,653,283,-1,
        ]
    }
}
Shape{
    appearance Appearance {
        material  Material 	{
            diffuseColor 0.34901960784313724 0.34901960784313724 0.34901960784313724
            specularColor 0.023529411764705882 0.023529411764705882 0.023529411764705882
            ambientIntensity 0.498
            transparency 0.0
            shininess 0.5
        }
    }
    geometry IndexedFaceSet {
        ccw TRUE
        solid FALSE
        coord DEF co Coordinate {
            point [
                -1.5517 -0.5674 0.4252, -1.5517 -0.5674 0.4331, -1.5537 -0.5521 0.4252, -1.5537 -0.5521 0.4331, -1.5596 -0.5379 0.4252, -1.5596 -0.5379 0.4331, -1.569 -0.5257 0.4252, -1.569 -0.5257 0.4331, -1.5812 -0.5163 0.4252, -1.5812 -0.5163 0.4331, -1.5954 -0.5104 0.4252, -1.5954 -0.5104 0.4331, -1.6107 -0.5084 0.4252, -1.6107 -0.5084 0.4331, -1.626 -0.5104 0.4252, -1.626 -0.5104 0.4331, -1.6403 -0.5163 0.4252, -1.6403 -0.5163 0.4331, -1.6525 -0.5257 0.4252, -1.6525 -0.5257 0.4331, -1.6619 -0.5379 0.4252, -1.6619 -0.5379 0.4331, -1.6678 -0.5521 0.4252, -1.6678 -0.5521 0.4331, -1.6698 -0.5674 0.4252, -1.6698 -0.5674 0.4331, -1.6678 -0.5827 0.4252, -1.6678 -0.5827 0.4331, -1.6619 -0.5969 0.4252, -1.6619 -0.5969 0.4331, -1.6525 -0.6092 0.4252, -1.6525 -0.6092 0.4331, -1.6403 -0.6186 0.4252, -1.6403 -0.6186 0.4331, -1.626 -0.6245 0.4252, -1.626 -0.6245 0.4331, -1.6107 -0.6265 0.4252, -1.6107 -0.6265 0.4331, -1.5954 -0.6245 0.4252, -1.5954 -0.6245 0.4331, -1.5812 -0.6186 0.4252, -1.5812 -0.6186 0.4331, -1.569 -0.6092 0.4252, -1.569 -0.6092 0.4331, -1.5596 -0.5969 0.4252, -1.5596 -0.5969 0.4331, -1.5537 -0.5827 0.4252, -1.5537 -0.5827 0.4331, -1.6107 -0.5674 0.4252
            ]
        }
        coordIndex [
            0,1,2,-1,2,1,3,-1,2,3,4,-1,4,3,5,-1,4,5,6,-1,6,5,7,-1,6,7,8,-1,8,7,9,-1,8,9,10,-1,10,9,11,-1,10,11,12,-1,12,11,13,-1,12,13,14,-1,14,13,15,-1,14,15,16,-1,16,15,17,-1,16,17,18,-1,18,17,19,-1,18,19,20,-1,20,19,21,-1,20,21,22,-1,22,21,23,-1,22,23,24,-1,24,23,25,-1,24,25,26,-1,26,25,27,-1,26,27,28,-1,28,27,29,-1,28,29,30,-1,30,29,31,-1,30,31,32,-1,32,31,33,-1,32,33,34,-1,34,33,35,-1,34,35,36,-1,36,35,37,-1,36,37,38,-1,38,37,39,-1,38,39,40,-1,40,39,41,-1,40,41,42,-1,42,41,43,-1,42,43,44,-1,44,43,45,-1,44,45,46,-1,46,45,47,-1,46,47,0,-1,0,47,1,-1,44,46,48,-1,48,46,0,-1,48,0,2,-1,38,40,48,-1,48,40,42,-1,48,42,44,-1,32,34,48,-1,48,34,36,-1,48,36,38,-1,26,28,48,-1,48,28,30,-1,48,30,32,-1,20,22,48,-1,48,22,24,-1,48,24,26,-1,14,16,48,-1,48,16,18,-1,48,18,20,-1,8,10,48,-1,48,10,12,-1,48,12,14,-1,2,4,48,-1,48,4,6,-1,48,6,8,-1,
        ]
    }
}
Shape{
    appearance Appearance {
        material  Material 	{
            diffuseColor 0.6666666666666666 0.6666666666666666 0.6666666666666666
            specularColor 0.4666666666666667 0.4666666666666667 0.4666666666666667
            ambientIntensity 0.6667
            transparency 0.0
            shininess 0.5
        }
    }
    geometry IndexedFaceSet {
        ccw TRUE
        solid FALSE
        coord DEF co Coordinate {
            point [
                1.8149 1.2598 0.0, 1.8149 1.094 0.0, 1.7283 1.2598 0.0, 1.7283 1.094 0.0, 1.8149 1.2598 0.0591, 1.7283 1.2598 0.0591, 1.8149 1.094 0.0591, 1.7283 1.094 0.0591, 1.8149 1.0899 0.0595, 1.7283 1.0899 0.0595, 1.8149 1.086 0.0608, 1.7283 1.086 0.0608, 1.8149 1.0824 0.0628, 1.7283 1.0824 0.0628, 1.8149 1.0794 0.0656, 1.7283 1.0794 0.0656, 1.8149 1.077 0.0689, 1.7283 1.077 0.0689, 1.8149 0.986 0.2264, 1.7283 0.986 0.2264, 1.7283 0.9764 0.2397, 1.8149 0.9764 0.2397, 1.7283 0.9641 0.2507, 1.8149 0.9641 0.2507, 1.7283 0.9499 0.2589, 1.8149 0.9499 0.2589, 1.7283 0.9342 0.264, 1.8149 0.9342 0.264, 1.7283 0.9178 0.2657, 1.8149 0.9178 0.2657, 1.8149 0.8661 0.2657, 1.7283 0.8661 0.2657, 1.8149 0.9178 0.2067, 1.8149 0.8661 0.2067, 1.7283 0.9178 0.2067, 1.7283 0.8661 0.2067, 1.8149 0.9229 0.206, 1.7283 0.9229 0.206, 1.8149 0.9277 0.2041, 1.7283 0.9277 0.2041, 1.8149 0.9318 0.2009, 1.7283 0.9318 0.2009, 1.8149 0.9349 0.1969, 1.7283 0.9349 0.1969, 1.8149 1.0258 0.0394, 1.7283 1.0258 0.0394, 1.7283 1.0355 0.0261, 1.8149 1.0355 0.0261, 1.7283 1.0477 0.015, 1.8149 1.0477 0.015, 1.7283 1.062 0.0068, 1.8149 1.062 0.0068, 1.7283 1.0776 0.0017, 1.8149 1.0776 0.0017, 1.6181 1.2598 0.0, 1.6181 1.094 0.0, 1.5315 1.2598 0.0, 1.5315 1.094 0.0, 1.6181 1.2598 0.0591, 1.5315 1.2598 0.0591, 1.6181 1.094 0.0591, 1.5315 1.094 0.0591, 1.6181 1.0899 0.0595, 1.5315 1.0899 0.0595, 1.6181 1.086 0.0608, 1.5315 1.086 0.0608, 1.6181 1.0824 0.0628, 1.5315 1.0824 0.0628, 1.6181 1.0794 0.0656, 1.5315 1.0794 0.0656, 1.6181 1.077 0.0689, 1.5315 1.077 0.0689, 1.6181 0.986 0.2264, 1.5315 0.986 0.2264, 1.5315 0.9764 0.2397, 1.6181 0.9764 0.2397, 1.5315 0.9641 0.2507, 1.6181 0.9641 0.2507, 1.5315 0.9499 0.2589, 1.6181 0.9499 0.2589, 1.5315 0.9342 0.264, 1.6181 0.9342 0.264, 1.5315 0.9178 0.2657, 1.6181 0.9178 0.2657, 1.6181 0.8661 0.2657, 1.5315 0.8661 0.2657, 1.6181 0.9178 0.2067, 1.6181 0.8661 0.2067, 1.5315 0.9178 0.2067, 1.5315 0.8661 0.2067, 1.6181 0.9229 0.206, 1.5315 0.9229 0.206, 1.6181 0.9277 0.2041, 1.5315 0.9277 0.2041, 1.6181 0.9318 0.2009, 1.5315 0.9318 0.2009, 1.6181 0.9349 0.1969, 1.5315 0.9349 0.1969, 1.6181 1.0258 0.0394, 1.5315 1.0258 0.0394, 1.6181 1.0776 0.0017, 1.6181 1.062 0.0068, 1.6181 1.0477 0.015, 1.6181 1.0355 0.0261, 1.5315 1.0355 0.0261, 1.5315 1.0477 0.015, 1.5315 1.062 0.0068, 1.5315 1.0776 0.0017, 1.4212 1.2598 0.0, 1.4212 1.094 0.0, 1.3346 1.2598 0.0, 1.3346 1.094 0.0, 1.4212 1.2598 0.0591, 1.3346 1.2598 0.0591, 1.4212 1.094 0.0591, 1.3346 1.094 0.0591, 1.4212 1.0899 0.0595, 1.3346 1.0899 0.0595, 1.4212 1.086 0.0608, 1.3346 1.086 0.0608, 1.4212 1.0824 0.0628, 1.3346 1.0824 0.0628, 1.4212 1.0794 0.0656, 1.3346 1.0794 0.0656, 1.4212 1.077 0.0689, 1.3346 1.077 0.0689, 1.4212 0.986 0.2264, 1.3346 0.986 0.2264, 1.3346 0.9764 0.2397, 1.4212 0.9764 0.2397, 1.3346 0.9641 0.2507, 1.4212 0.9641 0.2507, 1.3346 0.9499 0.2589, 1.4212 0.9499 0.2589, 1.3346 0.9342 0.264, 1.4212 0.9342 0.264, 1.3346 0.9178 0.2657, 1.4212 0.9178 0.2657, 1.4212 0.8661 0.2657, 1.3346 0.8661 0.2657, 1.4212 0.9178 0.2067, 1.4212 0.8661 0.2067, 1.3346 0.9178 0.2067, 1.3346 0.8661 0.2067, 1.4212 0.9229 0.206, 1.3346 0.9229 0.206, 1.4212 0.9277 0.2041, 1.3346 0.9277 0.2041, 1.4212 0.9318 0.2009, 1.3346 0.9318 0.2009, 1.4212 0.9349 0.1969, 1.3346 0.9349 0.1969, 1.4212 1.0258 0.0394, 1.3346 1.0258 0.0394, 1.4212 1.0776 0.0017, 1.4212 1.062 0.0068, 1.4212 1.0477 0.015, 1.4212 1.0355 0.0261, 1.3346 1.0355 0.0261, 1.3346 1.0477 0.015, 1.3346 1.062 0.0068, 1.3346 1.0776 0.0017, 1.2244 1.2598 0.0, 1.2244 1.094 0.0, 1.1378 1.2598 0.0, 1.1378 1.094 0.0, 1.2244 1.2598 0.0591, 1.1378 1.2598 0.0591, 1.2244 1.094 0.0591, 1.1378 1.094 0.0591, 1.2244 1.0899 0.0595, 1.1378 1.0899 0.0595, 1.2244 1.086 0.0608, 1.1378 1.086 0.0608, 1.2244 1.0824 0.0628, 1.1378 1.0824 0.0628, 1.2244 1.0794 0.0656, 1.1378 1.0794 0.0656, 1.2244 1.077 0.0689, 1.1378 1.077 0.0689, 1.2244 0.986 0.2264, 1.1378 0.986 0.2264, 1.1378 0.9764 0.2397, 1.2244 0.9764 0.2397, 1.1378 0.9641 0.2507, 1.2244 0.9641 0.2507, 1.1378 0.9499 0.2589, 1.2244 0.9499 0.2589, 1.1378 0.9342 0.264, 1.2244 0.9342 0.264, 1.1378 0.9178 0.2657, 1.2244 0.9178 0.2657, 1.2244 0.8661 0.2657, 1.1378 0.8661 0.2657, 1.2244 0.9178 0.2067, 1.2244 0.8661 0.2067, 1.1378 0.9178 0.2067, 1.1378 0.8661 0.2067, 1.2244 0.9229 0.206, 1.1378 0.9229 0.206, 1.2244 0.9277 0.2041, 1.1378 0.9277 0.2041, 1.2244 0.9318 0.2009, 1.1378 0.9318 0.2009, 1.2244 0.9349 0.1969, 1.1378 0.9349 0.1969, 1.2244 1.0258 0.0394, 1.1378 1.0258 0.0394, 1.2244 1.0776 0.0017, 1.2244 1.062 0.0068, 1.2244 1.0477 0.015, 1.2244 1.0355 0.0261, 1.1378 1.0355 0.0261, 1.1378 1.0477 0.015, 1.1378 1.062 0.0068, 1.1378 1.0776 0.0017, 1.0275 1.2598 0.0, 1.0275 1.094 0.0, 0.9409 1.2598 0.0, 0.9409 1.094 0.0, 1.0275 1.2598 0.0591, 0.9409 1.2598 0.0591, 1.0275 1.094 0.0591, 0.9409 1.094 0.0591, 1.0275 1.0899 0.0595, 0.9409 1.0899 0.0595, 1.0275 1.086 0.0608, 0.9409 1.086 0.0608, 1.0275 1.0824 0.0628, 0.9409 1.0824 0.0628, 1.0275 1.0794 0.0656, 0.9409 1.0794 0.0656, 1.0275 1.077 0.0689, 0.9409 1.077 0.0689, 1.0275 0.986 0.2264, 0.9409 0.986 0.2264, 0.9409 0.9764 0.2397, 1.0275 0.9764 0.2397, 0.9409 0.9641 0.2507, 1.0275 0.9641 0.2507, 0.9409 0.9499 0.2589, 1.0275 0.9499 0.2589, 0.9409 0.9342 0.264, 1.0275 0.9342 0.264, 0.9409 0.9178 0.2657, 1.0275 0.9178 0.2657, 1.0275 0.8661 0.2657, 0.9409 0.8661 0.2657, 1.0275 0.9178 0.2067, 1.0275 0.8661 0.2067, 0.9409 0.9178 0.2067, 0.9409 0.8661 0.2067, 1.0275 0.9229 0.206, 0.9409 0.9229 0.206, 1.0275 0.9277 0.2041, 0.9409 0.9277 0.2041, 1.0275 0.9318 0.2009, 0.9409 0.9318 0.2009, 1.0275 0.9349 0.1969, 0.9409 0.9349 0.1969, 1.0275 1.0258 0.0394, 0.9409 1.0258 0.0394, 1.0275 1.0776 0.0017, 1.0275 1.062 0.0068, 1.0275 1.0477 0.015, 1.0275 1.0355 0.0261, 0.9409 1.0355 0.0261, 0.9409 1.0477 0.015, 0.9409 1.062 0.0068, 0.9409 1.0776 0.0017, 0.8307 1.2598 0.0, 0.8307 1.094 0.0, 0.7441 1.2598 0.0, 0.7441 1.094 0.0, 0.8307 1.2598 0.0591, 0.7441 1.2598 0.0591, 0.8307 1.094 0.0591, 0.7441 1.094 0.0591, 0.8307 1.0899 0.0595, 0.7441 1.0899 0.0595, 0.8307 1.086 0.0608, 0.7441 1.086 0.0608, 0.8307 1.0824 0.0628, 0.7441 1.0824 0.0628, 0.8307 1.0794 0.0656, 0.7441 1.0794 0.0656, 0.8307 1.077 0.0689, 0.7441 1.077 0.0689, 0.8307 0.986 0.2264, 0.7441 0.986 0.2264, 0.7441 0.9764 0.2397, 0.8307 0.9764 0.2397, 0.7441 0.9641 0.2507, 0.8307 0.9641 0.2507, 0.7441 0.9499 0.2589, 0.8307 0.9499 0.2589, 0.7441 0.9342 0.264, 0.8307 0.9342 0.264, 0.7441 0.9178 0.2657, 0.8307 0.9178 0.2657, 0.8307 0.8661 0.2657, 0.7441 0.8661 0.2657, 0.8307 0.9178 0.2067, 0.8307 0.8661 0.2067, 0.7441 0.9178 0.2067, 0.7441 0.8661 0.2067, 0.8307 0.9229 0.206, 0.7441 0.9229 0.206, 0.8307 0.9277 0.2041, 0.7441 0.9277 0.2041, 0.8307 0.9318 0.2009, 0.7441 0.9318 0.2009, 0.8307 0.9349 0.1969, 0.7441 0.9349 0.1969, 0.8307 1.0258 0.0394, 0.7441 1.0258 0.0394, 0.8307 1.0776 0.0017, 0.8307 1.062 0.0068, 0.8307 1.0477 0.015, 0.8307 1.0355 0.0261, 0.7441 1.0355 0.0261, 0.7441 1.0477 0.015, 0.7441 1.062 0.0068, 0.7441 1.0776 0.0017, 0.6338 1.2598 0.0, 0.6338 1.094 0.0, 0.5472 1.2598 0.0, 0.5472 1.094 0.0, 0.6338 1.2598 0.0591, 0.5472 1.2598 0.0591, 0.6338 1.094 0.0591, 0.5472 1.094 0.0591, 0.6338 1.0899 0.0595, 0.5472 1.0899 0.0595, 0.6338 1.086 0.0608, 0.5472 1.086 0.0608, 0.6338 1.0824 0.0628, 0.5472 1.0824 0.0628, 0.6338 1.0794 0.0656, 0.5472 1.0794 0.0656, 0.6338 1.077 0.0689, 0.5472 1.077 0.0689, 0.6338 0.986 0.2264, 0.5472 0.986 0.2264, 0.5472 0.9764 0.2397, 0.6338 0.9764 0.2397, 0.5472 0.9641 0.2507, 0.6338 0.9641 0.2507, 0.5472 0.9499 0.2589, 0.6338 0.9499 0.2589, 0.5472 0.9342 0.264, 0.6338 0.9342 0.264, 0.5472 0.9178 0.2657, 0.6338 0.9178 0.2657, 0.6338 0.8661 0.2657, 0.5472 0.8661 0.2657, 0.6338 0.9178 0.2067, 0.6338 0.8661 0.2067, 0.5472 0.9178 0.2067, 0.5472 0.8661 0.2067, 0.6338 0.9229 0.206, 0.5472 0.9229 0.206, 0.6338 0.9277 0.2041, 0.5472 0.9277 0.2041, 0.6338 0.9318 0.2009, 0.5472 0.9318 0.2009, 0.6338 0.9349 0.1969, 0.5472 0.9349 0.1969, 0.6338 1.0258 0.0394, 0.5472 1.0258 0.0394, 0.6338 1.0776 0.0017, 0.6338 1.062 0.0068, 0.6338 1.0477 0.015, 0.6338 1.0355 0.0261, 0.5472 1.0355 0.0261, 0.5472 1.0477 0.015, 0.5472 1.062 0.0068, 0.5472 1.0776 0.0017, 0.437 1.2598 0.0, 0.437 1.094 0.0, 0.3504 1.2598 0.0, 0.3504 1.094 0.0, 0.437 1.2598 0.0591, 0.3504 1.2598 0.0591, 0.437 1.094 0.0591, 0.3504 1.094 0.0591, 0.437 1.0899 0.0595, 0.3504 1.0899 0.0595, 0.437 1.086 0.0608, 0.3504 1.086 0.0608, 0.437 1.0824 0.0628, 0.3504 1.0824 0.0628, 0.437 1.0794 0.0656, 0.3504 1.0794 0.0656, 0.437 1.077 0.0689, 0.3504 1.077 0.0689, 0.437 0.986 0.2264, 0.3504 0.986 0.2264, 0.3504 0.9764 0.2397, 0.437 0.9764 0.2397, 0.3504 0.9641 0.2507, 0.437 0.9641 0.2507, 0.3504 0.9499 0.2589, 0.437 0.9499 0.2589, 0.3504 0.9342 0.264, 0.437 0.9342 0.264, 0.3504 0.9178 0.2657, 0.437 0.9178 0.2657, 0.437 0.8661 0.2657, 0.3504 0.8661 0.2657, 0.437 0.9178 0.2067, 0.437 0.8661 0.2067, 0.3504 0.9178 0.2067, 0.3504 0.8661 0.2067, 0.437 0.9229 0.206, 0.3504 0.9229 0.206, 0.437 0.9277 0.2041, 0.3504 0.9277 0.2041, 0.437 0.9318 0.2009, 0.3504 0.9318 0.2009, 0.437 0.9349 0.1969, 0.3504 0.9349 0.1969, 0.437 1.0258 0.0394, 0.3504 1.0258 0.0394, 0.437 1.0776 0.0017, 0.437 1.062 0.0068, 0.437 1.0477 0.015, 0.437 1.0355 0.0261, 0.3504 1.0355 0.0261, 0.3504 1.0477 0.015, 0.3504 1.062 0.0068, 0.3504 1.0776 0.0017, 0.2401 1.2598 0.0, 0.2401 1.094 0.0, 0.1535 1.2598 0.0, 0.1535 1.094 0.0, 0.2401 1.2598 0.0591, 0.1535 1.2598 0.0591, 0.2401 1.094 0.0591, 0.1535 1.094 0.0591, 0.2401 1.0899 0.0595, 0.1535 1.0899 0.0595, 0.2401 1.086 0.0608, 0.1535 1.086 0.0608, 0.2401 1.0824 0.0628, 0.1535 1.0824 0.0628, 0.2401 1.0794 0.0656, 0.1535 1.0794 0.0656, 0.2401 1.077 0.0689, 0.1535 1.077 0.0689, 0.2401 0.986 0.2264, 0.1535 0.986 0.2264, 0.1535 0.9764 0.2397, 0.2401 0.9764 0.2397, 0.1535 0.9641 0.2507, 0.2401 0.9641 0.2507, 0.1535 0.9499 0.2589, 0.2401 0.9499 0.2589, 0.1535 0.9342 0.264, 0.2401 0.9342 0.264, 0.1535 0.9178 0.2657, 0.2401 0.9178 0.2657, 0.2401 0.8661 0.2657, 0.1535 0.8661 0.2657, 0.2401 0.9178 0.2067, 0.2401 0.8661 0.2067, 0.1535 0.9178 0.2067, 0.1535 0.8661 0.2067, 0.2401 0.9229 0.206, 0.1535 0.9229 0.206, 0.2401 0.9277 0.2041, 0.1535 0.9277 0.2041, 0.2401 0.9318 0.2009, 0.1535 0.9318 0.2009, 0.2401 0.9349 0.1969, 0.1535 0.9349 0.1969, 0.2401 1.0258 0.0394, 0.1535 1.0258 0.0394, 0.2401 1.0776 0.0017, 0.2401 1.062 0.0068, 0.2401 1.0477 0.015, 0.2401 1.0355 0.0261, 0.1535 1.0355 0.0261, 0.1535 1.0477 0.015, 0.1535 1.062 0.0068, 0.1535 1.0776 0.0017, 0.0433 1.2598 0.0, 0.0433 1.094 0.0, -0.0433 1.2598 0.0, -0.0433 1.094 0.0, 0.0433 1.2598 0.0591, -0.0433 1.2598 0.0591, 0.0433 1.094 0.0591, -0.0433 1.094 0.0591, 0.0433 1.0899 0.0595, -0.0433 1.0899 0.0595, 0.0433 1.086 0.0608, -0.0433 1.086 0.0608, 0.0433 1.0824 0.0628, -0.0433 1.0824 0.0628, 0.0433 1.0794 0.0656, -0.0433 1.0794 0.0656, 0.0433 1.077 0.0689, -0.0433 1.077 0.0689, 0.0433 0.986 0.2264, -0.0433 0.986 0.2264, -0.0433 0.9764 0.2397, 0.0433 0.9764 0.2397, -0.0433 0.9641 0.2507, 0.0433 0.9641 0.2507, -0.0433 0.9499 0.2589, 0.0433 0.9499 0.2589, -0.0433 0.9342 0.264, 0.0433 0.9342 0.264, -0.0433 0.9178 0.2657, 0.0433 0.9178 0.2657, 0.0433 0.8661 0.2657, -0.0433 0.8661 0.2657, 0.0433 0.9178 0.2067, 0.0433 0.8661 0.2067, -0.0433 0.9178 0.2067, -0.0433 0.8661 0.2067, 0.0433 0.9229 0.206, -0.0433 0.9229 0.206, 0.0433 0.9277 0.2041, -0.0433 0.9277 0.2041, 0.0433 0.9318 0.2009, -0.0433 0.9318 0.2009, 0.0433 0.9349 0.1969, -0.0433 0.9349 0.1969, 0.0433 1.0258 0.0394, -0.0433 1.0258 0.0394, 0.0433 1.0776 0.0017, 0.0433 1.062 0.0068, 0.0433 1.0477 0.015, 0.0433 1.0355 0.0261, -0.0433 1.0355 0.0261, -0.0433 1.0477 0.015, -0.0433 1.062 0.0068, -0.0433 1.0776 0.0017, -0.1536 1.2598 0.0, -0.1536 1.094 0.0, -0.2402 1.2598 0.0, -0.2402 1.094 0.0, -0.1536 1.2598 0.0591, -0.2402 1.2598 0.0591, -0.1536 1.094 0.0591, -0.2402 1.094 0.0591, -0.1536 1.0899 0.0595, -0.2402 1.0899 0.0595, -0.1536 1.086 0.0608, -0.2402 1.086 0.0608, -0.1536 1.0824 0.0628, -0.2402 1.0824 0.0628, -0.1536 1.0794 0.0656, -0.2402 1.0794 0.0656, -0.1536 1.077 0.0689, -0.2402 1.077 0.0689, -0.1536 0.986 0.2264, -0.2402 0.986 0.2264, -0.2402 0.9764 0.2397, -0.1536 0.9764 0.2397, -0.2402 0.9641 0.2507, -0.1536 0.9641 0.2507, -0.2402 0.9499 0.2589, -0.1536 0.9499 0.2589, -0.2402 0.9342 0.264, -0.1536 0.9342 0.264, -0.2402 0.9178 0.2657, -0.1536 0.9178 0.2657, -0.1536 0.8661 0.2657, -0.2402 0.8661 0.2657, -0.1536 0.9178 0.2067, -0.1536 0.8661 0.2067, -0.2402 0.9178 0.2067, -0.2402 0.8661 0.2067, -0.1536 0.9229 0.206, -0.2402 0.9229 0.206, -0.1536 0.9277 0.2041, -0.2402 0.9277 0.2041, -0.1536 0.9318 0.2009, -0.2402 0.9318 0.2009, -0.1536 0.9349 0.1969, -0.2402 0.9349 0.1969, -0.1536 1.0258 0.0394, -0.2402 1.0258 0.0394, -0.1536 1.0776 0.0017, -0.1536 1.062 0.0068, -0.1536 1.0477 0.015, -0.1536 1.0355 0.0261, -0.2402 1.0355 0.0261, -0.2402 1.0477 0.015, -0.2402 1.062 0.0068, -0.2402 1.0776 0.0017, -0.3504 1.2598 0.0, -0.3504 1.094 0.0, -0.437 1.2598 0.0, -0.437 1.094 0.0, -0.3504 1.2598 0.0591, -0.437 1.2598 0.0591, -0.3504 1.094 0.0591, -0.437 1.094 0.0591, -0.3504 1.0899 0.0595, -0.437 1.0899 0.0595, -0.3504 1.086 0.0608, -0.437 1.086 0.0608, -0.3504 1.0824 0.0628, -0.437 1.0824 0.0628, -0.3504 1.0794 0.0656, -0.437 1.0794 0.0656, -0.3504 1.077 0.0689, -0.437 1.077 0.0689, -0.3504 0.986 0.2264, -0.437 0.986 0.2264, -0.437 0.9764 0.2397, -0.3504 0.9764 0.2397, -0.437 0.9641 0.2507, -0.3504 0.9641 0.2507, -0.437 0.9499 0.2589, -0.3504 0.9499 0.2589, -0.437 0.9342 0.264, -0.3504 0.9342 0.264, -0.437 0.9178 0.2657, -0.3504 0.9178 0.2657, -0.3504 0.8661 0.2657, -0.437 0.8661 0.2657, -0.3504 0.9178 0.2067, -0.3504 0.8661 0.2067, -0.437 0.9178 0.2067, -0.437 0.8661 0.2067, -0.3504 0.9229 0.206, -0.437 0.9229 0.206, -0.3504 0.9277 0.2041, -0.437 0.9277 0.2041, -0.3504 0.9318 0.2009, -0.437 0.9318 0.2009, -0.3504 0.9349 0.1969, -0.437 0.9349 0.1969, -0.3504 1.0258 0.0394, -0.437 1.0258 0.0394, -0.3504 1.0776 0.0017, -0.3504 1.062 0.0068, -0.3504 1.0477 0.015, -0.3504 1.0355 0.0261, -0.437 1.0355 0.0261, -0.437 1.0477 0.015, -0.437 1.062 0.0068, -0.437 1.0776 0.0017, -0.5473 1.2598 0.0, -0.5473 1.094 0.0, -0.6339 1.2598 0.0, -0.6339 1.094 0.0, -0.5473 1.2598 0.0591, -0.6339 1.2598 0.0591, -0.5473 1.094 0.0591, -0.6339 1.094 0.0591, -0.5473 1.0899 0.0595, -0.6339 1.0899 0.0595, -0.5473 1.086 0.0608, -0.6339 1.086 0.0608, -0.5473 1.0824 0.0628, -0.6339 1.0824 0.0628, -0.5473 1.0794 0.0656, -0.6339 1.0794 0.0656, -0.5473 1.077 0.0689, -0.6339 1.077 0.0689, -0.5473 0.986 0.2264, -0.6339 0.986 0.2264, -0.6339 0.9764 0.2397, -0.5473 0.9764 0.2397, -0.6339 0.9641 0.2507, -0.5473 0.9641 0.2507, -0.6339 0.9499 0.2589, -0.5473 0.9499 0.2589, -0.6339 0.9342 0.264, -0.5473 0.9342 0.264, -0.6339 0.9178 0.2657, -0.5473 0.9178 0.2657, -0.5473 0.8661 0.2657, -0.6339 0.8661 0.2657, -0.5473 0.9178 0.2067, -0.5473 0.8661 0.2067, -0.6339 0.9178 0.2067, -0.6339 0.8661 0.2067, -0.5473 0.9229 0.206, -0.6339 0.9229 0.206, -0.5473 0.9277 0.2041, -0.6339 0.9277 0.2041, -0.5473 0.9318 0.2009, -0.6339 0.9318 0.2009, -0.5473 0.9349 0.1969, -0.6339 0.9349 0.1969, -0.5473 1.0258 0.0394, -0.6339 1.0258 0.0394, -0.5473 1.0776 0.0017, -0.5473 1.062 0.0068, -0.5473 1.0477 0.015, -0.5473 1.0355 0.0261, -0.6339 1.0355 0.0261, -0.6339 1.0477 0.015, -0.6339 1.062 0.0068, -0.6339 1.0776 0.0017, -0.7441 1.2598 0.0, -0.7441 1.094 0.0, -0.8307 1.2598 0.0, -0.8307 1.094 0.0, -0.7441 1.2598 0.0591, -0.8307 1.2598 0.0591, -0.7441 1.094 0.0591, -0.8307 1.094 0.0591, -0.7441 1.0899 0.0595, -0.8307 1.0899 0.0595, -0.7441 1.086 0.0608, -0.8307 1.086 0.0608, -0.7441 1.0824 0.0628, -0.8307 1.0824 0.0628, -0.7441 1.0794 0.0656, -0.8307 1.0794 0.0656, -0.7441 1.077 0.0689, -0.8307 1.077 0.0689, -0.7441 0.986 0.2264, -0.8307 0.986 0.2264, -0.8307 0.9764 0.2397, -0.7441 0.9764 0.2397, -0.8307 0.9641 0.2507, -0.7441 0.9641 0.2507, -0.8307 0.9499 0.2589, -0.7441 0.9499 0.2589, -0.8307 0.9342 0.264, -0.7441 0.9342 0.264, -0.8307 0.9178 0.2657, -0.7441 0.9178 0.2657, -0.7441 0.8661 0.2657, -0.8307 0.8661 0.2657, -0.7441 0.9178 0.2067, -0.7441 0.8661 0.2067, -0.8307 0.9178 0.2067, -0.8307 0.8661 0.2067, -0.7441 0.9229 0.206, -0.8307 0.9229 0.206, -0.7441 0.9277 0.2041, -0.8307 0.9277 0.2041, -0.7441 0.9318 0.2009, -0.8307 0.9318 0.2009, -0.7441 0.9349 0.1969, -0.8307 0.9349 0.1969, -0.7441 1.0258 0.0394, -0.8307 1.0258 0.0394, -0.7441 1.0776 0.0017, -0.7441 1.062 0.0068, -0.7441 1.0477 0.015, -0.7441 1.0355 0.0261, -0.8307 1.0355 0.0261, -0.8307 1.0477 0.015, -0.8307 1.062 0.0068, -0.8307 1.0776 0.0017, -0.941 1.2598 0.0, -0.941 1.094 0.0, -1.0276 1.2598 0.0, -1.0276 1.094 0.0, -0.941 1.2598 0.0591, -1.0276 1.2598 0.0591, -0.941 1.094 0.0591, -1.0276 1.094 0.0591, -0.941 1.0899 0.0595, -1.0276 1.0899 0.0595, -0.941 1.086 0.0608, -1.0276 1.086 0.0608, -0.941 1.0824 0.0628, -1.0276 1.0824 0.0628, -0.941 1.0794 0.0656, -1.0276 1.0794 0.0656, -0.941 1.077 0.0689, -1.0276 1.077 0.0689, -0.941 0.986 0.2264, -1.0276 0.986 0.2264, -1.0276 0.9764 0.2397, -0.941 0.9764 0.2397, -1.0276 0.9641 0.2507, -0.941 0.9641 0.2507, -1.0276 0.9499 0.2589, -0.941 0.9499 0.2589, -1.0276 0.9342 0.264, -0.941 0.9342 0.264, -1.0276 0.9178 0.2657, -0.941 0.9178 0.2657, -0.941 0.8661 0.2657, -1.0276 0.8661 0.2657, -0.941 0.9178 0.2067, -0.941 0.8661 0.2067, -1.0276 0.9178 0.2067, -1.0276 0.8661 0.2067, -0.941 0.9229 0.206, -1.0276 0.9229 0.206, -0.941 0.9277 0.2041, -1.0276 0.9277 0.2041, -0.941 0.9318 0.2009, -1.0276 0.9318 0.2009, -0.941 0.9349 0.1969, -1.0276 0.9349 0.1969, -0.941 1.0258 0.0394, -1.0276 1.0258 0.0394, -0.941 1.0776 0.0017, -0.941 1.062 0.0068, -0.941 1.0477 0.015, -0.941 1.0355 0.0261, -1.0276 1.0355 0.0261, -1.0276 1.0477 0.015, -1.0276 1.062 0.0068, -1.0276 1.0776 0.0017, -1.1378 1.2598 0.0, -1.1378 1.094 0.0, -1.2244 1.2598 0.0, -1.2244 1.094 0.0, -1.1378 1.2598 0.0591, -1.2244 1.2598 0.0591, -1.1378 1.094 0.0591, -1.2244 1.094 0.0591, -1.1378 1.0899 0.0595, -1.2244 1.0899 0.0595, -1.1378 1.086 0.0608, -1.2244 1.086 0.0608, -1.1378 1.0824 0.0628, -1.2244 1.0824 0.0628, -1.1378 1.0794 0.0656, -1.2244 1.0794 0.0656, -1.1378 1.077 0.0689, -1.2244 1.077 0.0689, -1.1378 0.986 0.2264, -1.2244 0.986 0.2264, -1.2244 0.9764 0.2397, -1.1378 0.9764 0.2397, -1.2244 0.9641 0.2507, -1.1378 0.9641 0.2507, -1.2244 0.9499 0.2589, -1.1378 0.9499 0.2589, -1.2244 0.9342 0.264, -1.1378 0.9342 0.264, -1.2244 0.9178 0.2657, -1.1378 0.9178 0.2657, -1.1378 0.8661 0.2657, -1.2244 0.8661 0.2657, -1.1378 0.9178 0.2067, -1.1378 0.8661 0.2067, -1.2244 0.9178 0.2067, -1.2244 0.8661 0.2067, -1.1378 0.9229 0.206, -1.2244 0.9229 0.206, -1.1378 0.9277 0.2041, -1.2244 0.9277 0.2041, -1.1378 0.9318 0.2009, -1.2244 0.9318 0.2009, -1.1378 0.9349 0.1969, -1.2244 0.9349 0.1969, -1.1378 1.0258 0.0394, -1.2244 1.0258 0.0394, -1.1378 1.0776 0.0017, -1.1378 1.062 0.0068, -1.1378 1.0477 0.015, -1.1378 1.0355 0.0261, -1.2244 1.0355 0.0261, -1.2244 1.0477 0.015, -1.2244 1.062 0.0068, -1.2244 1.0776 0.0017, -1.3347 1.2598 0.0, -1.3347 1.094 0.0, -1.4213 1.2598 0.0, -1.4213 1.094 0.0, -1.3347 1.2598 0.0591, -1.4213 1.2598 0.0591, -1.3347 1.094 0.0591, -1.4213 1.094 0.0591, -1.3347 1.0899 0.0595, -1.4213 1.0899 0.0595, -1.3347 1.086 0.0608, -1.4213 1.086 0.0608, -1.3347 1.0824 0.0628, -1.4213 1.0824 0.0628, -1.3347 1.0794 0.0656, -1.4213 1.0794 0.0656, -1.3347 1.077 0.0689, -1.4213 1.077 0.0689, -1.3347 0.986 0.2264, -1.4213 0.986 0.2264, -1.4213 0.9764 0.2397, -1.3347 0.9764 0.2397, -1.4213 0.9641 0.2507, -1.3347 0.9641 0.2507, -1.4213 0.9499 0.2589, -1.3347 0.9499 0.2589, -1.4213 0.9342 0.264, -1.3347 0.9342 0.264, -1.4213 0.9178 0.2657, -1.3347 0.9178 0.2657, -1.3347 0.8661 0.2657, -1.4213 0.8661 0.2657, -1.3347 0.9178 0.2067, -1.3347 0.8661 0.2067, -1.4213 0.9178 0.2067, -1.4213 0.8661 0.2067, -1.3347 0.9229 0.206, -1.4213 0.9229 0.206, -1.3347 0.9277 0.2041, -1.4213 0.9277 0.2041, -1.3347 0.9318 0.2009, -1.4213 0.9318 0.2009, -1.3347 0.9349 0.1969, -1.4213 0.9349 0.1969, -1.3347 1.0258 0.0394, -1.4213 1.0258 0.0394, -1.3347 1.0776 0.0017, -1.3347 1.062 0.0068, -1.3347 1.0477 0.015, -1.3347 1.0355 0.0261, -1.4213 1.0355 0.0261, -1.4213 1.0477 0.015, -1.4213 1.062 0.0068, -1.4213 1.0776 0.0017, -1.5315 1.2598 0.0, -1.5315 1.094 0.0, -1.6182 1.2598 0.0, -1.6182 1.094 0.0, -1.5315 1.2598 0.0591, -1.6182 1.2598 0.0591, -1.5315 1.094 0.0591, -1.6182 1.094 0.0591, -1.5315 1.0899 0.0595, -1.6182 1.0899 0.0595, -1.5315 1.086 0.0608, -1.6182 1.086 0.0608, -1.5315 1.0824 0.0628, -1.6182 1.0824 0.0628, -1.5315 1.0794 0.0656, -1.6182 1.0794 0.0656, -1.5315 1.077 0.0689, -1.6182 1.077 0.0689, -1.5315 0.986 0.2264, -1.6182 0.986 0.2264, -1.6182 0.9764 0.2397, -1.5315 0.9764 0.2397, -1.6182 0.9641 0.2507, -1.5315 0.9641 0.2507, -1.6182 0.9499 0.2589, -1.5315 0.9499 0.2589, -1.6182 0.9342 0.264, -1.5315 0.9342 0.264, -1.6182 0.9178 0.2657, -1.5315 0.9178 0.2657, -1.5315 0.8661 0.2657, -1.6182 0.8661 0.2657, -1.5315 0.9178 0.2067, -1.5315 0.8661 0.2067, -1.6182 0.9178 0.2067, -1.6182 0.8661 0.2067, -1.5315 0.9229 0.206, -1.6182 0.9229 0.206, -1.5315 0.9277 0.2041, -1.6182 0.9277 0.2041, -1.5315 0.9318 0.2009, -1.6182 0.9318 0.2009, -1.5315 0.9349 0.1969, -1.6182 0.9349 0.1969, -1.5315 1.0258 0.0394, -1.6182 1.0258 0.0394, -1.5315 1.0776 0.0017, -1.5315 1.062 0.0068, -1.5315 1.0477 0.015, -1.5315 1.0355 0.0261, -1.6182 1.0355 0.0261, -1.6182 1.0477 0.015, -1.6182 1.062 0.0068, -1.6182 1.0776 0.0017, -1.7284 1.2598 0.0, -1.7284 1.094 0.0, -1.815 1.2598 0.0, -1.815 1.094 0.0, -1.7284 1.2598 0.0591, -1.815 1.2598 0.0591, -1.7284 1.094 0.0591, -1.815 1.094 0.0591, -1.7284 1.0899 0.0595, -1.815 1.0899 0.0595, -1.7284 1.086 0.0608, -1.815 1.086 0.0608, -1.7284 1.0824 0.0628, -1.815 1.0824 0.0628, -1.7284 1.0794 0.0656, -1.815 1.0794 0.0656, -1.7284 1.077 0.0689, -1.815 1.077 0.0689, -1.7284 0.986 0.2264, -1.815 0.986 0.2264, -1.815 0.9764 0.2397, -1.7284 0.9764 0.2397, -1.815 0.9641 0.2507, -1.7284 0.9641 0.2507, -1.815 0.9499 0.2589, -1.7284 0.9499 0.2589, -1.815 0.9342 0.264, -1.7284 0.9342 0.264, -1.815 0.9178 0.2657, -1.7284 0.9178 0.2657, -1.7284 0.8661 0.2657, -1.815 0.8661 0.2657, -1.7284 0.9178 0.2067, -1.7284 0.8661 0.2067, -1.815 0.9178 0.2067, -1.815 0.8661 0.2067, -1.7284 0.9229 0.206, -1.815 0.9229 0.206, -1.7284 0.9277 0.2041, -1.815 0.9277 0.2041, -1.7284 0.9318 0.2009, -1.815 0.9318 0.2009, -1.7284 0.9349 0.1969, -1.815 0.9349 0.1969, -1.7284 1.0258 0.0394, -1.815 1.0258 0.0394, -1.7284 1.0776 0.0017, -1.7284 1.062 0.0068, -1.7284 1.0477 0.015, -1.7284 1.0355 0.0261, -1.815 1.0355 0.0261, -1.815 1.0477 0.015, -1.815 1.062 0.0068, -1.815 1.0776 0.0017, 1.8149 -1.0941 0.0, 1.8149 -1.2599 0.0, 1.7283 -1.0941 0.0, 1.7283 -1.2599 0.0, 1.8149 -1.2599 0.0591, 1.7283 -1.2599 0.0591, 1.8149 -1.0941 0.0591, 1.7283 -1.0941 0.0591, 1.8149 -1.077 0.0689, 1.7283 -1.077 0.0689, 1.8149 -1.0795 0.0656, 1.7283 -1.0795 0.0656, 1.8149 -1.0825 0.0628, 1.7283 -1.0825 0.0628, 1.8149 -1.0861 0.0608, 1.7283 -1.0861 0.0608, 1.8149 -1.09 0.0595, 1.7283 -1.09 0.0595, 1.8149 -0.9861 0.2264, 1.7283 -0.9861 0.2264, 1.8149 -0.9179 0.2657, 1.7283 -0.9179 0.2657, 1.7283 -0.9343 0.264, 1.8149 -0.9343 0.264, 1.7283 -0.9499 0.2589, 1.8149 -0.9499 0.2589, 1.7283 -0.9642 0.2507, 1.8149 -0.9642 0.2507, 1.7283 -0.9764 0.2397, 1.8149 -0.9764 0.2397, 1.8149 -0.8662 0.2657, 1.7283 -0.8662 0.2657, 1.8149 -0.8662 0.2067, 1.8149 -0.9179 0.2067, 1.7283 -0.8662 0.2067, 1.7283 -0.9179 0.2067, 1.8149 -0.935 0.1969, 1.7283 -0.935 0.1969, 1.8149 -0.9318 0.2009, 1.7283 -0.9318 0.2009, 1.8149 -0.9278 0.2041, 1.7283 -0.9278 0.2041, 1.8149 -0.923 0.206, 1.7283 -0.923 0.206, 1.8149 -1.0259 0.0394, 1.7283 -1.0259 0.0394, 1.8149 -1.0777 0.0017, 1.8149 -1.0621 0.0068, 1.8149 -1.0478 0.015, 1.8149 -1.0356 0.0261, 1.7283 -1.0777 0.0017, 1.7283 -1.0621 0.0068, 1.7283 -1.0478 0.015, 1.7283 -1.0356 0.0261, 1.6181 -1.0941 0.0, 1.6181 -1.2599 0.0, 1.5315 -1.0941 0.0, 1.5315 -1.2599 0.0, 1.6181 -1.2599 0.0591, 1.5315 -1.2599 0.0591, 1.6181 -1.0941 0.0591, 1.5315 -1.0941 0.0591, 1.6181 -1.077 0.0689, 1.5315 -1.077 0.0689, 1.6181 -1.0795 0.0656, 1.5315 -1.0795 0.0656, 1.6181 -1.0825 0.0628, 1.5315 -1.0825 0.0628, 1.6181 -1.0861 0.0608, 1.5315 -1.0861 0.0608, 1.6181 -1.09 0.0595, 1.5315 -1.09 0.0595, 1.6181 -0.9861 0.2264, 1.5315 -0.9861 0.2264, 1.6181 -0.9179 0.2657, 1.5315 -0.9179 0.2657, 1.5315 -0.9343 0.264, 1.6181 -0.9343 0.264, 1.5315 -0.9499 0.2589, 1.6181 -0.9499 0.2589, 1.5315 -0.9642 0.2507, 1.6181 -0.9642 0.2507, 1.5315 -0.9764 0.2397, 1.6181 -0.9764 0.2397, 1.6181 -0.8662 0.2657, 1.5315 -0.8662 0.2657, 1.6181 -0.8662 0.2067, 1.6181 -0.9179 0.2067, 1.5315 -0.8662 0.2067, 1.5315 -0.9179 0.2067, 1.6181 -0.935 0.1969, 1.5315 -0.935 0.1969, 1.6181 -0.9318 0.2009, 1.5315 -0.9318 0.2009, 1.6181 -0.9278 0.2041, 1.5315 -0.9278 0.2041, 1.6181 -0.923 0.206, 1.5315 -0.923 0.206, 1.6181 -1.0259 0.0394, 1.5315 -1.0259 0.0394, 1.6181 -1.0777 0.0017, 1.6181 -1.0621 0.0068, 1.6181 -1.0478 0.015, 1.6181 -1.0356 0.0261, 1.5315 -1.0777 0.0017, 1.5315 -1.0621 0.0068, 1.5315 -1.0478 0.015, 1.5315 -1.0356 0.0261, 1.4212 -1.0941 0.0, 1.4212 -1.2599 0.0, 1.3346 -1.0941 0.0, 1.3346 -1.2599 0.0, 1.4212 -1.2599 0.0591, 1.3346 -1.2599 0.0591, 1.4212 -1.0941 0.0591, 1.3346 -1.0941 0.0591, 1.4212 -1.077 0.0689, 1.3346 -1.077 0.0689, 1.4212 -1.0795 0.0656, 1.3346 -1.0795 0.0656, 1.4212 -1.0825 0.0628, 1.3346 -1.0825 0.0628, 1.4212 -1.0861 0.0608, 1.3346 -1.0861 0.0608, 1.4212 -1.09 0.0595, 1.3346 -1.09 0.0595, 1.4212 -0.9861 0.2264, 1.3346 -0.9861 0.2264, 1.4212 -0.9179 0.2657, 1.3346 -0.9179 0.2657, 1.3346 -0.9343 0.264, 1.4212 -0.9343 0.264, 1.3346 -0.9499 0.2589, 1.4212 -0.9499 0.2589, 1.3346 -0.9642 0.2507, 1.4212 -0.9642 0.2507, 1.3346 -0.9764 0.2397, 1.4212 -0.9764 0.2397, 1.4212 -0.8662 0.2657, 1.3346 -0.8662 0.2657, 1.4212 -0.8662 0.2067, 1.4212 -0.9179 0.2067, 1.3346 -0.8662 0.2067, 1.3346 -0.9179 0.2067, 1.4212 -0.935 0.1969, 1.3346 -0.935 0.1969, 1.4212 -0.9318 0.2009, 1.3346 -0.9318 0.2009, 1.4212 -0.9278 0.2041, 1.3346 -0.9278 0.2041, 1.4212 -0.923 0.206, 1.3346 -0.923 0.206, 1.4212 -1.0259 0.0394, 1.3346 -1.0259 0.0394, 1.4212 -1.0777 0.0017, 1.4212 -1.0621 0.0068, 1.4212 -1.0478 0.015, 1.4212 -1.0356 0.0261, 1.3346 -1.0777 0.0017, 1.3346 -1.0621 0.0068, 1.3346 -1.0478 0.015, 1.3346 -1.0356 0.0261, 1.2244 -1.0941 0.0, 1.2244 -1.2599 0.0, 1.1378 -1.0941 0.0, 1.1378 -1.2599 0.0, 1.2244 -1.2599 0.0591, 1.1378 -1.2599 0.0591, 1.2244 -1.0941 0.0591, 1.1378 -1.0941 0.0591, 1.2244 -1.077 0.0689, 1.1378 -1.077 0.0689, 1.2244 -1.0795 0.0656, 1.1378 -1.0795 0.0656, 1.2244 -1.0825 0.0628, 1.1378 -1.0825 0.0628, 1.2244 -1.0861 0.0608, 1.1378 -1.0861 0.0608, 1.2244 -1.09 0.0595, 1.1378 -1.09 0.0595, 1.2244 -0.9861 0.2264, 1.1378 -0.9861 0.2264, 1.2244 -0.9179 0.2657, 1.1378 -0.9179 0.2657, 1.1378 -0.9343 0.264, 1.2244 -0.9343 0.264, 1.1378 -0.9499 0.2589, 1.2244 -0.9499 0.2589, 1.1378 -0.9642 0.2507, 1.2244 -0.9642 0.2507, 1.1378 -0.9764 0.2397, 1.2244 -0.9764 0.2397, 1.2244 -0.8662 0.2657, 1.1378 -0.8662 0.2657, 1.2244 -0.8662 0.2067, 1.2244 -0.9179 0.2067, 1.1378 -0.8662 0.2067, 1.1378 -0.9179 0.2067, 1.2244 -0.935 0.1969, 1.1378 -0.935 0.1969, 1.2244 -0.9318 0.2009, 1.1378 -0.9318 0.2009, 1.2244 -0.9278 0.2041, 1.1378 -0.9278 0.2041, 1.2244 -0.923 0.206, 1.1378 -0.923 0.206, 1.2244 -1.0259 0.0394, 1.1378 -1.0259 0.0394, 1.2244 -1.0777 0.0017, 1.2244 -1.0621 0.0068, 1.2244 -1.0478 0.015, 1.2244 -1.0356 0.0261, 1.1378 -1.0777 0.0017, 1.1378 -1.0621 0.0068, 1.1378 -1.0478 0.015, 1.1378 -1.0356 0.0261, 1.0275 -1.0941 0.0, 1.0275 -1.2599 0.0, 0.9409 -1.0941 0.0, 0.9409 -1.2599 0.0, 1.0275 -1.2599 0.0591, 0.9409 -1.2599 0.0591, 1.0275 -1.0941 0.0591, 0.9409 -1.0941 0.0591, 1.0275 -1.077 0.0689, 0.9409 -1.077 0.0689, 1.0275 -1.0795 0.0656, 0.9409 -1.0795 0.0656, 1.0275 -1.0825 0.0628, 0.9409 -1.0825 0.0628, 1.0275 -1.0861 0.0608, 0.9409 -1.0861 0.0608, 1.0275 -1.09 0.0595, 0.9409 -1.09 0.0595, 1.0275 -0.9861 0.2264, 0.9409 -0.9861 0.2264, 1.0275 -0.9179 0.2657, 0.9409 -0.9179 0.2657, 0.9409 -0.9343 0.264, 1.0275 -0.9343 0.264, 0.9409 -0.9499 0.2589, 1.0275 -0.9499 0.2589, 0.9409 -0.9642 0.2507, 1.0275 -0.9642 0.2507, 0.9409 -0.9764 0.2397, 1.0275 -0.9764 0.2397, 1.0275 -0.8662 0.2657, 0.9409 -0.8662 0.2657, 1.0275 -0.8662 0.2067, 1.0275 -0.9179 0.2067, 0.9409 -0.8662 0.2067, 0.9409 -0.9179 0.2067, 1.0275 -0.935 0.1969, 0.9409 -0.935 0.1969, 1.0275 -0.9318 0.2009, 0.9409 -0.9318 0.2009, 1.0275 -0.9278 0.2041, 0.9409 -0.9278 0.2041, 1.0275 -0.923 0.206, 0.9409 -0.923 0.206, 1.0275 -1.0259 0.0394, 0.9409 -1.0259 0.0394, 1.0275 -1.0777 0.0017, 1.0275 -1.0621 0.0068, 1.0275 -1.0478 0.015, 1.0275 -1.0356 0.0261, 0.9409 -1.0777 0.0017, 0.9409 -1.0621 0.0068, 0.9409 -1.0478 0.015, 0.9409 -1.0356 0.0261, 0.8307 -1.0941 0.0, 0.8307 -1.2599 0.0, 0.7441 -1.0941 0.0, 0.7441 -1.2599 0.0, 0.8307 -1.2599 0.0591, 0.7441 -1.2599 0.0591, 0.8307 -1.0941 0.0591, 0.7441 -1.0941 0.0591, 0.8307 -1.077 0.0689, 0.7441 -1.077 0.0689, 0.8307 -1.0795 0.0656, 0.7441 -1.0795 0.0656, 0.8307 -1.0825 0.0628, 0.7441 -1.0825 0.0628, 0.8307 -1.0861 0.0608, 0.7441 -1.0861 0.0608, 0.8307 -1.09 0.0595, 0.7441 -1.09 0.0595, 0.8307 -0.9861 0.2264, 0.7441 -0.9861 0.2264, 0.8307 -0.9179 0.2657, 0.7441 -0.9179 0.2657, 0.7441 -0.9343 0.264, 0.8307 -0.9343 0.264, 0.7441 -0.9499 0.2589, 0.8307 -0.9499 0.2589, 0.7441 -0.9642 0.2507, 0.8307 -0.9642 0.2507, 0.7441 -0.9764 0.2397, 0.8307 -0.9764 0.2397, 0.8307 -0.8662 0.2657, 0.7441 -0.8662 0.2657, 0.8307 -0.8662 0.2067, 0.8307 -0.9179 0.2067, 0.7441 -0.8662 0.2067, 0.7441 -0.9179 0.2067, 0.8307 -0.935 0.1969, 0.7441 -0.935 0.1969, 0.8307 -0.9318 0.2009, 0.7441 -0.9318 0.2009, 0.8307 -0.9278 0.2041, 0.7441 -0.9278 0.2041, 0.8307 -0.923 0.206, 0.7441 -0.923 0.206, 0.8307 -1.0259 0.0394, 0.7441 -1.0259 0.0394, 0.8307 -1.0777 0.0017, 0.8307 -1.0621 0.0068, 0.8307 -1.0478 0.015, 0.8307 -1.0356 0.0261, 0.7441 -1.0777 0.0017, 0.7441 -1.0621 0.0068, 0.7441 -1.0478 0.015, 0.7441 -1.0356 0.0261, 0.6338 -1.0941 0.0, 0.6338 -1.2599 0.0, 0.5472 -1.0941 0.0, 0.5472 -1.2599 0.0, 0.6338 -1.2599 0.0591, 0.5472 -1.2599 0.0591, 0.6338 -1.0941 0.0591, 0.5472 -1.0941 0.0591, 0.6338 -1.077 0.0689, 0.5472 -1.077 0.0689, 0.6338 -1.0795 0.0656, 0.5472 -1.0795 0.0656, 0.6338 -1.0825 0.0628, 0.5472 -1.0825 0.0628, 0.6338 -1.0861 0.0608, 0.5472 -1.0861 0.0608, 0.6338 -1.09 0.0595, 0.5472 -1.09 0.0595, 0.6338 -0.9861 0.2264, 0.5472 -0.9861 0.2264, 0.6338 -0.9179 0.2657, 0.5472 -0.9179 0.2657, 0.5472 -0.9343 0.264, 0.6338 -0.9343 0.264, 0.5472 -0.9499 0.2589, 0.6338 -0.9499 0.2589, 0.5472 -0.9642 0.2507, 0.6338 -0.9642 0.2507, 0.5472 -0.9764 0.2397, 0.6338 -0.9764 0.2397, 0.6338 -0.8662 0.2657, 0.5472 -0.8662 0.2657, 0.6338 -0.8662 0.2067, 0.6338 -0.9179 0.2067, 0.5472 -0.8662 0.2067, 0.5472 -0.9179 0.2067, 0.6338 -0.935 0.1969, 0.5472 -0.935 0.1969, 0.6338 -0.9318 0.2009, 0.5472 -0.9318 0.2009, 0.6338 -0.9278 0.2041, 0.5472 -0.9278 0.2041, 0.6338 -0.923 0.206, 0.5472 -0.923 0.206, 0.6338 -1.0259 0.0394, 0.5472 -1.0259 0.0394, 0.6338 -1.0777 0.0017, 0.6338 -1.0621 0.0068, 0.6338 -1.0478 0.015, 0.6338 -1.0356 0.0261, 0.5472 -1.0777 0.0017, 0.5472 -1.0621 0.0068, 0.5472 -1.0478 0.015, 0.5472 -1.0356 0.0261, 0.437 -1.0941 0.0, 0.437 -1.2599 0.0, 0.3504 -1.0941 0.0, 0.3504 -1.2599 0.0, 0.437 -1.2599 0.0591, 0.3504 -1.2599 0.0591, 0.437 -1.0941 0.0591, 0.3504 -1.0941 0.0591, 0.437 -1.077 0.0689, 0.3504 -1.077 0.0689, 0.437 -1.0795 0.0656, 0.3504 -1.0795 0.0656, 0.437 -1.0825 0.0628, 0.3504 -1.0825 0.0628, 0.437 -1.0861 0.0608, 0.3504 -1.0861 0.0608, 0.437 -1.09 0.0595, 0.3504 -1.09 0.0595, 0.437 -0.9861 0.2264, 0.3504 -0.9861 0.2264, 0.437 -0.9179 0.2657, 0.3504 -0.9179 0.2657, 0.3504 -0.9343 0.264, 0.437 -0.9343 0.264, 0.3504 -0.9499 0.2589, 0.437 -0.9499 0.2589, 0.3504 -0.9642 0.2507, 0.437 -0.9642 0.2507, 0.3504 -0.9764 0.2397, 0.437 -0.9764 0.2397, 0.437 -0.8662 0.2657, 0.3504 -0.8662 0.2657, 0.437 -0.8662 0.2067, 0.437 -0.9179 0.2067, 0.3504 -0.8662 0.2067, 0.3504 -0.9179 0.2067, 0.437 -0.935 0.1969, 0.3504 -0.935 0.1969, 0.437 -0.9318 0.2009, 0.3504 -0.9318 0.2009, 0.437 -0.9278 0.2041, 0.3504 -0.9278 0.2041, 0.437 -0.923 0.206, 0.3504 -0.923 0.206, 0.437 -1.0259 0.0394, 0.3504 -1.0259 0.0394, 0.437 -1.0777 0.0017, 0.437 -1.0621 0.0068, 0.437 -1.0478 0.015, 0.437 -1.0356 0.0261, 0.3504 -1.0777 0.0017, 0.3504 -1.0621 0.0068, 0.3504 -1.0478 0.015, 0.3504 -1.0356 0.0261, 0.2401 -1.0941 0.0, 0.2401 -1.2599 0.0, 0.1535 -1.0941 0.0, 0.1535 -1.2599 0.0, 0.2401 -1.2599 0.0591, 0.1535 -1.2599 0.0591, 0.2401 -1.0941 0.0591, 0.1535 -1.0941 0.0591, 0.2401 -1.077 0.0689, 0.1535 -1.077 0.0689, 0.2401 -1.0795 0.0656, 0.1535 -1.0795 0.0656, 0.2401 -1.0825 0.0628, 0.1535 -1.0825 0.0628, 0.2401 -1.0861 0.0608, 0.1535 -1.0861 0.0608, 0.2401 -1.09 0.0595, 0.1535 -1.09 0.0595, 0.2401 -0.9861 0.2264, 0.1535 -0.9861 0.2264, 0.2401 -0.9179 0.2657, 0.1535 -0.9179 0.2657, 0.1535 -0.9343 0.264, 0.2401 -0.9343 0.264, 0.1535 -0.9499 0.2589, 0.2401 -0.9499 0.2589, 0.1535 -0.9642 0.2507, 0.2401 -0.9642 0.2507, 0.1535 -0.9764 0.2397, 0.2401 -0.9764 0.2397, 0.2401 -0.8662 0.2657, 0.1535 -0.8662 0.2657, 0.2401 -0.8662 0.2067, 0.2401 -0.9179 0.2067, 0.1535 -0.8662 0.2067, 0.1535 -0.9179 0.2067, 0.2401 -0.935 0.1969, 0.1535 -0.935 0.1969, 0.2401 -0.9318 0.2009, 0.1535 -0.9318 0.2009, 0.2401 -0.9278 0.2041, 0.1535 -0.9278 0.2041, 0.2401 -0.923 0.206, 0.1535 -0.923 0.206, 0.2401 -1.0259 0.0394, 0.1535 -1.0259 0.0394, 0.2401 -1.0777 0.0017, 0.2401 -1.0621 0.0068, 0.2401 -1.0478 0.015, 0.2401 -1.0356 0.0261, 0.1535 -1.0777 0.0017, 0.1535 -1.0621 0.0068, 0.1535 -1.0478 0.015, 0.1535 -1.0356 0.0261, 0.0433 -1.0941 0.0, 0.0433 -1.2599 0.0, -0.0433 -1.0941 0.0, -0.0433 -1.2599 0.0, 0.0433 -1.2599 0.0591, -0.0433 -1.2599 0.0591, 0.0433 -1.0941 0.0591, -0.0433 -1.0941 0.0591, 0.0433 -1.077 0.0689, -0.0433 -1.077 0.0689, 0.0433 -1.0795 0.0656, -0.0433 -1.0795 0.0656, 0.0433 -1.0825 0.0628, -0.0433 -1.0825 0.0628, 0.0433 -1.0861 0.0608, -0.0433 -1.0861 0.0608, 0.0433 -1.09 0.0595, -0.0433 -1.09 0.0595, 0.0433 -0.9861 0.2264, -0.0433 -0.9861 0.2264, 0.0433 -0.9179 0.2657, -0.0433 -0.9179 0.2657, -0.0433 -0.9343 0.264, 0.0433 -0.9343 0.264, -0.0433 -0.9499 0.2589, 0.0433 -0.9499 0.2589, -0.0433 -0.9642 0.2507, 0.0433 -0.9642 0.2507, -0.0433 -0.9764 0.2397, 0.0433 -0.9764 0.2397, 0.0433 -0.8662 0.2657, -0.0433 -0.8662 0.2657, 0.0433 -0.8662 0.2067, 0.0433 -0.9179 0.2067, -0.0433 -0.8662 0.2067, -0.0433 -0.9179 0.2067, 0.0433 -0.935 0.1969, -0.0433 -0.935 0.1969, 0.0433 -0.9318 0.2009, -0.0433 -0.9318 0.2009, 0.0433 -0.9278 0.2041, -0.0433 -0.9278 0.2041, 0.0433 -0.923 0.206, -0.0433 -0.923 0.206, 0.0433 -1.0259 0.0394, -0.0433 -1.0259 0.0394, 0.0433 -1.0777 0.0017, 0.0433 -1.0621 0.0068, 0.0433 -1.0478 0.015, 0.0433 -1.0356 0.0261, -0.0433 -1.0777 0.0017, -0.0433 -1.0621 0.0068, -0.0433 -1.0478 0.015, -0.0433 -1.0356 0.0261, -0.1536 -1.0941 0.0, -0.1536 -1.2599 0.0, -0.2402 -1.0941 0.0, -0.2402 -1.2599 0.0, -0.1536 -1.2599 0.0591, -0.2402 -1.2599 0.0591, -0.1536 -1.0941 0.0591, -0.2402 -1.0941 0.0591, -0.1536 -1.077 0.0689, -0.2402 -1.077 0.0689, -0.1536 -1.0795 0.0656, -0.2402 -1.0795 0.0656, -0.1536 -1.0825 0.0628, -0.2402 -1.0825 0.0628, -0.1536 -1.0861 0.0608, -0.2402 -1.0861 0.0608, -0.1536 -1.09 0.0595, -0.2402 -1.09 0.0595, -0.1536 -0.9861 0.2264, -0.2402 -0.9861 0.2264, -0.1536 -0.9179 0.2657, -0.2402 -0.9179 0.2657, -0.2402 -0.9343 0.264, -0.1536 -0.9343 0.264, -0.2402 -0.9499 0.2589, -0.1536 -0.9499 0.2589, -0.2402 -0.9642 0.2507, -0.1536 -0.9642 0.2507, -0.2402 -0.9764 0.2397, -0.1536 -0.9764 0.2397, -0.1536 -0.8662 0.2657, -0.2402 -0.8662 0.2657, -0.1536 -0.8662 0.2067, -0.1536 -0.9179 0.2067, -0.2402 -0.8662 0.2067, -0.2402 -0.9179 0.2067, -0.1536 -0.935 0.1969, -0.2402 -0.935 0.1969, -0.1536 -0.9318 0.2009, -0.2402 -0.9318 0.2009, -0.1536 -0.9278 0.2041, -0.2402 -0.9278 0.2041, -0.1536 -0.923 0.206, -0.2402 -0.923 0.206, -0.1536 -1.0259 0.0394, -0.2402 -1.0259 0.0394, -0.1536 -1.0777 0.0017, -0.1536 -1.0621 0.0068, -0.1536 -1.0478 0.015, -0.1536 -1.0356 0.0261, -0.2402 -1.0777 0.0017, -0.2402 -1.0621 0.0068, -0.2402 -1.0478 0.015, -0.2402 -1.0356 0.0261, -0.3504 -1.0941 0.0, -0.3504 -1.2599 0.0, -0.437 -1.0941 0.0, -0.437 -1.2599 0.0, -0.3504 -1.2599 0.0591, -0.437 -1.2599 0.0591, -0.3504 -1.0941 0.0591, -0.437 -1.0941 0.0591, -0.3504 -1.077 0.0689, -0.437 -1.077 0.0689, -0.3504 -1.0795 0.0656, -0.437 -1.0795 0.0656, -0.3504 -1.0825 0.0628, -0.437 -1.0825 0.0628, -0.3504 -1.0861 0.0608, -0.437 -1.0861 0.0608, -0.3504 -1.09 0.0595, -0.437 -1.09 0.0595, -0.3504 -0.9861 0.2264, -0.437 -0.9861 0.2264, -0.3504 -0.9179 0.2657, -0.437 -0.9179 0.2657, -0.437 -0.9343 0.264, -0.3504 -0.9343 0.264, -0.437 -0.9499 0.2589, -0.3504 -0.9499 0.2589, -0.437 -0.9642 0.2507, -0.3504 -0.9642 0.2507, -0.437 -0.9764 0.2397, -0.3504 -0.9764 0.2397, -0.3504 -0.8662 0.2657, -0.437 -0.8662 0.2657, -0.3504 -0.8662 0.2067, -0.3504 -0.9179 0.2067, -0.437 -0.8662 0.2067, -0.437 -0.9179 0.2067, -0.3504 -0.935 0.1969, -0.437 -0.935 0.1969, -0.3504 -0.9318 0.2009, -0.437 -0.9318 0.2009, -0.3504 -0.9278 0.2041, -0.437 -0.9278 0.2041, -0.3504 -0.923 0.206, -0.437 -0.923 0.206, -0.3504 -1.0259 0.0394, -0.437 -1.0259 0.0394, -0.3504 -1.0777 0.0017, -0.3504 -1.0621 0.0068, -0.3504 -1.0478 0.015, -0.3504 -1.0356 0.0261, -0.437 -1.0777 0.0017, -0.437 -1.0621 0.0068, -0.437 -1.0478 0.015, -0.437 -1.0356 0.0261, -0.5473 -1.0941 0.0, -0.5473 -1.2599 0.0, -0.6339 -1.0941 0.0, -0.6339 -1.2599 0.0, -0.5473 -1.2599 0.0591, -0.6339 -1.2599 0.0591, -0.5473 -1.0941 0.0591, -0.6339 -1.0941 0.0591, -0.5473 -1.077 0.0689, -0.6339 -1.077 0.0689, -0.5473 -1.0795 0.0656, -0.6339 -1.0795 0.0656, -0.5473 -1.0825 0.0628, -0.6339 -1.0825 0.0628, -0.5473 -1.0861 0.0608, -0.6339 -1.0861 0.0608, -0.5473 -1.09 0.0595, -0.6339 -1.09 0.0595, -0.5473 -0.9861 0.2264, -0.6339 -0.9861 0.2264, -0.5473 -0.9179 0.2657, -0.6339 -0.9179 0.2657, -0.6339 -0.9343 0.264, -0.5473 -0.9343 0.264, -0.6339 -0.9499 0.2589, -0.5473 -0.9499 0.2589, -0.6339 -0.9642 0.2507, -0.5473 -0.9642 0.2507, -0.6339 -0.9764 0.2397, -0.5473 -0.9764 0.2397, -0.5473 -0.8662 0.2657, -0.6339 -0.8662 0.2657, -0.5473 -0.8662 0.2067, -0.5473 -0.9179 0.2067, -0.6339 -0.8662 0.2067, -0.6339 -0.9179 0.2067, -0.5473 -0.935 0.1969, -0.6339 -0.935 0.1969, -0.5473 -0.9318 0.2009, -0.6339 -0.9318 0.2009, -0.5473 -0.9278 0.2041, -0.6339 -0.9278 0.2041, -0.5473 -0.923 0.206, -0.6339 -0.923 0.206, -0.5473 -1.0259 0.0394, -0.6339 -1.0259 0.0394, -0.5473 -1.0777 0.0017, -0.5473 -1.0621 0.0068, -0.5473 -1.0478 0.015, -0.5473 -1.0356 0.0261, -0.6339 -1.0777 0.0017, -0.6339 -1.0621 0.0068, -0.6339 -1.0478 0.015, -0.6339 -1.0356 0.0261, -0.7441 -1.0941 0.0, -0.7441 -1.2599 0.0, -0.8307 -1.0941 0.0, -0.8307 -1.2599 0.0, -0.7441 -1.2599 0.0591, -0.8307 -1.2599 0.0591, -0.7441 -1.0941 0.0591, -0.8307 -1.0941 0.0591, -0.7441 -1.077 0.0689, -0.8307 -1.077 0.0689, -0.7441 -1.0795 0.0656, -0.8307 -1.0795 0.0656, -0.7441 -1.0825 0.0628, -0.8307 -1.0825 0.0628, -0.7441 -1.0861 0.0608, -0.8307 -1.0861 0.0608, -0.7441 -1.09 0.0595, -0.8307 -1.09 0.0595, -0.7441 -0.9861 0.2264, -0.8307 -0.9861 0.2264, -0.7441 -0.9179 0.2657, -0.8307 -0.9179 0.2657, -0.8307 -0.9343 0.264, -0.7441 -0.9343 0.264, -0.8307 -0.9499 0.2589, -0.7441 -0.9499 0.2589, -0.8307 -0.9642 0.2507, -0.7441 -0.9642 0.2507, -0.8307 -0.9764 0.2397, -0.7441 -0.9764 0.2397, -0.7441 -0.8662 0.2657, -0.8307 -0.8662 0.2657, -0.7441 -0.8662 0.2067, -0.7441 -0.9179 0.2067, -0.8307 -0.8662 0.2067, -0.8307 -0.9179 0.2067, -0.7441 -0.935 0.1969, -0.8307 -0.935 0.1969, -0.7441 -0.9318 0.2009, -0.8307 -0.9318 0.2009, -0.7441 -0.9278 0.2041, -0.8307 -0.9278 0.2041, -0.7441 -0.923 0.206, -0.8307 -0.923 0.206, -0.7441 -1.0259 0.0394, -0.8307 -1.0259 0.0394, -0.7441 -1.0777 0.0017, -0.7441 -1.0621 0.0068, -0.7441 -1.0478 0.015, -0.7441 -1.0356 0.0261, -0.8307 -1.0777 0.0017, -0.8307 -1.0621 0.0068, -0.8307 -1.0478 0.015, -0.8307 -1.0356 0.0261, -0.941 -1.0941 0.0, -0.941 -1.2599 0.0, -1.0276 -1.0941 0.0, -1.0276 -1.2599 0.0, -0.941 -1.2599 0.0591, -1.0276 -1.2599 0.0591, -0.941 -1.0941 0.0591, -1.0276 -1.0941 0.0591, -0.941 -1.077 0.0689, -1.0276 -1.077 0.0689, -0.941 -1.0795 0.0656, -1.0276 -1.0795 0.0656, -0.941 -1.0825 0.0628, -1.0276 -1.0825 0.0628, -0.941 -1.0861 0.0608, -1.0276 -1.0861 0.0608, -0.941 -1.09 0.0595, -1.0276 -1.09 0.0595, -0.941 -0.9861 0.2264, -1.0276 -0.9861 0.2264, -0.941 -0.9179 0.2657, -1.0276 -0.9179 0.2657, -1.0276 -0.9343 0.264, -0.941 -0.9343 0.264, -1.0276 -0.9499 0.2589, -0.941 -0.9499 0.2589, -1.0276 -0.9642 0.2507, -0.941 -0.9642 0.2507, -1.0276 -0.9764 0.2397, -0.941 -0.9764 0.2397, -0.941 -0.8662 0.2657, -1.0276 -0.8662 0.2657, -0.941 -0.8662 0.2067, -0.941 -0.9179 0.2067, -1.0276 -0.8662 0.2067, -1.0276 -0.9179 0.2067, -0.941 -0.935 0.1969, -1.0276 -0.935 0.1969, -0.941 -0.9318 0.2009, -1.0276 -0.9318 0.2009, -0.941 -0.9278 0.2041, -1.0276 -0.9278 0.2041, -0.941 -0.923 0.206, -1.0276 -0.923 0.206, -0.941 -1.0259 0.0394, -1.0276 -1.0259 0.0394, -0.941 -1.0777 0.0017, -0.941 -1.0621 0.0068, -0.941 -1.0478 0.015, -0.941 -1.0356 0.0261, -1.0276 -1.0777 0.0017, -1.0276 -1.0621 0.0068, -1.0276 -1.0478 0.015, -1.0276 -1.0356 0.0261, -1.1378 -1.0941 0.0, -1.1378 -1.2599 0.0, -1.2244 -1.0941 0.0, -1.2244 -1.2599 0.0, -1.1378 -1.2599 0.0591, -1.2244 -1.2599 0.0591, -1.1378 -1.0941 0.0591, -1.2244 -1.0941 0.0591, -1.1378 -1.077 0.0689, -1.2244 -1.077 0.0689, -1.1378 -1.0795 0.0656, -1.2244 -1.0795 0.0656, -1.1378 -1.0825 0.0628, -1.2244 -1.0825 0.0628, -1.1378 -1.0861 0.0608, -1.2244 -1.0861 0.0608, -1.1378 -1.09 0.0595, -1.2244 -1.09 0.0595, -1.1378 -0.9861 0.2264, -1.2244 -0.9861 0.2264, -1.1378 -0.9179 0.2657, -1.2244 -0.9179 0.2657, -1.2244 -0.9343 0.264, -1.1378 -0.9343 0.264, -1.2244 -0.9499 0.2589, -1.1378 -0.9499 0.2589, -1.2244 -0.9642 0.2507, -1.1378 -0.9642 0.2507, -1.2244 -0.9764 0.2397, -1.1378 -0.9764 0.2397, -1.1378 -0.8662 0.2657, -1.2244 -0.8662 0.2657, -1.1378 -0.8662 0.2067, -1.1378 -0.9179 0.2067, -1.2244 -0.8662 0.2067, -1.2244 -0.9179 0.2067, -1.1378 -0.935 0.1969, -1.2244 -0.935 0.1969, -1.1378 -0.9318 0.2009, -1.2244 -0.9318 0.2009, -1.1378 -0.9278 0.2041, -1.2244 -0.9278 0.2041, -1.1378 -0.923 0.206, -1.2244 -0.923 0.206, -1.1378 -1.0259 0.0394, -1.2244 -1.0259 0.0394, -1.1378 -1.0777 0.0017, -1.1378 -1.0621 0.0068, -1.1378 -1.0478 0.015, -1.1378 -1.0356 0.0261, -1.2244 -1.0777 0.0017, -1.2244 -1.0621 0.0068, -1.2244 -1.0478 0.015, -1.2244 -1.0356 0.0261, -1.3347 -1.0941 0.0, -1.3347 -1.2599 0.0, -1.4213 -1.0941 0.0, -1.4213 -1.2599 0.0, -1.3347 -1.2599 0.0591, -1.4213 -1.2599 0.0591, -1.3347 -1.0941 0.0591, -1.4213 -1.0941 0.0591, -1.3347 -1.077 0.0689, -1.4213 -1.077 0.0689, -1.3347 -1.0795 0.0656, -1.4213 -1.0795 0.0656, -1.3347 -1.0825 0.0628, -1.4213 -1.0825 0.0628, -1.3347 -1.0861 0.0608, -1.4213 -1.0861 0.0608, -1.3347 -1.09 0.0595, -1.4213 -1.09 0.0595, -1.3347 -0.9861 0.2264, -1.4213 -0.9861 0.2264, -1.3347 -0.9179 0.2657, -1.4213 -0.9179 0.2657, -1.4213 -0.9343 0.264, -1.3347 -0.9343 0.264, -1.4213 -0.9499 0.2589, -1.3347 -0.9499 0.2589, -1.4213 -0.9642 0.2507, -1.3347 -0.9642 0.2507, -1.4213 -0.9764 0.2397, -1.3347 -0.9764 0.2397, -1.3347 -0.8662 0.2657, -1.4213 -0.8662 0.2657, -1.3347 -0.8662 0.2067, -1.3347 -0.9179 0.2067, -1.4213 -0.8662 0.2067, -1.4213 -0.9179 0.2067, -1.3347 -0.935 0.1969, -1.4213 -0.935 0.1969, -1.3347 -0.9318 0.2009, -1.4213 -0.9318 0.2009, -1.3347 -0.9278 0.2041, -1.4213 -0.9278 0.2041, -1.3347 -0.923 0.206, -1.4213 -0.923 0.206, -1.3347 -1.0259 0.0394, -1.4213 -1.0259 0.0394, -1.3347 -1.0777 0.0017, -1.3347 -1.0621 0.0068, -1.3347 -1.0478 0.015, -1.3347 -1.0356 0.0261, -1.4213 -1.0777 0.0017, -1.4213 -1.0621 0.0068, -1.4213 -1.0478 0.015, -1.4213 -1.0356 0.0261, -1.5315 -1.0941 0.0, -1.5315 -1.2599 0.0, -1.6182 -1.0941 0.0, -1.6182 -1.2599 0.0, -1.5315 -1.2599 0.0591, -1.6182 -1.2599 0.0591, -1.5315 -1.0941 0.0591, -1.6182 -1.0941 0.0591, -1.5315 -1.077 0.0689, -1.6182 -1.077 0.0689, -1.5315 -1.0795 0.0656, -1.6182 -1.0795 0.0656, -1.5315 -1.0825 0.0628, -1.6182 -1.0825 0.0628, -1.5315 -1.0861 0.0608, -1.6182 -1.0861 0.0608, -1.5315 -1.09 0.0595, -1.6182 -1.09 0.0595, -1.5315 -0.9861 0.2264, -1.6182 -0.9861 0.2264, -1.5315 -0.9179 0.2657, -1.6182 -0.9179 0.2657, -1.6182 -0.9343 0.264, -1.5315 -0.9343 0.264, -1.6182 -0.9499 0.2589, -1.5315 -0.9499 0.2589, -1.6182 -0.9642 0.2507, -1.5315 -0.9642 0.2507, -1.6182 -0.9764 0.2397, -1.5315 -0.9764 0.2397, -1.5315 -0.8662 0.2657, -1.6182 -0.8662 0.2657, -1.5315 -0.8662 0.2067, -1.5315 -0.9179 0.2067, -1.6182 -0.8662 0.2067, -1.6182 -0.9179 0.2067, -1.5315 -0.935 0.1969, -1.6182 -0.935 0.1969, -1.5315 -0.9318 0.2009, -1.6182 -0.9318 0.2009, -1.5315 -0.9278 0.2041, -1.6182 -0.9278 0.2041, -1.5315 -0.923 0.206, -1.6182 -0.923 0.206, -1.5315 -1.0259 0.0394, -1.6182 -1.0259 0.0394, -1.5315 -1.0777 0.0017, -1.5315 -1.0621 0.0068, -1.5315 -1.0478 0.015, -1.5315 -1.0356 0.0261, -1.6182 -1.0777 0.0017, -1.6182 -1.0621 0.0068, -1.6182 -1.0478 0.015, -1.6182 -1.0356 0.0261, -1.7284 -1.0941 0.0, -1.7284 -1.2599 0.0, -1.815 -1.0941 0.0, -1.815 -1.2599 0.0, -1.7284 -1.2599 0.0591, -1.815 -1.2599 0.0591, -1.7284 -1.0941 0.0591, -1.815 -1.0941 0.0591, -1.7284 -1.077 0.0689, -1.815 -1.077 0.0689, -1.7284 -1.0795 0.0656, -1.815 -1.0795 0.0656, -1.7284 -1.0825 0.0628, -1.815 -1.0825 0.0628, -1.7284 -1.0861 0.0608, -1.815 -1.0861 0.0608, -1.7284 -1.09 0.0595, -1.815 -1.09 0.0595, -1.7284 -0.9861 0.2264, -1.815 -0.9861 0.2264, -1.7284 -0.9179 0.2657, -1.815 -0.9179 0.2657, -1.815 -0.9343 0.264, -1.7284 -0.9343 0.264, -1.815 -0.9499 0.2589, -1.7284 -0.9499 0.2589, -1.815 -0.9642 0.2507, -1.7284 -0.9642 0.2507, -1.815 -0.9764 0.2397, -1.7284 -0.9764 0.2397, -1.7284 -0.8662 0.2657, -1.815 -0.8662 0.2657, -1.7284 -0.8662 0.2067, -1.7284 -0.9179 0.2067, -1.815 -0.8662 0.2067, -1.815 -0.9179 0.2067, -1.7284 -0.935 0.1969, -1.815 -0.935 0.1969, -1.7284 -0.9318 0.2009, -1.815 -0.9318 0.2009, -1.7284 -0.9278 0.2041, -1.815 -0.9278 0.2041, -1.7284 -0.923 0.206, -1.815 -0.923 0.206, -1.7284 -1.0259 0.0394, -1.815 -1.0259 0.0394, -1.7284 -1.0777 0.0017, -1.7284 -1.0621 0.0068, -1.7284 -1.0478 0.015, -1.7284 -1.0356 0.0261, -1.815 -1.0777 0.0017, -1.815 -1.0621 0.0068, -1.815 -1.0478 0.015, -1.815 -1.0356 0.0261, -0.8465 0.4842 0.0315, -0.8465 0.4842 0.0394, -0.8452 0.4944 0.0394, -0.8452 0.4944 0.0315, -0.8412 0.5039 0.0394, -0.8412 0.5039 0.0315, -0.835 0.5121 0.0394, -0.835 0.5121 0.0315, -0.8268 0.5183 0.0394, -0.8268 0.5183 0.0315, -0.8173 0.5222 0.0394, -0.8173 0.5222 0.0315, -0.8071 0.5236 0.0394, -0.8071 0.5236 0.0315, -0.0409 0.5236 0.0315, 0.807 0.5236 0.0394, 0.807 0.5236 0.0315, 0.8172 0.5222 0.0394, 0.8172 0.5222 0.0315, 0.8267 0.5183 0.0394, 0.8267 0.5183 0.0315, 0.8349 0.5121 0.0394, 0.8349 0.5121 0.0315, 0.8411 0.5039 0.0394, 0.8411 0.5039 0.0315, 0.8451 0.4944 0.0394, 0.8451 0.4944 0.0315, 0.8464 0.4842 0.0394, 0.8464 0.4842 0.0315, 0.8464 -0.1036 0.0315, 0.8464 -0.4843 0.0394, 0.8464 -0.4843 0.0315, 0.8451 -0.4945 0.0394, 0.8451 -0.4945 0.0315, 0.8411 -0.504 0.0394, 0.8411 -0.504 0.0315, 0.8349 -0.5121 0.0394, 0.8349 -0.5121 0.0315, 0.8267 -0.5184 0.0394, 0.8267 -0.5184 0.0315, 0.8172 -0.5223 0.0394, 0.8172 -0.5223 0.0315, 0.807 -0.5237 0.0394, 0.807 -0.5237 0.0315, -0.0409 -0.5237 0.0315, -0.8071 -0.5237 0.0394, -0.8071 -0.5237 0.0315, -0.8173 -0.5223 0.0394, -0.8173 -0.5223 0.0315, -0.8268 -0.5184 0.0394, -0.8268 -0.5184 0.0315, -0.835 -0.5121 0.0394, -0.835 -0.5121 0.0315, -0.8412 -0.504 0.0394, -0.8412 -0.504 0.0315, -0.8452 -0.4945 0.0394, -0.8452 -0.4945 0.0315, -0.8465 -0.4843 0.0394, -0.8465 -0.4843 0.0315, -0.8465 -0.1036 0.0315
            ]
        }
        coordIndex [
            0,1,2,-1,2,1,3,-1,4,0,5,-1,5,0,2,-1,6,4,7,-1,7,4,5,-1,6,7,8,-1,8,7,9,-1,8,9,10,-1,10,9,11,-1,10,11,12,-1,12,11,13,-1,12,13,14,-1,14,13,15,-1,14,15,16,-1,16,15,17,-1,18,16,19,-1,19,16,17,-1,18,19,20,-1,18,20,21,-1,21,20,22,-1,21,22,23,-1,23,22,24,-1,23,24,25,-1,25,24,26,-1,25,26,27,-1,27,26,28,-1,27,28,29,-1,30,29,31,-1,31,29,28,-1,32,33,34,-1,34,33,35,-1,32,34,36,-1,36,34,37,-1,36,37,38,-1,38,37,39,-1,38,39,40,-1,40,39,41,-1,40,41,42,-1,42,41,43,-1,44,42,45,-1,45,42,43,-1,44,45,46,-1,44,46,47,-1,47,46,48,-1,47,48,49,-1,49,48,50,-1,49,50,51,-1,51,50,52,-1,51,52,53,-1,53,52,3,-1,53,3,1,-1,30,33,29,-1,29,33,32,-1,29,32,27,-1,27,32,36,-1,27,36,25,-1,25,36,38,-1,0,4,1,-1,1,4,6,-1,1,6,53,-1,53,6,8,-1,53,8,51,-1,51,8,10,-1,51,10,49,-1,49,10,12,-1,49,12,47,-1,47,12,14,-1,47,14,44,-1,44,14,16,-1,44,16,42,-1,42,16,18,-1,42,18,40,-1,40,18,21,-1,40,21,38,-1,38,21,23,-1,38,23,25,-1,35,31,34,-1,34,31,28,-1,34,28,37,-1,5,2,7,-1,7,2,3,-1,7,3,9,-1,9,3,52,-1,9,52,11,-1,11,52,50,-1,11,50,13,-1,13,50,48,-1,13,48,15,-1,15,48,46,-1,15,46,17,-1,17,46,45,-1,17,45,19,-1,19,45,43,-1,19,43,20,-1,20,43,41,-1,20,41,22,-1,22,41,39,-1,22,39,24,-1,24,39,37,-1,24,37,26,-1,26,37,28,-1,54,55,56,-1,56,55,57,-1,58,54,59,-1,59,54,56,-1,60,58,61,-1,61,58,59,-1,60,61,62,-1,62,61,63,-1,62,63,64,-1,64,63,65,-1,64,65,66,-1,66,65,67,-1,66,67,68,-1,68,67,69,-1,68,69,70,-1,70,69,71,-1,72,70,73,-1,73,70,71,-1,72,73,74,-1,72,74,75,-1,75,74,76,-1,75,76,77,-1,77,76,78,-1,77,78,79,-1,79,78,80,-1,79,80,81,-1,81,80,82,-1,81,82,83,-1,84,83,85,-1,85,83,82,-1,86,87,88,-1,88,87,89,-1,86,88,90,-1,90,88,91,-1,90,91,92,-1,92,91,93,-1,92,93,94,-1,94,93,95,-1,94,95,96,-1,96,95,97,-1,98,96,99,-1,99,96,97,-1,84,87,83,-1,83,87,86,-1,83,86,81,-1,81,86,90,-1,81,90,79,-1,79,90,92,-1,54,58,55,-1,55,58,60,-1,55,60,100,-1,100,60,62,-1,100,62,101,-1,101,62,64,-1,101,64,102,-1,102,64,66,-1,102,66,103,-1,103,66,68,-1,103,68,98,-1,98,68,70,-1,98,70,96,-1,96,70,72,-1,96,72,94,-1,94,72,75,-1,94,75,92,-1,92,75,77,-1,92,77,79,-1,98,99,104,-1,98,104,103,-1,103,104,105,-1,103,105,102,-1,102,105,106,-1,102,106,101,-1,101,106,107,-1,101,107,100,-1,100,107,57,-1,100,57,55,-1,89,85,88,-1,88,85,82,-1,88,82,91,-1,59,56,61,-1,61,56,57,-1,61,57,63,-1,63,57,107,-1,63,107,65,-1,65,107,106,-1,65,106,67,-1,67,106,105,-1,67,105,69,-1,69,105,104,-1,69,104,71,-1,71,104,99,-1,71,99,73,-1,73,99,97,-1,73,97,74,-1,74,97,95,-1,74,95,76,-1,76,95,93,-1,76,93,78,-1,78,93,91,-1,78,91,80,-1,80,91,82,-1,108,109,110,-1,110,109,111,-1,112,108,113,-1,113,108,110,-1,114,112,115,-1,115,112,113,-1,114,115,116,-1,116,115,117,-1,116,117,118,-1,118,117,119,-1,118,119,120,-1,120,119,121,-1,120,121,122,-1,122,121,123,-1,122,123,124,-1,124,123,125,-1,126,124,127,-1,127,124,125,-1,126,127,128,-1,126,128,129,-1,129,128,130,-1,129,130,131,-1,131,130,132,-1,131,132,133,-1,133,132,134,-1,133,134,135,-1,135,134,136,-1,135,136,137,-1,138,137,139,-1,139,137,136,-1,140,141,142,-1,142,141,143,-1,140,142,144,-1,144,142,145,-1,144,145,146,-1,146,145,147,-1,146,147,148,-1,148,147,149,-1,148,149,150,-1,150,149,151,-1,152,150,153,-1,153,150,151,-1,138,141,137,-1,137,141,140,-1,137,140,135,-1,135,140,144,-1,135,144,133,-1,133,144,146,-1,108,112,109,-1,109,112,114,-1,109,114,154,-1,154,114,116,-1,154,116,155,-1,155,116,118,-1,155,118,156,-1,156,118,120,-1,156,120,157,-1,157,120,122,-1,157,122,152,-1,152,122,124,-1,152,124,150,-1,150,124,126,-1,150,126,148,-1,148,126,129,-1,148,129,146,-1,146,129,131,-1,146,131,133,-1,152,153,158,-1,152,158,157,-1,157,158,159,-1,157,159,156,-1,156,159,160,-1,156,160,155,-1,155,160,161,-1,155,161,154,-1,154,161,111,-1,154,111,109,-1,143,139,142,-1,142,139,136,-1,142,136,145,-1,113,110,115,-1,115,110,111,-1,115,111,117,-1,117,111,161,-1,117,161,119,-1,119,161,160,-1,119,160,121,-1,121,160,159,-1,121,159,123,-1,123,159,158,-1,123,158,125,-1,125,158,153,-1,125,153,127,-1,127,153,151,-1,127,151,128,-1,128,151,149,-1,128,149,130,-1,130,149,147,-1,130,147,132,-1,132,147,145,-1,132,145,134,-1,134,145,136,-1,162,163,164,-1,164,163,165,-1,166,162,167,-1,167,162,164,-1,168,166,169,-1,169,166,167,-1,168,169,170,-1,170,169,171,-1,170,171,172,-1,172,171,173,-1,172,173,174,-1,174,173,175,-1,174,175,176,-1,176,175,177,-1,176,177,178,-1,178,177,179,-1,180,178,181,-1,181,178,179,-1,180,181,182,-1,180,182,183,-1,183,182,184,-1,183,184,185,-1,185,184,186,-1,185,186,187,-1,187,186,188,-1,187,188,189,-1,189,188,190,-1,189,190,191,-1,192,191,193,-1,193,191,190,-1,194,195,196,-1,196,195,197,-1,194,196,198,-1,198,196,199,-1,198,199,200,-1,200,199,201,-1,200,201,202,-1,202,201,203,-1,202,203,204,-1,204,203,205,-1,206,204,207,-1,207,204,205,-1,192,195,191,-1,191,195,194,-1,191,194,189,-1,189,194,198,-1,189,198,187,-1,187,198,200,-1,162,166,163,-1,163,166,168,-1,163,168,208,-1,208,168,170,-1,208,170,209,-1,209,170,172,-1,209,172,210,-1,210,172,174,-1,210,174,211,-1,211,174,176,-1,211,176,206,-1,206,176,178,-1,206,178,204,-1,204,178,180,-1,204,180,202,-1,202,180,183,-1,202,183,200,-1,200,183,185,-1,200,185,187,-1,206,207,212,-1,206,212,211,-1,211,212,213,-1,211,213,210,-1,210,213,214,-1,210,214,209,-1,209,214,215,-1,209,215,208,-1,208,215,165,-1,208,165,163,-1,197,193,196,-1,196,193,190,-1,196,190,199,-1,167,164,169,-1,169,164,165,-1,169,165,171,-1,171,165,215,-1,171,215,173,-1,173,215,214,-1,173,214,175,-1,175,214,213,-1,175,213,177,-1,177,213,212,-1,177,212,179,-1,179,212,207,-1,179,207,181,-1,181,207,205,-1,181,205,182,-1,182,205,203,-1,182,203,184,-1,184,203,201,-1,184,201,186,-1,186,201,199,-1,186,199,188,-1,188,199,190,-1,216,217,218,-1,218,217,219,-1,220,216,221,-1,221,216,218,-1,222,220,223,-1,223,220,221,-1,222,223,224,-1,224,223,225,-1,224,225,226,-1,226,225,227,-1,226,227,228,-1,228,227,229,-1,228,229,230,-1,230,229,231,-1,230,231,232,-1,232,231,233,-1,234,232,235,-1,235,232,233,-1,234,235,236,-1,234,236,237,-1,237,236,238,-1,237,238,239,-1,239,238,240,-1,239,240,241,-1,241,240,242,-1,241,242,243,-1,243,242,244,-1,243,244,245,-1,246,245,247,-1,247,245,244,-1,248,249,250,-1,250,249,251,-1,248,250,252,-1,252,250,253,-1,252,253,254,-1,254,253,255,-1,254,255,256,-1,256,255,257,-1,256,257,258,-1,258,257,259,-1,260,258,261,-1,261,258,259,-1,246,249,245,-1,245,249,248,-1,245,248,243,-1,243,248,252,-1,243,252,241,-1,241,252,254,-1,216,220,217,-1,217,220,222,-1,217,222,262,-1,262,222,224,-1,262,224,263,-1,263,224,226,-1,263,226,264,-1,264,226,228,-1,264,228,265,-1,265,228,230,-1,265,230,260,-1,260,230,232,-1,260,232,258,-1,258,232,234,-1,258,234,256,-1,256,234,237,-1,256,237,254,-1,254,237,239,-1,254,239,241,-1,260,261,266,-1,260,266,265,-1,265,266,267,-1,265,267,264,-1,264,267,268,-1,264,268,263,-1,263,268,269,-1,263,269,262,-1,262,269,219,-1,262,219,217,-1,251,247,250,-1,250,247,244,-1,250,244,253,-1,221,218,223,-1,223,218,219,-1,223,219,225,-1,225,219,269,-1,225,269,227,-1,227,269,268,-1,227,268,229,-1,229,268,267,-1,229,267,231,-1,231,267,266,-1,231,266,233,-1,233,266,261,-1,233,261,235,-1,235,261,259,-1,235,259,236,-1,236,259,257,-1,236,257,238,-1,238,257,255,-1,238,255,240,-1,240,255,253,-1,240,253,242,-1,242,253,244,-1,270,271,272,-1,272,271,273,-1,274,270,275,-1,275,270,272,-1,276,274,277,-1,277,274,275,-1,276,277,278,-1,278,277,279,-1,278,279,280,-1,280,279,281,-1,280,281,282,-1,282,281,283,-1,282,283,284,-1,284,283,285,-1,284,285,286,-1,286,285,287,-1,288,286,289,-1,289,286,287,-1,288,289,290,-1,288,290,291,-1,291,290,292,-1,291,292,293,-1,293,292,294,-1,293,294,295,-1,295,294,296,-1,295,296,297,-1,297,296,298,-1,297,298,299,-1,300,299,301,-1,301,299,298,-1,302,303,304,-1,304,303,305,-1,302,304,306,-1,306,304,307,-1,306,307,308,-1,308,307,309,-1,308,309,310,-1,310,309,311,-1,310,311,312,-1,312,311,313,-1,314,312,315,-1,315,312,313,-1,310,293,308,-1,308,293,295,-1,308,295,306,-1,306,295,297,-1,306,297,302,-1,302,297,299,-1,302,299,303,-1,303,299,300,-1,270,274,271,-1,271,274,276,-1,271,276,316,-1,316,276,278,-1,316,278,317,-1,317,278,280,-1,317,280,318,-1,318,280,282,-1,318,282,319,-1,319,282,284,-1,319,284,314,-1,314,284,286,-1,314,286,312,-1,312,286,288,-1,312,288,310,-1,310,288,291,-1,310,291,293,-1,314,315,320,-1,314,320,319,-1,319,320,321,-1,319,321,318,-1,318,321,322,-1,318,322,317,-1,317,322,323,-1,317,323,316,-1,316,323,273,-1,316,273,271,-1,305,301,304,-1,304,301,298,-1,304,298,307,-1,307,298,296,-1,307,296,309,-1,275,272,277,-1,277,272,273,-1,277,273,279,-1,279,273,323,-1,279,323,281,-1,281,323,322,-1,281,322,283,-1,283,322,321,-1,283,321,285,-1,285,321,320,-1,285,320,287,-1,287,320,315,-1,287,315,289,-1,289,315,313,-1,289,313,290,-1,290,313,311,-1,290,311,292,-1,292,311,309,-1,292,309,294,-1,294,309,296,-1,324,325,326,-1,326,325,327,-1,328,324,329,-1,329,324,326,-1,330,328,331,-1,331,328,329,-1,330,331,332,-1,332,331,333,-1,332,333,334,-1,334,333,335,-1,334,335,336,-1,336,335,337,-1,336,337,338,-1,338,337,339,-1,338,339,340,-1,340,339,341,-1,342,340,343,-1,343,340,341,-1,342,343,344,-1,342,344,345,-1,345,344,346,-1,345,346,347,-1,347,346,348,-1,347,348,349,-1,349,348,350,-1,349,350,351,-1,351,350,352,-1,351,352,353,-1,354,353,355,-1,355,353,352,-1,356,357,358,-1,358,357,359,-1,356,358,360,-1,360,358,361,-1,360,361,362,-1,362,361,363,-1,362,363,364,-1,364,363,365,-1,364,365,366,-1,366,365,367,-1,368,366,369,-1,369,366,367,-1,364,347,362,-1,362,347,349,-1,362,349,360,-1,360,349,351,-1,360,351,356,-1,356,351,353,-1,356,353,357,-1,357,353,354,-1,324,328,325,-1,325,328,330,-1,325,330,370,-1,370,330,332,-1,370,332,371,-1,371,332,334,-1,371,334,372,-1,372,334,336,-1,372,336,373,-1,373,336,338,-1,373,338,368,-1,368,338,340,-1,368,340,366,-1,366,340,342,-1,366,342,364,-1,364,342,345,-1,364,345,347,-1,368,369,374,-1,368,374,373,-1,373,374,375,-1,373,375,372,-1,372,375,376,-1,372,376,371,-1,371,376,377,-1,371,377,370,-1,370,377,327,-1,370,327,325,-1,359,355,358,-1,358,355,352,-1,358,352,361,-1,361,352,350,-1,361,350,363,-1,329,326,331,-1,331,326,327,-1,331,327,333,-1,333,327,377,-1,333,377,335,-1,335,377,376,-1,335,376,337,-1,337,376,375,-1,337,375,339,-1,339,375,374,-1,339,374,341,-1,341,374,369,-1,341,369,343,-1,343,369,367,-1,343,367,344,-1,344,367,365,-1,344,365,346,-1,346,365,363,-1,346,363,348,-1,348,363,350,-1,378,379,380,-1,380,379,381,-1,382,378,383,-1,383,378,380,-1,384,382,385,-1,385,382,383,-1,384,385,386,-1,386,385,387,-1,386,387,388,-1,388,387,389,-1,388,389,390,-1,390,389,391,-1,390,391,392,-1,392,391,393,-1,392,393,394,-1,394,393,395,-1,396,394,397,-1,397,394,395,-1,396,397,398,-1,396,398,399,-1,399,398,400,-1,399,400,401,-1,401,400,402,-1,401,402,403,-1,403,402,404,-1,403,404,405,-1,405,404,406,-1,405,406,407,-1,408,407,409,-1,409,407,406,-1,410,411,412,-1,412,411,413,-1,410,412,414,-1,414,412,415,-1,414,415,416,-1,416,415,417,-1,416,417,418,-1,418,417,419,-1,418,419,420,-1,420,419,421,-1,422,420,423,-1,423,420,421,-1,418,401,416,-1,416,401,403,-1,416,403,414,-1,414,403,405,-1,414,405,410,-1,410,405,407,-1,410,407,411,-1,411,407,408,-1,378,382,379,-1,379,382,384,-1,379,384,424,-1,424,384,386,-1,424,386,425,-1,425,386,388,-1,425,388,426,-1,426,388,390,-1,426,390,427,-1,427,390,392,-1,427,392,422,-1,422,392,394,-1,422,394,420,-1,420,394,396,-1,420,396,418,-1,418,396,399,-1,418,399,401,-1,422,423,428,-1,422,428,427,-1,427,428,429,-1,427,429,426,-1,426,429,430,-1,426,430,425,-1,425,430,431,-1,425,431,424,-1,424,431,381,-1,424,381,379,-1,413,409,412,-1,412,409,406,-1,412,406,415,-1,415,406,404,-1,415,404,417,-1,383,380,385,-1,385,380,381,-1,385,381,387,-1,387,381,431,-1,387,431,389,-1,389,431,430,-1,389,430,391,-1,391,430,429,-1,391,429,393,-1,393,429,428,-1,393,428,395,-1,395,428,423,-1,395,423,397,-1,397,423,421,-1,397,421,398,-1,398,421,419,-1,398,419,400,-1,400,419,417,-1,400,417,402,-1,402,417,404,-1,432,433,434,-1,434,433,435,-1,436,432,437,-1,437,432,434,-1,438,436,439,-1,439,436,437,-1,438,439,440,-1,440,439,441,-1,440,441,442,-1,442,441,443,-1,442,443,444,-1,444,443,445,-1,444,445,446,-1,446,445,447,-1,446,447,448,-1,448,447,449,-1,450,448,451,-1,451,448,449,-1,450,451,452,-1,450,452,453,-1,453,452,454,-1,453,454,455,-1,455,454,456,-1,455,456,457,-1,457,456,458,-1,457,458,459,-1,459,458,460,-1,459,460,461,-1,462,461,463,-1,463,461,460,-1,464,465,466,-1,466,465,467,-1,464,466,468,-1,468,466,469,-1,468,469,470,-1,470,469,471,-1,470,471,472,-1,472,471,473,-1,472,473,474,-1,474,473,475,-1,476,474,477,-1,477,474,475,-1,472,455,470,-1,470,455,457,-1,470,457,468,-1,468,457,459,-1,468,459,464,-1,464,459,461,-1,464,461,465,-1,465,461,462,-1,432,436,433,-1,433,436,438,-1,433,438,478,-1,478,438,440,-1,478,440,479,-1,479,440,442,-1,479,442,480,-1,480,442,444,-1,480,444,481,-1,481,444,446,-1,481,446,476,-1,476,446,448,-1,476,448,474,-1,474,448,450,-1,474,450,472,-1,472,450,453,-1,472,453,455,-1,476,477,482,-1,476,482,481,-1,481,482,483,-1,481,483,480,-1,480,483,484,-1,480,484,479,-1,479,484,485,-1,479,485,478,-1,478,485,435,-1,478,435,433,-1,467,463,466,-1,466,463,460,-1,466,460,469,-1,469,460,458,-1,469,458,471,-1,437,434,439,-1,439,434,435,-1,439,435,441,-1,441,435,485,-1,441,485,443,-1,443,485,484,-1,443,484,445,-1,445,484,483,-1,445,483,447,-1,447,483,482,-1,447,482,449,-1,449,482,477,-1,449,477,451,-1,451,477,475,-1,451,475,452,-1,452,475,473,-1,452,473,454,-1,454,473,471,-1,454,471,456,-1,456,471,458,-1,486,487,488,-1,488,487,489,-1,490,486,491,-1,491,486,488,-1,492,490,493,-1,493,490,491,-1,492,493,494,-1,494,493,495,-1,494,495,496,-1,496,495,497,-1,496,497,498,-1,498,497,499,-1,498,499,500,-1,500,499,501,-1,500,501,502,-1,502,501,503,-1,504,502,505,-1,505,502,503,-1,504,505,506,-1,504,506,507,-1,507,506,508,-1,507,508,509,-1,509,508,510,-1,509,510,511,-1,511,510,512,-1,511,512,513,-1,513,512,514,-1,513,514,515,-1,516,515,517,-1,517,515,514,-1,518,519,520,-1,520,519,521,-1,518,520,522,-1,522,520,523,-1,522,523,524,-1,524,523,525,-1,524,525,526,-1,526,525,527,-1,526,527,528,-1,528,527,529,-1,530,528,531,-1,531,528,529,-1,526,509,524,-1,524,509,511,-1,524,511,522,-1,522,511,513,-1,522,513,518,-1,518,513,515,-1,518,515,519,-1,519,515,516,-1,486,490,487,-1,487,490,492,-1,487,492,532,-1,532,492,494,-1,532,494,533,-1,533,494,496,-1,533,496,534,-1,534,496,498,-1,534,498,535,-1,535,498,500,-1,535,500,530,-1,530,500,502,-1,530,502,528,-1,528,502,504,-1,528,504,526,-1,526,504,507,-1,526,507,509,-1,530,531,536,-1,530,536,535,-1,535,536,537,-1,535,537,534,-1,534,537,538,-1,534,538,533,-1,533,538,539,-1,533,539,532,-1,532,539,489,-1,532,489,487,-1,521,517,520,-1,520,517,514,-1,520,514,523,-1,523,514,512,-1,523,512,525,-1,491,488,493,-1,493,488,489,-1,493,489,495,-1,495,489,539,-1,495,539,497,-1,497,539,538,-1,497,538,499,-1,499,538,537,-1,499,537,501,-1,501,537,536,-1,501,536,503,-1,503,536,531,-1,503,531,505,-1,505,531,529,-1,505,529,506,-1,506,529,527,-1,506,527,508,-1,508,527,525,-1,508,525,510,-1,510,525,512,-1,540,541,542,-1,542,541,543,-1,544,540,545,-1,545,540,542,-1,546,544,547,-1,547,544,545,-1,546,547,548,-1,548,547,549,-1,548,549,550,-1,550,549,551,-1,550,551,552,-1,552,551,553,-1,552,553,554,-1,554,553,555,-1,554,555,556,-1,556,555,557,-1,558,556,559,-1,559,556,557,-1,558,559,560,-1,558,560,561,-1,561,560,562,-1,561,562,563,-1,563,562,564,-1,563,564,565,-1,565,564,566,-1,565,566,567,-1,567,566,568,-1,567,568,569,-1,570,569,571,-1,571,569,568,-1,572,573,574,-1,574,573,575,-1,572,574,576,-1,576,574,577,-1,576,577,578,-1,578,577,579,-1,578,579,580,-1,580,579,581,-1,580,581,582,-1,582,581,583,-1,584,582,585,-1,585,582,583,-1,570,573,569,-1,569,573,572,-1,569,572,567,-1,567,572,576,-1,567,576,565,-1,565,576,578,-1,540,544,541,-1,541,544,546,-1,541,546,586,-1,586,546,548,-1,586,548,587,-1,587,548,550,-1,587,550,588,-1,588,550,552,-1,588,552,589,-1,589,552,554,-1,589,554,584,-1,584,554,556,-1,584,556,582,-1,582,556,558,-1,582,558,580,-1,580,558,561,-1,580,561,578,-1,578,561,563,-1,578,563,565,-1,584,585,590,-1,584,590,589,-1,589,590,591,-1,589,591,588,-1,588,591,592,-1,588,592,587,-1,587,592,593,-1,587,593,586,-1,586,593,543,-1,586,543,541,-1,575,571,574,-1,574,571,568,-1,574,568,577,-1,545,542,547,-1,547,542,543,-1,547,543,549,-1,549,543,593,-1,549,593,551,-1,551,593,592,-1,551,592,553,-1,553,592,591,-1,553,591,555,-1,555,591,590,-1,555,590,557,-1,557,590,585,-1,557,585,559,-1,559,585,583,-1,559,583,560,-1,560,583,581,-1,560,581,562,-1,562,581,579,-1,562,579,564,-1,564,579,577,-1,564,577,566,-1,566,577,568,-1,594,595,596,-1,596,595,597,-1,598,594,599,-1,599,594,596,-1,600,598,601,-1,601,598,599,-1,600,601,602,-1,602,601,603,-1,602,603,604,-1,604,603,605,-1,604,605,606,-1,606,605,607,-1,606,607,608,-1,608,607,609,-1,608,609,610,-1,610,609,611,-1,612,610,613,-1,613,610,611,-1,612,613,614,-1,612,614,615,-1,615,614,616,-1,615,616,617,-1,617,616,618,-1,617,618,619,-1,619,618,620,-1,619,620,621,-1,621,620,622,-1,621,622,623,-1,624,623,625,-1,625,623,622,-1,626,627,628,-1,628,627,629,-1,626,628,630,-1,630,628,631,-1,630,631,632,-1,632,631,633,-1,632,633,634,-1,634,633,635,-1,634,635,636,-1,636,635,637,-1,638,636,639,-1,639,636,637,-1,624,627,623,-1,623,627,626,-1,623,626,621,-1,621,626,630,-1,621,630,619,-1,619,630,632,-1,594,598,595,-1,595,598,600,-1,595,600,640,-1,640,600,602,-1,640,602,641,-1,641,602,604,-1,641,604,642,-1,642,604,606,-1,642,606,643,-1,643,606,608,-1,643,608,638,-1,638,608,610,-1,638,610,636,-1,636,610,612,-1,636,612,634,-1,634,612,615,-1,634,615,632,-1,632,615,617,-1,632,617,619,-1,638,639,644,-1,638,644,643,-1,643,644,645,-1,643,645,642,-1,642,645,646,-1,642,646,641,-1,641,646,647,-1,641,647,640,-1,640,647,597,-1,640,597,595,-1,629,625,628,-1,628,625,622,-1,628,622,631,-1,599,596,601,-1,601,596,597,-1,601,597,603,-1,603,597,647,-1,603,647,605,-1,605,647,646,-1,605,646,607,-1,607,646,645,-1,607,645,609,-1,609,645,644,-1,609,644,611,-1,611,644,639,-1,611,639,613,-1,613,639,637,-1,613,637,614,-1,614,637,635,-1,614,635,616,-1,616,635,633,-1,616,633,618,-1,618,633,631,-1,618,631,620,-1,620,631,622,-1,648,649,650,-1,650,649,651,-1,652,648,653,-1,653,648,650,-1,654,652,655,-1,655,652,653,-1,654,655,656,-1,656,655,657,-1,656,657,658,-1,658,657,659,-1,658,659,660,-1,660,659,661,-1,660,661,662,-1,662,661,663,-1,662,663,664,-1,664,663,665,-1,666,664,667,-1,667,664,665,-1,666,667,668,-1,666,668,669,-1,669,668,670,-1,669,670,671,-1,671,670,672,-1,671,672,673,-1,673,672,674,-1,673,674,675,-1,675,674,676,-1,675,676,677,-1,678,677,679,-1,679,677,676,-1,680,681,682,-1,682,681,683,-1,680,682,684,-1,684,682,685,-1,684,685,686,-1,686,685,687,-1,686,687,688,-1,688,687,689,-1,688,689,690,-1,690,689,691,-1,692,690,693,-1,693,690,691,-1,678,681,677,-1,677,681,680,-1,677,680,675,-1,675,680,684,-1,675,684,673,-1,673,684,686,-1,648,652,649,-1,649,652,654,-1,649,654,694,-1,694,654,656,-1,694,656,695,-1,695,656,658,-1,695,658,696,-1,696,658,660,-1,696,660,697,-1,697,660,662,-1,697,662,692,-1,692,662,664,-1,692,664,690,-1,690,664,666,-1,690,666,688,-1,688,666,669,-1,688,669,686,-1,686,669,671,-1,686,671,673,-1,692,693,698,-1,692,698,697,-1,697,698,699,-1,697,699,696,-1,696,699,700,-1,696,700,695,-1,695,700,701,-1,695,701,694,-1,694,701,651,-1,694,651,649,-1,683,679,682,-1,682,679,676,-1,682,676,685,-1,653,650,655,-1,655,650,651,-1,655,651,657,-1,657,651,701,-1,657,701,659,-1,659,701,700,-1,659,700,661,-1,661,700,699,-1,661,699,663,-1,663,699,698,-1,663,698,665,-1,665,698,693,-1,665,693,667,-1,667,693,691,-1,667,691,668,-1,668,691,689,-1,668,689,670,-1,670,689,687,-1,670,687,672,-1,672,687,685,-1,672,685,674,-1,674,685,676,-1,702,703,704,-1,704,703,705,-1,706,702,707,-1,707,702,704,-1,708,706,709,-1,709,706,707,-1,708,709,710,-1,710,709,711,-1,710,711,712,-1,712,711,713,-1,712,713,714,-1,714,713,715,-1,714,715,716,-1,716,715,717,-1,716,717,718,-1,718,717,719,-1,720,718,721,-1,721,718,719,-1,720,721,722,-1,720,722,723,-1,723,722,724,-1,723,724,725,-1,725,724,726,-1,725,726,727,-1,727,726,728,-1,727,728,729,-1,729,728,730,-1,729,730,731,-1,732,731,733,-1,733,731,730,-1,734,735,736,-1,736,735,737,-1,734,736,738,-1,738,736,739,-1,738,739,740,-1,740,739,741,-1,740,741,742,-1,742,741,743,-1,742,743,744,-1,744,743,745,-1,746,744,747,-1,747,744,745,-1,732,735,731,-1,731,735,734,-1,731,734,729,-1,729,734,738,-1,729,738,727,-1,727,738,740,-1,702,706,703,-1,703,706,708,-1,703,708,748,-1,748,708,710,-1,748,710,749,-1,749,710,712,-1,749,712,750,-1,750,712,714,-1,750,714,751,-1,751,714,716,-1,751,716,746,-1,746,716,718,-1,746,718,744,-1,744,718,720,-1,744,720,742,-1,742,720,723,-1,742,723,740,-1,740,723,725,-1,740,725,727,-1,746,747,752,-1,746,752,751,-1,751,752,753,-1,751,753,750,-1,750,753,754,-1,750,754,749,-1,749,754,755,-1,749,755,748,-1,748,755,705,-1,748,705,703,-1,737,733,736,-1,736,733,730,-1,736,730,739,-1,707,704,709,-1,709,704,705,-1,709,705,711,-1,711,705,755,-1,711,755,713,-1,713,755,754,-1,713,754,715,-1,715,754,753,-1,715,753,717,-1,717,753,752,-1,717,752,719,-1,719,752,747,-1,719,747,721,-1,721,747,745,-1,721,745,722,-1,722,745,743,-1,722,743,724,-1,724,743,741,-1,724,741,726,-1,726,741,739,-1,726,739,728,-1,728,739,730,-1,756,757,758,-1,758,757,759,-1,760,756,761,-1,761,756,758,-1,762,760,763,-1,763,760,761,-1,762,763,764,-1,764,763,765,-1,764,765,766,-1,766,765,767,-1,766,767,768,-1,768,767,769,-1,768,769,770,-1,770,769,771,-1,770,771,772,-1,772,771,773,-1,774,772,775,-1,775,772,773,-1,774,775,776,-1,774,776,777,-1,777,776,778,-1,777,778,779,-1,779,778,780,-1,779,780,781,-1,781,780,782,-1,781,782,783,-1,783,782,784,-1,783,784,785,-1,786,785,787,-1,787,785,784,-1,788,789,790,-1,790,789,791,-1,788,790,792,-1,792,790,793,-1,792,793,794,-1,794,793,795,-1,794,795,796,-1,796,795,797,-1,796,797,798,-1,798,797,799,-1,800,798,801,-1,801,798,799,-1,786,789,785,-1,785,789,788,-1,785,788,783,-1,783,788,792,-1,783,792,781,-1,781,792,794,-1,756,760,757,-1,757,760,762,-1,757,762,802,-1,802,762,764,-1,802,764,803,-1,803,764,766,-1,803,766,804,-1,804,766,768,-1,804,768,805,-1,805,768,770,-1,805,770,800,-1,800,770,772,-1,800,772,798,-1,798,772,774,-1,798,774,796,-1,796,774,777,-1,796,777,794,-1,794,777,779,-1,794,779,781,-1,800,801,806,-1,800,806,805,-1,805,806,807,-1,805,807,804,-1,804,807,808,-1,804,808,803,-1,803,808,809,-1,803,809,802,-1,802,809,759,-1,802,759,757,-1,791,787,790,-1,790,787,784,-1,790,784,793,-1,761,758,763,-1,763,758,759,-1,763,759,765,-1,765,759,809,-1,765,809,767,-1,767,809,808,-1,767,808,769,-1,769,808,807,-1,769,807,771,-1,771,807,806,-1,771,806,773,-1,773,806,801,-1,773,801,775,-1,775,801,799,-1,775,799,776,-1,776,799,797,-1,776,797,778,-1,778,797,795,-1,778,795,780,-1,780,795,793,-1,780,793,782,-1,782,793,784,-1,810,811,812,-1,812,811,813,-1,814,810,815,-1,815,810,812,-1,816,814,817,-1,817,814,815,-1,816,817,818,-1,818,817,819,-1,818,819,820,-1,820,819,821,-1,820,821,822,-1,822,821,823,-1,822,823,824,-1,824,823,825,-1,824,825,826,-1,826,825,827,-1,828,826,829,-1,829,826,827,-1,828,829,830,-1,828,830,831,-1,831,830,832,-1,831,832,833,-1,833,832,834,-1,833,834,835,-1,835,834,836,-1,835,836,837,-1,837,836,838,-1,837,838,839,-1,840,839,841,-1,841,839,838,-1,842,843,844,-1,844,843,845,-1,842,844,846,-1,846,844,847,-1,846,847,848,-1,848,847,849,-1,848,849,850,-1,850,849,851,-1,850,851,852,-1,852,851,853,-1,854,852,855,-1,855,852,853,-1,840,843,839,-1,839,843,842,-1,839,842,837,-1,837,842,846,-1,837,846,835,-1,835,846,848,-1,810,814,811,-1,811,814,816,-1,811,816,856,-1,856,816,818,-1,856,818,857,-1,857,818,820,-1,857,820,858,-1,858,820,822,-1,858,822,859,-1,859,822,824,-1,859,824,854,-1,854,824,826,-1,854,826,852,-1,852,826,828,-1,852,828,850,-1,850,828,831,-1,850,831,848,-1,848,831,833,-1,848,833,835,-1,854,855,860,-1,854,860,859,-1,859,860,861,-1,859,861,858,-1,858,861,862,-1,858,862,857,-1,857,862,863,-1,857,863,856,-1,856,863,813,-1,856,813,811,-1,845,841,844,-1,844,841,838,-1,844,838,847,-1,815,812,817,-1,817,812,813,-1,817,813,819,-1,819,813,863,-1,819,863,821,-1,821,863,862,-1,821,862,823,-1,823,862,861,-1,823,861,825,-1,825,861,860,-1,825,860,827,-1,827,860,855,-1,827,855,829,-1,829,855,853,-1,829,853,830,-1,830,853,851,-1,830,851,832,-1,832,851,849,-1,832,849,834,-1,834,849,847,-1,834,847,836,-1,836,847,838,-1,864,865,866,-1,866,865,867,-1,868,864,869,-1,869,864,866,-1,870,868,871,-1,871,868,869,-1,870,871,872,-1,872,871,873,-1,872,873,874,-1,874,873,875,-1,874,875,876,-1,876,875,877,-1,876,877,878,-1,878,877,879,-1,878,879,880,-1,880,879,881,-1,882,880,883,-1,883,880,881,-1,882,883,884,-1,882,884,885,-1,885,884,886,-1,885,886,887,-1,887,886,888,-1,887,888,889,-1,889,888,890,-1,889,890,891,-1,891,890,892,-1,891,892,893,-1,894,893,895,-1,895,893,892,-1,896,897,898,-1,898,897,899,-1,896,898,900,-1,900,898,901,-1,900,901,902,-1,902,901,903,-1,902,903,904,-1,904,903,905,-1,904,905,906,-1,906,905,907,-1,908,906,909,-1,909,906,907,-1,894,897,893,-1,893,897,896,-1,893,896,891,-1,891,896,900,-1,891,900,889,-1,889,900,902,-1,864,868,865,-1,865,868,870,-1,865,870,910,-1,910,870,872,-1,910,872,911,-1,911,872,874,-1,911,874,912,-1,912,874,876,-1,912,876,913,-1,913,876,878,-1,913,878,908,-1,908,878,880,-1,908,880,906,-1,906,880,882,-1,906,882,904,-1,904,882,885,-1,904,885,902,-1,902,885,887,-1,902,887,889,-1,908,909,914,-1,908,914,913,-1,913,914,915,-1,913,915,912,-1,912,915,916,-1,912,916,911,-1,911,916,917,-1,911,917,910,-1,910,917,867,-1,910,867,865,-1,899,895,898,-1,898,895,892,-1,898,892,901,-1,869,866,871,-1,871,866,867,-1,871,867,873,-1,873,867,917,-1,873,917,875,-1,875,917,916,-1,875,916,877,-1,877,916,915,-1,877,915,879,-1,879,915,914,-1,879,914,881,-1,881,914,909,-1,881,909,883,-1,883,909,907,-1,883,907,884,-1,884,907,905,-1,884,905,886,-1,886,905,903,-1,886,903,888,-1,888,903,901,-1,888,901,890,-1,890,901,892,-1,918,919,920,-1,920,919,921,-1,922,918,923,-1,923,918,920,-1,924,922,925,-1,925,922,923,-1,924,925,926,-1,926,925,927,-1,926,927,928,-1,928,927,929,-1,928,929,930,-1,930,929,931,-1,930,931,932,-1,932,931,933,-1,932,933,934,-1,934,933,935,-1,936,934,937,-1,937,934,935,-1,936,937,938,-1,936,938,939,-1,939,938,940,-1,939,940,941,-1,941,940,942,-1,941,942,943,-1,943,942,944,-1,943,944,945,-1,945,944,946,-1,945,946,947,-1,948,947,949,-1,949,947,946,-1,950,951,952,-1,952,951,953,-1,950,952,954,-1,954,952,955,-1,954,955,956,-1,956,955,957,-1,956,957,958,-1,958,957,959,-1,958,959,960,-1,960,959,961,-1,962,960,963,-1,963,960,961,-1,948,951,947,-1,947,951,950,-1,947,950,945,-1,945,950,954,-1,945,954,943,-1,943,954,956,-1,918,922,919,-1,919,922,924,-1,919,924,964,-1,964,924,926,-1,964,926,965,-1,965,926,928,-1,965,928,966,-1,966,928,930,-1,966,930,967,-1,967,930,932,-1,967,932,962,-1,962,932,934,-1,962,934,960,-1,960,934,936,-1,960,936,958,-1,958,936,939,-1,958,939,956,-1,956,939,941,-1,956,941,943,-1,962,963,968,-1,962,968,967,-1,967,968,969,-1,967,969,966,-1,966,969,970,-1,966,970,965,-1,965,970,971,-1,965,971,964,-1,964,971,921,-1,964,921,919,-1,953,949,952,-1,952,949,946,-1,952,946,955,-1,923,920,925,-1,925,920,921,-1,925,921,927,-1,927,921,971,-1,927,971,929,-1,929,971,970,-1,929,970,931,-1,931,970,969,-1,931,969,933,-1,933,969,968,-1,933,968,935,-1,935,968,963,-1,935,963,937,-1,937,963,961,-1,937,961,938,-1,938,961,959,-1,938,959,940,-1,940,959,957,-1,940,957,942,-1,942,957,955,-1,942,955,944,-1,944,955,946,-1,972,973,974,-1,974,973,975,-1,976,972,977,-1,977,972,974,-1,978,976,979,-1,979,976,977,-1,978,979,980,-1,980,979,981,-1,980,981,982,-1,982,981,983,-1,982,983,984,-1,984,983,985,-1,984,985,986,-1,986,985,987,-1,986,987,988,-1,988,987,989,-1,990,988,991,-1,991,988,989,-1,990,991,992,-1,990,992,993,-1,993,992,994,-1,993,994,995,-1,995,994,996,-1,995,996,997,-1,997,996,998,-1,997,998,999,-1,999,998,1000,-1,999,1000,1001,-1,1002,1001,1003,-1,1003,1001,1000,-1,1004,1005,1006,-1,1006,1005,1007,-1,1004,1006,1008,-1,1008,1006,1009,-1,1008,1009,1010,-1,1010,1009,1011,-1,1010,1011,1012,-1,1012,1011,1013,-1,1012,1013,1014,-1,1014,1013,1015,-1,1016,1014,1017,-1,1017,1014,1015,-1,1002,1005,1001,-1,1001,1005,1004,-1,1001,1004,999,-1,999,1004,1008,-1,999,1008,997,-1,997,1008,1010,-1,972,976,973,-1,973,976,978,-1,973,978,1018,-1,1018,978,980,-1,1018,980,1019,-1,1019,980,982,-1,1019,982,1020,-1,1020,982,984,-1,1020,984,1021,-1,1021,984,986,-1,1021,986,1016,-1,1016,986,988,-1,1016,988,1014,-1,1014,988,990,-1,1014,990,1012,-1,1012,990,993,-1,1012,993,1010,-1,1010,993,995,-1,1010,995,997,-1,1016,1017,1022,-1,1016,1022,1021,-1,1021,1022,1023,-1,1021,1023,1020,-1,1020,1023,1024,-1,1020,1024,1019,-1,1019,1024,1025,-1,1019,1025,1018,-1,1018,1025,975,-1,1018,975,973,-1,1007,1003,1006,-1,1006,1003,1000,-1,1006,1000,1009,-1,977,974,979,-1,979,974,975,-1,979,975,981,-1,981,975,1025,-1,981,1025,983,-1,983,1025,1024,-1,983,1024,985,-1,985,1024,1023,-1,985,1023,987,-1,987,1023,1022,-1,987,1022,989,-1,989,1022,1017,-1,989,1017,991,-1,991,1017,1015,-1,991,1015,992,-1,992,1015,1013,-1,992,1013,994,-1,994,1013,1011,-1,994,1011,996,-1,996,1011,1009,-1,996,1009,998,-1,998,1009,1000,-1,1026,1027,1028,-1,1028,1027,1029,-1,1027,1030,1029,-1,1029,1030,1031,-1,1030,1032,1031,-1,1031,1032,1033,-1,1034,1035,1036,-1,1036,1035,1037,-1,1036,1037,1038,-1,1038,1037,1039,-1,1038,1039,1040,-1,1040,1039,1041,-1,1040,1041,1042,-1,1042,1041,1043,-1,1042,1043,1032,-1,1032,1043,1033,-1,1034,1044,1035,-1,1035,1044,1045,-1,1046,1047,1048,-1,1046,1048,1049,-1,1049,1048,1050,-1,1049,1050,1051,-1,1051,1050,1052,-1,1051,1052,1053,-1,1053,1052,1054,-1,1053,1054,1055,-1,1055,1054,1045,-1,1055,1045,1044,-1,1046,1056,1047,-1,1047,1056,1057,-1,1058,1059,1060,-1,1060,1059,1061,-1,1062,1063,1064,-1,1064,1063,1065,-1,1064,1065,1066,-1,1066,1065,1067,-1,1066,1067,1068,-1,1068,1067,1069,-1,1068,1069,1059,-1,1059,1069,1061,-1,1062,1070,1063,-1,1063,1070,1071,-1,1058,1056,1059,-1,1059,1056,1046,-1,1059,1046,1068,-1,1068,1046,1049,-1,1068,1049,1066,-1,1030,1027,1032,-1,1032,1027,1026,-1,1032,1026,1042,-1,1042,1026,1072,-1,1042,1072,1040,-1,1040,1072,1073,-1,1040,1073,1038,-1,1038,1073,1074,-1,1038,1074,1036,-1,1036,1074,1075,-1,1036,1075,1034,-1,1034,1075,1070,-1,1034,1070,1044,-1,1044,1070,1062,-1,1044,1062,1055,-1,1055,1062,1064,-1,1055,1064,1053,-1,1053,1064,1066,-1,1053,1066,1051,-1,1051,1066,1049,-1,1026,1028,1076,-1,1026,1076,1072,-1,1072,1076,1077,-1,1072,1077,1073,-1,1073,1077,1078,-1,1073,1078,1074,-1,1074,1078,1079,-1,1074,1079,1075,-1,1075,1079,1071,-1,1075,1071,1070,-1,1065,1052,1067,-1,1067,1052,1050,-1,1067,1050,1069,-1,1069,1050,1048,-1,1069,1048,1061,-1,1061,1048,1047,-1,1061,1047,1060,-1,1060,1047,1057,-1,1029,1031,1028,-1,1028,1031,1033,-1,1028,1033,1076,-1,1076,1033,1043,-1,1076,1043,1077,-1,1077,1043,1041,-1,1077,1041,1078,-1,1078,1041,1039,-1,1078,1039,1079,-1,1079,1039,1037,-1,1079,1037,1071,-1,1071,1037,1035,-1,1071,1035,1063,-1,1063,1035,1045,-1,1063,1045,1065,-1,1065,1045,1054,-1,1065,1054,1052,-1,1080,1081,1082,-1,1082,1081,1083,-1,1081,1084,1083,-1,1083,1084,1085,-1,1084,1086,1085,-1,1085,1086,1087,-1,1088,1089,1090,-1,1090,1089,1091,-1,1090,1091,1092,-1,1092,1091,1093,-1,1092,1093,1094,-1,1094,1093,1095,-1,1094,1095,1096,-1,1096,1095,1097,-1,1096,1097,1086,-1,1086,1097,1087,-1,1088,1098,1089,-1,1089,1098,1099,-1,1100,1101,1102,-1,1100,1102,1103,-1,1103,1102,1104,-1,1103,1104,1105,-1,1105,1104,1106,-1,1105,1106,1107,-1,1107,1106,1108,-1,1107,1108,1109,-1,1109,1108,1099,-1,1109,1099,1098,-1,1100,1110,1101,-1,1101,1110,1111,-1,1112,1113,1114,-1,1114,1113,1115,-1,1116,1117,1118,-1,1118,1117,1119,-1,1118,1119,1120,-1,1120,1119,1121,-1,1120,1121,1122,-1,1122,1121,1123,-1,1122,1123,1113,-1,1113,1123,1115,-1,1116,1124,1117,-1,1117,1124,1125,-1,1112,1110,1113,-1,1113,1110,1100,-1,1113,1100,1122,-1,1122,1100,1103,-1,1122,1103,1120,-1,1084,1081,1086,-1,1086,1081,1080,-1,1086,1080,1096,-1,1096,1080,1126,-1,1096,1126,1094,-1,1094,1126,1127,-1,1094,1127,1092,-1,1092,1127,1128,-1,1092,1128,1090,-1,1090,1128,1129,-1,1090,1129,1088,-1,1088,1129,1124,-1,1088,1124,1098,-1,1098,1124,1116,-1,1098,1116,1109,-1,1109,1116,1118,-1,1109,1118,1107,-1,1107,1118,1120,-1,1107,1120,1105,-1,1105,1120,1103,-1,1080,1082,1130,-1,1080,1130,1126,-1,1126,1130,1131,-1,1126,1131,1127,-1,1127,1131,1132,-1,1127,1132,1128,-1,1128,1132,1133,-1,1128,1133,1129,-1,1129,1133,1125,-1,1129,1125,1124,-1,1119,1106,1121,-1,1121,1106,1104,-1,1121,1104,1123,-1,1123,1104,1102,-1,1123,1102,1115,-1,1115,1102,1101,-1,1115,1101,1114,-1,1114,1101,1111,-1,1083,1085,1082,-1,1082,1085,1087,-1,1082,1087,1130,-1,1130,1087,1097,-1,1130,1097,1131,-1,1131,1097,1095,-1,1131,1095,1132,-1,1132,1095,1093,-1,1132,1093,1133,-1,1133,1093,1091,-1,1133,1091,1125,-1,1125,1091,1089,-1,1125,1089,1117,-1,1117,1089,1099,-1,1117,1099,1119,-1,1119,1099,1108,-1,1119,1108,1106,-1,1134,1135,1136,-1,1136,1135,1137,-1,1135,1138,1137,-1,1137,1138,1139,-1,1138,1140,1139,-1,1139,1140,1141,-1,1142,1143,1144,-1,1144,1143,1145,-1,1144,1145,1146,-1,1146,1145,1147,-1,1146,1147,1148,-1,1148,1147,1149,-1,1148,1149,1150,-1,1150,1149,1151,-1,1150,1151,1140,-1,1140,1151,1141,-1,1142,1152,1143,-1,1143,1152,1153,-1,1154,1155,1156,-1,1154,1156,1157,-1,1157,1156,1158,-1,1157,1158,1159,-1,1159,1158,1160,-1,1159,1160,1161,-1,1161,1160,1162,-1,1161,1162,1163,-1,1163,1162,1153,-1,1163,1153,1152,-1,1154,1164,1155,-1,1155,1164,1165,-1,1166,1167,1168,-1,1168,1167,1169,-1,1170,1171,1172,-1,1172,1171,1173,-1,1172,1173,1174,-1,1174,1173,1175,-1,1174,1175,1176,-1,1176,1175,1177,-1,1176,1177,1167,-1,1167,1177,1169,-1,1170,1178,1171,-1,1171,1178,1179,-1,1166,1164,1167,-1,1167,1164,1154,-1,1167,1154,1176,-1,1176,1154,1157,-1,1176,1157,1174,-1,1138,1135,1140,-1,1140,1135,1134,-1,1140,1134,1150,-1,1150,1134,1180,-1,1150,1180,1148,-1,1148,1180,1181,-1,1148,1181,1146,-1,1146,1181,1182,-1,1146,1182,1144,-1,1144,1182,1183,-1,1144,1183,1142,-1,1142,1183,1178,-1,1142,1178,1152,-1,1152,1178,1170,-1,1152,1170,1163,-1,1163,1170,1172,-1,1163,1172,1161,-1,1161,1172,1174,-1,1161,1174,1159,-1,1159,1174,1157,-1,1134,1136,1184,-1,1134,1184,1180,-1,1180,1184,1185,-1,1180,1185,1181,-1,1181,1185,1186,-1,1181,1186,1182,-1,1182,1186,1187,-1,1182,1187,1183,-1,1183,1187,1179,-1,1183,1179,1178,-1,1173,1160,1175,-1,1175,1160,1158,-1,1175,1158,1177,-1,1177,1158,1156,-1,1177,1156,1169,-1,1169,1156,1155,-1,1169,1155,1168,-1,1168,1155,1165,-1,1137,1139,1136,-1,1136,1139,1141,-1,1136,1141,1184,-1,1184,1141,1151,-1,1184,1151,1185,-1,1185,1151,1149,-1,1185,1149,1186,-1,1186,1149,1147,-1,1186,1147,1187,-1,1187,1147,1145,-1,1187,1145,1179,-1,1179,1145,1143,-1,1179,1143,1171,-1,1171,1143,1153,-1,1171,1153,1173,-1,1173,1153,1162,-1,1173,1162,1160,-1,1188,1189,1190,-1,1190,1189,1191,-1,1189,1192,1191,-1,1191,1192,1193,-1,1192,1194,1193,-1,1193,1194,1195,-1,1196,1197,1198,-1,1198,1197,1199,-1,1198,1199,1200,-1,1200,1199,1201,-1,1200,1201,1202,-1,1202,1201,1203,-1,1202,1203,1204,-1,1204,1203,1205,-1,1204,1205,1194,-1,1194,1205,1195,-1,1196,1206,1197,-1,1197,1206,1207,-1,1208,1209,1210,-1,1208,1210,1211,-1,1211,1210,1212,-1,1211,1212,1213,-1,1213,1212,1214,-1,1213,1214,1215,-1,1215,1214,1216,-1,1215,1216,1217,-1,1217,1216,1207,-1,1217,1207,1206,-1,1208,1218,1209,-1,1209,1218,1219,-1,1220,1221,1222,-1,1222,1221,1223,-1,1224,1225,1226,-1,1226,1225,1227,-1,1226,1227,1228,-1,1228,1227,1229,-1,1228,1229,1230,-1,1230,1229,1231,-1,1230,1231,1221,-1,1221,1231,1223,-1,1224,1232,1225,-1,1225,1232,1233,-1,1220,1218,1221,-1,1221,1218,1208,-1,1221,1208,1230,-1,1230,1208,1211,-1,1230,1211,1228,-1,1192,1189,1194,-1,1194,1189,1188,-1,1194,1188,1204,-1,1204,1188,1234,-1,1204,1234,1202,-1,1202,1234,1235,-1,1202,1235,1200,-1,1200,1235,1236,-1,1200,1236,1198,-1,1198,1236,1237,-1,1198,1237,1196,-1,1196,1237,1232,-1,1196,1232,1206,-1,1206,1232,1224,-1,1206,1224,1217,-1,1217,1224,1226,-1,1217,1226,1215,-1,1215,1226,1228,-1,1215,1228,1213,-1,1213,1228,1211,-1,1188,1190,1238,-1,1188,1238,1234,-1,1234,1238,1239,-1,1234,1239,1235,-1,1235,1239,1240,-1,1235,1240,1236,-1,1236,1240,1241,-1,1236,1241,1237,-1,1237,1241,1233,-1,1237,1233,1232,-1,1227,1214,1229,-1,1229,1214,1212,-1,1229,1212,1231,-1,1231,1212,1210,-1,1231,1210,1223,-1,1223,1210,1209,-1,1223,1209,1222,-1,1222,1209,1219,-1,1191,1193,1190,-1,1190,1193,1195,-1,1190,1195,1238,-1,1238,1195,1205,-1,1238,1205,1239,-1,1239,1205,1203,-1,1239,1203,1240,-1,1240,1203,1201,-1,1240,1201,1241,-1,1241,1201,1199,-1,1241,1199,1233,-1,1233,1199,1197,-1,1233,1197,1225,-1,1225,1197,1207,-1,1225,1207,1227,-1,1227,1207,1216,-1,1227,1216,1214,-1,1242,1243,1244,-1,1244,1243,1245,-1,1243,1246,1245,-1,1245,1246,1247,-1,1246,1248,1247,-1,1247,1248,1249,-1,1250,1251,1252,-1,1252,1251,1253,-1,1252,1253,1254,-1,1254,1253,1255,-1,1254,1255,1256,-1,1256,1255,1257,-1,1256,1257,1258,-1,1258,1257,1259,-1,1258,1259,1248,-1,1248,1259,1249,-1,1250,1260,1251,-1,1251,1260,1261,-1,1262,1263,1264,-1,1262,1264,1265,-1,1265,1264,1266,-1,1265,1266,1267,-1,1267,1266,1268,-1,1267,1268,1269,-1,1269,1268,1270,-1,1269,1270,1271,-1,1271,1270,1261,-1,1271,1261,1260,-1,1262,1272,1263,-1,1263,1272,1273,-1,1274,1275,1276,-1,1276,1275,1277,-1,1278,1279,1280,-1,1280,1279,1281,-1,1280,1281,1282,-1,1282,1281,1283,-1,1282,1283,1284,-1,1284,1283,1285,-1,1284,1285,1275,-1,1275,1285,1277,-1,1278,1286,1279,-1,1279,1286,1287,-1,1274,1272,1275,-1,1275,1272,1262,-1,1275,1262,1284,-1,1284,1262,1265,-1,1284,1265,1282,-1,1246,1243,1248,-1,1248,1243,1242,-1,1248,1242,1258,-1,1258,1242,1288,-1,1258,1288,1256,-1,1256,1288,1289,-1,1256,1289,1254,-1,1254,1289,1290,-1,1254,1290,1252,-1,1252,1290,1291,-1,1252,1291,1250,-1,1250,1291,1286,-1,1250,1286,1260,-1,1260,1286,1278,-1,1260,1278,1271,-1,1271,1278,1280,-1,1271,1280,1269,-1,1269,1280,1282,-1,1269,1282,1267,-1,1267,1282,1265,-1,1242,1244,1292,-1,1242,1292,1288,-1,1288,1292,1293,-1,1288,1293,1289,-1,1289,1293,1294,-1,1289,1294,1290,-1,1290,1294,1295,-1,1290,1295,1291,-1,1291,1295,1287,-1,1291,1287,1286,-1,1281,1268,1283,-1,1283,1268,1266,-1,1283,1266,1285,-1,1285,1266,1264,-1,1285,1264,1277,-1,1277,1264,1263,-1,1277,1263,1276,-1,1276,1263,1273,-1,1245,1247,1244,-1,1244,1247,1249,-1,1244,1249,1292,-1,1292,1249,1259,-1,1292,1259,1293,-1,1293,1259,1257,-1,1293,1257,1294,-1,1294,1257,1255,-1,1294,1255,1295,-1,1295,1255,1253,-1,1295,1253,1287,-1,1287,1253,1251,-1,1287,1251,1279,-1,1279,1251,1261,-1,1279,1261,1281,-1,1281,1261,1270,-1,1281,1270,1268,-1,1296,1297,1298,-1,1298,1297,1299,-1,1297,1300,1299,-1,1299,1300,1301,-1,1300,1302,1301,-1,1301,1302,1303,-1,1304,1305,1306,-1,1306,1305,1307,-1,1306,1307,1308,-1,1308,1307,1309,-1,1308,1309,1310,-1,1310,1309,1311,-1,1310,1311,1312,-1,1312,1311,1313,-1,1312,1313,1302,-1,1302,1313,1303,-1,1304,1314,1305,-1,1305,1314,1315,-1,1316,1317,1318,-1,1316,1318,1319,-1,1319,1318,1320,-1,1319,1320,1321,-1,1321,1320,1322,-1,1321,1322,1323,-1,1323,1322,1324,-1,1323,1324,1325,-1,1325,1324,1315,-1,1325,1315,1314,-1,1316,1326,1317,-1,1317,1326,1327,-1,1328,1329,1330,-1,1330,1329,1331,-1,1332,1333,1334,-1,1334,1333,1335,-1,1334,1335,1336,-1,1336,1335,1337,-1,1336,1337,1338,-1,1338,1337,1339,-1,1338,1339,1329,-1,1329,1339,1331,-1,1332,1340,1333,-1,1333,1340,1341,-1,1328,1326,1329,-1,1329,1326,1316,-1,1329,1316,1338,-1,1338,1316,1319,-1,1338,1319,1336,-1,1300,1297,1302,-1,1302,1297,1296,-1,1302,1296,1312,-1,1312,1296,1342,-1,1312,1342,1310,-1,1310,1342,1343,-1,1310,1343,1308,-1,1308,1343,1344,-1,1308,1344,1306,-1,1306,1344,1345,-1,1306,1345,1304,-1,1304,1345,1340,-1,1304,1340,1314,-1,1314,1340,1332,-1,1314,1332,1325,-1,1325,1332,1334,-1,1325,1334,1323,-1,1323,1334,1336,-1,1323,1336,1321,-1,1321,1336,1319,-1,1296,1298,1346,-1,1296,1346,1342,-1,1342,1346,1347,-1,1342,1347,1343,-1,1343,1347,1348,-1,1343,1348,1344,-1,1344,1348,1349,-1,1344,1349,1345,-1,1345,1349,1341,-1,1345,1341,1340,-1,1335,1322,1337,-1,1337,1322,1320,-1,1337,1320,1339,-1,1339,1320,1318,-1,1339,1318,1331,-1,1331,1318,1317,-1,1331,1317,1330,-1,1330,1317,1327,-1,1299,1301,1298,-1,1298,1301,1303,-1,1298,1303,1346,-1,1346,1303,1313,-1,1346,1313,1347,-1,1347,1313,1311,-1,1347,1311,1348,-1,1348,1311,1309,-1,1348,1309,1349,-1,1349,1309,1307,-1,1349,1307,1341,-1,1341,1307,1305,-1,1341,1305,1333,-1,1333,1305,1315,-1,1333,1315,1335,-1,1335,1315,1324,-1,1335,1324,1322,-1,1350,1351,1352,-1,1352,1351,1353,-1,1351,1354,1353,-1,1353,1354,1355,-1,1354,1356,1355,-1,1355,1356,1357,-1,1358,1359,1360,-1,1360,1359,1361,-1,1360,1361,1362,-1,1362,1361,1363,-1,1362,1363,1364,-1,1364,1363,1365,-1,1364,1365,1366,-1,1366,1365,1367,-1,1366,1367,1356,-1,1356,1367,1357,-1,1358,1368,1359,-1,1359,1368,1369,-1,1370,1371,1372,-1,1370,1372,1373,-1,1373,1372,1374,-1,1373,1374,1375,-1,1375,1374,1376,-1,1375,1376,1377,-1,1377,1376,1378,-1,1377,1378,1379,-1,1379,1378,1369,-1,1379,1369,1368,-1,1370,1380,1371,-1,1371,1380,1381,-1,1382,1383,1384,-1,1384,1383,1385,-1,1386,1387,1388,-1,1388,1387,1389,-1,1388,1389,1390,-1,1390,1389,1391,-1,1390,1391,1392,-1,1392,1391,1393,-1,1392,1393,1383,-1,1383,1393,1385,-1,1386,1394,1387,-1,1387,1394,1395,-1,1382,1380,1383,-1,1383,1380,1370,-1,1383,1370,1392,-1,1392,1370,1373,-1,1392,1373,1390,-1,1354,1351,1356,-1,1356,1351,1350,-1,1356,1350,1366,-1,1366,1350,1396,-1,1366,1396,1364,-1,1364,1396,1397,-1,1364,1397,1362,-1,1362,1397,1398,-1,1362,1398,1360,-1,1360,1398,1399,-1,1360,1399,1358,-1,1358,1399,1394,-1,1358,1394,1368,-1,1368,1394,1386,-1,1368,1386,1379,-1,1379,1386,1388,-1,1379,1388,1377,-1,1377,1388,1390,-1,1377,1390,1375,-1,1375,1390,1373,-1,1350,1352,1400,-1,1350,1400,1396,-1,1396,1400,1401,-1,1396,1401,1397,-1,1397,1401,1402,-1,1397,1402,1398,-1,1398,1402,1403,-1,1398,1403,1399,-1,1399,1403,1395,-1,1399,1395,1394,-1,1389,1376,1391,-1,1391,1376,1374,-1,1391,1374,1393,-1,1393,1374,1372,-1,1393,1372,1385,-1,1385,1372,1371,-1,1385,1371,1384,-1,1384,1371,1381,-1,1353,1355,1352,-1,1352,1355,1357,-1,1352,1357,1400,-1,1400,1357,1367,-1,1400,1367,1401,-1,1401,1367,1365,-1,1401,1365,1402,-1,1402,1365,1363,-1,1402,1363,1403,-1,1403,1363,1361,-1,1403,1361,1395,-1,1395,1361,1359,-1,1395,1359,1387,-1,1387,1359,1369,-1,1387,1369,1389,-1,1389,1369,1378,-1,1389,1378,1376,-1,1404,1405,1406,-1,1406,1405,1407,-1,1405,1408,1407,-1,1407,1408,1409,-1,1408,1410,1409,-1,1409,1410,1411,-1,1412,1413,1414,-1,1414,1413,1415,-1,1414,1415,1416,-1,1416,1415,1417,-1,1416,1417,1418,-1,1418,1417,1419,-1,1418,1419,1420,-1,1420,1419,1421,-1,1420,1421,1410,-1,1410,1421,1411,-1,1412,1422,1413,-1,1413,1422,1423,-1,1424,1425,1426,-1,1424,1426,1427,-1,1427,1426,1428,-1,1427,1428,1429,-1,1429,1428,1430,-1,1429,1430,1431,-1,1431,1430,1432,-1,1431,1432,1433,-1,1433,1432,1423,-1,1433,1423,1422,-1,1424,1434,1425,-1,1425,1434,1435,-1,1436,1437,1438,-1,1438,1437,1439,-1,1440,1441,1442,-1,1442,1441,1443,-1,1442,1443,1444,-1,1444,1443,1445,-1,1444,1445,1446,-1,1446,1445,1447,-1,1446,1447,1437,-1,1437,1447,1439,-1,1440,1448,1441,-1,1441,1448,1449,-1,1436,1434,1437,-1,1437,1434,1424,-1,1437,1424,1446,-1,1446,1424,1427,-1,1446,1427,1444,-1,1408,1405,1410,-1,1410,1405,1404,-1,1410,1404,1420,-1,1420,1404,1450,-1,1420,1450,1418,-1,1418,1450,1451,-1,1418,1451,1416,-1,1416,1451,1452,-1,1416,1452,1414,-1,1414,1452,1453,-1,1414,1453,1412,-1,1412,1453,1448,-1,1412,1448,1422,-1,1422,1448,1440,-1,1422,1440,1433,-1,1433,1440,1442,-1,1433,1442,1431,-1,1431,1442,1444,-1,1431,1444,1429,-1,1429,1444,1427,-1,1404,1406,1454,-1,1404,1454,1450,-1,1450,1454,1455,-1,1450,1455,1451,-1,1451,1455,1456,-1,1451,1456,1452,-1,1452,1456,1457,-1,1452,1457,1453,-1,1453,1457,1449,-1,1453,1449,1448,-1,1443,1430,1445,-1,1445,1430,1428,-1,1445,1428,1447,-1,1447,1428,1426,-1,1447,1426,1439,-1,1439,1426,1425,-1,1439,1425,1438,-1,1438,1425,1435,-1,1407,1409,1406,-1,1406,1409,1411,-1,1406,1411,1454,-1,1454,1411,1421,-1,1454,1421,1455,-1,1455,1421,1419,-1,1455,1419,1456,-1,1456,1419,1417,-1,1456,1417,1457,-1,1457,1417,1415,-1,1457,1415,1449,-1,1449,1415,1413,-1,1449,1413,1441,-1,1441,1413,1423,-1,1441,1423,1443,-1,1443,1423,1432,-1,1443,1432,1430,-1,1458,1459,1460,-1,1460,1459,1461,-1,1459,1462,1461,-1,1461,1462,1463,-1,1462,1464,1463,-1,1463,1464,1465,-1,1466,1467,1468,-1,1468,1467,1469,-1,1468,1469,1470,-1,1470,1469,1471,-1,1470,1471,1472,-1,1472,1471,1473,-1,1472,1473,1474,-1,1474,1473,1475,-1,1474,1475,1464,-1,1464,1475,1465,-1,1466,1476,1467,-1,1467,1476,1477,-1,1478,1479,1480,-1,1478,1480,1481,-1,1481,1480,1482,-1,1481,1482,1483,-1,1483,1482,1484,-1,1483,1484,1485,-1,1485,1484,1486,-1,1485,1486,1487,-1,1487,1486,1477,-1,1487,1477,1476,-1,1478,1488,1479,-1,1479,1488,1489,-1,1490,1491,1492,-1,1492,1491,1493,-1,1494,1495,1496,-1,1496,1495,1497,-1,1496,1497,1498,-1,1498,1497,1499,-1,1498,1499,1500,-1,1500,1499,1501,-1,1500,1501,1491,-1,1491,1501,1493,-1,1494,1502,1495,-1,1495,1502,1503,-1,1490,1488,1491,-1,1491,1488,1478,-1,1491,1478,1500,-1,1500,1478,1481,-1,1500,1481,1498,-1,1462,1459,1464,-1,1464,1459,1458,-1,1464,1458,1474,-1,1474,1458,1504,-1,1474,1504,1472,-1,1472,1504,1505,-1,1472,1505,1470,-1,1470,1505,1506,-1,1470,1506,1468,-1,1468,1506,1507,-1,1468,1507,1466,-1,1466,1507,1502,-1,1466,1502,1476,-1,1476,1502,1494,-1,1476,1494,1487,-1,1487,1494,1496,-1,1487,1496,1485,-1,1485,1496,1498,-1,1485,1498,1483,-1,1483,1498,1481,-1,1458,1460,1508,-1,1458,1508,1504,-1,1504,1508,1509,-1,1504,1509,1505,-1,1505,1509,1510,-1,1505,1510,1506,-1,1506,1510,1511,-1,1506,1511,1507,-1,1507,1511,1503,-1,1507,1503,1502,-1,1497,1484,1499,-1,1499,1484,1482,-1,1499,1482,1501,-1,1501,1482,1480,-1,1501,1480,1493,-1,1493,1480,1479,-1,1493,1479,1492,-1,1492,1479,1489,-1,1461,1463,1460,-1,1460,1463,1465,-1,1460,1465,1508,-1,1508,1465,1475,-1,1508,1475,1509,-1,1509,1475,1473,-1,1509,1473,1510,-1,1510,1473,1471,-1,1510,1471,1511,-1,1511,1471,1469,-1,1511,1469,1503,-1,1503,1469,1467,-1,1503,1467,1495,-1,1495,1467,1477,-1,1495,1477,1497,-1,1497,1477,1486,-1,1497,1486,1484,-1,1512,1513,1514,-1,1514,1513,1515,-1,1513,1516,1515,-1,1515,1516,1517,-1,1516,1518,1517,-1,1517,1518,1519,-1,1520,1521,1522,-1,1522,1521,1523,-1,1522,1523,1524,-1,1524,1523,1525,-1,1524,1525,1526,-1,1526,1525,1527,-1,1526,1527,1528,-1,1528,1527,1529,-1,1528,1529,1518,-1,1518,1529,1519,-1,1520,1530,1521,-1,1521,1530,1531,-1,1532,1533,1534,-1,1532,1534,1535,-1,1535,1534,1536,-1,1535,1536,1537,-1,1537,1536,1538,-1,1537,1538,1539,-1,1539,1538,1540,-1,1539,1540,1541,-1,1541,1540,1531,-1,1541,1531,1530,-1,1532,1542,1533,-1,1533,1542,1543,-1,1544,1545,1546,-1,1546,1545,1547,-1,1548,1549,1550,-1,1550,1549,1551,-1,1550,1551,1552,-1,1552,1551,1553,-1,1552,1553,1554,-1,1554,1553,1555,-1,1554,1555,1545,-1,1545,1555,1547,-1,1548,1556,1549,-1,1549,1556,1557,-1,1544,1542,1545,-1,1545,1542,1532,-1,1545,1532,1554,-1,1554,1532,1535,-1,1554,1535,1552,-1,1516,1513,1518,-1,1518,1513,1512,-1,1518,1512,1528,-1,1528,1512,1558,-1,1528,1558,1526,-1,1526,1558,1559,-1,1526,1559,1524,-1,1524,1559,1560,-1,1524,1560,1522,-1,1522,1560,1561,-1,1522,1561,1520,-1,1520,1561,1556,-1,1520,1556,1530,-1,1530,1556,1548,-1,1530,1548,1541,-1,1541,1548,1550,-1,1541,1550,1539,-1,1539,1550,1552,-1,1539,1552,1537,-1,1537,1552,1535,-1,1512,1514,1562,-1,1512,1562,1558,-1,1558,1562,1563,-1,1558,1563,1559,-1,1559,1563,1564,-1,1559,1564,1560,-1,1560,1564,1565,-1,1560,1565,1561,-1,1561,1565,1557,-1,1561,1557,1556,-1,1551,1538,1553,-1,1553,1538,1536,-1,1553,1536,1555,-1,1555,1536,1534,-1,1555,1534,1547,-1,1547,1534,1533,-1,1547,1533,1546,-1,1546,1533,1543,-1,1515,1517,1514,-1,1514,1517,1519,-1,1514,1519,1562,-1,1562,1519,1529,-1,1562,1529,1563,-1,1563,1529,1527,-1,1563,1527,1564,-1,1564,1527,1525,-1,1564,1525,1565,-1,1565,1525,1523,-1,1565,1523,1557,-1,1557,1523,1521,-1,1557,1521,1549,-1,1549,1521,1531,-1,1549,1531,1551,-1,1551,1531,1540,-1,1551,1540,1538,-1,1566,1567,1568,-1,1568,1567,1569,-1,1567,1570,1569,-1,1569,1570,1571,-1,1570,1572,1571,-1,1571,1572,1573,-1,1574,1575,1576,-1,1576,1575,1577,-1,1576,1577,1578,-1,1578,1577,1579,-1,1578,1579,1580,-1,1580,1579,1581,-1,1580,1581,1582,-1,1582,1581,1583,-1,1582,1583,1572,-1,1572,1583,1573,-1,1574,1584,1575,-1,1575,1584,1585,-1,1586,1587,1588,-1,1586,1588,1589,-1,1589,1588,1590,-1,1589,1590,1591,-1,1591,1590,1592,-1,1591,1592,1593,-1,1593,1592,1594,-1,1593,1594,1595,-1,1595,1594,1585,-1,1595,1585,1584,-1,1586,1596,1587,-1,1587,1596,1597,-1,1598,1599,1600,-1,1600,1599,1601,-1,1602,1603,1604,-1,1604,1603,1605,-1,1604,1605,1606,-1,1606,1605,1607,-1,1606,1607,1608,-1,1608,1607,1609,-1,1608,1609,1599,-1,1599,1609,1601,-1,1602,1610,1603,-1,1603,1610,1611,-1,1598,1596,1599,-1,1599,1596,1586,-1,1599,1586,1608,-1,1608,1586,1589,-1,1608,1589,1606,-1,1570,1567,1572,-1,1572,1567,1566,-1,1572,1566,1582,-1,1582,1566,1612,-1,1582,1612,1580,-1,1580,1612,1613,-1,1580,1613,1578,-1,1578,1613,1614,-1,1578,1614,1576,-1,1576,1614,1615,-1,1576,1615,1574,-1,1574,1615,1610,-1,1574,1610,1584,-1,1584,1610,1602,-1,1584,1602,1595,-1,1595,1602,1604,-1,1595,1604,1593,-1,1593,1604,1606,-1,1593,1606,1591,-1,1591,1606,1589,-1,1566,1568,1616,-1,1566,1616,1612,-1,1612,1616,1617,-1,1612,1617,1613,-1,1613,1617,1618,-1,1613,1618,1614,-1,1614,1618,1619,-1,1614,1619,1615,-1,1615,1619,1611,-1,1615,1611,1610,-1,1605,1592,1607,-1,1607,1592,1590,-1,1607,1590,1609,-1,1609,1590,1588,-1,1609,1588,1601,-1,1601,1588,1587,-1,1601,1587,1600,-1,1600,1587,1597,-1,1569,1571,1568,-1,1568,1571,1573,-1,1568,1573,1616,-1,1616,1573,1583,-1,1616,1583,1617,-1,1617,1583,1581,-1,1617,1581,1618,-1,1618,1581,1579,-1,1618,1579,1619,-1,1619,1579,1577,-1,1619,1577,1611,-1,1611,1577,1575,-1,1611,1575,1603,-1,1603,1575,1585,-1,1603,1585,1605,-1,1605,1585,1594,-1,1605,1594,1592,-1,1620,1621,1622,-1,1622,1621,1623,-1,1621,1624,1623,-1,1623,1624,1625,-1,1624,1626,1625,-1,1625,1626,1627,-1,1628,1629,1630,-1,1630,1629,1631,-1,1630,1631,1632,-1,1632,1631,1633,-1,1632,1633,1634,-1,1634,1633,1635,-1,1634,1635,1636,-1,1636,1635,1637,-1,1636,1637,1626,-1,1626,1637,1627,-1,1628,1638,1629,-1,1629,1638,1639,-1,1640,1641,1642,-1,1640,1642,1643,-1,1643,1642,1644,-1,1643,1644,1645,-1,1645,1644,1646,-1,1645,1646,1647,-1,1647,1646,1648,-1,1647,1648,1649,-1,1649,1648,1639,-1,1649,1639,1638,-1,1640,1650,1641,-1,1641,1650,1651,-1,1652,1653,1654,-1,1654,1653,1655,-1,1656,1657,1658,-1,1658,1657,1659,-1,1658,1659,1660,-1,1660,1659,1661,-1,1660,1661,1662,-1,1662,1661,1663,-1,1662,1663,1653,-1,1653,1663,1655,-1,1656,1664,1657,-1,1657,1664,1665,-1,1652,1650,1653,-1,1653,1650,1640,-1,1653,1640,1662,-1,1662,1640,1643,-1,1662,1643,1660,-1,1624,1621,1626,-1,1626,1621,1620,-1,1626,1620,1636,-1,1636,1620,1666,-1,1636,1666,1634,-1,1634,1666,1667,-1,1634,1667,1632,-1,1632,1667,1668,-1,1632,1668,1630,-1,1630,1668,1669,-1,1630,1669,1628,-1,1628,1669,1664,-1,1628,1664,1638,-1,1638,1664,1656,-1,1638,1656,1649,-1,1649,1656,1658,-1,1649,1658,1647,-1,1647,1658,1660,-1,1647,1660,1645,-1,1645,1660,1643,-1,1620,1622,1670,-1,1620,1670,1666,-1,1666,1670,1671,-1,1666,1671,1667,-1,1667,1671,1672,-1,1667,1672,1668,-1,1668,1672,1673,-1,1668,1673,1669,-1,1669,1673,1665,-1,1669,1665,1664,-1,1659,1646,1661,-1,1661,1646,1644,-1,1661,1644,1663,-1,1663,1644,1642,-1,1663,1642,1655,-1,1655,1642,1641,-1,1655,1641,1654,-1,1654,1641,1651,-1,1623,1625,1622,-1,1622,1625,1627,-1,1622,1627,1670,-1,1670,1627,1637,-1,1670,1637,1671,-1,1671,1637,1635,-1,1671,1635,1672,-1,1672,1635,1633,-1,1672,1633,1673,-1,1673,1633,1631,-1,1673,1631,1665,-1,1665,1631,1629,-1,1665,1629,1657,-1,1657,1629,1639,-1,1657,1639,1659,-1,1659,1639,1648,-1,1659,1648,1646,-1,1674,1675,1676,-1,1676,1675,1677,-1,1675,1678,1677,-1,1677,1678,1679,-1,1678,1680,1679,-1,1679,1680,1681,-1,1682,1683,1684,-1,1684,1683,1685,-1,1684,1685,1686,-1,1686,1685,1687,-1,1686,1687,1688,-1,1688,1687,1689,-1,1688,1689,1690,-1,1690,1689,1691,-1,1690,1691,1680,-1,1680,1691,1681,-1,1682,1692,1683,-1,1683,1692,1693,-1,1694,1695,1696,-1,1694,1696,1697,-1,1697,1696,1698,-1,1697,1698,1699,-1,1699,1698,1700,-1,1699,1700,1701,-1,1701,1700,1702,-1,1701,1702,1703,-1,1703,1702,1693,-1,1703,1693,1692,-1,1694,1704,1695,-1,1695,1704,1705,-1,1706,1707,1708,-1,1708,1707,1709,-1,1710,1711,1712,-1,1712,1711,1713,-1,1712,1713,1714,-1,1714,1713,1715,-1,1714,1715,1716,-1,1716,1715,1717,-1,1716,1717,1707,-1,1707,1717,1709,-1,1710,1718,1711,-1,1711,1718,1719,-1,1706,1704,1707,-1,1707,1704,1694,-1,1707,1694,1716,-1,1716,1694,1697,-1,1716,1697,1714,-1,1678,1675,1680,-1,1680,1675,1674,-1,1680,1674,1690,-1,1690,1674,1720,-1,1690,1720,1688,-1,1688,1720,1721,-1,1688,1721,1686,-1,1686,1721,1722,-1,1686,1722,1684,-1,1684,1722,1723,-1,1684,1723,1682,-1,1682,1723,1718,-1,1682,1718,1692,-1,1692,1718,1710,-1,1692,1710,1703,-1,1703,1710,1712,-1,1703,1712,1701,-1,1701,1712,1714,-1,1701,1714,1699,-1,1699,1714,1697,-1,1674,1676,1724,-1,1674,1724,1720,-1,1720,1724,1725,-1,1720,1725,1721,-1,1721,1725,1726,-1,1721,1726,1722,-1,1722,1726,1727,-1,1722,1727,1723,-1,1723,1727,1719,-1,1723,1719,1718,-1,1713,1700,1715,-1,1715,1700,1698,-1,1715,1698,1717,-1,1717,1698,1696,-1,1717,1696,1709,-1,1709,1696,1695,-1,1709,1695,1708,-1,1708,1695,1705,-1,1677,1679,1676,-1,1676,1679,1681,-1,1676,1681,1724,-1,1724,1681,1691,-1,1724,1691,1725,-1,1725,1691,1689,-1,1725,1689,1726,-1,1726,1689,1687,-1,1726,1687,1727,-1,1727,1687,1685,-1,1727,1685,1719,-1,1719,1685,1683,-1,1719,1683,1711,-1,1711,1683,1693,-1,1711,1693,1713,-1,1713,1693,1702,-1,1713,1702,1700,-1,1728,1729,1730,-1,1730,1729,1731,-1,1729,1732,1731,-1,1731,1732,1733,-1,1732,1734,1733,-1,1733,1734,1735,-1,1736,1737,1738,-1,1738,1737,1739,-1,1738,1739,1740,-1,1740,1739,1741,-1,1740,1741,1742,-1,1742,1741,1743,-1,1742,1743,1744,-1,1744,1743,1745,-1,1744,1745,1734,-1,1734,1745,1735,-1,1736,1746,1737,-1,1737,1746,1747,-1,1748,1749,1750,-1,1748,1750,1751,-1,1751,1750,1752,-1,1751,1752,1753,-1,1753,1752,1754,-1,1753,1754,1755,-1,1755,1754,1756,-1,1755,1756,1757,-1,1757,1756,1747,-1,1757,1747,1746,-1,1748,1758,1749,-1,1749,1758,1759,-1,1760,1761,1762,-1,1762,1761,1763,-1,1764,1765,1766,-1,1766,1765,1767,-1,1766,1767,1768,-1,1768,1767,1769,-1,1768,1769,1770,-1,1770,1769,1771,-1,1770,1771,1761,-1,1761,1771,1763,-1,1764,1772,1765,-1,1765,1772,1773,-1,1760,1758,1761,-1,1761,1758,1748,-1,1761,1748,1770,-1,1770,1748,1751,-1,1770,1751,1768,-1,1732,1729,1734,-1,1734,1729,1728,-1,1734,1728,1744,-1,1744,1728,1774,-1,1744,1774,1742,-1,1742,1774,1775,-1,1742,1775,1740,-1,1740,1775,1776,-1,1740,1776,1738,-1,1738,1776,1777,-1,1738,1777,1736,-1,1736,1777,1772,-1,1736,1772,1746,-1,1746,1772,1764,-1,1746,1764,1757,-1,1757,1764,1766,-1,1757,1766,1755,-1,1755,1766,1768,-1,1755,1768,1753,-1,1753,1768,1751,-1,1728,1730,1778,-1,1728,1778,1774,-1,1774,1778,1779,-1,1774,1779,1775,-1,1775,1779,1780,-1,1775,1780,1776,-1,1776,1780,1781,-1,1776,1781,1777,-1,1777,1781,1773,-1,1777,1773,1772,-1,1767,1754,1769,-1,1769,1754,1752,-1,1769,1752,1771,-1,1771,1752,1750,-1,1771,1750,1763,-1,1763,1750,1749,-1,1763,1749,1762,-1,1762,1749,1759,-1,1731,1733,1730,-1,1730,1733,1735,-1,1730,1735,1778,-1,1778,1735,1745,-1,1778,1745,1779,-1,1779,1745,1743,-1,1779,1743,1780,-1,1780,1743,1741,-1,1780,1741,1781,-1,1781,1741,1739,-1,1781,1739,1773,-1,1773,1739,1737,-1,1773,1737,1765,-1,1765,1737,1747,-1,1765,1747,1767,-1,1767,1747,1756,-1,1767,1756,1754,-1,1782,1783,1784,-1,1784,1783,1785,-1,1783,1786,1785,-1,1785,1786,1787,-1,1786,1788,1787,-1,1787,1788,1789,-1,1790,1791,1792,-1,1792,1791,1793,-1,1792,1793,1794,-1,1794,1793,1795,-1,1794,1795,1796,-1,1796,1795,1797,-1,1796,1797,1798,-1,1798,1797,1799,-1,1798,1799,1788,-1,1788,1799,1789,-1,1790,1800,1791,-1,1791,1800,1801,-1,1802,1803,1804,-1,1802,1804,1805,-1,1805,1804,1806,-1,1805,1806,1807,-1,1807,1806,1808,-1,1807,1808,1809,-1,1809,1808,1810,-1,1809,1810,1811,-1,1811,1810,1801,-1,1811,1801,1800,-1,1802,1812,1803,-1,1803,1812,1813,-1,1814,1815,1816,-1,1816,1815,1817,-1,1818,1819,1820,-1,1820,1819,1821,-1,1820,1821,1822,-1,1822,1821,1823,-1,1822,1823,1824,-1,1824,1823,1825,-1,1824,1825,1815,-1,1815,1825,1817,-1,1818,1826,1819,-1,1819,1826,1827,-1,1814,1812,1815,-1,1815,1812,1802,-1,1815,1802,1824,-1,1824,1802,1805,-1,1824,1805,1822,-1,1786,1783,1788,-1,1788,1783,1782,-1,1788,1782,1798,-1,1798,1782,1828,-1,1798,1828,1796,-1,1796,1828,1829,-1,1796,1829,1794,-1,1794,1829,1830,-1,1794,1830,1792,-1,1792,1830,1831,-1,1792,1831,1790,-1,1790,1831,1826,-1,1790,1826,1800,-1,1800,1826,1818,-1,1800,1818,1811,-1,1811,1818,1820,-1,1811,1820,1809,-1,1809,1820,1822,-1,1809,1822,1807,-1,1807,1822,1805,-1,1782,1784,1832,-1,1782,1832,1828,-1,1828,1832,1833,-1,1828,1833,1829,-1,1829,1833,1834,-1,1829,1834,1830,-1,1830,1834,1835,-1,1830,1835,1831,-1,1831,1835,1827,-1,1831,1827,1826,-1,1821,1808,1823,-1,1823,1808,1806,-1,1823,1806,1825,-1,1825,1806,1804,-1,1825,1804,1817,-1,1817,1804,1803,-1,1817,1803,1816,-1,1816,1803,1813,-1,1785,1787,1784,-1,1784,1787,1789,-1,1784,1789,1832,-1,1832,1789,1799,-1,1832,1799,1833,-1,1833,1799,1797,-1,1833,1797,1834,-1,1834,1797,1795,-1,1834,1795,1835,-1,1835,1795,1793,-1,1835,1793,1827,-1,1827,1793,1791,-1,1827,1791,1819,-1,1819,1791,1801,-1,1819,1801,1821,-1,1821,1801,1810,-1,1821,1810,1808,-1,1836,1837,1838,-1,1838,1837,1839,-1,1837,1840,1839,-1,1839,1840,1841,-1,1840,1842,1841,-1,1841,1842,1843,-1,1844,1845,1846,-1,1846,1845,1847,-1,1846,1847,1848,-1,1848,1847,1849,-1,1848,1849,1850,-1,1850,1849,1851,-1,1850,1851,1852,-1,1852,1851,1853,-1,1852,1853,1842,-1,1842,1853,1843,-1,1844,1854,1845,-1,1845,1854,1855,-1,1856,1857,1858,-1,1856,1858,1859,-1,1859,1858,1860,-1,1859,1860,1861,-1,1861,1860,1862,-1,1861,1862,1863,-1,1863,1862,1864,-1,1863,1864,1865,-1,1865,1864,1855,-1,1865,1855,1854,-1,1856,1866,1857,-1,1857,1866,1867,-1,1868,1869,1870,-1,1870,1869,1871,-1,1872,1873,1874,-1,1874,1873,1875,-1,1874,1875,1876,-1,1876,1875,1877,-1,1876,1877,1878,-1,1878,1877,1879,-1,1878,1879,1869,-1,1869,1879,1871,-1,1872,1880,1873,-1,1873,1880,1881,-1,1868,1866,1869,-1,1869,1866,1856,-1,1869,1856,1878,-1,1878,1856,1859,-1,1878,1859,1876,-1,1840,1837,1842,-1,1842,1837,1836,-1,1842,1836,1852,-1,1852,1836,1882,-1,1852,1882,1850,-1,1850,1882,1883,-1,1850,1883,1848,-1,1848,1883,1884,-1,1848,1884,1846,-1,1846,1884,1885,-1,1846,1885,1844,-1,1844,1885,1880,-1,1844,1880,1854,-1,1854,1880,1872,-1,1854,1872,1865,-1,1865,1872,1874,-1,1865,1874,1863,-1,1863,1874,1876,-1,1863,1876,1861,-1,1861,1876,1859,-1,1836,1838,1886,-1,1836,1886,1882,-1,1882,1886,1887,-1,1882,1887,1883,-1,1883,1887,1888,-1,1883,1888,1884,-1,1884,1888,1889,-1,1884,1889,1885,-1,1885,1889,1881,-1,1885,1881,1880,-1,1875,1862,1877,-1,1877,1862,1860,-1,1877,1860,1879,-1,1879,1860,1858,-1,1879,1858,1871,-1,1871,1858,1857,-1,1871,1857,1870,-1,1870,1857,1867,-1,1839,1841,1838,-1,1838,1841,1843,-1,1838,1843,1886,-1,1886,1843,1853,-1,1886,1853,1887,-1,1887,1853,1851,-1,1887,1851,1888,-1,1888,1851,1849,-1,1888,1849,1889,-1,1889,1849,1847,-1,1889,1847,1881,-1,1881,1847,1845,-1,1881,1845,1873,-1,1873,1845,1855,-1,1873,1855,1875,-1,1875,1855,1864,-1,1875,1864,1862,-1,1890,1891,1892,-1,1892,1891,1893,-1,1891,1894,1893,-1,1893,1894,1895,-1,1894,1896,1895,-1,1895,1896,1897,-1,1898,1899,1900,-1,1900,1899,1901,-1,1900,1901,1902,-1,1902,1901,1903,-1,1902,1903,1904,-1,1904,1903,1905,-1,1904,1905,1906,-1,1906,1905,1907,-1,1906,1907,1896,-1,1896,1907,1897,-1,1898,1908,1899,-1,1899,1908,1909,-1,1910,1911,1912,-1,1910,1912,1913,-1,1913,1912,1914,-1,1913,1914,1915,-1,1915,1914,1916,-1,1915,1916,1917,-1,1917,1916,1918,-1,1917,1918,1919,-1,1919,1918,1909,-1,1919,1909,1908,-1,1910,1920,1911,-1,1911,1920,1921,-1,1922,1923,1924,-1,1924,1923,1925,-1,1926,1927,1928,-1,1928,1927,1929,-1,1928,1929,1930,-1,1930,1929,1931,-1,1930,1931,1932,-1,1932,1931,1933,-1,1932,1933,1923,-1,1923,1933,1925,-1,1926,1934,1927,-1,1927,1934,1935,-1,1922,1920,1923,-1,1923,1920,1910,-1,1923,1910,1932,-1,1932,1910,1913,-1,1932,1913,1930,-1,1894,1891,1896,-1,1896,1891,1890,-1,1896,1890,1906,-1,1906,1890,1936,-1,1906,1936,1904,-1,1904,1936,1937,-1,1904,1937,1902,-1,1902,1937,1938,-1,1902,1938,1900,-1,1900,1938,1939,-1,1900,1939,1898,-1,1898,1939,1934,-1,1898,1934,1908,-1,1908,1934,1926,-1,1908,1926,1919,-1,1919,1926,1928,-1,1919,1928,1917,-1,1917,1928,1930,-1,1917,1930,1915,-1,1915,1930,1913,-1,1890,1892,1940,-1,1890,1940,1936,-1,1936,1940,1941,-1,1936,1941,1937,-1,1937,1941,1942,-1,1937,1942,1938,-1,1938,1942,1943,-1,1938,1943,1939,-1,1939,1943,1935,-1,1939,1935,1934,-1,1929,1916,1931,-1,1931,1916,1914,-1,1931,1914,1933,-1,1933,1914,1912,-1,1933,1912,1925,-1,1925,1912,1911,-1,1925,1911,1924,-1,1924,1911,1921,-1,1893,1895,1892,-1,1892,1895,1897,-1,1892,1897,1940,-1,1940,1897,1907,-1,1940,1907,1941,-1,1941,1907,1905,-1,1941,1905,1942,-1,1942,1905,1903,-1,1942,1903,1943,-1,1943,1903,1901,-1,1943,1901,1935,-1,1935,1901,1899,-1,1935,1899,1927,-1,1927,1899,1909,-1,1927,1909,1929,-1,1929,1909,1918,-1,1929,1918,1916,-1,1944,1945,1946,-1,1946,1945,1947,-1,1945,1948,1947,-1,1947,1948,1949,-1,1948,1950,1949,-1,1949,1950,1951,-1,1952,1953,1954,-1,1954,1953,1955,-1,1954,1955,1956,-1,1956,1955,1957,-1,1956,1957,1958,-1,1958,1957,1959,-1,1958,1959,1960,-1,1960,1959,1961,-1,1960,1961,1950,-1,1950,1961,1951,-1,1952,1962,1953,-1,1953,1962,1963,-1,1964,1965,1966,-1,1964,1966,1967,-1,1967,1966,1968,-1,1967,1968,1969,-1,1969,1968,1970,-1,1969,1970,1971,-1,1971,1970,1972,-1,1971,1972,1973,-1,1973,1972,1963,-1,1973,1963,1962,-1,1964,1974,1965,-1,1965,1974,1975,-1,1976,1977,1978,-1,1978,1977,1979,-1,1980,1981,1982,-1,1982,1981,1983,-1,1982,1983,1984,-1,1984,1983,1985,-1,1984,1985,1986,-1,1986,1985,1987,-1,1986,1987,1977,-1,1977,1987,1979,-1,1980,1988,1981,-1,1981,1988,1989,-1,1976,1974,1977,-1,1977,1974,1964,-1,1977,1964,1986,-1,1986,1964,1967,-1,1986,1967,1984,-1,1948,1945,1950,-1,1950,1945,1944,-1,1950,1944,1960,-1,1960,1944,1990,-1,1960,1990,1958,-1,1958,1990,1991,-1,1958,1991,1956,-1,1956,1991,1992,-1,1956,1992,1954,-1,1954,1992,1993,-1,1954,1993,1952,-1,1952,1993,1988,-1,1952,1988,1962,-1,1962,1988,1980,-1,1962,1980,1973,-1,1973,1980,1982,-1,1973,1982,1971,-1,1971,1982,1984,-1,1971,1984,1969,-1,1969,1984,1967,-1,1944,1946,1994,-1,1944,1994,1990,-1,1990,1994,1995,-1,1990,1995,1991,-1,1991,1995,1996,-1,1991,1996,1992,-1,1992,1996,1997,-1,1992,1997,1993,-1,1993,1997,1989,-1,1993,1989,1988,-1,1983,1970,1985,-1,1985,1970,1968,-1,1985,1968,1987,-1,1987,1968,1966,-1,1987,1966,1979,-1,1979,1966,1965,-1,1979,1965,1978,-1,1978,1965,1975,-1,1947,1949,1946,-1,1946,1949,1951,-1,1946,1951,1994,-1,1994,1951,1961,-1,1994,1961,1995,-1,1995,1961,1959,-1,1995,1959,1996,-1,1996,1959,1957,-1,1996,1957,1997,-1,1997,1957,1955,-1,1997,1955,1989,-1,1989,1955,1953,-1,1989,1953,1981,-1,1981,1953,1963,-1,1981,1963,1983,-1,1983,1963,1972,-1,1983,1972,1970,-1,1998,1999,2000,-1,2000,1999,2001,-1,1999,2002,2001,-1,2001,2002,2003,-1,2002,2004,2003,-1,2003,2004,2005,-1,2006,2007,2008,-1,2008,2007,2009,-1,2008,2009,2010,-1,2010,2009,2011,-1,2010,2011,2012,-1,2012,2011,2013,-1,2012,2013,2014,-1,2014,2013,2015,-1,2014,2015,2004,-1,2004,2015,2005,-1,2006,2016,2007,-1,2007,2016,2017,-1,2018,2019,2020,-1,2018,2020,2021,-1,2021,2020,2022,-1,2021,2022,2023,-1,2023,2022,2024,-1,2023,2024,2025,-1,2025,2024,2026,-1,2025,2026,2027,-1,2027,2026,2017,-1,2027,2017,2016,-1,2018,2028,2019,-1,2019,2028,2029,-1,2030,2031,2032,-1,2032,2031,2033,-1,2034,2035,2036,-1,2036,2035,2037,-1,2036,2037,2038,-1,2038,2037,2039,-1,2038,2039,2040,-1,2040,2039,2041,-1,2040,2041,2031,-1,2031,2041,2033,-1,2034,2042,2035,-1,2035,2042,2043,-1,2030,2028,2031,-1,2031,2028,2018,-1,2031,2018,2040,-1,2040,2018,2021,-1,2040,2021,2038,-1,2002,1999,2004,-1,2004,1999,1998,-1,2004,1998,2014,-1,2014,1998,2044,-1,2014,2044,2012,-1,2012,2044,2045,-1,2012,2045,2010,-1,2010,2045,2046,-1,2010,2046,2008,-1,2008,2046,2047,-1,2008,2047,2006,-1,2006,2047,2042,-1,2006,2042,2016,-1,2016,2042,2034,-1,2016,2034,2027,-1,2027,2034,2036,-1,2027,2036,2025,-1,2025,2036,2038,-1,2025,2038,2023,-1,2023,2038,2021,-1,1998,2000,2048,-1,1998,2048,2044,-1,2044,2048,2049,-1,2044,2049,2045,-1,2045,2049,2050,-1,2045,2050,2046,-1,2046,2050,2051,-1,2046,2051,2047,-1,2047,2051,2043,-1,2047,2043,2042,-1,2037,2024,2039,-1,2039,2024,2022,-1,2039,2022,2041,-1,2041,2022,2020,-1,2041,2020,2033,-1,2033,2020,2019,-1,2033,2019,2032,-1,2032,2019,2029,-1,2001,2003,2000,-1,2000,2003,2005,-1,2000,2005,2048,-1,2048,2005,2015,-1,2048,2015,2049,-1,2049,2015,2013,-1,2049,2013,2050,-1,2050,2013,2011,-1,2050,2011,2051,-1,2051,2011,2009,-1,2051,2009,2043,-1,2043,2009,2007,-1,2043,2007,2035,-1,2035,2007,2017,-1,2035,2017,2037,-1,2037,2017,2026,-1,2037,2026,2024,-1,2052,2053,2054,-1,2052,2054,2055,-1,2055,2054,2056,-1,2055,2056,2057,-1,2057,2056,2058,-1,2057,2058,2059,-1,2059,2058,2060,-1,2059,2060,2061,-1,2061,2060,2062,-1,2061,2062,2063,-1,2063,2062,2064,-1,2063,2064,2065,-1,2065,2064,2066,-1,2066,2064,2067,-1,2066,2067,2068,-1,2068,2067,2069,-1,2068,2069,2070,-1,2070,2069,2071,-1,2070,2071,2072,-1,2072,2071,2073,-1,2072,2073,2074,-1,2074,2073,2075,-1,2074,2075,2076,-1,2076,2075,2077,-1,2076,2077,2078,-1,2078,2077,2079,-1,2078,2079,2080,-1,2080,2079,2081,-1,2081,2079,2082,-1,2081,2082,2083,-1,2083,2082,2084,-1,2083,2084,2085,-1,2085,2084,2086,-1,2085,2086,2087,-1,2087,2086,2088,-1,2087,2088,2089,-1,2089,2088,2090,-1,2089,2090,2091,-1,2091,2090,2092,-1,2091,2092,2093,-1,2093,2092,2094,-1,2093,2094,2095,-1,2095,2094,2096,-1,2096,2094,2097,-1,2096,2097,2098,-1,2098,2097,2099,-1,2098,2099,2100,-1,2100,2099,2101,-1,2100,2101,2102,-1,2102,2101,2103,-1,2102,2103,2104,-1,2104,2103,2105,-1,2104,2105,2106,-1,2106,2105,2107,-1,2106,2107,2108,-1,2108,2107,2109,-1,2108,2109,2110,-1,2110,2109,2111,-1,2111,2109,2053,-1,2111,2053,2052,-1,
        ]
    }
}
Shape{
    appearance Appearance {
        material  Material 	{
            diffuseColor 1.0 1.0 1.0
            specularColor 0.8784313725490196 0.8784313725490196 0.8784313725490196
            ambientIntensity 1.0
            transparency 0.0
            shininess 0.5
        }
    }
    geometry IndexedFaceSet {
        ccw TRUE
        solid FALSE
        coord DEF co Coordinate {
            point [
                -0.3337 0.0944 0.0394, -0.4105 -0.1024 0.0394, -0.3337 0.0944 0.0315, -0.4105 -0.1024 0.0315, -0.3817 -0.1024 0.0394, -0.3817 -0.1024 0.0315, -0.3618 -0.0472 0.0394, -0.3618 -0.0472 0.0315, -0.2805 -0.0472 0.0394, -0.2805 -0.0472 0.0315, -0.2617 -0.1024 0.0394, -0.2617 -0.1024 0.0315, -0.2329 -0.1024 0.0394, -0.2329 -0.1024 0.0315, -0.3073 0.0944 0.0394, -0.3073 0.0944 0.0315, -0.2871 -0.0256 0.0394, -0.353 -0.0256 0.0394, -0.3165 0.0566 0.0394, -0.3184 0.0635 0.0394, -0.3197 0.0704 0.0394, -0.3203 0.0704 0.0394, -0.3216 0.0635 0.0394, -0.3233 0.0566 0.0394, -0.2871 -0.0256 0.0315, -0.353 -0.0256 0.0315, -0.3165 0.0566 0.0315, -0.3184 0.0635 0.0315, -0.3197 0.0704 0.0315, -0.3203 0.0704 0.0315, -0.3216 0.0635 0.0315, -0.3233 0.0566 0.0315, -0.1136 -0.1024 0.0394, -0.0601 -0.1024 0.0394, -0.1136 -0.1024 0.0315, -0.0601 -0.1024 0.0315, -0.0601 0.0944 0.0394, -0.0601 0.0944 0.0315, -0.1156 0.0944 0.0394, -0.1156 0.0944 0.0315, -0.2185 -0.0015 0.0394, -0.2185 -0.0015 0.0315, -0.2171 0.017 0.0315, -0.2171 0.017 0.0394, -0.2118 0.0364 0.0315, -0.2118 0.0364 0.0394, -0.2026 0.0533 0.0315, -0.2026 0.0533 0.0394, -0.1887 0.0688 0.0315, -0.1887 0.0688 0.0394, -0.1885 0.069 0.0315, -0.1885 0.069 0.0394, -0.1671 0.0833 0.0315, -0.1671 0.0833 0.0394, -0.144 0.0914 0.0315, -0.144 0.0914 0.0394, -0.1379 -0.1003 0.0315, -0.1379 -0.1003 0.0394, -0.1606 -0.0935 0.0315, -0.1606 -0.0935 0.0394, -0.1812 -0.0816 0.0315, -0.1812 -0.0816 0.0394, -0.1974 -0.0661 0.0315, -0.1974 -0.0661 0.0394, -0.2087 -0.0485 0.0315, -0.2087 -0.0485 0.0394, -0.2157 -0.0278 0.0315, -0.2157 -0.0278 0.0394, -0.179 0.0452 0.0394, -0.1694 0.0554 0.0394, -0.155 0.0647 0.0394, -0.1388 0.0704 0.0394, -0.1155 0.0728 0.0394, -0.0865 0.0728 0.0394, -0.0865 -0.0808 0.0394, -0.1144 -0.0808 0.0394, -0.1352 -0.0789 0.0394, -0.1517 -0.0737 0.0394, -0.1652 -0.0657 0.0394, -0.1762 -0.0548 0.0394, -0.1845 -0.0412 0.0394, -0.1903 -0.0227 0.0394, -0.1921 -0.0021 0.0394, -0.1904 0.0175 0.0394, -0.1858 0.0331 0.0394, -0.1155 0.0728 0.0315, -0.0865 0.0728 0.0315, -0.1388 0.0704 0.0315, -0.155 0.0647 0.0315, -0.1694 0.0554 0.0315, -0.179 0.0452 0.0315, -0.1858 0.0331 0.0315, -0.1904 0.0175 0.0315, -0.1921 -0.0021 0.0315, -0.1903 -0.0227 0.0315, -0.1845 -0.0412 0.0315, -0.1762 -0.0548 0.0315, -0.1652 -0.0657 0.0315, -0.1517 -0.0737 0.0315, -0.1352 -0.0789 0.0315, -0.1144 -0.0808 0.0315, -0.0865 -0.0808 0.0315, -0.0216 -0.0808 0.0394, -0.0216 -0.1024 0.0394, -0.0216 -0.0808 0.0315, -0.0216 -0.1024 0.0315, 0.084 -0.1024 0.0394, 0.084 -0.1024 0.0315, 0.084 0.0944 0.0394, 0.084 0.0944 0.0315, -0.0168 0.0944 0.0394, -0.0168 0.0944 0.0315, -0.0168 0.0728 0.0394, -0.0168 0.0728 0.0315, 0.0576 0.0728 0.0394, 0.0576 0.0728 0.0315, 0.0576 0.008 0.0394, 0.0576 0.008 0.0315, -0.012 0.008 0.0394, -0.012 0.008 0.0315, -0.012 -0.0136 0.0394, -0.012 -0.0136 0.0315, 0.0576 -0.0136 0.0394, 0.0576 -0.0136 0.0315, 0.0576 -0.0808 0.0394, 0.0576 -0.0808 0.0315, 0.1224 -0.0706 0.0394, 0.1224 -0.0922 0.0394, 0.1224 -0.0706 0.0315, 0.1224 -0.0922 0.0315, 0.1434 -0.1008 0.0394, 0.1766 -0.1048 0.0394, 0.1766 -0.1048 0.0315, 0.1712 -0.1047 0.0315, 0.1712 -0.1047 0.0394, 0.1633 -0.1036 0.0315, 0.1434 -0.1008 0.0315, 0.2688 -0.0077 0.0394, 0.2688 -0.0077 0.0315, 0.2669 -0.0305 0.0315, 0.2669 -0.0305 0.0394, 0.261 -0.0513 0.0315, 0.261 -0.0513 0.0394, 0.2505 -0.07 0.0315, 0.2505 -0.07 0.0394, 0.2357 -0.0856 0.0315, 0.2357 -0.0856 0.0394, 0.2199 -0.0957 0.0315, 0.2199 -0.0957 0.0394, 0.2008 -0.1023 0.0315, 0.2008 -0.1023 0.0394, 0.1881 -0.1036 0.0315, 0.1687 0.0968 0.0394, 0.1687 0.0968 0.0315, 0.1885 0.0952 0.0315, 0.1885 0.0952 0.0394, 0.2104 0.0889 0.0315, 0.2104 0.0889 0.0394, 0.2291 0.0781 0.0315, 0.2291 0.0781 0.0394, 0.2469 0.061 0.0315, 0.2469 0.061 0.0394, 0.2584 0.0426 0.0315, 0.2584 0.0426 0.0394, 0.266 0.0203 0.0315, 0.266 0.0203 0.0394, 0.1224 0.089 0.0394, 0.1224 0.089 0.0315, 0.1452 0.0952 0.0315, 0.1452 0.0952 0.0394, 0.1224 0.0626 0.0394, 0.1224 0.0626 0.0315, 0.1685 0.0752 0.0394, 0.1685 0.0752 0.0315, 0.1446 0.0721 0.0315, 0.1446 0.0721 0.0394, 0.2424 -0.0061 0.0394, 0.2424 -0.0061 0.0315, 0.2415 0.0092 0.0315, 0.2415 0.0092 0.0394, 0.2362 0.0303 0.0315, 0.2362 0.0303 0.0394, 0.2281 0.0455 0.0315, 0.2281 0.0455 0.0394, 0.2162 0.0586 0.0315, 0.2162 0.0586 0.0394, 0.2026 0.0677 0.0315, 0.2026 0.0677 0.0394, 0.1879 0.0731 0.0315, 0.1879 0.0731 0.0394, 0.1729 -0.0832 0.0394, 0.1729 -0.0832 0.0315, 0.1913 -0.0811 0.0315, 0.1913 -0.0811 0.0394, 0.2056 -0.0759 0.0315, 0.2056 -0.0759 0.0394, 0.2177 -0.0677 0.0315, 0.2177 -0.0677 0.0394, 0.2269 -0.058 0.0315, 0.2269 -0.058 0.0394, 0.2351 -0.0443 0.0315, 0.2351 -0.0443 0.0394, 0.2404 -0.0274 0.0315, 0.2404 -0.0274 0.0394, 0.1259 -0.0725 0.0315, 0.1259 -0.0725 0.0394, 0.1468 -0.0803 0.0315, 0.1468 -0.0803 0.0394, 0.2856 -0.0808 0.0394, 0.2856 -0.1024 0.0394, 0.2856 -0.0808 0.0315, 0.2856 -0.1024 0.0315, 0.3865 -0.1024 0.0394, 0.3865 -0.1024 0.0315, 0.3865 0.0944 0.0394, 0.3865 0.0944 0.0315, 0.3601 0.0944 0.0394, 0.3601 0.0944 0.0315, 0.3601 -0.0808 0.0394, 0.3601 -0.0808 0.0315
            ]
        }
        coordIndex [
            0,1,2,-1,2,1,3,-1,1,4,3,-1,3,4,5,-1,4,6,5,-1,5,6,7,-1,6,8,7,-1,7,8,9,-1,8,10,9,-1,9,10,11,-1,10,12,11,-1,11,12,13,-1,12,14,13,-1,13,14,15,-1,14,0,15,-1,15,0,2,-1,16,8,17,-1,17,8,6,-1,18,14,16,-1,16,14,12,-1,16,12,8,-1,8,12,10,-1,18,19,14,-1,14,19,20,-1,14,20,0,-1,0,20,21,-1,0,21,22,-1,22,23,0,-1,0,23,17,-1,0,17,1,-1,1,17,6,-1,1,6,4,-1,16,17,24,-1,24,17,25,-1,18,16,26,-1,26,16,24,-1,18,26,27,-1,18,27,19,-1,19,27,28,-1,19,28,20,-1,21,20,29,-1,29,20,28,-1,21,29,30,-1,21,30,22,-1,22,30,31,-1,22,31,23,-1,17,23,25,-1,25,23,31,-1,32,33,34,-1,34,33,35,-1,33,36,35,-1,35,36,37,-1,36,38,37,-1,37,38,39,-1,40,41,42,-1,40,42,43,-1,43,42,44,-1,43,44,45,-1,45,44,46,-1,45,46,47,-1,47,46,48,-1,47,48,49,-1,49,48,50,-1,49,50,51,-1,51,50,52,-1,51,52,53,-1,53,52,54,-1,53,54,55,-1,55,54,39,-1,55,39,38,-1,32,34,56,-1,32,56,57,-1,57,56,58,-1,57,58,59,-1,59,58,60,-1,59,60,61,-1,61,60,62,-1,61,62,63,-1,63,62,64,-1,63,64,65,-1,65,64,66,-1,65,66,67,-1,67,66,41,-1,67,41,40,-1,45,47,68,-1,68,47,49,-1,68,49,69,-1,69,49,51,-1,69,51,70,-1,70,51,53,-1,70,53,71,-1,71,53,55,-1,71,55,72,-1,72,55,38,-1,72,38,73,-1,73,38,36,-1,73,36,74,-1,74,36,33,-1,74,33,75,-1,75,33,32,-1,75,32,76,-1,76,32,57,-1,76,57,77,-1,77,57,59,-1,77,59,78,-1,78,59,61,-1,78,61,79,-1,79,61,63,-1,79,63,80,-1,80,63,65,-1,80,65,81,-1,81,65,67,-1,81,67,82,-1,82,67,40,-1,82,40,83,-1,83,40,43,-1,83,43,84,-1,84,43,45,-1,84,45,68,-1,72,73,85,-1,85,73,86,-1,72,85,87,-1,72,87,71,-1,71,87,88,-1,71,88,70,-1,70,88,89,-1,70,89,69,-1,69,89,90,-1,69,90,68,-1,68,90,91,-1,68,91,84,-1,84,91,92,-1,84,92,83,-1,83,92,93,-1,83,93,82,-1,82,93,94,-1,82,94,81,-1,81,94,95,-1,81,95,80,-1,80,95,96,-1,80,96,79,-1,79,96,97,-1,79,97,78,-1,78,97,98,-1,78,98,77,-1,77,98,99,-1,77,99,76,-1,76,99,100,-1,76,100,75,-1,74,75,101,-1,101,75,100,-1,73,74,86,-1,86,74,101,-1,102,103,104,-1,104,103,105,-1,103,106,105,-1,105,106,107,-1,106,108,107,-1,107,108,109,-1,108,110,109,-1,109,110,111,-1,110,112,111,-1,111,112,113,-1,112,114,113,-1,113,114,115,-1,114,116,115,-1,115,116,117,-1,116,118,117,-1,117,118,119,-1,118,120,119,-1,119,120,121,-1,120,122,121,-1,121,122,123,-1,122,124,123,-1,123,124,125,-1,124,102,125,-1,125,102,104,-1,106,103,102,-1,102,124,106,-1,106,124,122,-1,106,122,108,-1,112,110,114,-1,114,110,108,-1,114,108,116,-1,116,108,122,-1,116,122,118,-1,118,122,120,-1,126,127,128,-1,128,127,129,-1,129,127,130,-1,131,132,133,-1,131,133,134,-1,134,133,135,-1,134,135,130,-1,130,135,136,-1,130,136,129,-1,137,138,139,-1,137,139,140,-1,140,139,141,-1,140,141,142,-1,142,141,143,-1,142,143,144,-1,144,143,145,-1,144,145,146,-1,146,145,147,-1,146,147,148,-1,148,147,149,-1,148,149,150,-1,150,149,131,-1,131,149,151,-1,131,151,132,-1,152,153,154,-1,152,154,155,-1,155,154,156,-1,155,156,157,-1,157,156,158,-1,157,158,159,-1,159,158,160,-1,159,160,161,-1,161,160,162,-1,161,162,163,-1,163,162,164,-1,163,164,165,-1,165,164,138,-1,165,138,137,-1,166,167,168,-1,166,168,169,-1,169,168,153,-1,169,153,152,-1,166,170,167,-1,167,170,171,-1,172,173,174,-1,172,174,175,-1,175,174,171,-1,175,171,170,-1,176,177,178,-1,176,178,179,-1,179,178,180,-1,179,180,181,-1,181,180,182,-1,181,182,183,-1,183,182,184,-1,183,184,185,-1,185,184,186,-1,185,186,187,-1,187,186,188,-1,187,188,189,-1,189,188,173,-1,189,173,172,-1,190,191,192,-1,190,192,193,-1,193,192,194,-1,193,194,195,-1,195,194,196,-1,195,196,197,-1,197,196,198,-1,197,198,199,-1,199,198,200,-1,199,200,201,-1,201,200,202,-1,201,202,203,-1,203,202,177,-1,203,177,176,-1,126,128,204,-1,126,204,205,-1,205,204,206,-1,205,206,207,-1,207,206,191,-1,207,191,190,-1,193,131,190,-1,190,131,134,-1,190,134,207,-1,207,134,130,-1,207,130,205,-1,205,130,127,-1,205,127,126,-1,170,166,175,-1,175,166,169,-1,175,169,172,-1,172,169,152,-1,172,152,189,-1,189,152,155,-1,189,155,187,-1,187,155,157,-1,187,157,185,-1,185,157,159,-1,185,159,183,-1,183,159,161,-1,183,161,181,-1,181,161,163,-1,181,163,179,-1,179,163,165,-1,179,165,176,-1,176,165,137,-1,176,137,203,-1,203,137,140,-1,203,140,201,-1,201,140,142,-1,201,142,199,-1,199,142,144,-1,199,144,197,-1,197,144,146,-1,197,146,195,-1,195,146,148,-1,195,148,193,-1,193,148,150,-1,193,150,131,-1,208,209,210,-1,210,209,211,-1,209,212,211,-1,211,212,213,-1,212,214,213,-1,213,214,215,-1,214,216,215,-1,215,216,217,-1,216,218,217,-1,217,218,219,-1,218,208,219,-1,219,208,210,-1,216,214,218,-1,218,214,212,-1,218,212,208,-1,208,212,209,-1,
        ]
    }
}
Shape{
    appearance Appearance {
        material  Material 	{
            diffuseColor 0.6666666666666666 0.6666666666666666 0.6666666666666666
            specularColor 0.4666666666666667 0.4666666666666667 0.4666666666666667
            ambientIntensity 0.6667
            transparency 0.0
            shininess 0.5
        }
    }
    geometry IndexedFaceSet {
        ccw TRUE
        solid FALSE
        coord DEF co Coordinate {
            point [
                -0.2871 -0.0256 0.0315, -0.353 -0.0256 0.0315, -0.3165 0.0566 0.0315, -0.3233 0.0566 0.0315, -0.3184 0.0635 0.0315, -0.3216 0.0635 0.0315, -0.3197 0.0704 0.0315, -0.3203 0.0704 0.0315, -0.0865 0.0728 0.0315, -0.0865 -0.0808 0.0315, -0.1155 0.0728 0.0315, -0.1144 -0.0808 0.0315, -0.1352 -0.0789 0.0315, -0.1921 -0.0021 0.0315, -0.1904 0.0175 0.0315, -0.1858 0.0331 0.0315, -0.1388 0.0704 0.0315, -0.1517 -0.0737 0.0315, -0.1652 -0.0657 0.0315, -0.1762 -0.0548 0.0315, -0.1845 -0.0412 0.0315, -0.1903 -0.0227 0.0315, -0.179 0.0452 0.0315, -0.1694 0.0554 0.0315, -0.155 0.0647 0.0315
            ]
        }
        coordIndex [
            0,1,2,-1,2,1,3,-1,2,3,4,-1,4,3,5,-1,4,5,6,-1,6,5,7,-1,8,9,10,-1,10,9,11,-1,10,11,12,-1,13,14,10,-1,10,14,15,-1,10,15,16,-1,12,17,10,-1,10,17,18,-1,10,18,19,-1,19,20,10,-1,10,20,21,-1,10,21,13,-1,22,23,15,-1,15,23,24,-1,15,24,16,-1,
        ]
    }
}