#VRML V2.0 utf8
# 3D model generated by easyeda2kicad.py (https://github.com/uPesy/easyeda2kicad.py)

Shape{
    appearance Appearance {
        material  Material 	{
            diffuseColor 0.8509803921568627 0.8509803921568627 0.8509803921568627
            specularColor 0.4235294117647059 0.4235294117647059 0.4235294117647059
            ambientIntensity 0.851
            transparency 0.0
            shininess 0.5
        }
    }
    geometry IndexedFaceSet {
        ccw TRUE
        solid FALSE
        coord DEF co Coordinate {
            point [
                -0.8409 -0.3846 0.2386, -0.8335 -0.3846 0.2476, -0.6298 -0.3846 0.2244, 0.6126 -0.3846 0.2977, 0.8221 -0.3846 1.0433, 0.622 -0.3846 0.2854, 0.8221 -0.3846 0.2953, 0.6279 -0.3846 0.2712, -0.8281 -0.3846 0.2578, -0.8247 -0.3846 0.2688, -0.6314 -0.3846 0.2381, -0.6314 -0.3846 0.2559, -0.8882 -0.3846 -0.0024, -0.8976 -0.3846 0.0098, -0.6175 -0.3846 0.2, -0.9035 -0.3846 0.0241, -0.6251 -0.3846 0.2115, 0.2713 -0.3846 1.0062, 0.2105 -0.3846 1.0474, 0.8221 -0.3846 1.2992, 0.1435 -0.3846 1.0776, -0.8236 -0.3846 1.0433, -0.6141 -0.3846 0.2977, -0.8236 -0.3846 0.2953, -0.6235 -0.3846 0.2854, -0.6294 -0.3846 0.2712, -0.901 -0.3846 0.1721, -0.8956 -0.3846 0.1823, -0.8882 -0.3846 0.1913, -0.8236 -0.3846 0.2804, -0.5969 -0.3846 0.1731, -0.5922 -0.3846 0.1602, -0.876 -0.3846 -0.0118, 0.3474 -0.3846 0.4118, 0.5862 -0.3846 0.3129, 0.2989 -0.3846 0.3566, 0.5709 -0.3846 0.315, 0.5034 -0.3846 0.3028, 0.036 -0.3846 0.2378, 0.5144 -0.3846 0.3095, 0.1084 -0.3846 0.2502, -0.9055 -0.3846 0.0394, -0.9055 -0.3846 0.1495, -0.9044 -0.3846 0.161, -0.6045 -0.3846 0.1846, 0.6299 -0.3846 0.2559, 0.8221 -0.3846 0.2686, 0.6299 -0.3846 0.2371, 0.8236 -0.3846 0.2554, 0.6285 -0.3846 0.224, 0.828 -0.3846 0.2429, 0.6172 -0.3846 0.2004, 0.6241 -0.3846 0.2116, 0.5393 -0.3846 0.315, 0.5265 -0.3846 0.3136, 0.2418 -0.3846 0.3105, 0.1776 -0.3846 0.2747, -0.528 -0.3846 0.3136, -0.4241 -0.3846 0.7605, -0.5159 -0.3846 0.3095, -0.4334 -0.3846 0.6877, 0.592 -0.3846 0.1594, 0.5963 -0.3846 0.1718, 0.6033 -0.3846 0.183, 0.6078 -0.3846 -0.0024, 0.8445 -0.3846 0.2223, 0.6201 -0.3846 -0.0118, 0.6343 -0.3846 -0.0177, 0.386 -0.3846 0.4743, 0.4133 -0.3846 0.5425, 0.4288 -0.3846 0.6143, -0.1791 -0.3846 0.2747, -0.1099 -0.3846 0.2502, -0.281 -0.3846 0.0394, 0.0724 -0.3846 1.0961, -0.0007 -0.3846 1.1024, -0.8236 -0.3846 1.2992, -0.0739 -0.3846 1.0961, -0.145 -0.3846 1.0776, -0.8465 -0.3846 -0.0197, -0.5906 -0.3846 0.0394, -0.6496 -0.3846 -0.0197, -0.5926 -0.3846 0.0241, -0.5985 -0.3846 0.0098, -0.5906 -0.3846 0.1465, -0.8617 -0.3846 -0.0177, 0.5985 -0.3846 0.0098, 0.5926 -0.3846 0.0241, 0.8351 -0.3846 0.2317, 0.5906 -0.3846 0.0394, 0.5906 -0.3846 0.1463, 0.8831 -0.3846 0.1917, 0.8925 -0.3846 0.1823, 0.8996 -0.3846 0.1711, 0.6004 -0.3846 0.307, 0.4319 -0.3846 0.6877, 0.4226 -0.3846 0.7605, 0.4011 -0.3846 0.8308, -0.4303 -0.3846 0.6143, -0.4148 -0.3846 0.5425, -0.5049 -0.3846 0.3028, -0.2119 -0.3846 1.0474, -0.2728 -0.3846 1.0062, -0.3258 -0.3846 0.9554, -0.6078 -0.3846 -0.0024, -0.6201 -0.3846 -0.0118, -0.6343 -0.3846 -0.0177, 0.8465 -0.3846 -0.0197, 0.6496 -0.3846 -0.0197, 0.9055 -0.3846 0.1454, 0.904 -0.3846 0.1586, 0.368 -0.3846 0.8964, 0.3244 -0.3846 0.9554, -0.3874 -0.3846 0.4743, -0.3489 -0.3846 0.4118, -0.4956 -0.3846 0.294, -0.3004 -0.3846 0.3566, -0.2433 -0.3846 0.3105, 0.8882 -0.3846 -0.0024, 0.876 -0.3846 -0.0118, 0.8976 -0.3846 0.0098, 0.9035 -0.3846 0.0241, 0.9055 -0.3846 0.0394, 0.8617 -0.3846 -0.0177, -0.3695 -0.3846 0.8964, -0.4026 -0.3846 0.8308, -0.0375 -0.3846 0.2378, -0.0007 -0.3846 0.2362, 0.2795 -0.3846 0.0394, 0.4941 -0.3846 0.294, -0.5408 -0.3846 0.315, -0.5724 -0.3846 0.315, -0.5876 -0.3846 0.3129, -0.6019 -0.3846 0.307, 0.6285 -0.4437 0.224, 0.6241 -0.4437 0.2116, 0.8236 -0.4437 0.2554, -0.8247 -0.4437 0.2688, -0.8281 -0.4437 0.2578, -0.6298 -0.4437 0.2244, -0.8335 -0.4437 0.2476, -0.6019 -0.4437 0.307, -0.5876 -0.4437 0.3129, -0.8236 -0.4437 1.0433, -0.8236 -0.4437 1.2992, 0.8221 -0.4437 0.2953, 0.8221 -0.4437 1.0433, 0.6126 -0.4437 0.2977, -0.9055 -0.4437 0.1495, -0.6251 -0.4437 0.2115, -0.9055 -0.4437 0.0394, -0.6175 -0.4437 0.2, -0.9035 -0.4437 0.0241, -0.8409 -0.4437 0.2386, -0.8882 -0.4437 0.1913, -0.8956 -0.4437 0.1823, -0.6314 -0.4437 0.2381, -0.6314 -0.4437 0.2559, -0.8236 -0.4437 0.2804, -0.6294 -0.4437 0.2712, -0.8236 -0.4437 0.2953, -0.6235 -0.4437 0.2854, -0.6141 -0.4437 0.2977, -0.8976 -0.4437 0.0098, -0.8882 -0.4437 -0.0024, -0.6045 -0.4437 0.1846, -0.876 -0.4437 -0.0118, -0.5969 -0.4437 0.1731, -0.5922 -0.4437 0.1602, -0.901 -0.4437 0.1721, -0.9044 -0.4437 0.161, 0.5265 -0.4437 0.3136, 0.4226 -0.4437 0.7605, 0.5144 -0.4437 0.3095, 0.4319 -0.4437 0.6877, 0.828 -0.4437 0.2429, -0.8617 -0.4437 -0.0177, -0.5906 -0.4437 0.0394, -0.5906 -0.4437 0.1465, -0.8465 -0.4437 -0.0197, -0.6496 -0.4437 -0.0197, -0.5926 -0.4437 0.0241, 0.2795 -0.4437 0.0394, 0.1776 -0.4437 0.2747, 0.1084 -0.4437 0.2502, 0.8445 -0.4437 0.2223, 0.5985 -0.4437 0.0098, 0.6078 -0.4437 -0.0024, 0.622 -0.4437 0.2854, 0.6279 -0.4437 0.2712, 0.8221 -0.4437 0.2686, 0.6299 -0.4437 0.2559, 0.6299 -0.4437 0.2371, -0.0375 -0.4437 0.2378, -0.281 -0.4437 0.0394, -0.0007 -0.4437 0.2362, 0.036 -0.4437 0.2378, 0.4288 -0.4437 0.6143, 0.4133 -0.4437 0.5425, 0.5034 -0.4437 0.3028, -0.1099 -0.4437 0.2502, -0.1791 -0.4437 0.2747, -0.4956 -0.4437 0.294, -0.2433 -0.4437 0.3105, -0.5049 -0.4437 0.3028, -0.5159 -0.4437 0.3095, 0.8996 -0.4437 0.1711, 0.8925 -0.4437 0.1823, 0.6343 -0.4437 -0.0177, 0.8831 -0.4437 0.1917, 0.6201 -0.4437 -0.0118, 0.6172 -0.4437 0.2004, 0.6033 -0.4437 0.183, 0.5963 -0.4437 0.1718, -0.6343 -0.4437 -0.0177, -0.6201 -0.4437 -0.0118, 0.386 -0.4437 0.4743, 0.3474 -0.4437 0.4118, 0.4941 -0.4437 0.294, 0.2989 -0.4437 0.3566, 0.2418 -0.4437 0.3105, 0.0724 -0.4437 1.0961, 0.1435 -0.4437 1.0776, 0.8221 -0.4437 1.2992, 0.9035 -0.4437 0.0241, 0.9055 -0.4437 0.0394, 0.8465 -0.4437 -0.0197, 0.9055 -0.4437 0.1454, 0.6496 -0.4437 -0.0197, 0.592 -0.4437 0.1594, 0.5906 -0.4437 0.1463, 0.8351 -0.4437 0.2317, 0.5906 -0.4437 0.0394, 0.5926 -0.4437 0.0241, -0.6078 -0.4437 -0.0024, -0.5985 -0.4437 0.0098, 0.2105 -0.4437 1.0474, 0.2713 -0.4437 1.0062, 0.3244 -0.4437 0.9554, -0.3004 -0.4437 0.3566, -0.3489 -0.4437 0.4118, -0.528 -0.4437 0.3136, 0.904 -0.4437 0.1586, -0.4241 -0.4437 0.7605, -0.4026 -0.4437 0.8308, -0.0007 -0.4437 1.1024, -0.0739 -0.4437 1.0961, -0.3874 -0.4437 0.4743, -0.4148 -0.4437 0.5425, -0.4303 -0.4437 0.6143, -0.3695 -0.4437 0.8964, -0.3258 -0.4437 0.9554, -0.2728 -0.4437 1.0062, -0.2119 -0.4437 1.0474, -0.145 -0.4437 1.0776, 0.8617 -0.4437 -0.0177, 0.876 -0.4437 -0.0118, 0.8976 -0.4437 0.0098, 0.8882 -0.4437 -0.0024, -0.4334 -0.4437 0.6877, -0.5408 -0.4437 0.315, -0.5724 -0.4437 0.315, 0.368 -0.4437 0.8964, 0.4011 -0.4437 0.8308, 0.5393 -0.4437 0.315, 0.5709 -0.4437 0.315, 0.5862 -0.4437 0.3129, 0.6004 -0.4437 0.307, -0.8826 -0.1681 0.3543, -0.8826 -0.3256 0.3543, -0.8826 0.1744 0.4429, -0.8826 0.1838 0.4551, -0.8826 0.2645 0.4704, -0.8826 0.291 0.8834, -0.8826 0.3004 0.8957, -0.8826 0.3004 0.4429, -0.8826 0.5445 0.9224, -0.8826 0.3063 0.4287, -0.8826 0.5445 0.4162, -0.8826 0.3082 0.4162, -0.8826 0.2787 0.8741, -0.8826 0.291 0.4551, -0.8826 0.2787 0.4645, -0.8826 0.3082 0.9224, -0.8826 0.3063 0.9099, -0.8826 0.1685 0.9099, -0.8826 -0.3256 0.9843, -0.8826 0.1665 0.9252, -0.8826 0.1075 0.9843, -0.8826 0.1645 0.9405, -0.8826 0.1961 0.8741, -0.8826 0.2103 0.4704, -0.8826 0.1838 0.8834, -0.8826 0.1961 0.4645, -0.8826 0.137 0.9763, -0.8826 0.1492 0.967, -0.8826 0.1586 0.9547, -0.8826 -0.1264 0.337, -0.8826 -0.1386 0.3464, -0.8826 -0.1528 0.3523, -0.8826 0.1744 0.8957, -0.8826 -0.3846 0.3543, -0.8826 -0.3846 0.9843, -0.8826 0.1228 0.9822, -0.8826 -0.117 0.3248, -0.8826 0.1685 0.4287, -0.8826 -0.1111 0.3106, -0.8826 0.1665 0.4134, -0.8826 -0.1091 0.2953, -0.8826 0.2103 0.8682, -0.8826 0.2256 0.8661, -0.8826 0.2256 0.4724, -0.8826 0.2492 0.4724, -0.8826 0.2492 0.8661, -0.8826 0.2645 0.8682, -0.8826 0.1075 -0.181, -0.8826 0.079 -0.1928, -0.8826 0.1665 -0.0787, -0.8826 0.0484 -0.1968, -0.8826 0.1319 -0.1623, -0.8826 0.1625 -0.1093, -0.8826 0.1507 -0.1378, -0.8826 -0.05 -0.181, -0.8826 -0.0745 -0.1623, -0.8826 -0.1091 -0.0787, -0.8826 -0.0932 -0.1378, -0.8826 -0.105 -0.1093, -0.8826 0.0091 -0.1968, -0.8826 -0.0215 -0.1928, 0.8811 0.2787 0.4645, 0.8811 0.5445 0.9224, 0.8811 0.2645 0.4704, 0.8811 0.3082 0.9224, 0.8811 0.3063 0.9099, 0.8811 0.291 0.4551, 0.8811 0.3004 0.4429, 0.8811 0.5445 0.4162, 0.8811 0.3063 0.4287, 0.8811 0.3082 0.4162, 0.8811 0.1961 0.4645, 0.8811 0.2103 0.4704, 0.8811 0.291 0.8834, 0.8811 0.2256 0.4724, 0.8811 0.1665 0.9252, 0.8811 -0.3256 0.9843, 0.8811 0.1685 0.9099, 0.8811 -0.3846 0.9843, 0.8811 0.1744 0.8957, 0.8811 -0.3846 0.3543, 0.8811 0.1838 0.8834, 0.8811 -0.3256 0.3543, 0.8811 -0.1681 0.3543, 0.8811 0.3004 0.8957, 0.8811 0.2492 0.4724, 0.8811 -0.1264 0.337, 0.8811 0.2787 0.8741, 0.8811 0.1665 0.4134, 0.8811 0.1685 0.4287, 0.8811 -0.117 0.3248, 0.8811 0.1744 0.4429, 0.8811 0.1838 0.4551, 0.8811 0.1645 0.9405, 0.8811 0.1228 0.9822, 0.8811 0.1075 0.9843, 0.8811 -0.105 -0.1093, 0.8811 0.0091 -0.1968, 0.8811 -0.1091 -0.0787, 0.8811 0.0484 -0.1968, 0.8811 -0.1091 0.2953, 0.8811 0.079 -0.1928, 0.8811 0.1075 -0.181, 0.8811 0.1665 -0.0787, 0.8811 0.1319 -0.1623, 0.8811 0.1507 -0.1378, 0.8811 0.1625 -0.1093, 0.8811 0.2645 0.8682, 0.8811 0.2492 0.8661, 0.8811 0.2256 0.8661, 0.8811 -0.1528 0.3523, 0.8811 -0.1386 0.3464, 0.8811 0.1961 0.8741, 0.8811 0.2103 0.8682, 0.8811 0.1586 0.9547, 0.8811 0.1492 0.967, 0.8811 0.137 0.9763, 0.8811 -0.1111 0.3106, 0.8811 -0.0932 -0.1378, 0.8811 -0.0745 -0.1623, 0.8811 -0.05 -0.181, 0.8811 -0.0215 -0.1928, -0.8256 -0.4437 0.3106, -0.8239 -0.3843 0.3017, -0.8241 -0.4437 0.303, -0.8531 -0.4358 0.3464, -0.8531 -0.3551 0.3464, -0.8459 -0.3623 0.3409, -0.8468 -0.439 0.3422, -0.8409 -0.3673 0.337, -0.8409 -0.4411 0.337, -0.8363 -0.372 0.3318, -0.8389 -0.4417 0.3349, -0.8318 -0.3764 0.3246, -0.8315 -0.4432 0.3248, -0.8293 -0.379 0.3205, -0.8281 -0.4435 0.3179, -0.8256 -0.3826 0.3106, -0.825 -0.3833 0.308, -0.8594 -0.4316 0.3496, -0.8652 -0.4263 0.3516, -0.857 -0.3512 0.348, -0.8673 -0.4243 0.3523, -0.8673 -0.3409 0.3523, -0.8747 -0.4142 0.3538, -0.8781 -0.4073 0.3542, -0.8806 -0.3999 0.3543, -0.8821 -0.3924 0.3543, -0.8694 -0.3388 0.3526, -0.8694 -0.3388 0.9858, -0.8241 -0.4437 1.0356, -0.8239 -0.3843 1.0369, -0.8256 -0.4437 1.028, -0.8673 -0.4243 0.9863, -0.8653 -0.4264 0.9868, -0.8533 -0.3549 0.9924, -0.8251 -0.3831 1.0307, -0.8256 -0.3826 1.028, -0.8281 -0.4435 1.0207, -0.8293 -0.379 1.018, -0.8315 -0.4432 1.0138, -0.8318 -0.3764 1.014, -0.8389 -0.4417 1.0037, -0.8363 -0.372 1.0067, -0.841 -0.4409 1.0017, -0.8411 -0.3671 1.0018, -0.8468 -0.4389 0.9963, -0.8456 -0.3626 0.9973, -0.8531 -0.4358 0.9922, -0.8594 -0.4316 0.989, -0.8674 -0.3408 0.9865, -0.8821 -0.3924 0.9843, -0.8806 -0.3999 0.9843, -0.8781 -0.4073 0.9844, -0.8569 -0.3514 0.9902, -0.8747 -0.4142 0.9848, 0.8236 -0.4437 0.3084, 0.8224 -0.3843 0.3017, 0.8235 -0.3832 0.3079, 0.8236 -0.3832 0.3084, 0.8279 -0.4434 0.3209, 0.8253 -0.3814 0.3146, 0.8278 -0.3789 0.3205, 0.8279 -0.3788 0.3209, 0.8348 -0.3719 0.3318, 0.835 -0.4423 0.3321, 0.835 -0.3718 0.3321, 0.8374 -0.4417 0.3349, 0.8443 -0.4394 0.3414, 0.8442 -0.3626 0.3413, 0.8443 -0.3624 0.3414, 0.8516 -0.4358 0.3464, 0.8555 -0.4333 0.3485, 0.8554 -0.3513 0.3484, 0.8555 -0.3512 0.3485, 0.8638 -0.4264 0.3517, 0.868 -0.4218 0.3529, 0.868 -0.3387 0.3529, 0.8806 -0.3924 0.3543, 0.8791 -0.3999 0.3543, 0.8766 -0.4073 0.3542, 0.8679 -0.3388 0.3528, 0.8732 -0.4142 0.3538, 0.8241 -0.4437 1.028, 0.8224 -0.3843 1.0369, 0.8226 -0.4437 1.0356, 0.8516 -0.4358 0.9922, 0.8516 -0.3551 0.9922, 0.8444 -0.3623 0.9977, 0.8453 -0.439 0.9964, 0.8394 -0.3673 1.0015, 0.8394 -0.4411 1.0015, 0.8348 -0.372 1.0067, 0.8374 -0.4417 1.0037, 0.8303 -0.3764 1.014, 0.83 -0.4432 1.0138, 0.8278 -0.379 1.018, 0.8266 -0.4435 1.0207, 0.8241 -0.3826 1.028, 0.8235 -0.3833 1.0306, 0.8579 -0.4316 0.989, 0.8637 -0.4263 0.987, 0.8555 -0.3512 0.9905, 0.8659 -0.4243 0.9863, 0.8659 -0.3409 0.9863, 0.8732 -0.4142 0.9848, 0.8766 -0.4073 0.9844, 0.8791 -0.3999 0.9843, 0.8806 -0.3924 0.9843, 0.868 -0.3388 0.986, -0.8236 -0.3256 0.3543, -0.8236 -0.1681 0.3543, -0.8236 -0.1091 -0.0787, -0.8236 -0.1091 0.2953, -0.8236 0.0091 -0.1968, -0.8236 0.0484 -0.1968, -0.8236 0.1665 -0.0787, -0.8236 0.1665 0.4134, -0.8236 0.2492 0.4724, -0.8236 0.2256 0.4724, -0.8234 0.3083 0.4134, -0.8826 0.3083 0.4134, -0.8231 0.3083 0.4116, -0.8809 0.3083 0.3997, -0.8217 0.3083 0.4072, -0.8759 0.3083 0.3838, -0.8195 0.3083 0.4032, -0.8678 0.3083 0.3693, -0.8195 0.5445 0.4032, -0.8678 0.5445 0.3693, -0.8217 0.5445 0.4072, -0.8759 0.5445 0.3838, -0.8231 0.5445 0.4116, -0.8809 0.5445 0.3997, -0.8236 0.5445 0.4162, -0.8236 0.5445 0.9224, -0.8231 0.5445 0.927, -0.8809 0.5445 0.9389, -0.8217 0.5445 0.9314, -0.8759 0.5445 0.9548, -0.8195 0.5445 0.9354, -0.8678 0.5445 0.9693, -0.8195 0.3083 0.9354, -0.8678 0.3083 0.9693, -0.8217 0.3083 0.9314, -0.8759 0.3083 0.9548, -0.8231 0.3083 0.927, -0.8809 0.3083 0.9389, -0.8234 0.3083 0.9252, -0.8826 0.3083 0.9252, -0.8236 0.2492 0.8661, -0.8236 0.2256 0.8661, -0.8236 -0.3256 0.9843, -0.8236 0.1075 0.9843, -0.8236 0.3004 0.8957, -0.8236 0.291 0.8834, -0.8236 0.2645 0.4704, -0.8236 0.3063 0.9099, -0.8236 0.2787 0.4645, -0.8236 0.3082 0.9224, -0.8236 0.2103 0.8682, -0.8236 0.1961 0.8741, -0.8236 0.2103 0.4704, -0.8236 0.1838 0.8834, -0.8236 0.1744 0.8957, -0.8236 0.291 0.4551, -0.8236 0.3004 0.4429, -0.8236 0.3063 0.4287, -0.8236 0.3082 0.4162, -0.8236 -0.1528 0.3523, -0.8236 -0.372 1.0067, -0.8236 0.1744 0.4429, -0.8236 -0.1264 0.337, -0.8236 -0.117 0.3248, -0.8236 0.1838 0.4551, -0.8236 -0.3514 0.9902, -0.8236 -0.3626 0.9973, -0.8236 0.1228 0.9822, -0.8236 0.1665 0.9252, -0.8236 0.1685 0.9099, -0.8236 -0.372 0.3318, -0.8236 -0.3626 0.3413, -0.8236 -0.3514 0.3484, -0.8236 -0.3833 1.0306, -0.8236 -0.1386 0.3464, -0.8236 0.1961 0.4645, -0.8236 -0.3388 0.9858, -0.8236 -0.3833 0.308, -0.8236 -0.379 0.3205, -0.8236 -0.1111 0.3106, -0.8236 0.1685 0.4287, -0.8236 0.2787 0.8741, -0.8236 0.2645 0.8682, -0.8236 0.1645 0.9405, -0.8236 0.1586 0.9547, -0.8236 0.137 0.9763, -0.8236 0.1492 0.967, -0.8236 -0.379 1.018, -0.8236 -0.3388 0.3528, -0.8236 -0.0932 -0.1378, -0.8236 -0.0745 -0.1623, -0.8236 -0.05 -0.181, -0.8236 0.079 -0.1928, -0.8236 -0.105 -0.1093, -0.8236 -0.0215 -0.1928, -0.8236 0.1075 -0.181, -0.8236 0.1319 -0.1623, -0.8236 0.1625 -0.1093, -0.8236 0.1507 -0.1378, -0.7586 0.4854 1.2598, -0.7586 0.3673 1.2598, -0.6996 0.4854 1.2598, -0.6996 0.3673 1.2598, -0.765 0.5445 1.1161, -0.765 0.3083 1.1161, -0.7167 0.3083 1.0822, -0.7167 0.5445 1.0822, -0.7615 0.5445 1.1224, -0.7615 0.3083 1.1224, -0.7594 0.5445 1.1293, -0.7594 0.3083 1.1293, -0.7586 0.5445 1.1365, -0.7586 0.3083 1.1365, -0.7073 0.3083 1.099, -0.7015 0.3083 1.1173, -0.6996 0.3083 1.1365, -0.6996 0.5445 1.1365, -0.7015 0.5445 1.1173, -0.7073 0.5445 1.099, -0.7586 0.5425 1.2161, -0.7586 0.5445 1.2008, -0.7586 0.3083 1.2008, -0.7586 0.515 1.2519, -0.7586 0.5272 1.2425, -0.7586 0.5366 1.2303, -0.7586 0.352 1.2578, -0.7586 0.3103 1.2161, -0.7586 0.3378 1.2519, -0.7586 0.3162 1.2303, -0.7586 0.3256 1.2425, -0.7586 0.5007 1.2578, -0.6996 0.3083 1.2008, -0.6996 0.5445 1.2008, -0.6996 0.5366 1.2303, -0.6996 0.5272 1.2425, -0.6996 0.515 1.2519, -0.6996 0.5425 1.2161, -0.6996 0.5007 1.2578, -0.6996 0.352 1.2578, -0.6996 0.3378 1.2519, -0.6996 0.3256 1.2425, -0.6996 0.3162 1.2303, -0.6996 0.3103 1.2161, -0.6996 0.4854 0.0787, -0.6996 0.3673 0.0787, -0.7586 0.4854 0.0787, -0.7586 0.3673 0.0787, -0.7167 0.5445 0.2564, -0.7167 0.3083 0.2564, -0.765 0.3083 0.2225, -0.765 0.5445 0.2225, -0.6996 0.3083 0.2021, -0.6996 0.5445 0.2021, -0.7015 0.5445 0.2212, -0.7015 0.3083 0.2212, -0.7073 0.5445 0.2396, -0.7073 0.3083 0.2396, -0.7586 0.3083 0.2021, -0.7594 0.3083 0.2093, -0.7615 0.3083 0.2162, -0.7615 0.5445 0.2162, -0.7594 0.5445 0.2093, -0.7586 0.5445 0.2021, -0.6996 0.5445 0.1378, -0.6996 0.3083 0.1378, -0.6996 0.3162 0.1083, -0.6996 0.3256 0.096, -0.6996 0.3378 0.0867, -0.6996 0.5425 0.1225, -0.6996 0.3103 0.1225, -0.6996 0.352 0.0808, -0.6996 0.5007 0.0808, -0.6996 0.515 0.0867, -0.6996 0.5272 0.096, -0.6996 0.5366 0.1083, -0.7586 0.3083 0.1378, -0.7586 0.5445 0.1378, -0.7586 0.5366 0.1083, -0.7586 0.5425 0.1225, -0.7586 0.3103 0.1225, -0.7586 0.3378 0.0867, -0.7586 0.3256 0.096, -0.7586 0.3162 0.1083, -0.7586 0.5272 0.096, -0.7586 0.515 0.0867, -0.7586 0.5007 0.0808, -0.7586 0.352 0.0808, 0.8221 -0.3256 0.9843, 0.8221 0.1075 0.9843, 0.8221 0.2492 0.8661, 0.8221 0.2256 0.8661, 0.8219 0.3083 0.9252, 0.8811 0.3083 0.9252, 0.8216 0.3083 0.927, 0.8795 0.3083 0.9389, 0.8202 0.3083 0.9314, 0.8745 0.3083 0.9548, 0.818 0.3083 0.9354, 0.8664 0.3083 0.9693, 0.818 0.5445 0.9354, 0.8664 0.5445 0.9693, 0.8202 0.5445 0.9314, 0.8745 0.5445 0.9548, 0.8216 0.5445 0.927, 0.8795 0.5445 0.9389, 0.8221 0.5445 0.9224, 0.8221 0.5445 0.4162, 0.8216 0.5445 0.4116, 0.8795 0.5445 0.3997, 0.8202 0.5445 0.4072, 0.8745 0.5445 0.3838, 0.818 0.5445 0.4032, 0.8664 0.5445 0.3693, 0.818 0.3083 0.4032, 0.8664 0.3083 0.3693, 0.8202 0.3083 0.4072, 0.8745 0.3083 0.3838, 0.8216 0.3083 0.4116, 0.8795 0.3083 0.3997, 0.8219 0.3083 0.4134, 0.8811 0.3083 0.4134, 0.8221 0.2492 0.4724, 0.8221 0.2256 0.4724, 0.8221 0.1665 -0.0787, 0.8221 0.1665 0.4134, 0.8221 0.0091 -0.1968, 0.8221 0.0484 -0.1968, 0.8221 -0.1091 -0.0787, 0.8221 -0.1091 0.2953, 0.8221 -0.3256 0.3543, 0.8221 -0.1681 0.3543, 0.8221 0.3004 0.4429, 0.8221 0.291 0.4551, 0.8221 0.2787 0.4645, 0.8221 0.3082 0.9224, 0.8221 0.2645 0.4704, 0.8221 0.3063 0.9099, 0.8221 0.3004 0.8957, 0.8221 0.3063 0.4287, 0.8221 0.3082 0.4162, 0.8221 0.2645 0.8682, 0.8221 0.2787 0.8741, 0.8221 0.291 0.8834, 0.8221 0.1961 0.4645, 0.8221 0.1838 0.4551, 0.8221 -0.3514 0.9902, 0.8221 -0.3626 0.9973, 0.8221 0.2103 0.4704, 0.8221 -0.3388 0.9858, 0.8221 0.1838 0.8834, 0.8221 0.1961 0.8741, 0.8221 0.2103 0.8682, 0.8221 -0.3514 0.3484, 0.8221 -0.3626 0.3413, 0.8221 -0.372 0.3318, 0.8221 0.1492 0.967, 0.8221 0.1586 0.9547, 0.8221 0.137 0.9763, 0.8221 0.1228 0.9822, 0.8221 0.1645 0.9405, 0.8221 0.1665 0.9252, 0.8221 0.1685 0.9099, 0.8221 0.1744 0.8957, 0.8221 -0.1111 0.3106, 0.8221 0.1685 0.4287, 0.8221 -0.117 0.3248, 0.8221 0.1744 0.4429, 0.8221 -0.1264 0.337, 0.8221 -0.1386 0.3464, 0.8221 -0.1528 0.3523, 0.8221 -0.379 0.3205, 0.8221 -0.3833 0.308, 0.8221 0.1507 -0.1378, 0.8221 0.1319 -0.1623, 0.8221 0.1075 -0.181, 0.8221 0.079 -0.1928, 0.8221 -0.3833 1.0306, 0.8221 -0.379 1.018, 0.8221 -0.3388 0.3528, 0.8221 -0.372 1.0067, 0.8221 0.1625 -0.1093, 0.8221 -0.05 -0.181, 0.8221 -0.0745 -0.1623, 0.8221 -0.0932 -0.1378, 0.8221 -0.0215 -0.1928, 0.8221 -0.105 -0.1093, 0.6981 0.4854 1.2598, 0.6981 0.3673 1.2598, 0.7571 0.4854 1.2598, 0.7571 0.3673 1.2598, 0.7152 0.5445 1.0822, 0.7152 0.3083 1.0822, 0.7635 0.3083 1.1161, 0.7635 0.5445 1.1161, 0.6981 0.3083 1.1365, 0.6981 0.5445 1.1365, 0.7 0.5445 1.1173, 0.7 0.3083 1.1173, 0.7058 0.5445 1.099, 0.7058 0.3083 1.099, 0.7571 0.3083 1.1365, 0.7579 0.3083 1.1293, 0.76 0.3083 1.1224, 0.76 0.5445 1.1224, 0.7579 0.5445 1.1293, 0.7571 0.5445 1.1365, 0.6981 0.5425 1.2161, 0.6981 0.5445 1.2008, 0.6981 0.3083 1.2008, 0.6981 0.515 1.2519, 0.6981 0.5272 1.2425, 0.6981 0.5366 1.2303, 0.6981 0.352 1.2578, 0.6981 0.3103 1.2161, 0.6981 0.3378 1.2519, 0.6981 0.3162 1.2303, 0.6981 0.3256 1.2425, 0.6981 0.5007 1.2578, 0.7571 0.3083 1.2008, 0.7571 0.5445 1.2008, 0.7571 0.5366 1.2303, 0.7571 0.5272 1.2425, 0.7571 0.515 1.2519, 0.7571 0.5425 1.2161, 0.7571 0.5007 1.2578, 0.7571 0.352 1.2578, 0.7571 0.3378 1.2519, 0.7571 0.3256 1.2425, 0.7571 0.3162 1.2303, 0.7571 0.3103 1.2161, 0.7571 0.4854 0.0787, 0.7571 0.3673 0.0787, 0.6981 0.4854 0.0787, 0.6981 0.3673 0.0787, 0.7635 0.5445 0.2225, 0.7635 0.3083 0.2225, 0.7152 0.3083 0.2564, 0.7152 0.5445 0.2564, 0.76 0.5445 0.2162, 0.76 0.3083 0.2162, 0.7579 0.5445 0.2093, 0.7579 0.3083 0.2093, 0.7571 0.5445 0.2021, 0.7571 0.3083 0.2021, 0.7058 0.3083 0.2396, 0.7 0.3083 0.2212, 0.6981 0.3083 0.2021, 0.6981 0.5445 0.2021, 0.7 0.5445 0.2212, 0.7058 0.5445 0.2396, 0.7571 0.5445 0.1378, 0.7571 0.3083 0.1378, 0.7571 0.3162 0.1083, 0.7571 0.3256 0.096, 0.7571 0.3378 0.0867, 0.7571 0.5425 0.1225, 0.7571 0.3103 0.1225, 0.7571 0.352 0.0808, 0.7571 0.5007 0.0808, 0.7571 0.515 0.0867, 0.7571 0.5272 0.096, 0.7571 0.5366 0.1083, 0.6981 0.3083 0.1378, 0.6981 0.5445 0.1378, 0.6981 0.5366 0.1083, 0.6981 0.5425 0.1225, 0.6981 0.3103 0.1225, 0.6981 0.3378 0.0867, 0.6981 0.3256 0.096, 0.6981 0.3162 0.1083, 0.6981 0.5272 0.096, 0.6981 0.515 0.0867, 0.6981 0.5007 0.0808, 0.6981 0.352 0.0808
            ]
        }
        coordIndex [
            0,1,2,-1,3,4,5,-1,5,4,6,-1,5,6,7,-1,1,8,2,-1,2,8,9,-1,2,9,10,-1,10,9,11,-1,12,13,14,-1,14,13,15,-1,14,15,16,-1,17,18,19,-1,19,18,20,-1,21,22,23,-1,23,22,24,-1,23,24,25,-1,26,27,2,-1,2,27,28,-1,2,28,0,-1,11,9,25,-1,25,9,29,-1,25,29,23,-1,30,31,32,-1,33,34,35,-1,35,34,36,-1,37,38,39,-1,39,38,40,-1,15,41,16,-1,16,41,42,-1,16,42,2,-1,2,42,43,-1,2,43,26,-1,12,14,32,-1,32,14,44,-1,32,44,30,-1,7,6,45,-1,45,6,46,-1,45,46,47,-1,47,46,48,-1,47,48,49,-1,50,51,48,-1,48,51,52,-1,48,52,49,-1,36,53,35,-1,35,53,54,-1,35,54,55,-1,55,54,39,-1,55,39,56,-1,56,39,40,-1,57,58,59,-1,59,58,60,-1,61,62,50,-1,50,62,63,-1,50,63,51,-1,64,65,66,-1,66,65,67,-1,33,68,34,-1,34,68,69,-1,34,69,70,-1,71,72,73,-1,20,74,19,-1,19,74,75,-1,19,75,76,-1,76,75,77,-1,76,77,78,-1,79,80,81,-1,81,80,82,-1,81,82,83,-1,31,84,32,-1,32,84,80,-1,32,80,85,-1,85,80,79,-1,64,86,65,-1,65,86,87,-1,65,87,88,-1,88,87,89,-1,88,89,50,-1,50,89,90,-1,50,90,61,-1,65,91,67,-1,67,91,92,-1,67,92,93,-1,3,94,4,-1,4,94,34,-1,4,34,19,-1,19,34,70,-1,70,95,19,-1,19,95,96,-1,19,96,97,-1,60,98,59,-1,59,98,99,-1,59,99,100,-1,78,101,76,-1,76,101,102,-1,76,102,103,-1,83,104,81,-1,81,104,105,-1,81,105,106,-1,107,108,109,-1,109,108,67,-1,109,67,110,-1,110,67,93,-1,97,111,19,-1,19,111,112,-1,19,112,17,-1,99,113,100,-1,100,113,114,-1,100,114,115,-1,115,114,116,-1,115,116,73,-1,73,116,117,-1,73,117,71,-1,118,119,120,-1,120,119,121,-1,109,122,107,-1,107,122,121,-1,107,121,123,-1,123,121,119,-1,103,124,76,-1,76,124,125,-1,76,125,58,-1,72,126,73,-1,73,126,127,-1,73,127,128,-1,128,127,38,-1,128,38,129,-1,129,38,37,-1,57,130,58,-1,58,130,131,-1,58,131,76,-1,76,131,132,-1,76,132,21,-1,21,132,133,-1,21,133,22,-1,134,135,136,-1,137,138,139,-1,139,138,140,-1,141,142,143,-1,143,142,144,-1,145,146,147,-1,139,148,149,-1,149,148,150,-1,149,150,151,-1,151,150,152,-1,140,153,139,-1,139,153,154,-1,139,154,155,-1,139,156,137,-1,137,156,157,-1,137,157,158,-1,158,157,159,-1,158,159,160,-1,160,159,161,-1,160,161,143,-1,143,161,162,-1,143,162,141,-1,152,163,151,-1,151,163,164,-1,151,164,165,-1,165,164,166,-1,165,166,167,-1,167,166,168,-1,155,169,139,-1,139,169,170,-1,139,170,148,-1,171,172,173,-1,173,172,174,-1,136,135,175,-1,176,177,166,-1,166,177,178,-1,166,178,168,-1,176,179,177,-1,177,179,180,-1,177,180,181,-1,182,183,184,-1,185,186,187,-1,147,188,145,-1,145,188,189,-1,145,189,190,-1,190,189,191,-1,190,191,136,-1,136,191,192,-1,136,192,134,-1,193,194,195,-1,195,194,182,-1,195,182,196,-1,196,182,184,-1,174,197,173,-1,173,197,198,-1,173,198,199,-1,193,200,194,-1,194,200,201,-1,194,201,202,-1,202,201,203,-1,202,203,204,-1,204,203,205,-1,206,207,208,-1,207,209,208,-1,208,209,185,-1,208,185,210,-1,210,185,187,-1,135,211,175,-1,175,211,212,-1,175,212,213,-1,180,214,215,-1,198,216,199,-1,199,216,217,-1,199,217,218,-1,218,217,219,-1,218,219,182,-1,182,219,220,-1,182,220,183,-1,221,222,223,-1,224,225,226,-1,226,225,227,-1,226,227,228,-1,213,229,175,-1,175,229,230,-1,175,230,231,-1,231,230,232,-1,231,232,185,-1,185,232,233,-1,185,233,186,-1,215,234,180,-1,180,234,235,-1,180,235,181,-1,222,236,223,-1,223,236,237,-1,223,237,238,-1,203,239,205,-1,205,239,240,-1,205,240,241,-1,228,227,208,-1,208,227,242,-1,208,242,206,-1,243,244,144,-1,221,223,245,-1,245,223,144,-1,245,144,246,-1,240,247,241,-1,241,247,248,-1,241,248,249,-1,244,250,144,-1,144,250,251,-1,144,251,252,-1,252,253,144,-1,144,253,254,-1,144,254,246,-1,226,255,224,-1,224,255,256,-1,224,256,257,-1,257,256,258,-1,249,259,241,-1,241,259,243,-1,241,243,260,-1,260,243,144,-1,260,144,261,-1,261,144,142,-1,238,262,223,-1,223,262,263,-1,223,263,172,-1,171,264,172,-1,172,264,265,-1,172,265,223,-1,223,265,266,-1,223,266,146,-1,146,266,267,-1,146,267,147,-1,144,223,76,-1,76,223,19,-1,143,144,21,-1,21,144,76,-1,268,269,270,-1,270,269,271,-1,272,273,274,-1,275,276,277,-1,277,276,278,-1,277,278,279,-1,273,272,280,-1,275,281,276,-1,276,281,282,-1,276,282,283,-1,283,282,272,-1,283,272,284,-1,284,272,274,-1,285,286,287,-1,287,286,288,-1,287,288,289,-1,290,291,292,-1,292,291,293,-1,294,295,296,-1,297,298,270,-1,270,298,299,-1,270,299,268,-1,293,271,292,-1,292,271,269,-1,292,269,300,-1,300,269,301,-1,300,301,285,-1,285,301,302,-1,285,302,286,-1,289,288,296,-1,296,288,303,-1,296,303,294,-1,297,270,304,-1,304,270,305,-1,304,305,306,-1,306,305,307,-1,306,307,308,-1,290,309,291,-1,291,309,310,-1,291,310,311,-1,311,310,312,-1,312,310,313,-1,312,313,272,-1,272,313,314,-1,272,314,280,-1,315,316,317,-1,317,316,318,-1,317,318,307,-1,315,317,319,-1,319,317,320,-1,319,320,321,-1,322,323,324,-1,324,323,325,-1,324,325,326,-1,307,318,308,-1,308,318,327,-1,308,327,324,-1,324,327,328,-1,324,328,322,-1,23,29,160,-1,160,29,158,-1,154,153,28,-1,28,153,0,-1,150,148,41,-1,41,148,42,-1,180,179,81,-1,81,179,79,-1,178,177,84,-1,84,177,80,-1,151,165,14,-1,14,165,44,-1,157,156,11,-1,11,156,10,-1,260,261,130,-1,130,261,131,-1,115,73,202,-1,202,73,194,-1,182,194,128,-1,128,194,73,-1,218,182,129,-1,129,182,128,-1,265,264,36,-1,36,264,53,-1,192,191,47,-1,47,191,45,-1,212,211,63,-1,63,211,51,-1,232,230,89,-1,89,230,90,-1,226,228,107,-1,107,228,108,-1,227,225,109,-1,109,225,122,-1,185,209,65,-1,65,209,91,-1,145,190,6,-1,6,190,46,-1,329,330,331,-1,331,330,332,-1,331,332,333,-1,329,334,330,-1,330,334,335,-1,330,335,336,-1,336,335,337,-1,336,337,338,-1,339,340,341,-1,341,340,342,-1,343,344,345,-1,345,344,346,-1,345,346,347,-1,347,346,348,-1,347,348,349,-1,349,348,350,-1,349,350,351,-1,333,352,331,-1,331,352,341,-1,331,341,353,-1,353,341,342,-1,354,341,355,-1,356,357,358,-1,358,357,354,-1,354,357,359,-1,354,359,341,-1,341,359,360,-1,341,360,339,-1,361,362,343,-1,343,362,363,-1,343,363,344,-1,364,365,366,-1,366,365,367,-1,366,367,368,-1,369,370,371,-1,370,372,371,-1,371,372,373,-1,371,373,374,-1,355,375,354,-1,354,375,376,-1,354,376,377,-1,351,378,349,-1,349,378,379,-1,349,379,380,-1,380,379,354,-1,380,354,381,-1,381,354,377,-1,382,383,361,-1,361,383,384,-1,361,384,362,-1,358,385,356,-1,356,385,368,-1,356,368,371,-1,371,368,367,-1,371,367,369,-1,364,386,387,-1,387,388,364,-1,364,388,389,-1,364,389,365,-1,4,19,146,-1,146,19,223,-1,245,75,221,-1,221,75,74,-1,221,74,222,-1,222,74,20,-1,222,20,236,-1,236,20,18,-1,236,18,237,-1,237,18,17,-1,237,17,238,-1,238,17,112,-1,238,112,262,-1,262,112,111,-1,262,111,263,-1,263,111,97,-1,263,97,172,-1,172,97,96,-1,172,96,174,-1,174,96,95,-1,174,95,197,-1,197,95,70,-1,197,70,198,-1,198,70,69,-1,198,69,216,-1,216,69,68,-1,216,68,217,-1,217,68,33,-1,217,33,219,-1,219,33,35,-1,219,35,220,-1,220,35,55,-1,220,55,183,-1,183,55,56,-1,183,56,184,-1,184,56,40,-1,184,40,196,-1,196,40,38,-1,196,38,195,-1,195,38,127,-1,195,127,193,-1,193,127,126,-1,193,126,200,-1,200,126,72,-1,200,72,201,-1,201,72,71,-1,201,71,203,-1,203,71,117,-1,203,117,239,-1,239,117,116,-1,239,116,240,-1,240,116,114,-1,240,114,247,-1,247,114,113,-1,247,113,248,-1,248,113,99,-1,248,99,249,-1,249,99,98,-1,249,98,259,-1,259,98,60,-1,259,60,243,-1,243,60,58,-1,243,58,244,-1,244,58,125,-1,244,125,250,-1,250,125,124,-1,250,124,251,-1,251,124,103,-1,251,103,252,-1,252,103,102,-1,252,102,253,-1,253,102,101,-1,253,101,254,-1,254,101,78,-1,254,78,246,-1,246,78,77,-1,246,77,245,-1,245,77,75,-1,390,391,392,-1,392,391,23,-1,392,23,160,-1,393,394,395,-1,393,395,396,-1,396,395,397,-1,396,397,398,-1,398,397,399,-1,398,399,400,-1,400,399,401,-1,400,401,402,-1,402,401,403,-1,402,403,404,-1,404,403,405,-1,404,405,390,-1,390,405,406,-1,390,406,391,-1,393,407,394,-1,394,407,408,-1,394,408,409,-1,409,408,410,-1,409,410,411,-1,411,410,412,-1,411,412,413,-1,413,414,411,-1,411,414,415,-1,411,415,416,-1,416,415,301,-1,416,301,269,-1,417,286,302,-1,143,21,418,-1,418,21,419,-1,418,419,420,-1,421,422,423,-1,419,424,420,-1,420,424,425,-1,420,425,426,-1,426,425,427,-1,426,427,428,-1,428,427,429,-1,428,429,430,-1,430,429,431,-1,430,431,432,-1,432,431,433,-1,432,433,434,-1,434,433,435,-1,434,435,436,-1,436,435,423,-1,436,423,437,-1,437,423,422,-1,417,302,438,-1,302,439,438,-1,438,439,440,-1,438,440,441,-1,423,442,421,-1,421,442,438,-1,421,438,443,-1,443,438,441,-1,145,6,444,-1,444,6,445,-1,445,446,444,-1,444,446,447,-1,444,447,448,-1,448,447,449,-1,448,449,450,-1,450,451,448,-1,448,451,452,-1,448,452,453,-1,453,452,454,-1,453,454,455,-1,455,454,456,-1,454,457,456,-1,456,457,458,-1,456,458,459,-1,459,458,460,-1,458,461,460,-1,460,461,462,-1,460,462,463,-1,463,462,464,-1,465,350,348,-1,348,466,465,-1,465,466,467,-1,465,467,468,-1,462,469,464,-1,464,469,465,-1,464,465,470,-1,470,465,468,-1,471,472,473,-1,473,472,4,-1,473,4,146,-1,474,475,476,-1,474,476,477,-1,477,476,478,-1,477,478,479,-1,479,478,480,-1,479,480,481,-1,481,480,482,-1,481,482,483,-1,483,482,484,-1,483,484,485,-1,485,484,486,-1,485,486,471,-1,471,486,487,-1,471,487,472,-1,474,488,475,-1,475,488,489,-1,475,489,490,-1,490,489,491,-1,490,491,492,-1,492,491,493,-1,492,493,494,-1,494,495,492,-1,492,495,496,-1,492,496,497,-1,497,496,346,-1,497,346,344,-1,46,190,48,-1,48,190,136,-1,48,136,50,-1,50,136,175,-1,50,175,88,-1,88,175,231,-1,88,231,65,-1,65,231,185,-1,227,109,110,-1,227,110,242,-1,242,110,93,-1,242,93,206,-1,206,93,92,-1,206,92,207,-1,207,92,91,-1,207,91,209,-1,226,107,123,-1,226,123,255,-1,255,123,119,-1,255,119,256,-1,256,119,118,-1,256,118,258,-1,258,118,120,-1,258,120,257,-1,257,120,121,-1,257,121,224,-1,224,121,122,-1,224,122,225,-1,232,89,87,-1,232,87,233,-1,233,87,86,-1,233,86,186,-1,186,86,64,-1,186,64,187,-1,187,64,66,-1,187,66,210,-1,210,66,67,-1,210,67,208,-1,208,67,108,-1,208,108,228,-1,212,63,62,-1,212,62,213,-1,213,62,61,-1,213,61,229,-1,229,61,90,-1,229,90,230,-1,51,211,52,-1,52,211,135,-1,52,135,49,-1,49,135,134,-1,49,134,47,-1,47,134,192,-1,45,191,7,-1,7,191,189,-1,7,189,5,-1,5,189,188,-1,5,188,3,-1,3,188,147,-1,3,147,94,-1,94,147,267,-1,94,267,34,-1,34,267,266,-1,34,266,36,-1,36,266,265,-1,53,264,54,-1,54,264,171,-1,54,171,39,-1,39,171,173,-1,39,173,37,-1,37,173,199,-1,37,199,129,-1,129,199,218,-1,115,202,100,-1,100,202,204,-1,100,204,59,-1,59,204,205,-1,59,205,57,-1,57,205,241,-1,57,241,130,-1,130,241,260,-1,131,261,132,-1,132,261,142,-1,132,142,133,-1,133,142,141,-1,133,141,22,-1,22,141,162,-1,22,162,24,-1,24,162,161,-1,24,161,25,-1,25,161,159,-1,25,159,11,-1,11,159,157,-1,10,156,2,-1,2,156,139,-1,2,139,16,-1,16,139,149,-1,16,149,14,-1,14,149,151,-1,178,84,31,-1,178,31,168,-1,168,31,30,-1,168,30,167,-1,167,30,44,-1,167,44,165,-1,180,81,106,-1,180,106,214,-1,214,106,105,-1,214,105,215,-1,215,105,104,-1,215,104,234,-1,234,104,83,-1,234,83,235,-1,235,83,82,-1,235,82,181,-1,181,82,80,-1,181,80,177,-1,150,41,15,-1,150,15,152,-1,152,15,13,-1,152,13,163,-1,163,13,12,-1,163,12,164,-1,164,12,32,-1,164,32,166,-1,166,32,85,-1,166,85,176,-1,176,85,79,-1,176,79,179,-1,154,28,27,-1,154,27,155,-1,155,27,26,-1,155,26,169,-1,169,26,43,-1,169,43,170,-1,170,43,42,-1,170,42,148,-1,0,153,1,-1,1,153,140,-1,1,140,8,-1,8,140,138,-1,8,138,9,-1,9,138,137,-1,9,137,29,-1,29,137,158,-1,269,268,498,-1,498,268,499,-1,500,501,324,-1,324,501,308,-1,327,318,502,-1,502,318,503,-1,317,307,504,-1,504,307,505,-1,506,507,312,-1,312,507,311,-1,508,509,510,-1,510,509,511,-1,510,511,512,-1,512,511,513,-1,512,513,514,-1,514,513,515,-1,516,517,518,-1,518,517,519,-1,518,519,520,-1,520,519,521,-1,520,521,522,-1,522,521,278,-1,522,278,523,-1,523,278,276,-1,523,276,524,-1,524,276,525,-1,524,525,526,-1,526,525,527,-1,526,527,528,-1,528,527,529,-1,530,531,532,-1,532,531,533,-1,532,533,534,-1,534,533,535,-1,534,535,536,-1,536,535,537,-1,313,310,538,-1,538,310,539,-1,540,541,286,-1,286,541,288,-1,542,543,544,-1,542,544,545,-1,546,523,544,-1,544,523,547,-1,544,547,545,-1,548,549,550,-1,550,549,551,-1,550,551,552,-1,546,553,523,-1,523,553,554,-1,523,554,522,-1,522,554,555,-1,522,555,556,-1,499,557,558,-1,559,560,561,-1,562,563,559,-1,559,563,564,-1,559,564,558,-1,565,541,566,-1,566,541,567,-1,568,569,21,-1,21,569,570,-1,21,570,571,-1,558,557,559,-1,559,557,572,-1,559,572,560,-1,552,567,550,-1,550,567,541,-1,550,541,573,-1,573,541,540,-1,573,540,562,-1,562,540,574,-1,562,574,563,-1,23,575,21,-1,21,575,576,-1,21,576,568,-1,505,577,501,-1,577,505,561,-1,561,505,578,-1,561,578,559,-1,543,579,544,-1,544,579,580,-1,544,580,538,-1,566,581,565,-1,565,581,582,-1,565,582,583,-1,583,582,584,-1,571,570,585,-1,585,570,586,-1,585,586,558,-1,558,586,498,-1,558,498,499,-1,548,550,539,-1,539,550,507,-1,539,507,538,-1,538,507,506,-1,538,506,544,-1,587,588,589,-1,590,504,503,-1,503,504,505,-1,503,505,502,-1,502,505,501,-1,502,501,500,-1,500,591,502,-1,502,591,587,-1,502,587,592,-1,592,587,589,-1,590,593,504,-1,504,593,594,-1,504,594,595,-1,595,594,596,-1,597,598,599,-1,599,598,600,-1,531,529,527,-1,531,527,533,-1,533,527,525,-1,533,525,535,-1,535,525,537,-1,537,525,276,-1,537,276,283,-1,528,530,526,-1,526,530,532,-1,526,532,524,-1,524,532,534,-1,524,534,523,-1,523,534,536,-1,523,536,547,-1,601,529,602,-1,602,529,531,-1,602,531,603,-1,603,531,530,-1,603,530,604,-1,604,530,528,-1,528,529,604,-1,604,529,601,-1,601,602,605,-1,605,602,606,-1,605,606,607,-1,607,606,608,-1,607,608,609,-1,609,608,610,-1,602,603,606,-1,606,603,611,-1,606,611,608,-1,608,611,612,-1,608,612,610,-1,610,612,613,-1,614,613,612,-1,614,612,615,-1,615,612,611,-1,615,611,616,-1,616,611,603,-1,616,603,604,-1,609,614,607,-1,607,614,615,-1,607,615,605,-1,605,615,616,-1,605,616,601,-1,601,616,604,-1,617,618,597,-1,609,610,618,-1,618,610,619,-1,620,621,622,-1,597,618,598,-1,598,618,619,-1,598,619,623,-1,623,619,624,-1,623,624,625,-1,625,624,626,-1,625,626,627,-1,617,597,622,-1,622,597,628,-1,622,628,620,-1,619,610,629,-1,629,610,613,-1,613,614,629,-1,629,614,630,-1,629,630,599,-1,631,632,633,-1,630,634,599,-1,599,634,631,-1,599,631,635,-1,635,631,633,-1,599,600,629,-1,629,600,636,-1,629,636,637,-1,638,639,637,-1,637,639,640,-1,637,640,629,-1,630,614,618,-1,618,614,609,-1,641,642,643,-1,643,642,644,-1,514,516,512,-1,512,516,518,-1,512,518,510,-1,510,518,520,-1,510,520,508,-1,508,520,522,-1,508,522,556,-1,509,279,278,-1,509,278,511,-1,278,521,511,-1,511,521,519,-1,511,519,513,-1,513,519,517,-1,513,517,515,-1,645,516,646,-1,646,516,514,-1,646,514,647,-1,647,514,515,-1,647,515,648,-1,648,515,517,-1,517,516,648,-1,648,516,645,-1,649,650,651,-1,649,651,652,-1,652,651,653,-1,652,653,654,-1,654,653,645,-1,654,645,646,-1,655,649,656,-1,656,649,652,-1,656,652,657,-1,657,652,654,-1,657,654,647,-1,647,654,646,-1,647,648,657,-1,657,648,658,-1,657,658,656,-1,656,658,659,-1,656,659,655,-1,655,659,660,-1,648,645,658,-1,658,645,653,-1,658,653,659,-1,659,653,651,-1,659,651,660,-1,660,651,650,-1,650,649,661,-1,661,649,662,-1,663,664,665,-1,662,642,661,-1,661,642,641,-1,661,641,666,-1,662,667,642,-1,642,667,663,-1,642,663,668,-1,668,663,665,-1,641,669,670,-1,670,671,641,-1,641,671,672,-1,641,672,666,-1,662,649,673,-1,673,649,655,-1,655,660,673,-1,673,660,674,-1,675,643,676,-1,676,643,674,-1,674,643,673,-1,673,643,644,-1,673,644,677,-1,678,679,680,-1,675,681,643,-1,643,681,682,-1,643,682,683,-1,677,644,680,-1,680,644,684,-1,680,684,678,-1,674,660,661,-1,661,660,650,-1,308,501,306,-1,306,501,577,-1,306,577,304,-1,304,577,561,-1,304,561,297,-1,297,561,560,-1,297,560,298,-1,298,560,572,-1,298,572,299,-1,299,572,557,-1,299,557,268,-1,268,557,499,-1,597,599,635,-1,597,635,628,-1,628,635,633,-1,628,633,620,-1,620,633,632,-1,620,632,621,-1,621,632,631,-1,621,631,622,-1,622,631,634,-1,622,634,617,-1,617,634,630,-1,617,630,618,-1,600,598,623,-1,600,623,636,-1,636,623,625,-1,636,625,637,-1,637,625,627,-1,637,627,638,-1,638,627,626,-1,638,626,639,-1,639,626,624,-1,639,624,640,-1,640,624,619,-1,640,619,629,-1,641,643,683,-1,641,683,669,-1,669,683,682,-1,669,682,670,-1,670,682,681,-1,670,681,671,-1,671,681,675,-1,671,675,672,-1,672,675,676,-1,672,676,666,-1,666,676,674,-1,666,674,661,-1,644,642,668,-1,644,668,684,-1,684,668,665,-1,684,665,678,-1,678,665,664,-1,678,664,679,-1,679,664,663,-1,679,663,680,-1,680,663,667,-1,680,667,677,-1,677,667,662,-1,677,662,673,-1,555,279,556,-1,556,279,509,-1,556,509,508,-1,506,312,544,-1,544,312,272,-1,544,272,546,-1,546,272,282,-1,546,282,553,-1,553,282,281,-1,553,281,554,-1,554,281,275,-1,554,275,555,-1,555,275,277,-1,555,277,279,-1,311,507,291,-1,291,507,550,-1,291,550,293,-1,293,550,573,-1,293,573,271,-1,271,573,562,-1,271,562,270,-1,270,562,559,-1,270,559,305,-1,305,559,578,-1,305,578,307,-1,307,578,505,-1,287,566,285,-1,285,566,567,-1,285,567,300,-1,300,567,552,-1,300,552,292,-1,292,552,551,-1,292,551,290,-1,290,551,549,-1,290,549,309,-1,309,549,548,-1,309,548,310,-1,310,548,539,-1,566,287,289,-1,566,289,581,-1,581,289,296,-1,581,296,582,-1,582,296,295,-1,582,295,584,-1,584,295,294,-1,584,294,583,-1,583,294,303,-1,583,303,565,-1,565,303,288,-1,565,288,541,-1,313,538,314,-1,314,538,580,-1,314,580,280,-1,280,580,579,-1,280,579,273,-1,273,579,543,-1,273,543,274,-1,274,543,542,-1,274,542,284,-1,284,542,545,-1,284,545,283,-1,283,545,547,-1,283,547,537,-1,537,547,536,-1,500,324,326,-1,500,326,591,-1,591,326,325,-1,591,325,587,-1,587,325,323,-1,587,323,588,-1,588,323,322,-1,588,322,589,-1,589,322,328,-1,589,328,592,-1,592,328,327,-1,592,327,502,-1,503,318,316,-1,503,316,590,-1,590,316,315,-1,590,315,593,-1,593,315,319,-1,593,319,594,-1,594,319,321,-1,594,321,596,-1,596,321,320,-1,596,320,595,-1,595,320,317,-1,595,317,504,-1,344,363,685,-1,685,363,686,-1,687,688,376,-1,376,688,377,-1,689,690,691,-1,691,690,692,-1,691,692,693,-1,693,692,694,-1,693,694,695,-1,695,694,696,-1,697,698,699,-1,699,698,700,-1,699,700,701,-1,701,700,702,-1,701,702,703,-1,703,702,330,-1,703,330,704,-1,704,330,336,-1,704,336,705,-1,705,336,706,-1,705,706,707,-1,707,706,708,-1,707,708,709,-1,709,708,710,-1,711,712,713,-1,713,712,714,-1,713,714,715,-1,715,714,716,-1,715,716,717,-1,717,716,718,-1,353,342,719,-1,719,342,720,-1,721,722,371,-1,371,722,356,-1,723,724,365,-1,365,724,367,-1,366,368,725,-1,725,368,726,-1,727,728,350,-1,350,728,351,-1,729,730,703,-1,703,730,731,-1,703,731,732,-1,732,731,733,-1,732,733,734,-1,734,733,735,-1,729,703,736,-1,736,703,704,-1,736,704,737,-1,738,739,733,-1,733,739,740,-1,733,740,735,-1,741,742,743,-1,743,742,744,-1,686,745,685,-1,685,745,741,-1,685,741,746,-1,746,741,743,-1,747,748,745,-1,745,748,749,-1,745,749,688,-1,750,751,4,-1,4,751,752,-1,753,754,755,-1,755,754,756,-1,754,757,756,-1,756,757,758,-1,756,758,686,-1,686,758,759,-1,686,759,745,-1,745,759,760,-1,745,760,747,-1,722,721,725,-1,725,726,722,-1,722,726,761,-1,722,761,762,-1,762,761,763,-1,762,763,764,-1,764,763,765,-1,764,765,742,-1,742,765,766,-1,742,766,744,-1,744,766,767,-1,752,768,4,-1,4,768,769,-1,4,769,6,-1,770,771,772,-1,738,733,687,-1,687,733,719,-1,687,719,688,-1,688,719,720,-1,688,720,745,-1,723,725,724,-1,724,725,721,-1,724,721,773,-1,4,774,750,-1,750,774,775,-1,750,775,776,-1,776,775,777,-1,776,777,727,-1,727,777,744,-1,727,744,728,-1,728,744,767,-1,773,721,772,-1,772,721,778,-1,772,778,770,-1,779,780,781,-1,723,782,725,-1,725,782,779,-1,725,779,783,-1,783,779,781,-1,784,785,786,-1,786,785,787,-1,695,697,693,-1,693,697,699,-1,693,699,691,-1,691,699,701,-1,691,701,689,-1,689,701,703,-1,689,703,732,-1,690,332,330,-1,690,330,692,-1,330,702,692,-1,692,702,700,-1,692,700,694,-1,694,700,698,-1,694,698,696,-1,788,697,789,-1,789,697,695,-1,789,695,790,-1,790,695,696,-1,790,696,791,-1,791,696,698,-1,698,697,791,-1,791,697,788,-1,792,793,794,-1,792,794,795,-1,795,794,796,-1,795,796,797,-1,797,796,788,-1,797,788,789,-1,798,792,799,-1,799,792,795,-1,799,795,800,-1,800,795,797,-1,800,797,790,-1,790,797,789,-1,790,791,800,-1,800,791,801,-1,800,801,799,-1,799,801,802,-1,799,802,798,-1,798,802,803,-1,791,788,801,-1,801,788,796,-1,801,796,802,-1,802,796,794,-1,802,794,803,-1,803,794,793,-1,804,805,784,-1,793,792,805,-1,805,792,806,-1,807,808,809,-1,784,805,785,-1,785,805,806,-1,785,806,810,-1,810,806,811,-1,810,811,812,-1,812,811,813,-1,812,813,814,-1,804,784,809,-1,809,784,815,-1,809,815,807,-1,806,792,816,-1,816,792,798,-1,798,803,816,-1,816,803,817,-1,816,817,786,-1,818,819,820,-1,817,821,786,-1,786,821,818,-1,786,818,822,-1,822,818,820,-1,786,787,816,-1,816,787,823,-1,816,823,824,-1,825,826,824,-1,824,826,827,-1,824,827,816,-1,817,803,805,-1,805,803,793,-1,828,829,830,-1,830,829,831,-1,712,710,708,-1,712,708,714,-1,714,708,706,-1,714,706,716,-1,716,706,718,-1,718,706,336,-1,718,336,338,-1,709,711,707,-1,707,711,713,-1,707,713,705,-1,705,713,715,-1,705,715,704,-1,704,715,717,-1,704,717,737,-1,832,710,833,-1,833,710,712,-1,833,712,834,-1,834,712,711,-1,834,711,835,-1,835,711,709,-1,709,710,835,-1,835,710,832,-1,832,833,836,-1,836,833,837,-1,836,837,838,-1,838,837,839,-1,838,839,840,-1,840,839,841,-1,833,834,837,-1,837,834,842,-1,837,842,839,-1,839,842,843,-1,839,843,841,-1,841,843,844,-1,845,844,843,-1,845,843,846,-1,846,843,842,-1,846,842,847,-1,847,842,834,-1,847,834,835,-1,840,845,838,-1,838,845,846,-1,838,846,836,-1,836,846,847,-1,836,847,832,-1,832,847,835,-1,840,841,848,-1,848,841,849,-1,850,851,852,-1,849,829,848,-1,848,829,828,-1,848,828,853,-1,849,854,829,-1,829,854,850,-1,829,850,855,-1,855,850,852,-1,828,856,857,-1,857,858,828,-1,828,858,859,-1,828,859,853,-1,849,841,860,-1,860,841,844,-1,844,845,860,-1,860,845,861,-1,862,830,863,-1,863,830,861,-1,861,830,860,-1,860,830,831,-1,860,831,864,-1,865,866,867,-1,862,868,830,-1,830,868,869,-1,830,869,870,-1,864,831,867,-1,867,831,871,-1,867,871,865,-1,861,845,848,-1,848,845,840,-1,351,728,378,-1,378,728,767,-1,378,767,379,-1,379,767,766,-1,379,766,354,-1,354,766,765,-1,354,765,358,-1,358,765,763,-1,358,763,385,-1,385,763,761,-1,385,761,368,-1,368,761,726,-1,784,786,822,-1,784,822,815,-1,815,822,820,-1,815,820,807,-1,807,820,819,-1,807,819,808,-1,808,819,818,-1,808,818,809,-1,809,818,821,-1,809,821,804,-1,804,821,817,-1,804,817,805,-1,787,785,810,-1,787,810,823,-1,823,810,812,-1,823,812,824,-1,824,812,814,-1,824,814,825,-1,825,814,813,-1,825,813,826,-1,826,813,811,-1,826,811,827,-1,827,811,806,-1,827,806,816,-1,828,830,870,-1,828,870,856,-1,856,870,869,-1,856,869,857,-1,857,869,868,-1,857,868,858,-1,858,868,862,-1,858,862,859,-1,859,862,863,-1,859,863,853,-1,853,863,861,-1,853,861,848,-1,831,829,855,-1,831,855,871,-1,871,855,852,-1,871,852,865,-1,865,852,851,-1,865,851,866,-1,866,851,850,-1,866,850,867,-1,867,850,854,-1,867,854,864,-1,864,854,849,-1,864,849,860,-1,353,719,331,-1,331,719,733,-1,331,733,329,-1,329,733,731,-1,329,731,334,-1,334,731,730,-1,334,730,335,-1,335,730,729,-1,335,729,337,-1,337,729,736,-1,337,736,338,-1,338,736,737,-1,338,737,718,-1,718,737,717,-1,356,722,357,-1,357,722,762,-1,357,762,359,-1,359,762,764,-1,359,764,360,-1,360,764,742,-1,360,742,339,-1,339,742,741,-1,339,741,340,-1,340,741,745,-1,340,745,342,-1,342,745,720,-1,377,688,381,-1,381,688,749,-1,381,749,380,-1,380,749,748,-1,380,748,349,-1,349,748,747,-1,349,747,347,-1,347,747,760,-1,347,760,345,-1,345,760,759,-1,345,759,343,-1,343,759,758,-1,686,363,362,-1,686,362,756,-1,756,362,384,-1,756,384,755,-1,755,384,383,-1,755,383,753,-1,753,383,382,-1,753,382,754,-1,754,382,361,-1,754,361,757,-1,757,361,343,-1,757,343,758,-1,734,332,732,-1,732,332,690,-1,732,690,689,-1,687,376,738,-1,738,376,375,-1,738,375,739,-1,739,375,355,-1,739,355,740,-1,740,355,341,-1,740,341,735,-1,735,341,352,-1,735,352,734,-1,734,352,333,-1,734,333,332,-1,723,365,389,-1,723,389,782,-1,782,389,388,-1,782,388,779,-1,779,388,387,-1,779,387,780,-1,780,387,386,-1,780,386,781,-1,781,386,364,-1,781,364,783,-1,783,364,366,-1,783,366,725,-1,721,371,374,-1,721,374,778,-1,778,374,373,-1,778,373,770,-1,770,373,372,-1,770,372,771,-1,771,372,370,-1,771,370,772,-1,772,370,369,-1,772,369,773,-1,773,369,367,-1,773,367,724,-1,6,769,445,-1,445,769,446,-1,451,450,768,-1,768,450,449,-1,768,449,769,-1,769,449,447,-1,769,447,446,-1,451,768,452,-1,452,768,752,-1,452,752,454,-1,454,752,751,-1,454,751,457,-1,457,751,458,-1,458,751,750,-1,458,750,461,-1,461,750,462,-1,462,750,776,-1,462,776,469,-1,469,776,465,-1,465,776,727,-1,465,727,350,-1,478,476,744,-1,685,746,344,-1,344,746,497,-1,744,476,743,-1,476,475,743,-1,743,475,490,-1,743,490,746,-1,746,490,492,-1,746,492,497,-1,478,744,480,-1,480,744,777,-1,480,777,482,-1,482,777,775,-1,482,775,484,-1,4,472,774,-1,774,472,487,-1,774,487,775,-1,775,487,486,-1,775,486,484,-1,21,571,419,-1,419,571,424,-1,424,571,425,-1,425,571,585,-1,425,585,427,-1,427,585,429,-1,429,585,558,-1,429,558,431,-1,431,558,433,-1,433,558,564,-1,433,564,435,-1,435,564,423,-1,423,564,563,-1,423,563,442,-1,442,563,438,-1,438,563,574,-1,438,574,417,-1,417,574,540,-1,417,540,286,-1,397,395,569,-1,498,586,269,-1,269,586,416,-1,569,395,570,-1,395,394,570,-1,570,394,409,-1,570,409,586,-1,586,409,411,-1,586,411,416,-1,397,569,399,-1,399,569,568,-1,399,568,401,-1,401,568,576,-1,401,576,403,-1,23,391,575,-1,575,391,406,-1,575,406,576,-1,576,406,405,-1,576,405,403,-1,398,400,434,-1,420,160,418,-1,418,160,143,-1,390,428,404,-1,404,428,402,-1,420,426,160,-1,160,426,428,-1,160,428,392,-1,392,428,390,-1,434,400,432,-1,402,428,400,-1,400,428,430,-1,400,430,432,-1,412,410,422,-1,422,410,408,-1,422,408,437,-1,437,408,407,-1,437,407,436,-1,436,407,393,-1,436,393,434,-1,434,393,396,-1,434,396,398,-1,422,421,412,-1,412,421,443,-1,412,443,441,-1,302,301,439,-1,439,301,415,-1,439,415,440,-1,440,415,414,-1,440,414,441,-1,441,414,413,-1,441,413,412,-1,481,483,453,-1,453,483,448,-1,448,483,485,-1,448,485,471,-1,145,444,146,-1,146,444,448,-1,146,448,473,-1,473,448,471,-1,453,455,481,-1,481,455,456,-1,481,456,479,-1,479,456,477,-1,477,456,474,-1,474,456,459,-1,474,459,488,-1,488,459,460,-1,488,460,489,-1,489,460,463,-1,489,463,491,-1,491,463,464,-1,491,464,493,-1,493,464,470,-1,493,470,468,-1,348,346,466,-1,466,346,496,-1,466,496,467,-1,467,496,495,-1,467,495,468,-1,468,495,494,-1,468,494,493,-1,
        ]
    }
}
Shape{
    appearance Appearance {
        material  Material 	{
            diffuseColor 0.2235294117647059 0.2235294117647059 0.2235294117647059
            specularColor 0.11372549019607843 0.11372549019607843 0.11372549019607843
            ambientIntensity 0.2235
            transparency 0.0
            shininess 0.5
        }
    }
    geometry IndexedFaceSet {
        ccw TRUE
        solid FALSE
        coord DEF co Coordinate {
            point [
                0.0413 0.0405 0.0394, -0.0091 0.0405 0.0394, -0.0211 0.0536 0.0394, 0.0977 0.0536 0.0394, 0.1925 0.0405 0.0394, 0.1793 0.0405 0.0394, 0.0977 0.1403 0.0394, 0.0977 0.1705 0.0394, 0.3339 0.1705 0.0394, -0.0091 0.0297 0.0394, -0.0115 -0.0471 0.0394, -0.0211 -0.0585 0.0394, -0.0115 -0.0579 0.0394, 0.0413 -0.0579 0.0394, 0.0605 -0.0528 0.0394, 0.0605 -0.042 0.0394, 0.5898 0.1705 0.0394, 0.8221 0.1705 0.0394, 0.5898 0.1403 0.0394, 0.8221 -0.0585 0.0394, 0.5898 0.0536 0.0394, 0.0281 -0.0135 0.0394, 0.0281 -0.0471 0.0394, -0.0067 -0.0135 0.0394, -0.0067 -0.0027 0.0394, 0.0281 -0.0027 0.0394, 0.0281 0.0297 0.0394, 0.3339 0.0536 0.0394, 0.1925 -0.0579 0.0394, 0.3339 0.1403 0.0394, 0.1171 -0.0495 0.0394, 0.1245 -0.0418 0.0394, 0.1421 -0.0579 0.0394, 0.0933 -0.0585 0.0394, 0.0932 0.0298 0.0394, 0.1006 0.0271 0.0394, 0.0622 -0.043 0.0394, 0.1074 0.0226 0.0394, 0.1133 0.016 0.0394, 0.1205 -0.0098 0.0394, 0.1195 -0.0204 0.0394, 0.1168 -0.0289 0.0394, 0.0949 -0.0473 0.0394, 0.0857 -0.0483 0.0394, 0.1021 -0.0447 0.0394, 0.1081 -0.0406 0.0394, 0.1127 -0.0357 0.0394, 0.0727 -0.0469 0.0394, 0.1421 -0.0471 0.0394, 0.1298 -0.0324 0.0394, 0.1793 -0.0471 0.0394, 0.1285 0.0146 0.0394, 0.1227 0.0238 0.0394, 0.1138 0.0323 0.0394, 0.1045 0.0377 0.0394, 0.0935 0.0409 0.0394, 0.1174 0.0084 0.0394, 0.12 -0.0021 0.0394, 0.0997 -0.0579 0.0394, 0.1092 -0.0546 0.0394, 0.1327 -0.022 0.0394, 0.1337 -0.0106 0.0394, 0.1323 0.0034 0.0394, 0.0836 0.0417 0.0394, 0.0719 0.0409 0.0394, 0.0605 0.0378 0.0394, 0.0605 0.0246 0.0394, 0.0716 0.0293 0.0394, 0.0835 0.0309 0.0394, -0.1316 -0.0579 0.0394, -0.1172 -0.0579 0.0394, -0.1916 -0.0579 0.0394, -0.1816 -0.0303 0.0394, -0.141 -0.0303 0.0394, -0.8236 0.1705 0.0394, -0.5913 0.1705 0.0394, -0.5913 0.1403 0.0394, -0.1051 -0.031 0.0394, -0.0994 -0.0398 0.0394, -0.0913 -0.0475 0.0394, -0.081 -0.0535 0.0394, -0.8236 -0.0585 0.0394, -0.5913 0.0536 0.0394, -0.3354 0.0536 0.0394, -0.3354 0.1705 0.0394, -0.0992 0.1705 0.0394, -0.3354 0.1403 0.0394, -0.0992 0.1403 0.0394, -0.0992 0.0536 0.0394, -0.0585 0.0405 0.0394, -0.0727 0.039 0.0394, -0.0843 0.0349 0.0394, -0.095 0.0277 0.0394, -0.0951 0.0277 0.0394, -0.102 0.0199 0.0394, -0.1544 0.0405 0.0394, -0.1066 0.0115 0.0394, -0.0697 -0.0569 0.0394, -0.0575 -0.0579 0.0394, -0.0308 -0.0579 0.0394, -0.0308 0.0405 0.0394, -0.206 -0.0579 0.0394, -0.1676 0.0405 0.0394, -0.1093 0.0018 0.0394, -0.11 -0.0075 0.0394, -0.1086 -0.0207 0.0394, 0.0809 -0.0585 0.0394, 0.0849 -0.0591 0.0394, -0.0211 -0.1091 0.0394, 0.0876 -0.0591 0.0394, 0.8221 -0.1091 0.0394, -0.8236 -0.1091 0.0394, 0.071 -0.0571 0.0394, 0.6843 0.5642 0.0512, 0.5898 0.5642 0.0512, 0.5898 0.5642 0.0689, 0.3142 0.5642 0.9843, -0.3157 0.5642 0.9843, -0.6858 0.5642 1.2874, -0.4362 0.5642 0.3783, -0.3771 0.5642 0.3604, -0.0992 0.5642 0.1969, -0.3157 0.5642 0.3543, 0.0977 0.5642 0.1969, -0.4907 0.5642 0.4074, -0.3354 0.5642 0.1969, -0.5384 0.5642 0.4466, -0.5913 0.5642 0.1969, 0.3339 0.5642 0.0512, 0.0977 0.5642 0.0512, 0.3339 0.5642 0.0689, 0.0977 0.5642 0.0689, 0.3339 0.5642 0.1969, 0.3142 0.5642 0.3543, -0.0992 0.5642 0.0512, -0.3354 0.5642 0.0512, -0.0992 0.5642 0.0689, -0.3354 0.5642 0.0689, 0.3757 0.5642 0.3604, 0.4347 0.5642 0.3783, 0.5898 0.5642 0.1969, 0.4892 0.5642 0.4074, 0.5369 0.5642 0.4466, -0.6858 0.5642 1.1023, -0.3771 0.5642 0.9782, -0.4362 0.5642 0.9603, 0.6843 0.5642 0.2363, 0.8103 0.5642 0.4162, 0.5761 0.5642 0.4943, 0.4892 0.5642 0.9312, 0.4347 0.5642 0.9603, 0.6843 0.5642 1.1023, 0.6052 0.5642 0.5488, 0.6231 0.5642 0.6078, 0.8103 0.5642 0.9224, 0.6292 0.5642 0.6693, 0.6231 0.5642 0.7307, 0.6843 0.5642 1.2874, 0.3757 0.5642 0.9782, -0.6246 0.5642 0.6078, -0.6067 0.5642 0.5488, -0.8118 0.5642 0.4162, -0.5776 0.5642 0.4943, -0.4907 0.5642 0.9312, -0.5384 0.5642 0.892, -0.8118 0.5642 0.9224, -0.5776 0.5642 0.8443, 0.6052 0.5642 0.7898, 0.5761 0.5642 0.8443, 0.5369 0.5642 0.892, -0.6067 0.5642 0.7898, -0.6246 0.5642 0.7307, -0.6307 0.5642 0.6693, -0.6858 0.5642 0.2363, -0.5913 0.5642 0.0689, -0.6858 0.5642 0.0512, -0.5913 0.5642 0.0512, -0.6858 0.2886 0.2363, -0.6858 0.2886 0.0512, -0.8118 0.2886 0.4162, -0.8118 0.2886 0.0512, 0.6843 0.2886 0.2363, 0.8103 0.2886 0.4162, 0.6843 0.2886 0.0512, 0.8103 0.2886 0.0512, -0.6858 0.2886 1.1023, -0.8118 0.2886 0.9224, -0.6858 0.2886 1.2874, -0.8118 0.2886 1.2874, 0.6843 0.2886 1.1023, 0.6843 0.2886 1.2874, 0.8103 0.2886 0.9224, 0.8103 0.2886 1.2874, -0.3157 0.2886 0.3543, -0.3771 0.2886 0.3604, -0.4362 0.2886 0.3783, -0.4907 0.2886 0.4074, -0.5384 0.2886 0.4466, -0.5776 0.2886 0.4943, -0.6067 0.2886 0.5488, -0.6246 0.2886 0.6078, -0.6307 0.2886 0.6693, -0.6246 0.2886 0.7307, -0.6067 0.2886 0.7898, -0.5776 0.2886 0.8443, -0.5384 0.2886 0.892, -0.4907 0.2886 0.9312, -0.4362 0.2886 0.9603, -0.3771 0.2886 0.9782, -0.3157 0.2886 0.9843, 0.3142 0.2886 0.3543, 0.3142 0.2886 0.9843, 0.3757 0.2886 0.9782, 0.4347 0.2886 0.9603, 0.4892 0.2886 0.9312, 0.5369 0.2886 0.892, 0.5761 0.2886 0.8443, 0.6052 0.2886 0.7898, 0.6231 0.2886 0.7307, 0.6292 0.2886 0.6693, 0.6231 0.2886 0.6078, 0.6052 0.2886 0.5488, 0.5761 0.2886 0.4943, 0.5369 0.2886 0.4466, 0.4892 0.2886 0.4074, 0.4347 0.2886 0.3783, 0.3757 0.2886 0.3604, -0.4732 0.2886 0.7677, -0.4987 0.2886 0.7644, 0.4717 0.2886 0.7677, 0.4972 0.2886 0.7644, 0.5209 0.2886 0.7545, 0.5413 0.2886 0.7389, 0.5569 0.2886 0.7185, -0.5224 0.2886 0.7545, -0.5428 0.2886 0.7389, -0.5584 0.2886 0.7185, -0.5683 0.2886 0.6948, -0.5716 0.2886 0.6693, -0.5683 0.2886 0.6438, -0.5584 0.2886 0.6201, -0.5428 0.2886 0.5997, -0.5224 0.2886 0.5841, -0.4987 0.2886 0.5742, -0.4732 0.2886 0.5709, -0.4477 0.2886 0.5742, -0.4477 0.2886 0.7644, -0.424 0.2886 0.7545, -0.424 0.2886 0.5841, -0.4036 0.2886 0.5997, -0.0958 0.2886 0.6438, 0.0485 0.2886 0.7545, 0.0247 0.2886 0.7644, -0.0007 0.2886 0.7677, -0.0262 0.2886 0.7644, -0.05 0.2886 0.7545, 0.3865 0.2886 0.6201, 0.4021 0.2886 0.5997, 0.0943 0.2886 0.6438, 0.5668 0.2886 0.6438, 0.5701 0.2886 0.6693, 0.5668 0.2886 0.6948, 0.0845 0.2886 0.7185, 0.4462 0.2886 0.7644, 0.0943 0.2886 0.6948, 0.4225 0.2886 0.7545, 0.4021 0.2886 0.7389, -0.0703 0.2886 0.5997, -0.086 0.2886 0.6201, 0.0689 0.2886 0.7389, -0.05 0.2886 0.5841, -0.0262 0.2886 0.5742, -0.0007 0.2886 0.5709, 0.0247 0.2886 0.5742, 0.0485 0.2886 0.5841, 0.0689 0.2886 0.5997, 0.0845 0.2886 0.6201, 0.4225 0.2886 0.5841, 0.4462 0.2886 0.5742, 0.4717 0.2886 0.5709, -0.0703 0.2886 0.7389, -0.3781 0.2886 0.6948, -0.3879 0.2886 0.7185, -0.4036 0.2886 0.7389, -0.3879 0.2886 0.6201, -0.3781 0.2886 0.6438, -0.0992 0.2886 0.6693, -0.3748 0.2886 0.6693, -0.0958 0.2886 0.6948, -0.086 0.2886 0.7185, 0.3865 0.2886 0.7185, 0.3766 0.2886 0.6948, 0.0977 0.2886 0.6693, 0.3733 0.2886 0.6693, 0.3766 0.2886 0.6438, 0.4972 0.2886 0.5742, 0.5209 0.2886 0.5841, 0.5413 0.2886 0.5997, 0.5569 0.2886 0.6201, 0.5898 0.5583 0.0512, -0.3354 0.5583 0.0512, -0.8118 0.1705 0.0512, 0.8103 0.1705 0.0512, 0.0977 0.5583 0.0512, 0.3339 0.5583 0.0512, -0.0992 0.5583 0.0512, -0.5913 0.5583 0.0512, -0.8118 0.1705 1.2874, 0.8103 0.1705 1.2874, -0.8236 0.1705 1.2992, 0.8221 0.1705 1.2992, -0.4692 -0.1091 0.3543, -0.237 -0.1091 0.0787, -0.4692 -0.3846 0.3543, -0.237 -0.3846 0.0787, 0.2355 -0.1091 0.0787, 0.2355 -0.3846 0.0787, 0.4678 -0.1091 0.3543, 0.4678 -0.3846 0.3543, 0.8221 -0.1091 0.3543, 0.8221 -0.3846 0.3543, -0.8236 -0.1091 0.3543, -0.8236 -0.3846 0.3543, -0.6759 -0.3846 1.0171, -0.6963 -0.3846 1.0328, 0.0676 -0.3846 0.2816, -0.0007 -0.3846 0.2756, 0.5556 -0.3846 1.172, -0.8236 -0.3846 1.2992, 0.54 -0.3846 1.1516, 0.5302 -0.3846 1.1278, 0.6507 -0.3846 1.1974, 0.6745 -0.3846 1.1876, 0.8221 -0.3846 1.2992, 0.6948 -0.3846 1.172, 0.7105 -0.3846 1.1516, 0.7203 -0.3846 1.0769, 0.7105 -0.3846 1.0532, 0.6948 -0.3846 1.0328, -0.712 -0.3846 1.0532, -0.7218 -0.3846 1.0769, 0.7203 -0.3846 1.1278, 0.7237 -0.3846 1.1024, 0.6745 -0.3846 1.0171, 0.6507 -0.3846 1.0073, -0.7252 -0.3846 1.1024, -0.7218 -0.3846 1.1278, -0.712 -0.3846 1.1516, -0.6963 -0.3846 1.172, -0.6759 -0.3846 1.1876, -0.6522 -0.3846 1.1974, 0.576 -0.3846 1.0171, 0.5998 -0.3846 1.0073, 0.6252 -0.3846 1.0039, -0.3417 -0.3846 0.4724, -0.3707 -0.3846 0.5346, 0.576 -0.3846 1.1876, 0.5998 -0.3846 1.1974, 0.6252 -0.3846 1.2008, 0.5556 -0.3846 1.0328, 0.3692 -0.3846 0.8039, 0.387 -0.3846 0.7377, 0.393 -0.3846 0.6693, 0.3008 -0.3846 0.4162, 0.2523 -0.3846 0.3677, 0.5268 -0.3846 1.1024, -0.0007 -0.3846 1.063, 0.5302 -0.3846 1.0769, 0.0676 -0.3846 1.057, 0.1339 -0.3846 1.0392, -0.1354 -0.3846 0.2993, -0.1976 -0.3846 0.3283, -0.2538 -0.3846 0.3677, -0.3023 -0.3846 0.4162, -0.6267 -0.3846 1.2008, -0.6013 -0.3846 1.1974, -0.5775 -0.3846 1.1876, -0.5571 -0.3846 1.172, -0.0691 -0.3846 0.2816, 0.1961 -0.3846 0.3283, 0.1339 -0.3846 0.2993, -0.5571 -0.3846 1.0328, -0.3417 -0.3846 0.8661, -0.5415 -0.3846 1.0532, -0.3023 -0.3846 0.9224, -0.5317 -0.3846 1.0769, -0.3885 -0.3846 0.6009, -0.5775 -0.3846 1.0171, -0.6013 -0.3846 1.0073, -0.6267 -0.3846 1.0039, -0.6522 -0.3846 1.0073, 0.387 -0.3846 0.6009, 0.3692 -0.3846 0.5346, 0.3402 -0.3846 0.4724, 0.1961 -0.3846 1.0102, 0.2523 -0.3846 0.9709, 0.54 -0.3846 1.0532, 0.3008 -0.3846 0.9224, 0.3402 -0.3846 0.8661, -0.2538 -0.3846 0.9709, -0.1976 -0.3846 1.0102, -0.5283 -0.3846 1.1024, -0.1354 -0.3846 1.0392, -0.0691 -0.3846 1.057, -0.5317 -0.3846 1.1278, -0.5415 -0.3846 1.1516, -0.3944 -0.3846 0.6693, -0.3885 -0.3846 0.7377, -0.3707 -0.3846 0.8039, -0.0007 0.2098 0.7677, 0.0247 0.2098 0.7644, 0.0485 0.2098 0.7545, 0.0689 0.2098 0.7389, 0.0845 0.2098 0.7185, 0.0943 0.2098 0.6948, 0.0977 0.2098 0.6693, 0.0943 0.2098 0.6438, 0.0845 0.2098 0.6201, 0.0689 0.2098 0.5997, 0.0485 0.2098 0.5841, 0.0247 0.2098 0.5742, -0.0007 0.2098 0.5709, -0.0262 0.2098 0.5742, -0.05 0.2098 0.5841, -0.0703 0.2098 0.5997, -0.086 0.2098 0.6201, -0.0958 0.2098 0.6438, -0.0992 0.2098 0.6693, -0.0958 0.2098 0.6948, -0.086 0.2098 0.7185, -0.0703 0.2098 0.7389, -0.05 0.2098 0.7545, -0.0262 0.2098 0.7644, -0.0007 0.2098 0.6693, -0.4732 0.2098 0.7677, -0.4477 0.2098 0.7644, -0.424 0.2098 0.7545, -0.4036 0.2098 0.7389, -0.3879 0.2098 0.7185, -0.3781 0.2098 0.6948, -0.3748 0.2098 0.6693, -0.3781 0.2098 0.6438, -0.3879 0.2098 0.6201, -0.4036 0.2098 0.5997, -0.424 0.2098 0.5841, -0.4477 0.2098 0.5742, -0.4732 0.2098 0.5709, -0.4987 0.2098 0.5742, -0.5224 0.2098 0.5841, -0.5428 0.2098 0.5997, -0.5584 0.2098 0.6201, -0.5683 0.2098 0.6438, -0.5716 0.2098 0.6693, -0.5683 0.2098 0.6948, -0.5584 0.2098 0.7185, -0.5428 0.2098 0.7389, -0.5224 0.2098 0.7545, -0.4987 0.2098 0.7644, -0.4732 0.2098 0.6693, 0.4717 0.2098 0.7677, 0.4972 0.2098 0.7644, 0.5209 0.2098 0.7545, 0.5413 0.2098 0.7389, 0.5569 0.2098 0.7185, 0.5668 0.2098 0.6948, 0.5701 0.2098 0.6693, 0.5668 0.2098 0.6438, 0.5569 0.2098 0.6201, 0.5413 0.2098 0.5997, 0.5209 0.2098 0.5841, 0.4972 0.2098 0.5742, 0.4717 0.2098 0.5709, 0.4462 0.2098 0.5742, 0.4225 0.2098 0.5841, 0.4021 0.2098 0.5997, 0.3865 0.2098 0.6201, 0.3766 0.2098 0.6438, 0.3733 0.2098 0.6693, 0.3766 0.2098 0.6948, 0.3865 0.2098 0.7185, 0.4021 0.2098 0.7389, 0.4225 0.2098 0.7545, 0.4462 0.2098 0.7644, 0.4717 0.2098 0.6693
            ]
        }
        coordIndex [
            0,1,2,-1,3,4,5,-1,6,7,8,-1,1,9,2,-1,2,9,10,-1,2,10,11,-1,11,10,12,-1,11,12,13,-1,14,13,15,-1,15,13,0,-1,16,17,18,-1,18,17,19,-1,18,19,20,-1,21,22,23,-1,23,22,10,-1,23,10,24,-1,24,10,9,-1,24,9,25,-1,25,9,26,-1,27,28,29,-1,29,28,4,-1,29,4,8,-1,8,4,3,-1,8,3,6,-1,30,31,32,-1,33,32,28,-1,34,35,36,-1,36,35,37,-1,36,37,38,-1,39,40,36,-1,36,40,41,-1,42,43,44,-1,44,43,45,-1,41,46,36,-1,36,46,45,-1,36,45,47,-1,47,45,43,-1,32,31,48,-1,48,31,49,-1,48,49,50,-1,51,52,5,-1,5,52,53,-1,5,53,3,-1,3,53,54,-1,3,54,55,-1,38,56,36,-1,36,56,57,-1,36,57,39,-1,33,58,32,-1,32,58,59,-1,32,59,30,-1,49,60,50,-1,50,60,61,-1,50,61,5,-1,5,61,62,-1,5,62,51,-1,55,63,3,-1,3,63,64,-1,3,64,2,-1,2,64,65,-1,2,65,0,-1,0,65,66,-1,0,66,15,-1,15,66,67,-1,15,67,36,-1,36,67,68,-1,36,68,34,-1,69,70,11,-1,71,72,73,-1,74,75,76,-1,77,78,70,-1,70,78,79,-1,70,79,80,-1,74,76,81,-1,81,76,82,-1,81,82,83,-1,84,85,86,-1,86,85,87,-1,86,87,83,-1,83,87,88,-1,83,88,81,-1,89,88,2,-1,89,90,88,-1,88,90,91,-1,88,91,92,-1,93,94,95,-1,95,94,96,-1,80,97,70,-1,70,97,98,-1,70,98,11,-1,11,98,99,-1,11,99,2,-1,2,99,100,-1,2,100,89,-1,73,69,71,-1,71,69,11,-1,71,11,101,-1,101,11,81,-1,101,81,102,-1,102,81,88,-1,102,88,95,-1,95,88,92,-1,95,92,93,-1,96,103,95,-1,95,103,104,-1,95,104,70,-1,70,104,105,-1,70,105,77,-1,106,107,108,-1,108,107,109,-1,108,109,33,-1,27,20,28,-1,28,20,19,-1,28,19,33,-1,33,19,110,-1,33,110,108,-1,111,81,108,-1,108,81,11,-1,108,11,106,-1,106,11,13,-1,106,13,112,-1,112,13,14,-1,113,114,115,-1,116,117,118,-1,119,120,121,-1,121,120,122,-1,121,122,123,-1,124,125,126,-1,126,125,127,-1,128,129,130,-1,130,129,131,-1,130,131,132,-1,132,131,123,-1,132,123,133,-1,133,123,122,-1,134,135,136,-1,136,135,137,-1,136,137,121,-1,121,137,125,-1,121,125,119,-1,119,125,124,-1,133,138,132,-1,132,138,139,-1,132,139,140,-1,140,139,141,-1,140,141,142,-1,118,117,143,-1,143,117,144,-1,143,144,145,-1,113,115,146,-1,146,115,140,-1,146,140,147,-1,147,140,142,-1,147,142,148,-1,149,150,151,-1,148,152,147,-1,147,152,153,-1,147,153,154,-1,154,153,155,-1,154,155,156,-1,118,157,116,-1,116,157,151,-1,116,151,158,-1,158,151,150,-1,159,160,161,-1,161,160,162,-1,145,163,143,-1,143,163,164,-1,143,164,165,-1,165,164,166,-1,156,167,154,-1,154,167,168,-1,154,168,151,-1,151,168,169,-1,151,169,149,-1,166,170,165,-1,165,170,171,-1,165,171,161,-1,161,171,172,-1,161,172,159,-1,162,126,161,-1,161,126,127,-1,161,127,173,-1,173,127,174,-1,173,174,175,-1,175,174,176,-1,177,173,178,-1,178,173,175,-1,173,177,161,-1,161,177,179,-1,177,178,179,-1,179,178,180,-1,181,146,182,-1,182,146,147,-1,146,181,113,-1,113,181,183,-1,181,182,183,-1,183,182,184,-1,185,143,186,-1,186,143,165,-1,143,185,118,-1,118,185,187,-1,187,185,188,-1,188,185,186,-1,189,151,190,-1,190,151,157,-1,151,189,154,-1,154,189,191,-1,191,189,192,-1,192,189,190,-1,193,122,194,-1,194,122,120,-1,194,120,195,-1,195,120,119,-1,195,119,196,-1,196,119,124,-1,196,124,197,-1,197,124,126,-1,197,126,198,-1,198,126,162,-1,198,162,199,-1,199,162,160,-1,199,160,200,-1,200,160,159,-1,200,159,201,-1,201,159,172,-1,201,172,202,-1,202,172,171,-1,202,171,203,-1,203,171,170,-1,203,170,204,-1,204,170,166,-1,204,166,205,-1,205,166,164,-1,205,164,206,-1,206,164,163,-1,206,163,207,-1,207,163,145,-1,207,145,208,-1,208,145,144,-1,208,144,209,-1,209,144,117,-1,193,210,122,-1,122,210,133,-1,211,116,212,-1,212,116,158,-1,212,158,213,-1,213,158,150,-1,213,150,214,-1,214,150,149,-1,214,149,215,-1,215,149,169,-1,215,169,216,-1,216,169,168,-1,216,168,217,-1,217,168,167,-1,217,167,218,-1,218,167,156,-1,218,156,219,-1,219,156,155,-1,219,155,220,-1,220,155,153,-1,220,153,221,-1,221,153,152,-1,221,152,222,-1,222,152,148,-1,222,148,223,-1,223,148,142,-1,223,142,224,-1,224,142,141,-1,224,141,225,-1,225,141,139,-1,225,139,226,-1,226,139,138,-1,226,138,210,-1,210,138,133,-1,211,209,116,-1,116,209,117,-1,227,228,205,-1,229,214,230,-1,230,214,215,-1,230,215,231,-1,231,215,216,-1,231,216,232,-1,232,216,217,-1,232,217,233,-1,233,217,218,-1,205,228,204,-1,204,228,234,-1,204,234,203,-1,203,234,235,-1,203,235,202,-1,235,236,202,-1,202,236,237,-1,202,237,201,-1,201,237,238,-1,201,238,200,-1,238,239,200,-1,200,239,240,-1,200,240,199,-1,199,240,241,-1,199,241,198,-1,198,241,242,-1,198,242,197,-1,197,242,243,-1,197,243,196,-1,196,243,244,-1,196,244,195,-1,195,244,245,-1,195,245,194,-1,205,206,227,-1,227,206,207,-1,227,207,246,-1,246,207,208,-1,246,208,247,-1,247,208,209,-1,248,249,250,-1,251,252,211,-1,211,252,253,-1,211,253,209,-1,209,253,254,-1,209,254,255,-1,256,257,258,-1,220,259,219,-1,219,259,260,-1,219,260,218,-1,218,260,261,-1,218,261,233,-1,262,263,264,-1,264,263,265,-1,264,265,266,-1,267,193,268,-1,268,193,194,-1,268,194,250,-1,250,194,245,-1,250,245,248,-1,212,262,211,-1,211,262,269,-1,211,269,251,-1,229,263,214,-1,214,263,262,-1,214,262,213,-1,213,262,212,-1,267,270,193,-1,193,270,271,-1,193,271,210,-1,210,271,272,-1,210,272,273,-1,273,274,210,-1,210,274,275,-1,210,275,276,-1,258,257,276,-1,276,257,210,-1,210,257,277,-1,210,277,226,-1,226,277,278,-1,226,278,225,-1,225,278,279,-1,225,279,224,-1,280,281,255,-1,255,281,282,-1,255,282,209,-1,209,282,283,-1,209,283,247,-1,249,284,250,-1,250,284,285,-1,250,285,286,-1,286,285,287,-1,286,287,288,-1,288,287,281,-1,288,281,289,-1,289,281,280,-1,266,290,264,-1,264,290,291,-1,264,291,292,-1,292,291,293,-1,292,293,258,-1,258,293,294,-1,258,294,256,-1,224,279,223,-1,223,279,295,-1,223,295,222,-1,222,295,296,-1,222,296,221,-1,221,296,297,-1,221,297,220,-1,220,297,298,-1,220,298,259,-1,299,114,113,-1,300,135,134,-1,301,180,178,-1,178,175,176,-1,184,302,183,-1,183,302,301,-1,129,128,303,-1,303,128,304,-1,134,305,300,-1,300,305,178,-1,300,178,306,-1,306,178,176,-1,113,183,299,-1,299,183,301,-1,299,301,304,-1,304,301,178,-1,304,178,303,-1,303,178,305,-1,179,180,301,-1,307,188,186,-1,165,161,186,-1,186,161,179,-1,186,179,307,-1,307,179,301,-1,308,302,182,-1,182,302,184,-1,192,308,191,-1,191,308,182,-1,191,182,154,-1,154,182,147,-1,307,308,190,-1,190,308,192,-1,188,307,187,-1,187,307,190,-1,187,190,118,-1,118,190,157,-1,16,8,302,-1,8,7,302,-1,302,7,85,-1,302,85,301,-1,301,85,84,-1,84,75,301,-1,301,75,74,-1,301,74,307,-1,307,74,309,-1,307,309,308,-1,308,309,310,-1,308,310,302,-1,302,310,17,-1,302,17,16,-1,311,312,313,-1,313,312,314,-1,312,315,314,-1,314,315,316,-1,315,317,316,-1,316,317,318,-1,317,319,318,-1,318,319,320,-1,321,311,322,-1,322,311,313,-1,323,324,322,-1,325,326,316,-1,327,328,329,-1,329,328,330,-1,331,332,333,-1,333,332,334,-1,333,334,335,-1,333,336,320,-1,320,336,337,-1,320,337,338,-1,324,339,322,-1,322,339,340,-1,322,340,328,-1,335,341,333,-1,333,341,342,-1,333,342,336,-1,338,343,320,-1,320,343,344,-1,320,344,318,-1,340,345,328,-1,328,345,346,-1,328,346,347,-1,347,348,328,-1,328,348,349,-1,328,349,350,-1,351,316,352,-1,352,316,318,-1,352,318,353,-1,353,318,344,-1,313,354,355,-1,327,356,328,-1,328,356,357,-1,328,357,333,-1,333,357,358,-1,333,358,331,-1,359,360,351,-1,351,360,361,-1,351,361,362,-1,363,364,316,-1,365,366,367,-1,367,366,368,-1,367,368,369,-1,370,371,314,-1,314,371,372,-1,314,372,313,-1,313,372,373,-1,313,373,354,-1,350,374,328,-1,328,374,375,-1,328,375,330,-1,330,375,376,-1,330,376,377,-1,316,326,314,-1,314,326,378,-1,314,378,370,-1,364,379,316,-1,316,379,380,-1,316,380,325,-1,381,382,383,-1,383,382,384,-1,383,384,385,-1,386,387,355,-1,355,387,388,-1,355,388,313,-1,313,388,389,-1,313,389,322,-1,322,389,390,-1,322,390,323,-1,362,391,351,-1,351,391,392,-1,351,392,316,-1,316,392,393,-1,316,393,363,-1,369,394,367,-1,367,394,395,-1,367,395,396,-1,396,395,397,-1,396,397,359,-1,359,397,398,-1,359,398,360,-1,384,399,385,-1,385,399,400,-1,385,400,401,-1,401,400,402,-1,401,402,403,-1,403,366,401,-1,401,366,365,-1,401,365,404,-1,404,365,330,-1,404,330,405,-1,405,330,377,-1,386,406,387,-1,387,406,407,-1,387,407,381,-1,381,407,408,-1,381,408,382,-1,312,311,321,-1,321,111,312,-1,312,111,108,-1,312,108,315,-1,315,108,110,-1,315,110,317,-1,317,110,319,-1,328,333,309,-1,309,333,310,-1,322,328,321,-1,321,328,309,-1,309,74,321,-1,321,74,81,-1,321,81,111,-1,19,17,310,-1,110,19,319,-1,319,19,310,-1,319,310,320,-1,320,310,333,-1,409,253,410,-1,410,253,252,-1,410,252,411,-1,411,252,251,-1,411,251,412,-1,412,251,269,-1,412,269,413,-1,413,269,262,-1,413,262,414,-1,414,262,264,-1,414,264,415,-1,415,264,292,-1,415,292,416,-1,416,292,258,-1,416,258,417,-1,417,258,276,-1,417,276,418,-1,418,276,275,-1,418,275,419,-1,419,275,274,-1,419,274,420,-1,420,274,273,-1,420,273,421,-1,421,273,272,-1,421,272,422,-1,422,272,271,-1,422,271,423,-1,423,271,270,-1,423,270,424,-1,424,270,267,-1,424,267,425,-1,425,267,268,-1,425,268,426,-1,426,268,250,-1,426,250,427,-1,427,250,286,-1,427,286,428,-1,428,286,288,-1,428,288,429,-1,429,288,289,-1,429,289,430,-1,430,289,280,-1,430,280,431,-1,431,280,255,-1,431,255,432,-1,432,255,254,-1,432,254,409,-1,409,254,253,-1,431,432,433,-1,433,432,409,-1,433,409,410,-1,428,429,433,-1,433,429,430,-1,433,430,431,-1,425,426,433,-1,433,426,427,-1,433,427,428,-1,422,423,433,-1,433,423,424,-1,433,424,425,-1,419,420,433,-1,433,420,421,-1,433,421,422,-1,416,417,433,-1,433,417,418,-1,433,418,419,-1,413,414,433,-1,433,414,415,-1,433,415,416,-1,410,411,433,-1,433,411,412,-1,433,412,413,-1,434,227,435,-1,435,227,246,-1,435,246,436,-1,436,246,247,-1,436,247,437,-1,437,247,283,-1,437,283,438,-1,438,283,282,-1,438,282,439,-1,439,282,281,-1,439,281,440,-1,440,281,287,-1,440,287,441,-1,441,287,285,-1,441,285,442,-1,442,285,284,-1,442,284,443,-1,443,284,249,-1,443,249,444,-1,444,249,248,-1,444,248,445,-1,445,248,245,-1,445,245,446,-1,446,245,244,-1,446,244,447,-1,447,244,243,-1,447,243,448,-1,448,243,242,-1,448,242,449,-1,449,242,241,-1,449,241,450,-1,450,241,240,-1,450,240,451,-1,451,240,239,-1,451,239,452,-1,452,239,238,-1,452,238,453,-1,453,238,237,-1,453,237,454,-1,454,237,236,-1,454,236,455,-1,455,236,235,-1,455,235,456,-1,456,235,234,-1,456,234,457,-1,457,234,228,-1,457,228,434,-1,434,228,227,-1,456,457,458,-1,458,457,434,-1,458,434,435,-1,453,454,458,-1,458,454,455,-1,458,455,456,-1,450,451,458,-1,458,451,452,-1,458,452,453,-1,447,448,458,-1,458,448,449,-1,458,449,450,-1,444,445,458,-1,458,445,446,-1,458,446,447,-1,441,442,458,-1,458,442,443,-1,458,443,444,-1,438,439,458,-1,458,439,440,-1,458,440,441,-1,435,436,458,-1,458,436,437,-1,458,437,438,-1,459,229,460,-1,460,229,230,-1,460,230,461,-1,461,230,231,-1,461,231,462,-1,462,231,232,-1,462,232,463,-1,463,232,233,-1,463,233,464,-1,464,233,261,-1,464,261,465,-1,465,261,260,-1,465,260,466,-1,466,260,259,-1,466,259,467,-1,467,259,298,-1,467,298,468,-1,468,298,297,-1,468,297,469,-1,469,297,296,-1,469,296,470,-1,470,296,295,-1,470,295,471,-1,471,295,279,-1,471,279,472,-1,472,279,278,-1,472,278,473,-1,473,278,277,-1,473,277,474,-1,474,277,257,-1,474,257,475,-1,475,257,256,-1,475,256,476,-1,476,256,294,-1,476,294,477,-1,477,294,293,-1,477,293,478,-1,478,293,291,-1,478,291,479,-1,479,291,290,-1,479,290,480,-1,480,290,266,-1,480,266,481,-1,481,266,265,-1,481,265,482,-1,482,265,263,-1,482,263,459,-1,459,263,229,-1,481,482,483,-1,483,482,459,-1,483,459,460,-1,478,479,483,-1,483,479,480,-1,483,480,481,-1,475,476,483,-1,483,476,477,-1,483,477,478,-1,472,473,483,-1,483,473,474,-1,483,474,475,-1,469,470,483,-1,483,470,471,-1,483,471,472,-1,466,467,483,-1,483,467,468,-1,483,468,469,-1,463,464,483,-1,483,464,465,-1,483,465,466,-1,460,461,483,-1,483,461,462,-1,483,462,463,-1,
        ]
    }
}
Shape{
    appearance Appearance {
        material  Material 	{
            diffuseColor 0.8509803921568627 0.8509803921568627 0.8509803921568627
            specularColor 0.4235294117647059 0.4235294117647059 0.4235294117647059
            ambientIntensity 0.851
            transparency 0.0
            shininess 0.5
        }
    }
    geometry IndexedFaceSet {
        ccw TRUE
        solid FALSE
        coord DEF co Coordinate {
            point [
                -0.5913 0.6114 0.0246, -0.5913 0.5973 0.0063, -0.5913 0.5642 0.0512, -0.5913 0.5583 0.0512, -0.5913 0.5536 0.0462, -0.5913 0.5478 0.0425, -0.5913 0.5789 -0.0078, -0.5913 0.5414 0.0402, -0.5913 0.5576 -0.0167, -0.5913 0.5346 0.0394, -0.5913 0.5346 -0.0197, -0.5913 0.6202 0.046, -0.5913 0.5642 0.0689, -0.5913 0.6232 0.0689, -0.3354 0.6232 0.0689, -0.3354 0.5642 0.0689, -0.3354 0.6202 0.046, -0.3354 0.5642 0.0512, -0.3354 0.6114 0.0246, -0.3354 0.5973 0.0063, -0.3354 0.5346 0.0394, -0.3354 0.5346 -0.0197, -0.3354 0.5414 0.0402, -0.3354 0.5576 -0.0167, -0.3354 0.5478 0.0425, -0.3354 0.5789 -0.0078, -0.3354 0.5536 0.0462, -0.3354 0.5583 0.0512, -0.5913 0.0974 -0.0092, -0.5913 0.1403 0.0394, -0.5913 0.1182 -0.017, -0.5913 0.1403 -0.0197, -0.5913 0.079 0.0033, -0.5913 0.0641 0.0198, -0.5913 0.0536 0.0394, -0.3354 0.1182 -0.017, -0.3354 0.1403 -0.0197, -0.3354 0.1403 0.0394, -0.3354 0.0536 0.0394, -0.3354 0.0641 0.0198, -0.3354 0.079 0.0033, -0.3354 0.0974 -0.0092, -0.5913 0.6232 0.1969, -0.5913 0.5642 0.1969, -0.3354 0.6232 0.1969, -0.3354 0.5642 0.1969, -0.5913 0.1705 0.0394, -0.3354 0.1705 0.0394, -0.0992 0.0974 -0.0092, -0.0992 0.1403 0.0394, -0.0992 0.1182 -0.017, -0.0992 0.1403 -0.0197, -0.0992 0.079 0.0033, -0.0992 0.0641 0.0198, -0.0992 0.0536 0.0394, 0.0977 0.1182 -0.017, 0.0977 0.1403 -0.0197, 0.0977 0.1403 0.0394, 0.0977 0.0536 0.0394, 0.0977 0.0641 0.0198, 0.0977 0.079 0.0033, 0.0977 0.0974 -0.0092, -0.0211 0.0536 0.0394, -0.0992 0.6114 0.0246, -0.0992 0.5973 0.0063, -0.0992 0.5642 0.0512, -0.0992 0.5583 0.0512, -0.0992 0.5536 0.0462, -0.0992 0.5478 0.0425, -0.0992 0.5789 -0.0078, -0.0992 0.5414 0.0402, -0.0992 0.5576 -0.0167, -0.0992 0.5346 0.0394, -0.0992 0.5346 -0.0197, -0.0992 0.6202 0.046, -0.0992 0.5642 0.0689, -0.0992 0.6232 0.0689, 0.0977 0.6232 0.0689, 0.0977 0.5642 0.0689, 0.0977 0.6202 0.046, 0.0977 0.5642 0.0512, 0.0977 0.6114 0.0246, 0.0977 0.5973 0.0063, 0.0977 0.5346 0.0394, 0.0977 0.5346 -0.0197, 0.0977 0.5414 0.0402, 0.0977 0.5576 -0.0167, 0.0977 0.5478 0.0425, 0.0977 0.5789 -0.0078, 0.0977 0.5536 0.0462, 0.0977 0.5583 0.0512, -0.0992 0.6232 0.1969, -0.0992 0.5642 0.1969, 0.0977 0.6232 0.1969, 0.0977 0.5642 0.1969, -0.0992 0.1705 0.0394, 0.0977 0.1705 0.0394, 0.3339 0.0974 -0.0092, 0.3339 0.1403 0.0394, 0.3339 0.1182 -0.017, 0.3339 0.1403 -0.0197, 0.3339 0.079 0.0033, 0.3339 0.0641 0.0198, 0.3339 0.0536 0.0394, 0.5898 0.1182 -0.017, 0.5898 0.1403 -0.0197, 0.5898 0.1403 0.0394, 0.5898 0.0536 0.0394, 0.5898 0.0641 0.0198, 0.5898 0.079 0.0033, 0.5898 0.0974 -0.0092, 0.3339 0.6114 0.0246, 0.3339 0.5973 0.0063, 0.3339 0.5642 0.0512, 0.3339 0.6202 0.046, 0.3339 0.5642 0.0689, 0.3339 0.6232 0.0689, 0.3339 0.5583 0.0512, 0.3339 0.5536 0.0462, 0.3339 0.5478 0.0425, 0.3339 0.5789 -0.0078, 0.3339 0.5414 0.0402, 0.3339 0.5576 -0.0167, 0.3339 0.5346 0.0394, 0.3339 0.5346 -0.0197, 0.5898 0.6232 0.0689, 0.5898 0.5642 0.0689, 0.5898 0.6202 0.046, 0.5898 0.5642 0.0512, 0.5898 0.6114 0.0246, 0.5898 0.5973 0.0063, 0.5898 0.5346 0.0394, 0.5898 0.5346 -0.0197, 0.5898 0.5414 0.0402, 0.5898 0.5576 -0.0167, 0.5898 0.5478 0.0425, 0.5898 0.5789 -0.0078, 0.5898 0.5536 0.0462, 0.5898 0.5583 0.0512, 0.3339 0.6232 0.1969, 0.3339 0.5642 0.1969, 0.5898 0.6232 0.1969, 0.5898 0.5642 0.1969, 0.3339 0.1705 0.0394, 0.5898 0.1705 0.0394
            ]
        }
        coordIndex [
            0,1,2,-1,3,2,4,-1,4,2,1,-1,4,1,5,-1,5,1,6,-1,5,6,7,-1,7,6,8,-1,7,8,9,-1,9,8,10,-1,0,2,11,-1,11,2,12,-1,11,12,13,-1,14,15,16,-1,16,15,17,-1,16,17,18,-1,18,17,19,-1,20,21,22,-1,22,21,23,-1,22,23,24,-1,24,23,25,-1,24,25,26,-1,26,25,19,-1,26,19,27,-1,27,19,17,-1,28,29,30,-1,30,29,31,-1,28,32,29,-1,29,32,33,-1,29,33,34,-1,35,36,37,-1,37,38,39,-1,39,40,37,-1,37,40,41,-1,37,41,35,-1,31,36,35,-1,31,35,30,-1,30,35,41,-1,30,41,28,-1,28,41,40,-1,28,40,32,-1,32,40,39,-1,32,39,33,-1,33,39,38,-1,33,38,34,-1,42,43,44,-1,44,43,45,-1,9,10,46,-1,46,10,31,-1,46,31,29,-1,47,20,46,-1,46,20,9,-1,37,36,47,-1,47,36,21,-1,47,21,20,-1,36,31,21,-1,21,31,10,-1,9,20,7,-1,7,20,22,-1,7,22,5,-1,5,22,24,-1,5,24,4,-1,4,24,26,-1,4,26,3,-1,3,26,27,-1,13,14,16,-1,13,16,11,-1,11,16,18,-1,11,18,0,-1,0,18,19,-1,0,19,1,-1,1,19,25,-1,1,25,6,-1,6,25,23,-1,6,23,8,-1,8,23,21,-1,8,21,10,-1,42,13,43,-1,43,13,12,-1,45,15,44,-1,44,15,14,-1,14,13,44,-1,44,13,42,-1,48,49,50,-1,50,49,51,-1,48,52,49,-1,49,52,53,-1,49,53,54,-1,55,56,57,-1,57,58,59,-1,59,60,57,-1,57,60,61,-1,57,61,55,-1,62,54,53,-1,59,52,60,-1,60,52,48,-1,60,48,61,-1,61,48,50,-1,61,50,55,-1,55,50,51,-1,55,51,56,-1,58,62,59,-1,59,62,53,-1,59,53,52,-1,63,64,65,-1,66,65,67,-1,67,65,64,-1,67,64,68,-1,68,64,69,-1,68,69,70,-1,70,69,71,-1,70,71,72,-1,72,71,73,-1,63,65,74,-1,74,65,75,-1,74,75,76,-1,77,78,79,-1,79,78,80,-1,79,80,81,-1,81,80,82,-1,83,84,85,-1,85,84,86,-1,85,86,87,-1,87,86,88,-1,87,88,89,-1,89,88,82,-1,89,82,90,-1,90,82,80,-1,91,92,93,-1,93,92,94,-1,72,73,95,-1,95,73,51,-1,95,51,49,-1,96,83,95,-1,95,83,72,-1,57,56,96,-1,96,56,84,-1,96,84,83,-1,56,51,84,-1,84,51,73,-1,72,83,70,-1,70,83,85,-1,70,85,68,-1,68,85,87,-1,68,87,67,-1,67,87,89,-1,67,89,66,-1,66,89,90,-1,76,77,79,-1,76,79,74,-1,74,79,81,-1,74,81,63,-1,63,81,82,-1,63,82,64,-1,64,82,88,-1,64,88,69,-1,69,88,86,-1,69,86,71,-1,71,86,84,-1,71,84,73,-1,91,76,92,-1,92,76,75,-1,94,78,93,-1,93,78,77,-1,77,76,93,-1,93,76,91,-1,97,98,99,-1,99,98,100,-1,97,101,98,-1,98,101,102,-1,98,102,103,-1,104,105,106,-1,106,107,108,-1,108,109,106,-1,106,109,110,-1,106,110,104,-1,100,105,104,-1,100,104,99,-1,99,104,110,-1,99,110,97,-1,97,110,109,-1,97,109,101,-1,101,109,108,-1,101,108,102,-1,102,108,107,-1,102,107,103,-1,111,112,113,-1,111,113,114,-1,114,113,115,-1,114,115,116,-1,117,113,118,-1,118,113,112,-1,118,112,119,-1,119,112,120,-1,119,120,121,-1,121,120,122,-1,121,122,123,-1,123,122,124,-1,125,126,127,-1,127,126,128,-1,127,128,129,-1,129,128,130,-1,131,132,133,-1,133,132,134,-1,133,134,135,-1,135,134,136,-1,135,136,137,-1,137,136,130,-1,137,130,138,-1,138,130,128,-1,139,140,141,-1,141,140,142,-1,123,124,143,-1,143,124,100,-1,143,100,98,-1,144,131,143,-1,143,131,123,-1,106,105,144,-1,144,105,132,-1,144,132,131,-1,105,100,132,-1,132,100,124,-1,123,131,121,-1,121,131,133,-1,121,133,119,-1,119,133,135,-1,119,135,118,-1,118,135,137,-1,118,137,117,-1,117,137,138,-1,116,125,127,-1,116,127,114,-1,114,127,129,-1,114,129,111,-1,111,129,130,-1,111,130,112,-1,112,130,136,-1,112,136,120,-1,120,136,134,-1,120,134,122,-1,122,134,132,-1,122,132,124,-1,139,116,140,-1,140,116,115,-1,142,126,141,-1,141,126,125,-1,125,116,141,-1,141,116,139,-1,
        ]
    }
}
Shape{
    appearance Appearance {
        material  Material 	{
            diffuseColor 1.0 1.0 1.0
            specularColor 0.5019607843137255 0.5019607843137255 0.5019607843137255
            ambientIntensity 1.0
            transparency 0.0
            shininess 0.5
        }
    }
    geometry IndexedFaceSet {
        ccw TRUE
        solid FALSE
        coord DEF co Coordinate {
            point [
                -0.1853 -0.7224 0.3417, -0.1886 -0.7224 0.3439, -0.1976 -0.3846 0.3283, -0.3223 -0.7224 0.4744, -0.326 -0.7224 0.4815, -0.3417 -0.3846 0.4724, -0.0726 -0.7224 1.0384, -0.066 -0.7224 1.0392, -0.0691 -0.3846 1.057, 0.3521 -0.7224 0.7991, 0.3525 -0.7224 0.7979, 0.3692 -0.3846 0.8039, 0.3704 -0.7224 0.6093, 0.3692 -0.7224 0.6041, 0.387 -0.3846 0.6009, 0.1339 -0.3846 0.2993, 0.1277 -0.7224 0.3166, 0.0676 -0.3846 0.2816, 0.0946 -0.7224 0.3056, 0.1961 -0.3846 0.3283, 0.1871 -0.7224 0.3439, 0.1838 -0.7224 0.3417, 0.1404 -0.7224 0.3208, 0.2241 -0.7224 0.368, 0.2523 -0.3846 0.3677, 0.2405 -0.7224 0.3818, 0.3402 -0.3846 0.4724, 0.3245 -0.7224 0.4815, 0.3208 -0.7224 0.4744, 0.3008 -0.3846 0.4162, 0.2932 -0.7224 0.4349, 0.2869 -0.7224 0.4279, 0.2608 -0.7224 0.3992, 0.3431 -0.7224 0.5171, 0.3692 -0.3846 0.5346, 0.3519 -0.7224 0.541, 0.3597 -0.7224 0.5623, 0.3751 -0.7224 0.6572, 0.393 -0.3846 0.6693, 0.3747 -0.7224 0.6693, 0.3735 -0.7224 0.7054, 0.387 -0.3846 0.7377, 0.3688 -0.7224 0.7345, 0.3658 -0.7224 0.753, 0.3326 -0.7224 0.8432, 0.3402 -0.3846 0.8661, 0.3243 -0.7224 0.8569, 0.2523 -0.3846 0.9709, 0.2408 -0.7224 0.9572, 0.243 -0.7224 0.9556, 0.3008 -0.3846 0.9224, 0.2776 -0.7224 0.9221, 0.2868 -0.7224 0.9106, 0.3076 -0.7224 0.8844, 0.2044 -0.7224 0.9844, 0.1961 -0.3846 1.0102, 0.1869 -0.7224 0.9943, 0.0676 -0.3846 1.057, 0.0645 -0.7224 1.0392, 0.0711 -0.7224 1.0384, 0.1339 -0.3846 1.0392, 0.1177 -0.7224 1.0261, 0.1277 -0.7224 1.0221, 0.1624 -0.7224 1.0081, 0.0233 -0.7224 1.0445, -0.0007 -0.3846 1.063, -0.0007 -0.7224 1.0453, -0.0248 -0.7224 1.0445, -0.1192 -0.7224 1.0261, -0.1354 -0.3846 1.0392, -0.1291 -0.7224 1.0221, -0.1639 -0.7224 1.0081, -0.1976 -0.3846 1.0102, -0.1884 -0.7224 0.9943, -0.2538 -0.3846 0.9709, -0.2423 -0.7224 0.9572, -0.2059 -0.7224 0.9844, -0.3023 -0.3846 0.9224, -0.2791 -0.7224 0.9221, -0.2445 -0.7224 0.9556, -0.3417 -0.3846 0.8661, -0.3091 -0.7224 0.8844, -0.2883 -0.7224 0.9106, -0.3536 -0.7224 0.7991, -0.3341 -0.7224 0.8432, -0.3258 -0.7224 0.8569, -0.354 -0.7224 0.7979, -0.3707 -0.3846 0.8039, -0.3673 -0.7224 0.753, -0.3885 -0.3846 0.7377, -0.3703 -0.7224 0.7345, -0.3885 -0.3846 0.6009, -0.3707 -0.7224 0.6041, -0.3719 -0.7224 0.6093, -0.3944 -0.3846 0.6693, -0.3766 -0.7224 0.6572, -0.3762 -0.7224 0.6693, -0.375 -0.7224 0.7054, -0.3612 -0.7224 0.5623, -0.3707 -0.3846 0.5346, -0.3533 -0.7224 0.541, -0.3446 -0.7224 0.5171, -0.2947 -0.7224 0.4349, -0.3023 -0.3846 0.4162, -0.2884 -0.7224 0.4279, -0.2623 -0.7224 0.3992, -0.2538 -0.3846 0.3677, -0.2419 -0.7224 0.3818, -0.2256 -0.7224 0.368, -0.1418 -0.7224 0.3208, -0.1354 -0.3846 0.2993, -0.1291 -0.7224 0.3166, -0.0961 -0.7224 0.3056, -0.0691 -0.3846 0.2816, -0.0659 -0.7224 0.2997, 0.0644 -0.7224 0.2997, 0.0473 -0.7224 0.2964, -0.0007 -0.3846 0.2756, -0.0007 -0.7224 0.2933, -0.0488 -0.7224 0.2964, -0.0007 -0.7783 0.3523, 0.0398 -0.7783 0.3549, -0.0007 -0.7783 0.6693, -0.1197 -0.7783 0.3754, -0.0812 -0.7783 0.3626, -0.0413 -0.7783 0.3549, -0.2213 -0.7783 0.4416, -0.1904 -0.7783 0.4152, -0.1563 -0.7783 0.3931, -0.2906 -0.7783 0.541, -0.2718 -0.7783 0.5049, -0.2486 -0.7783 0.4716, -0.3176 -0.7783 0.6591, -0.3137 -0.7783 0.6187, -0.3047 -0.7783 0.5791, -0.2983 -0.7783 0.7788, -0.3098 -0.7783 0.7398, -0.3163 -0.7783 0.6997, -0.2354 -0.7783 0.8824, -0.2608 -0.7783 0.8507, -0.2818 -0.7783 0.8159, -0.1383 -0.7783 0.9549, -0.1737 -0.7783 0.935, -0.2062 -0.7783 0.9107, -0.0211 -0.7783 0.9857, -0.0613 -0.7783 0.9805, -0.1006 -0.7783 0.9702, 0.0992 -0.7783 0.9702, 0.0599 -0.7783 0.9805, 0.0196 -0.7783 0.9857, 0.2048 -0.7783 0.9107, 0.1722 -0.7783 0.935, 0.1368 -0.7783 0.9549, 0.2803 -0.7783 0.8159, 0.2593 -0.7783 0.8507, 0.2339 -0.7783 0.8824, 0.3148 -0.7783 0.6997, 0.3083 -0.7783 0.7398, 0.2968 -0.7783 0.7788, 0.3032 -0.7783 0.5791, 0.3122 -0.7783 0.6187, 0.3161 -0.7783 0.6591, 0.2471 -0.7783 0.4716, 0.2704 -0.7783 0.5049, 0.2892 -0.7783 0.541, 0.1548 -0.7783 0.3931, 0.1889 -0.7783 0.4152, 0.2198 -0.7783 0.4416, 0.0797 -0.7783 0.3626, 0.1182 -0.7783 0.3754, 0.094 -0.7371 0.3082, 0.2226 -0.7371 0.3701, 0.259 -0.7371 0.4011, 0.3407 -0.7371 0.5182, 0.3678 -0.7371 0.6097, 0.3709 -0.7371 0.7051, 0.3496 -0.7371 0.7982, 0.3055 -0.7371 0.8829, 0.2029 -0.7371 0.9822, 0.1612 -0.7371 1.0057, 0.0232 -0.7371 1.0419, -0.0721 -0.7371 1.0358, -0.1627 -0.7371 1.0057, -0.2428 -0.7371 0.9536, -0.307 -0.7371 0.8829, -0.3647 -0.7371 0.7524, -0.3724 -0.7371 0.7051, -0.3587 -0.7371 0.5631, -0.3421 -0.7371 0.5182, -0.32 -0.7371 0.4758, -0.2605 -0.7371 0.4011, -0.184 -0.7371 0.344, -0.0954 -0.7371 0.3082, -0.0432 -0.7765 0.3402, -0.0849 -0.7765 0.3483, -0.0449 -0.7709 0.3265, -0.0884 -0.7709 0.3349, -0.0465 -0.7621 0.3146, -0.0915 -0.7621 0.3233, -0.0477 -0.7506 0.3052, -0.0939 -0.7506 0.3142, -0.0485 -0.7371 0.299, -0.1992 -0.7765 0.4034, -0.2316 -0.7765 0.4309, -0.2075 -0.7709 0.3923, -0.2412 -0.7709 0.421, -0.2147 -0.7621 0.3826, -0.2496 -0.7621 0.4124, -0.2203 -0.7506 0.3751, -0.2561 -0.7506 0.4056, -0.224 -0.7371 0.3701, -0.3324 -0.7765 0.6587, -0.331 -0.7765 0.7012, -0.3462 -0.7709 0.6582, -0.3448 -0.7709 0.7025, -0.3582 -0.7621 0.6578, -0.3568 -0.7621 0.7036, -0.3677 -0.7506 0.6575, -0.3662 -0.7506 0.7045, -0.3739 -0.7371 0.6573, -0.2949 -0.7765 0.8228, -0.2729 -0.7765 0.8591, -0.3072 -0.7709 0.8292, -0.2842 -0.7709 0.867, -0.3179 -0.7621 0.8347, -0.2941 -0.7621 0.8739, -0.3262 -0.7506 0.8391, -0.3018 -0.7506 0.8793, -0.3318 -0.7371 0.842, -0.1818 -0.7765 0.9474, -0.1447 -0.7765 0.9682, -0.1893 -0.7709 0.959, -0.1507 -0.7709 0.9807, -0.1959 -0.7621 0.9691, -0.1559 -0.7621 0.9915, -0.201 -0.7506 0.977, -0.16 -0.7506 1.0, -0.2044 -0.7371 0.9822, -0.022 -0.7765 1.0004, 0.0205 -0.7765 1.0004, -0.0229 -0.7709 1.0142, 0.0214 -0.7709 1.0142, -0.0237 -0.7621 1.0262, 0.0222 -0.7621 1.0262, -0.0243 -0.7506 1.0356, 0.0228 -0.7506 1.0356, -0.0247 -0.7371 1.0419, 0.1038 -0.7765 0.9842, 0.1432 -0.7765 0.9682, 0.1082 -0.7709 0.9973, 0.1492 -0.7709 0.9807, 0.112 -0.7621 1.0087, 0.1544 -0.7621 0.9915, 0.1149 -0.7506 1.0177, 0.1585 -0.7506 1.0, 0.1169 -0.7371 1.0236, 0.2449 -0.7765 0.8924, 0.2714 -0.7765 0.8591, 0.2551 -0.7709 0.9017, 0.2828 -0.7709 0.867, 0.264 -0.7621 0.9098, 0.2926 -0.7621 0.8739, 0.271 -0.7506 0.9161, 0.3003 -0.7506 0.8793, 0.2756 -0.7371 0.9203, 0.3228 -0.7765 0.7431, 0.3295 -0.7765 0.7012, 0.3362 -0.7709 0.7462, 0.3433 -0.7709 0.7025, 0.348 -0.7621 0.7489, 0.3553 -0.7621 0.7036, 0.3572 -0.7506 0.751, 0.3647 -0.7506 0.7045, 0.3632 -0.7371 0.7524, 0.3174 -0.7765 0.5749, 0.3027 -0.7765 0.535, 0.3306 -0.7709 0.5709, 0.3153 -0.7709 0.5294, 0.3422 -0.7621 0.5675, 0.3263 -0.7621 0.5245, 0.3512 -0.7506 0.5648, 0.3349 -0.7506 0.5207, 0.3572 -0.7371 0.5631, 0.2587 -0.7765 0.4624, 0.2301 -0.7765 0.4309, 0.2695 -0.7709 0.4538, 0.2397 -0.7709 0.421, 0.2789 -0.7621 0.4463, 0.2481 -0.7621 0.4124, 0.2863 -0.7506 0.4404, 0.2546 -0.7506 0.4056, 0.2912 -0.7371 0.4365, 0.1238 -0.7765 0.3617, 0.0834 -0.7765 0.3483, 0.129 -0.7709 0.3489, 0.0869 -0.7709 0.3349, 0.1335 -0.7621 0.3378, 0.09 -0.7621 0.3233, 0.137 -0.7506 0.329, 0.0924 -0.7506 0.3142, 0.1394 -0.7371 0.3232, -0.0007 -0.7765 0.3375, -0.0007 -0.7709 0.3236, -0.0007 -0.7621 0.3116, -0.0007 -0.7506 0.3022, -0.0007 -0.7371 0.2959, -0.1408 -0.7371 0.3232, -0.1385 -0.7506 0.329, -0.135 -0.7621 0.3378, -0.1305 -0.7709 0.3489, -0.1253 -0.7765 0.3617, -0.1636 -0.7765 0.3802, -0.1704 -0.7709 0.3681, -0.1763 -0.7621 0.3576, -0.1809 -0.7506 0.3494, -0.2926 -0.7371 0.4365, -0.2878 -0.7506 0.4404, -0.2804 -0.7621 0.4463, -0.271 -0.7709 0.4538, -0.2602 -0.7765 0.4624, -0.2845 -0.7765 0.4973, -0.2963 -0.7709 0.4901, -0.3066 -0.7621 0.4839, -0.3147 -0.7506 0.479, -0.3364 -0.7506 0.5207, -0.3278 -0.7621 0.5245, -0.3168 -0.7709 0.5294, -0.3042 -0.7765 0.535, -0.3527 -0.7506 0.5648, -0.3436 -0.7621 0.5675, -0.3321 -0.7709 0.5709, -0.3188 -0.7765 0.5749, -0.3693 -0.7371 0.6097, -0.3631 -0.7506 0.6107, -0.3538 -0.7621 0.6122, -0.342 -0.7709 0.6141, -0.3283 -0.7765 0.6163, -0.3586 -0.7506 0.751, -0.3495 -0.7621 0.7489, -0.3377 -0.7709 0.7462, -0.3242 -0.7765 0.7431, -0.3511 -0.7371 0.7982, -0.3453 -0.7506 0.7961, -0.3364 -0.7621 0.7928, -0.3251 -0.7709 0.7887, -0.3121 -0.7765 0.7839, -0.2771 -0.7371 0.9203, -0.2725 -0.7506 0.9161, -0.2655 -0.7621 0.9098, -0.2566 -0.7709 0.9017, -0.2464 -0.7765 0.8924, -0.2158 -0.7765 0.9219, -0.2248 -0.7709 0.9325, -0.2326 -0.7621 0.9416, -0.2387 -0.7506 0.9488, -0.1184 -0.7371 1.0236, -0.1164 -0.7506 1.0177, -0.1135 -0.7621 1.0087, -0.1097 -0.7709 0.9973, -0.1053 -0.7765 0.9842, -0.0642 -0.7765 0.995, -0.0668 -0.7709 1.0086, -0.0691 -0.7621 1.0204, -0.0709 -0.7506 1.0296, 0.0706 -0.7371 1.0358, 0.0694 -0.7506 1.0296, 0.0676 -0.7621 1.0204, 0.0653 -0.7709 1.0086, 0.0627 -0.7765 0.995, 0.1995 -0.7506 0.977, 0.1944 -0.7621 0.9691, 0.1878 -0.7709 0.959, 0.1803 -0.7765 0.9474, 0.2413 -0.7371 0.9536, 0.2372 -0.7506 0.9488, 0.2311 -0.7621 0.9416, 0.2233 -0.7709 0.9325, 0.2143 -0.7765 0.9219, 0.3303 -0.7371 0.842, 0.3247 -0.7506 0.8391, 0.3164 -0.7621 0.8347, 0.3057 -0.7709 0.8292, 0.2934 -0.7765 0.8228, 0.3107 -0.7765 0.7839, 0.3236 -0.7709 0.7887, 0.3349 -0.7621 0.7928, 0.3438 -0.7506 0.7961, 0.3724 -0.7371 0.6573, 0.3662 -0.7506 0.6575, 0.3568 -0.7621 0.6578, 0.3447 -0.7709 0.6582, 0.3309 -0.7765 0.6587, 0.3268 -0.7765 0.6163, 0.3405 -0.7709 0.6141, 0.3523 -0.7621 0.6122, 0.3617 -0.7506 0.6107, 0.3185 -0.7371 0.4758, 0.3132 -0.7506 0.479, 0.3051 -0.7621 0.4839, 0.2948 -0.7709 0.4901, 0.283 -0.7765 0.4973, 0.2188 -0.7506 0.3751, 0.2132 -0.7621 0.3826, 0.206 -0.7709 0.3923, 0.1977 -0.7765 0.4034, 0.1825 -0.7371 0.344, 0.1794 -0.7506 0.3494, 0.1748 -0.7621 0.3576, 0.1689 -0.7709 0.3681, 0.1621 -0.7765 0.3802, 0.047 -0.7371 0.299, 0.0462 -0.7506 0.3052, 0.045 -0.7621 0.3146, 0.0435 -0.7709 0.3265, 0.0417 -0.7765 0.3402
            ]
        }
        coordIndex [
            0,1,2,-1,3,4,5,-1,6,7,8,-1,9,10,11,-1,12,13,14,-1,15,16,17,-1,17,16,18,-1,19,20,21,-1,19,21,15,-1,15,21,22,-1,15,22,16,-1,20,19,23,-1,23,19,24,-1,23,24,25,-1,26,27,28,-1,26,28,29,-1,28,30,29,-1,29,30,31,-1,29,31,24,-1,24,31,32,-1,24,32,25,-1,27,26,33,-1,33,26,34,-1,33,34,35,-1,14,13,34,-1,34,13,36,-1,34,36,35,-1,12,14,37,-1,37,14,38,-1,37,38,39,-1,39,38,40,-1,40,38,41,-1,40,41,42,-1,11,10,41,-1,41,10,43,-1,41,43,42,-1,9,11,44,-1,44,11,45,-1,44,45,46,-1,47,48,49,-1,47,49,50,-1,49,51,50,-1,50,51,52,-1,50,52,45,-1,45,52,53,-1,45,53,46,-1,48,47,54,-1,54,47,55,-1,54,55,56,-1,57,58,59,-1,57,59,60,-1,59,61,60,-1,60,61,62,-1,60,62,55,-1,55,62,63,-1,55,63,56,-1,58,57,64,-1,64,57,65,-1,64,65,66,-1,8,7,65,-1,65,7,67,-1,65,67,66,-1,6,8,68,-1,68,8,69,-1,68,69,70,-1,70,69,71,-1,71,69,72,-1,71,72,73,-1,74,75,72,-1,72,75,76,-1,72,76,73,-1,77,78,74,-1,74,78,79,-1,74,79,75,-1,80,81,77,-1,77,81,82,-1,77,82,78,-1,83,84,80,-1,80,84,85,-1,80,85,81,-1,83,80,86,-1,86,80,87,-1,86,87,88,-1,88,87,89,-1,88,89,90,-1,91,92,93,-1,91,93,94,-1,93,95,94,-1,94,95,96,-1,94,96,89,-1,89,96,97,-1,89,97,90,-1,92,91,98,-1,98,91,99,-1,98,99,100,-1,5,4,99,-1,99,4,101,-1,99,101,100,-1,3,5,102,-1,102,5,103,-1,102,103,104,-1,104,103,105,-1,105,103,106,-1,105,106,107,-1,2,1,106,-1,106,1,108,-1,106,108,107,-1,0,2,109,-1,109,2,110,-1,109,110,111,-1,111,110,112,-1,112,110,113,-1,112,113,114,-1,18,115,17,-1,17,115,116,-1,17,116,117,-1,117,116,118,-1,117,118,113,-1,113,118,119,-1,113,119,114,-1,120,121,122,-1,123,124,122,-1,122,124,125,-1,122,125,120,-1,126,127,122,-1,122,127,128,-1,122,128,123,-1,129,130,122,-1,122,130,131,-1,122,131,126,-1,132,133,122,-1,122,133,134,-1,122,134,129,-1,135,136,122,-1,122,136,137,-1,122,137,132,-1,138,139,122,-1,122,139,140,-1,122,140,135,-1,141,142,122,-1,122,142,143,-1,122,143,138,-1,144,145,122,-1,122,145,146,-1,122,146,141,-1,147,148,122,-1,122,148,149,-1,122,149,144,-1,150,151,122,-1,122,151,152,-1,122,152,147,-1,153,154,122,-1,122,154,155,-1,122,155,150,-1,156,157,122,-1,122,157,158,-1,122,158,153,-1,159,160,122,-1,122,160,161,-1,122,161,156,-1,162,163,122,-1,122,163,164,-1,122,164,159,-1,165,166,122,-1,122,166,167,-1,122,167,162,-1,121,168,122,-1,122,168,169,-1,122,169,165,-1,115,18,170,-1,20,23,171,-1,25,32,172,-1,27,33,173,-1,13,12,174,-1,39,40,175,-1,10,9,176,-1,46,53,177,-1,48,54,178,-1,56,63,179,-1,58,64,180,-1,7,6,181,-1,70,71,182,-1,75,79,183,-1,82,81,184,-1,86,88,185,-1,90,97,186,-1,92,98,187,-1,100,101,188,-1,4,3,189,-1,104,105,190,-1,1,0,191,-1,111,112,192,-1,125,124,193,-1,193,124,194,-1,193,194,195,-1,195,194,196,-1,195,196,197,-1,197,196,198,-1,197,198,199,-1,199,198,200,-1,199,200,201,-1,201,200,192,-1,127,126,202,-1,202,126,203,-1,202,203,204,-1,204,203,205,-1,204,205,206,-1,206,205,207,-1,206,207,208,-1,208,207,209,-1,208,209,210,-1,210,209,190,-1,132,137,211,-1,211,137,212,-1,211,212,213,-1,213,212,214,-1,213,214,215,-1,215,214,216,-1,215,216,217,-1,217,216,218,-1,217,218,219,-1,219,218,186,-1,140,139,220,-1,220,139,221,-1,220,221,222,-1,222,221,223,-1,222,223,224,-1,224,223,225,-1,224,225,226,-1,226,225,227,-1,226,227,228,-1,228,227,184,-1,142,141,229,-1,229,141,230,-1,229,230,231,-1,231,230,232,-1,231,232,233,-1,233,232,234,-1,233,234,235,-1,235,234,236,-1,235,236,237,-1,237,236,182,-1,144,149,238,-1,238,149,239,-1,238,239,240,-1,240,239,241,-1,240,241,242,-1,242,241,243,-1,242,243,244,-1,244,243,245,-1,244,245,246,-1,246,245,180,-1,147,152,247,-1,247,152,248,-1,247,248,249,-1,249,248,250,-1,249,250,251,-1,251,250,252,-1,251,252,253,-1,253,252,254,-1,253,254,255,-1,255,254,179,-1,155,154,256,-1,256,154,257,-1,256,257,258,-1,258,257,259,-1,258,259,260,-1,260,259,261,-1,260,261,262,-1,262,261,263,-1,262,263,264,-1,264,263,177,-1,157,156,265,-1,265,156,266,-1,265,266,267,-1,267,266,268,-1,267,268,269,-1,269,268,270,-1,269,270,271,-1,271,270,272,-1,271,272,273,-1,273,272,175,-1,159,164,274,-1,274,164,275,-1,274,275,276,-1,276,275,277,-1,276,277,278,-1,278,277,279,-1,278,279,280,-1,280,279,281,-1,280,281,282,-1,282,281,173,-1,162,167,283,-1,283,167,284,-1,283,284,285,-1,285,284,286,-1,285,286,287,-1,287,286,288,-1,287,288,289,-1,289,288,290,-1,289,290,291,-1,291,290,172,-1,169,168,292,-1,292,168,293,-1,292,293,294,-1,294,293,295,-1,294,295,296,-1,296,295,297,-1,296,297,298,-1,298,297,299,-1,298,299,300,-1,300,299,170,-1,120,125,301,-1,301,125,193,-1,301,193,302,-1,302,193,195,-1,302,195,303,-1,303,195,197,-1,303,197,304,-1,304,197,199,-1,304,199,305,-1,305,199,201,-1,305,201,118,-1,118,201,119,-1,192,112,201,-1,201,112,114,-1,201,114,119,-1,109,111,306,-1,306,111,192,-1,306,192,307,-1,307,192,200,-1,307,200,308,-1,308,200,198,-1,308,198,309,-1,309,198,196,-1,309,196,310,-1,310,196,194,-1,310,194,123,-1,123,194,124,-1,123,128,310,-1,310,128,311,-1,310,311,309,-1,309,311,312,-1,309,312,308,-1,308,312,313,-1,308,313,307,-1,307,313,314,-1,307,314,306,-1,306,314,191,-1,306,191,109,-1,109,191,0,-1,108,1,210,-1,210,1,191,-1,210,191,208,-1,208,191,314,-1,208,314,206,-1,206,314,313,-1,206,313,204,-1,204,313,312,-1,204,312,202,-1,202,312,311,-1,202,311,127,-1,127,311,128,-1,190,105,210,-1,210,105,107,-1,210,107,108,-1,102,104,315,-1,315,104,190,-1,315,190,316,-1,316,190,209,-1,316,209,317,-1,317,209,207,-1,317,207,318,-1,318,207,205,-1,318,205,319,-1,319,205,203,-1,319,203,131,-1,131,203,126,-1,131,130,319,-1,319,130,320,-1,319,320,318,-1,318,320,321,-1,318,321,317,-1,317,321,322,-1,317,322,316,-1,316,322,323,-1,316,323,315,-1,315,323,189,-1,315,189,102,-1,102,189,3,-1,101,4,188,-1,188,4,189,-1,188,189,324,-1,324,189,323,-1,324,323,325,-1,325,323,322,-1,325,322,326,-1,326,322,321,-1,326,321,327,-1,327,321,320,-1,327,320,129,-1,129,320,130,-1,98,100,187,-1,187,100,188,-1,187,188,328,-1,328,188,324,-1,328,324,329,-1,329,324,325,-1,329,325,330,-1,330,325,326,-1,330,326,331,-1,331,326,327,-1,331,327,134,-1,134,327,129,-1,93,92,332,-1,332,92,187,-1,332,187,333,-1,333,187,328,-1,333,328,334,-1,334,328,329,-1,334,329,335,-1,335,329,330,-1,335,330,336,-1,336,330,331,-1,336,331,133,-1,133,331,134,-1,133,132,336,-1,336,132,211,-1,336,211,335,-1,335,211,213,-1,335,213,334,-1,334,213,215,-1,334,215,333,-1,333,215,217,-1,333,217,332,-1,332,217,219,-1,332,219,93,-1,93,219,95,-1,186,97,219,-1,219,97,96,-1,219,96,95,-1,88,90,185,-1,185,90,186,-1,185,186,337,-1,337,186,218,-1,337,218,338,-1,338,218,216,-1,338,216,339,-1,339,216,214,-1,339,214,340,-1,340,214,212,-1,340,212,136,-1,136,212,137,-1,83,86,341,-1,341,86,185,-1,341,185,342,-1,342,185,337,-1,342,337,343,-1,343,337,338,-1,343,338,344,-1,344,338,339,-1,344,339,345,-1,345,339,340,-1,345,340,135,-1,135,340,136,-1,135,140,345,-1,345,140,220,-1,345,220,344,-1,344,220,222,-1,344,222,343,-1,343,222,224,-1,343,224,342,-1,342,224,226,-1,342,226,341,-1,341,226,228,-1,341,228,83,-1,83,228,84,-1,184,81,228,-1,228,81,85,-1,228,85,84,-1,78,82,346,-1,346,82,184,-1,346,184,347,-1,347,184,227,-1,347,227,348,-1,348,227,225,-1,348,225,349,-1,349,225,223,-1,349,223,350,-1,350,223,221,-1,350,221,138,-1,138,221,139,-1,138,143,350,-1,350,143,351,-1,350,351,349,-1,349,351,352,-1,349,352,348,-1,348,352,353,-1,348,353,347,-1,347,353,354,-1,347,354,346,-1,346,354,183,-1,346,183,78,-1,78,183,79,-1,76,75,237,-1,237,75,183,-1,237,183,235,-1,235,183,354,-1,235,354,233,-1,233,354,353,-1,233,353,231,-1,231,353,352,-1,231,352,229,-1,229,352,351,-1,229,351,142,-1,142,351,143,-1,182,71,237,-1,237,71,73,-1,237,73,76,-1,68,70,355,-1,355,70,182,-1,355,182,356,-1,356,182,236,-1,356,236,357,-1,357,236,234,-1,357,234,358,-1,358,234,232,-1,358,232,359,-1,359,232,230,-1,359,230,146,-1,146,230,141,-1,146,145,359,-1,359,145,360,-1,359,360,358,-1,358,360,361,-1,358,361,357,-1,357,361,362,-1,357,362,356,-1,356,362,363,-1,356,363,355,-1,355,363,181,-1,355,181,68,-1,68,181,6,-1,67,7,246,-1,246,7,181,-1,246,181,244,-1,244,181,363,-1,244,363,242,-1,242,363,362,-1,242,362,240,-1,240,362,361,-1,240,361,238,-1,238,361,360,-1,238,360,144,-1,144,360,145,-1,180,64,246,-1,246,64,66,-1,246,66,67,-1,59,58,364,-1,364,58,180,-1,364,180,365,-1,365,180,245,-1,365,245,366,-1,366,245,243,-1,366,243,367,-1,367,243,241,-1,367,241,368,-1,368,241,239,-1,368,239,148,-1,148,239,149,-1,148,147,368,-1,368,147,247,-1,368,247,367,-1,367,247,249,-1,367,249,366,-1,366,249,251,-1,366,251,365,-1,365,251,253,-1,365,253,364,-1,364,253,255,-1,364,255,59,-1,59,255,61,-1,179,63,255,-1,255,63,62,-1,255,62,61,-1,54,56,178,-1,178,56,179,-1,178,179,369,-1,369,179,254,-1,369,254,370,-1,370,254,252,-1,370,252,371,-1,371,252,250,-1,371,250,372,-1,372,250,248,-1,372,248,151,-1,151,248,152,-1,49,48,373,-1,373,48,178,-1,373,178,374,-1,374,178,369,-1,374,369,375,-1,375,369,370,-1,375,370,376,-1,376,370,371,-1,376,371,377,-1,377,371,372,-1,377,372,150,-1,150,372,151,-1,150,155,377,-1,377,155,256,-1,377,256,376,-1,376,256,258,-1,376,258,375,-1,375,258,260,-1,375,260,374,-1,374,260,262,-1,374,262,373,-1,373,262,264,-1,373,264,49,-1,49,264,51,-1,177,53,264,-1,264,53,52,-1,264,52,51,-1,44,46,378,-1,378,46,177,-1,378,177,379,-1,379,177,263,-1,379,263,380,-1,380,263,261,-1,380,261,381,-1,381,261,259,-1,381,259,382,-1,382,259,257,-1,382,257,153,-1,153,257,154,-1,153,158,382,-1,382,158,383,-1,382,383,381,-1,381,383,384,-1,381,384,380,-1,380,384,385,-1,380,385,379,-1,379,385,386,-1,379,386,378,-1,378,386,176,-1,378,176,44,-1,44,176,9,-1,43,10,273,-1,273,10,176,-1,273,176,271,-1,271,176,386,-1,271,386,269,-1,269,386,385,-1,269,385,267,-1,267,385,384,-1,267,384,265,-1,265,384,383,-1,265,383,157,-1,157,383,158,-1,175,40,273,-1,273,40,42,-1,273,42,43,-1,37,39,387,-1,387,39,175,-1,387,175,388,-1,388,175,272,-1,388,272,389,-1,389,272,270,-1,389,270,390,-1,390,270,268,-1,390,268,391,-1,391,268,266,-1,391,266,161,-1,161,266,156,-1,161,160,391,-1,391,160,392,-1,391,392,390,-1,390,392,393,-1,390,393,389,-1,389,393,394,-1,389,394,388,-1,388,394,395,-1,388,395,387,-1,387,395,174,-1,387,174,37,-1,37,174,12,-1,36,13,282,-1,282,13,174,-1,282,174,280,-1,280,174,395,-1,280,395,278,-1,278,395,394,-1,278,394,276,-1,276,394,393,-1,276,393,274,-1,274,393,392,-1,274,392,159,-1,159,392,160,-1,173,33,282,-1,282,33,35,-1,282,35,36,-1,28,27,396,-1,396,27,173,-1,396,173,397,-1,397,173,281,-1,397,281,398,-1,398,281,279,-1,398,279,399,-1,399,279,277,-1,399,277,400,-1,400,277,275,-1,400,275,163,-1,163,275,164,-1,163,162,400,-1,400,162,283,-1,400,283,399,-1,399,283,285,-1,399,285,398,-1,398,285,287,-1,398,287,397,-1,397,287,289,-1,397,289,396,-1,396,289,291,-1,396,291,28,-1,28,291,30,-1,172,32,291,-1,291,32,31,-1,291,31,30,-1,23,25,171,-1,171,25,172,-1,171,172,401,-1,401,172,290,-1,401,290,402,-1,402,290,288,-1,402,288,403,-1,403,288,286,-1,403,286,404,-1,404,286,284,-1,404,284,166,-1,166,284,167,-1,21,20,405,-1,405,20,171,-1,405,171,406,-1,406,171,401,-1,406,401,407,-1,407,401,402,-1,407,402,408,-1,408,402,403,-1,408,403,409,-1,409,403,404,-1,409,404,165,-1,165,404,166,-1,165,169,409,-1,409,169,292,-1,409,292,408,-1,408,292,294,-1,408,294,407,-1,407,294,296,-1,407,296,406,-1,406,296,298,-1,406,298,405,-1,405,298,300,-1,405,300,21,-1,21,300,22,-1,170,18,300,-1,300,18,16,-1,300,16,22,-1,116,115,410,-1,410,115,170,-1,410,170,411,-1,411,170,299,-1,411,299,412,-1,412,299,297,-1,412,297,413,-1,413,297,295,-1,413,295,414,-1,414,295,293,-1,414,293,121,-1,121,293,168,-1,121,120,414,-1,414,120,301,-1,414,301,413,-1,413,301,302,-1,413,302,412,-1,412,302,303,-1,412,303,411,-1,411,303,304,-1,411,304,410,-1,410,304,305,-1,410,305,116,-1,116,305,118,-1,
        ]
    }
}
Shape{
    appearance Appearance {
        material  Material 	{
            diffuseColor 1.0 1.0 1.0
            specularColor 0.8784313725490196 0.8784313725490196 0.8784313725490196
            ambientIntensity 1.0
            transparency 0.0
            shininess 0.5
        }
    }
    geometry IndexedFaceSet {
        ccw TRUE
        solid FALSE
        coord DEF co Coordinate {
            point [
                -0.1676 0.0405 0.0398, -0.206 -0.0579 0.0398, -0.1676 0.0405 0.0394, -0.206 -0.0579 0.0394, -0.1916 -0.0579 0.0398, -0.1916 -0.0579 0.0394, -0.1816 -0.0303 0.0398, -0.1816 -0.0303 0.0394, -0.141 -0.0303 0.0398, -0.141 -0.0303 0.0394, -0.1316 -0.0579 0.0398, -0.1316 -0.0579 0.0394, -0.1172 -0.0579 0.0398, -0.1172 -0.0579 0.0394, -0.1544 0.0405 0.0398, -0.1544 0.0405 0.0394, -0.1443 -0.0195 0.0398, -0.1772 -0.0195 0.0398, -0.159 0.0216 0.0398, -0.1599 0.025 0.0398, -0.1606 0.0285 0.0398, -0.1609 0.0285 0.0398, -0.1615 0.025 0.0398, -0.1624 0.0216 0.0398, -0.1443 -0.0195 0.0394, -0.1772 -0.0195 0.0394, -0.159 0.0216 0.0394, -0.1599 0.025 0.0394, -0.1606 0.0285 0.0394, -0.1609 0.0285 0.0394, -0.1615 0.025 0.0394, -0.1624 0.0216 0.0394, -0.0575 -0.0579 0.0398, -0.0308 -0.0579 0.0398, -0.0575 -0.0579 0.0394, -0.0308 -0.0579 0.0394, -0.0308 0.0405 0.0398, -0.0308 0.0405 0.0394
            ]
        }
        coordIndex [
            0,1,2,-1,2,1,3,-1,1,4,3,-1,3,4,5,-1,4,6,5,-1,5,6,7,-1,6,8,7,-1,7,8,9,-1,8,10,9,-1,9,10,11,-1,10,12,11,-1,11,12,13,-1,12,14,13,-1,13,14,15,-1,14,0,15,-1,15,0,2,-1,16,8,17,-1,17,8,6,-1,18,14,16,-1,16,14,12,-1,16,12,8,-1,8,12,10,-1,18,19,14,-1,14,19,20,-1,14,20,0,-1,0,20,21,-1,0,21,22,-1,22,23,0,-1,0,23,17,-1,0,17,1,-1,1,17,6,-1,1,6,4,-1,16,17,24,-1,24,17,25,-1,18,16,26,-1,26,16,24,-1,18,26,27,-1,18,27,19,-1,19,27,28,-1,19,28,20,-1,21,20,29,-1,29,20,28,-1,21,29,30,-1,21,30,22,-1,22,30,31,-1,22,31,23,-1,17,23,25,-1,25,23,31,-1,32,33,34,-1,34,33,35,-1,33,36,35,-1,35,36,37,-1,
        ]
    }
}
Shape{
    appearance Appearance {
        material  Material 	{
            diffuseColor 0.8509803921568627 0.8509803921568627 0.8509803921568627
            specularColor 0.4235294117647059 0.4235294117647059 0.4235294117647059
            ambientIntensity 0.851
            transparency 0.0
            shininess 0.5
        }
    }
    geometry IndexedFaceSet {
        ccw TRUE
        solid FALSE
        coord DEF co Coordinate {
            point [
                -0.0308 0.0405 0.0398, -0.0585 0.0405 0.0398, -0.0308 0.0405 0.0394, -0.0585 0.0405 0.0394, -0.11 -0.0075 0.0398, -0.11 -0.0075 0.0394, -0.1093 0.0018 0.0394, -0.1093 0.0018 0.0398, -0.1066 0.0115 0.0394, -0.1066 0.0115 0.0398, -0.102 0.0199 0.0394, -0.102 0.0199 0.0398, -0.0951 0.0277 0.0394, -0.0951 0.0277 0.0398, -0.095 0.0277 0.0394, -0.095 0.0277 0.0398, -0.0843 0.0349 0.0394, -0.0843 0.0349 0.0398, -0.0727 0.039 0.0394, -0.0727 0.039 0.0398, -0.0575 -0.0579 0.0398, -0.0575 -0.0579 0.0394, -0.0697 -0.0569 0.0394, -0.0697 -0.0569 0.0398, -0.081 -0.0535 0.0394, -0.081 -0.0535 0.0398, -0.0913 -0.0475 0.0394, -0.0913 -0.0475 0.0398, -0.0994 -0.0398 0.0394, -0.0994 -0.0398 0.0398, -0.1051 -0.031 0.0394, -0.1051 -0.031 0.0398, -0.1086 -0.0207 0.0394, -0.1086 -0.0207 0.0398, -0.0902 0.0159 0.0398, -0.0854 0.021 0.0398, -0.0782 0.0256 0.0398, -0.0701 0.0284 0.0398, -0.0585 0.0297 0.0398, -0.044 0.0297 0.0398, -0.044 -0.0471 0.0398, -0.0308 -0.0579 0.0398, -0.0579 -0.0471 0.0398, -0.0683 -0.0462 0.0398, -0.0766 -0.0436 0.0398, -0.0833 -0.0396 0.0398, -0.0888 -0.0341 0.0398, -0.093 -0.0274 0.0398, -0.0959 -0.0181 0.0398, -0.0968 -0.0078 0.0398, -0.0959 0.002 0.0398, -0.0936 0.0098 0.0398, -0.0585 0.0297 0.0394, -0.044 0.0297 0.0394, -0.0701 0.0284 0.0394, -0.0782 0.0256 0.0394, -0.0854 0.021 0.0394, -0.0902 0.0159 0.0394, -0.0936 0.0098 0.0394, -0.0959 0.002 0.0394, -0.0968 -0.0078 0.0394, -0.0959 -0.0181 0.0394, -0.093 -0.0274 0.0394, -0.0888 -0.0341 0.0394, -0.0833 -0.0396 0.0394, -0.0766 -0.0436 0.0394, -0.0683 -0.0462 0.0394, -0.0579 -0.0471 0.0394, -0.044 -0.0471 0.0394, -0.0115 -0.0471 0.0398, -0.0115 -0.0579 0.0398, -0.0115 -0.0471 0.0394, -0.0115 -0.0579 0.0394, 0.0413 -0.0579 0.0398, 0.0413 -0.0579 0.0394, 0.0413 0.0405 0.0398, 0.0413 0.0405 0.0394, -0.0091 0.0405 0.0398, -0.0091 0.0405 0.0394, -0.0091 0.0297 0.0398, -0.0091 0.0297 0.0394, 0.0281 0.0297 0.0398, 0.0281 0.0297 0.0394, 0.0281 -0.0027 0.0398, 0.0281 -0.0027 0.0394, -0.0067 -0.0027 0.0398, -0.0067 -0.0027 0.0394, -0.0067 -0.0135 0.0398, -0.0067 -0.0135 0.0394, 0.0281 -0.0135 0.0398, 0.0281 -0.0135 0.0394, 0.0281 -0.0471 0.0398, 0.0281 -0.0471 0.0394, 0.0605 -0.042 0.0398, 0.0605 -0.0528 0.0398, 0.0605 -0.042 0.0394, 0.0605 -0.0528 0.0394, 0.071 -0.0571 0.0398, 0.0876 -0.0591 0.0398, 0.0876 -0.0591 0.0394, 0.0849 -0.0591 0.0394, 0.0849 -0.0591 0.0398, 0.0809 -0.0585 0.0394, 0.071 -0.0571 0.0394
            ]
        }
        coordIndex [
            0,1,2,-1,2,1,3,-1,4,5,6,-1,4,6,7,-1,7,6,8,-1,7,8,9,-1,9,8,10,-1,9,10,11,-1,11,10,12,-1,11,12,13,-1,13,12,14,-1,13,14,15,-1,15,14,16,-1,15,16,17,-1,17,16,18,-1,17,18,19,-1,19,18,3,-1,19,3,1,-1,20,21,22,-1,20,22,23,-1,23,22,24,-1,23,24,25,-1,25,24,26,-1,25,26,27,-1,27,26,28,-1,27,28,29,-1,29,28,30,-1,29,30,31,-1,31,30,32,-1,31,32,33,-1,33,32,5,-1,33,5,4,-1,9,11,34,-1,34,11,13,-1,34,13,35,-1,35,13,15,-1,35,15,36,-1,36,15,17,-1,36,17,37,-1,37,17,19,-1,37,19,38,-1,38,19,1,-1,38,1,39,-1,39,1,0,-1,39,0,40,-1,40,0,41,-1,40,41,42,-1,42,41,20,-1,42,20,43,-1,43,20,23,-1,43,23,44,-1,44,23,25,-1,44,25,45,-1,45,25,27,-1,45,27,46,-1,46,27,29,-1,46,29,47,-1,47,29,31,-1,47,31,48,-1,48,31,33,-1,48,33,49,-1,49,33,4,-1,49,4,50,-1,50,4,7,-1,50,7,51,-1,51,7,9,-1,51,9,34,-1,38,39,52,-1,52,39,53,-1,38,52,54,-1,38,54,37,-1,37,54,55,-1,37,55,36,-1,36,55,56,-1,36,56,35,-1,35,56,57,-1,35,57,34,-1,34,57,58,-1,34,58,51,-1,51,58,59,-1,51,59,50,-1,50,59,60,-1,50,60,49,-1,49,60,61,-1,49,61,48,-1,48,61,62,-1,48,62,47,-1,47,62,63,-1,47,63,46,-1,46,63,64,-1,46,64,45,-1,45,64,65,-1,45,65,44,-1,44,65,66,-1,44,66,43,-1,43,66,67,-1,43,67,42,-1,40,42,68,-1,68,42,67,-1,39,40,53,-1,53,40,68,-1,69,70,71,-1,71,70,72,-1,70,73,72,-1,72,73,74,-1,73,75,74,-1,74,75,76,-1,75,77,76,-1,76,77,78,-1,77,79,78,-1,78,79,80,-1,79,81,80,-1,80,81,82,-1,81,83,82,-1,82,83,84,-1,83,85,84,-1,84,85,86,-1,85,87,86,-1,86,87,88,-1,87,89,88,-1,88,89,90,-1,89,91,90,-1,90,91,92,-1,91,69,92,-1,92,69,71,-1,73,70,69,-1,69,91,73,-1,73,91,89,-1,73,89,75,-1,79,77,81,-1,81,77,75,-1,81,75,83,-1,83,75,89,-1,83,89,85,-1,85,89,87,-1,93,94,95,-1,95,94,96,-1,96,94,97,-1,98,99,100,-1,98,100,101,-1,101,100,102,-1,101,102,97,-1,97,102,103,-1,97,103,96,-1,
        ]
    }
}
Shape{
    appearance Appearance {
        material  Material 	{
            diffuseColor 1.0 1.0 1.0
            specularColor 0.8784313725490196 0.8784313725490196 0.8784313725490196
            ambientIntensity 1.0
            transparency 0.0
            shininess 0.5
        }
    }
    geometry IndexedFaceSet {
        ccw TRUE
        solid FALSE
        coord DEF co Coordinate {
            point [
                0.0876 -0.0591 0.0394, 0.0876 -0.0591 0.0398, 0.0933 -0.0585 0.0394, 0.0997 -0.0579 0.0398, 0.0997 -0.0579 0.0394, 0.1092 -0.0546 0.0398, 0.1092 -0.0546 0.0394, 0.1171 -0.0495 0.0398, 0.1171 -0.0495 0.0394, 0.1245 -0.0418 0.0398, 0.1245 -0.0418 0.0394, 0.1298 -0.0324 0.0398, 0.1298 -0.0324 0.0394, 0.1327 -0.022 0.0398, 0.1327 -0.022 0.0394, 0.1337 -0.0106 0.0398, 0.1337 -0.0106 0.0394, 0.0836 0.0417 0.0398, 0.0836 0.0417 0.0394, 0.0935 0.0409 0.0394, 0.0935 0.0409 0.0398, 0.1045 0.0377 0.0394, 0.1045 0.0377 0.0398, 0.1138 0.0323 0.0394, 0.1138 0.0323 0.0398, 0.1227 0.0238 0.0394, 0.1227 0.0238 0.0398, 0.1285 0.0146 0.0394, 0.1285 0.0146 0.0398, 0.1323 0.0034 0.0394, 0.1323 0.0034 0.0398, 0.0605 0.0378 0.0398, 0.0605 0.0378 0.0394, 0.0719 0.0409 0.0394, 0.0719 0.0409 0.0398, 0.0605 0.0246 0.0398, 0.0605 0.0246 0.0394, 0.0835 0.0309 0.0398, 0.0835 0.0309 0.0394, 0.0716 0.0293 0.0394, 0.0716 0.0293 0.0398, 0.1205 -0.0098 0.0398, 0.1205 -0.0098 0.0394, 0.12 -0.0021 0.0394, 0.12 -0.0021 0.0398, 0.1174 0.0084 0.0394, 0.1174 0.0084 0.0398, 0.1133 0.016 0.0394, 0.1133 0.016 0.0398, 0.1074 0.0226 0.0394, 0.1074 0.0226 0.0398, 0.1006 0.0271 0.0394, 0.1006 0.0271 0.0398, 0.0932 0.0298 0.0394, 0.0932 0.0298 0.0398, 0.0857 -0.0483 0.0398, 0.0857 -0.0483 0.0394, 0.0949 -0.0473 0.0394, 0.0949 -0.0473 0.0398, 0.1021 -0.0447 0.0394, 0.1021 -0.0447 0.0398, 0.1081 -0.0406 0.0394, 0.1081 -0.0406 0.0398, 0.1127 -0.0357 0.0394, 0.1127 -0.0357 0.0398, 0.1168 -0.0289 0.0394, 0.1168 -0.0289 0.0398, 0.1195 -0.0204 0.0394, 0.1195 -0.0204 0.0398, 0.0605 -0.042 0.0398, 0.0605 -0.042 0.0394, 0.0622 -0.043 0.0394, 0.0622 -0.043 0.0398, 0.0727 -0.0469 0.0394, 0.0727 -0.0469 0.0398, 0.0849 -0.0591 0.0398, 0.071 -0.0571 0.0398, 0.0605 -0.0528 0.0398, 0.1421 -0.0471 0.0398, 0.1421 -0.0579 0.0398, 0.1421 -0.0471 0.0394, 0.1421 -0.0579 0.0394, 0.1925 -0.0579 0.0398, 0.1925 -0.0579 0.0394, 0.1925 0.0405 0.0398, 0.1925 0.0405 0.0394, 0.1793 0.0405 0.0398, 0.1793 0.0405 0.0394, 0.1793 -0.0471 0.0398, 0.1793 -0.0471 0.0394
            ]
        }
        coordIndex [
            0,1,2,-1,2,1,3,-1,2,3,4,-1,4,3,5,-1,4,5,6,-1,6,5,7,-1,6,7,8,-1,8,7,9,-1,8,9,10,-1,10,9,11,-1,10,11,12,-1,12,11,13,-1,12,13,14,-1,14,13,15,-1,14,15,16,-1,17,18,19,-1,17,19,20,-1,20,19,21,-1,20,21,22,-1,22,21,23,-1,22,23,24,-1,24,23,25,-1,24,25,26,-1,26,25,27,-1,26,27,28,-1,28,27,29,-1,28,29,30,-1,30,29,16,-1,30,16,15,-1,31,32,33,-1,31,33,34,-1,34,33,18,-1,34,18,17,-1,31,35,32,-1,32,35,36,-1,37,38,39,-1,37,39,40,-1,40,39,36,-1,40,36,35,-1,41,42,43,-1,41,43,44,-1,44,43,45,-1,44,45,46,-1,46,45,47,-1,46,47,48,-1,48,47,49,-1,48,49,50,-1,50,49,51,-1,50,51,52,-1,52,51,53,-1,52,53,54,-1,54,53,38,-1,54,38,37,-1,55,56,57,-1,55,57,58,-1,58,57,59,-1,58,59,60,-1,60,59,61,-1,60,61,62,-1,62,61,63,-1,62,63,64,-1,64,63,65,-1,64,65,66,-1,66,65,67,-1,66,67,68,-1,68,67,42,-1,68,42,41,-1,69,70,71,-1,69,71,72,-1,72,71,73,-1,72,73,74,-1,74,73,56,-1,74,56,55,-1,58,1,55,-1,55,1,75,-1,55,75,74,-1,74,75,76,-1,74,76,72,-1,72,76,77,-1,72,77,69,-1,35,31,40,-1,40,31,34,-1,40,34,37,-1,37,34,17,-1,37,17,54,-1,54,17,20,-1,54,20,52,-1,52,20,22,-1,52,22,50,-1,50,22,24,-1,50,24,48,-1,48,24,26,-1,48,26,46,-1,46,26,28,-1,46,28,44,-1,44,28,30,-1,44,30,41,-1,41,30,15,-1,41,15,68,-1,68,15,13,-1,68,13,66,-1,66,13,11,-1,66,11,64,-1,64,11,9,-1,64,9,62,-1,62,9,7,-1,62,7,60,-1,60,7,5,-1,60,5,58,-1,58,5,3,-1,58,3,1,-1,78,79,80,-1,80,79,81,-1,79,82,81,-1,81,82,83,-1,82,84,83,-1,83,84,85,-1,84,86,85,-1,85,86,87,-1,86,88,87,-1,87,88,89,-1,88,78,89,-1,89,78,80,-1,86,84,88,-1,88,84,82,-1,88,82,78,-1,78,82,79,-1,
        ]
    }
}
Shape{
    appearance Appearance {
        material  Material 	{
            diffuseColor 0.2235294117647059 0.2235294117647059 0.2235294117647059
            specularColor 0.11372549019607843 0.11372549019607843 0.11372549019607843
            ambientIntensity 0.2235
            transparency 0.0
            shininess 0.5
        }
    }
    geometry IndexedFaceSet {
        ccw TRUE
        solid FALSE
        coord DEF co Coordinate {
            point [
                -0.1443 -0.0195 0.0394, -0.1772 -0.0195 0.0394, -0.159 0.0216 0.0394, -0.1624 0.0216 0.0394, -0.1599 0.025 0.0394, -0.1615 0.025 0.0394, -0.1606 0.0285 0.0394, -0.1609 0.0285 0.0394, -0.044 0.0297 0.0394, -0.044 -0.0471 0.0394, -0.0585 0.0297 0.0394, -0.0579 -0.0471 0.0394, -0.0683 -0.0462 0.0394, -0.0968 -0.0078 0.0394, -0.0959 0.002 0.0394, -0.0936 0.0098 0.0394, -0.0701 0.0284 0.0394, -0.0766 -0.0436 0.0394, -0.0833 -0.0396 0.0394, -0.0888 -0.0341 0.0394, -0.093 -0.0274 0.0394, -0.0959 -0.0181 0.0394, -0.0902 0.0159 0.0394, -0.0854 0.021 0.0394, -0.0782 0.0256 0.0394, -0.6391 -0.4437 1.2, -0.6267 -0.3846 1.2008, -0.6522 -0.3846 1.1974, -0.6759 -0.3846 1.1876, -0.663 -0.4437 1.1939, -0.652 -0.4437 1.1967, -0.6963 -0.3846 1.172, -0.6846 -0.4437 1.182, -0.6756 -0.4437 1.1869, -0.712 -0.3846 1.1516, -0.7026 -0.4437 1.1651, -0.6958 -0.4437 1.1714, -0.7218 -0.3846 1.1278, -0.7158 -0.4437 1.1443, -0.7114 -0.4437 1.1512, -0.7252 -0.3846 1.1024, -0.7234 -0.4437 1.1208, -0.7212 -0.4437 1.1276, -0.7218 -0.3846 1.0769, -0.725 -0.4437 1.0962, -0.7246 -0.4437 1.1023, -0.712 -0.3846 1.0532, -0.7203 -0.4437 1.0719, -0.7213 -0.4437 1.077, -0.6963 -0.3846 1.0328, -0.7098 -0.4437 1.0496, -0.7116 -0.4437 1.0533, -0.6759 -0.3846 1.0171, -0.6941 -0.4437 1.0306, -0.6961 -0.4437 1.033, -0.6522 -0.3846 1.0073, -0.6741 -0.4437 1.0161, -0.6758 -0.4437 1.0173, -0.6267 -0.3846 1.0039, -0.6512 -0.4437 1.007, -0.6522 -0.4437 1.0074, -0.6013 -0.3846 1.0073, -0.6023 -0.4437 1.007, -0.6267 -0.4437 1.0039, -0.5775 -0.3846 1.0171, -0.5793 -0.4437 1.0161, -0.6013 -0.4437 1.0074, -0.5571 -0.3846 1.0328, -0.5594 -0.4437 1.0306, -0.5777 -0.4437 1.0173, -0.5415 -0.3846 1.0532, -0.5436 -0.4437 1.0496, -0.5574 -0.4437 1.033, -0.5317 -0.3846 1.0769, -0.5331 -0.4437 1.0719, -0.5419 -0.4437 1.0533, -0.5283 -0.3846 1.1024, -0.5285 -0.4437 1.0962, -0.5322 -0.4437 1.077, -0.5317 -0.3846 1.1278, -0.53 -0.4437 1.1208, -0.5289 -0.4437 1.1023, -0.5415 -0.3846 1.1516, -0.5377 -0.4437 1.1443, -0.5323 -0.4437 1.1276, -0.5571 -0.3846 1.172, -0.5509 -0.4437 1.1651, -0.5421 -0.4437 1.1512, -0.5775 -0.3846 1.1876, -0.5689 -0.4437 1.182, -0.5576 -0.4437 1.1714, -0.6013 -0.3846 1.1974, -0.5905 -0.4437 1.1939, -0.5779 -0.4437 1.1869, -0.6267 -0.4437 1.2, -0.6144 -0.4437 1.2, -0.6014 -0.4437 1.1967, -0.6267 -0.5028 1.063, -0.6169 -0.5028 1.0642, -0.6267 -0.5028 1.1024, -0.6537 -0.5028 1.0737, -0.6457 -0.5028 1.0679, -0.6365 -0.5028 1.0642, -0.666 -0.5028 1.0999, -0.6642 -0.5028 1.0902, -0.66 -0.5028 1.0813, -0.6571 -0.5028 1.1275, -0.6624 -0.5028 1.1191, -0.6654 -0.5028 1.1097, -0.6317 -0.5028 1.1414, -0.6412 -0.5028 1.139, -0.6499 -0.5028 1.1342, -0.6036 -0.5028 1.1342, -0.6122 -0.5028 1.139, -0.6218 -0.5028 1.1414, -0.5881 -0.5028 1.1097, -0.5911 -0.5028 1.1191, -0.5964 -0.5028 1.1275, -0.5935 -0.5028 1.0813, -0.5893 -0.5028 1.0902, -0.5874 -0.5028 1.0999, -0.6078 -0.5028 1.0679, -0.5998 -0.5028 1.0737, 0.6129 -0.4437 1.2, 0.6252 -0.3846 1.2008, 0.5998 -0.3846 1.1974, 0.576 -0.3846 1.1876, 0.589 -0.4437 1.1939, 0.6 -0.4437 1.1967, 0.5556 -0.3846 1.172, 0.5674 -0.4437 1.182, 0.5764 -0.4437 1.1869, 0.54 -0.3846 1.1516, 0.5494 -0.4437 1.1651, 0.5561 -0.4437 1.1714, 0.5302 -0.3846 1.1278, 0.5362 -0.4437 1.1443, 0.5406 -0.4437 1.1512, 0.5268 -0.3846 1.1024, 0.5286 -0.4437 1.1208, 0.5308 -0.4437 1.1276, 0.5302 -0.3846 1.0769, 0.527 -0.4437 1.0962, 0.5274 -0.4437 1.1023, 0.54 -0.3846 1.0532, 0.5316 -0.4437 1.0719, 0.5307 -0.4437 1.077, 0.5556 -0.3846 1.0328, 0.5421 -0.4437 1.0496, 0.5404 -0.4437 1.0533, 0.576 -0.3846 1.0171, 0.5579 -0.4437 1.0306, 0.5559 -0.4437 1.033, 0.5998 -0.3846 1.0073, 0.5778 -0.4437 1.0161, 0.5762 -0.4437 1.0173, 0.6252 -0.3846 1.0039, 0.6008 -0.4437 1.007, 0.5998 -0.4437 1.0074, 0.6507 -0.3846 1.0073, 0.6497 -0.4437 1.007, 0.6252 -0.4437 1.0039, 0.6745 -0.3846 1.0171, 0.6727 -0.4437 1.0161, 0.6507 -0.4437 1.0074, 0.6948 -0.3846 1.0328, 0.6926 -0.4437 1.0306, 0.6743 -0.4437 1.0173, 0.7105 -0.3846 1.0532, 0.7083 -0.4437 1.0496, 0.6946 -0.4437 1.033, 0.7203 -0.3846 1.0769, 0.7188 -0.4437 1.0719, 0.7101 -0.4437 1.0533, 0.7237 -0.3846 1.1024, 0.7235 -0.4437 1.0962, 0.7198 -0.4437 1.077, 0.7203 -0.3846 1.1278, 0.7219 -0.4437 1.1208, 0.7231 -0.4437 1.1023, 0.7105 -0.3846 1.1516, 0.7143 -0.4437 1.1443, 0.7197 -0.4437 1.1276, 0.6948 -0.3846 1.172, 0.7011 -0.4437 1.1651, 0.7099 -0.4437 1.1512, 0.6745 -0.3846 1.1876, 0.6831 -0.4437 1.182, 0.6943 -0.4437 1.1714, 0.6507 -0.3846 1.1974, 0.6615 -0.4437 1.1939, 0.6741 -0.4437 1.1869, 0.6252 -0.4437 1.2, 0.6376 -0.4437 1.2, 0.6505 -0.4437 1.1967, 0.6252 -0.5028 1.063, 0.635 -0.5028 1.0642, 0.6252 -0.5028 1.1024, 0.5983 -0.5028 1.0737, 0.6063 -0.5028 1.0679, 0.6155 -0.5028 1.0642, 0.5859 -0.5028 1.0999, 0.5878 -0.5028 1.0902, 0.592 -0.5028 1.0813, 0.5949 -0.5028 1.1275, 0.5896 -0.5028 1.1191, 0.5866 -0.5028 1.1097, 0.6203 -0.5028 1.1414, 0.6107 -0.5028 1.139, 0.6021 -0.5028 1.1342, 0.6484 -0.5028 1.1342, 0.6397 -0.5028 1.139, 0.6302 -0.5028 1.1414, 0.6639 -0.5028 1.1097, 0.6609 -0.5028 1.1191, 0.6556 -0.5028 1.1275, 0.6585 -0.5028 1.0813, 0.6627 -0.5028 1.0902, 0.6645 -0.5028 1.0999, 0.6442 -0.5028 1.0679, 0.6522 -0.5028 1.0737, 0.6717 -0.459 1.0179, 0.6912 -0.459 1.0321, 0.7066 -0.459 1.0507, 0.7169 -0.459 1.0726, 0.7215 -0.459 1.0963, 0.7199 -0.459 1.1204, 0.7125 -0.459 1.1434, 0.6995 -0.459 1.1638, 0.6819 -0.459 1.1804, 0.6607 -0.459 1.192, 0.5686 -0.459 1.1804, 0.551 -0.459 1.1638, 0.538 -0.459 1.1434, 0.5305 -0.459 1.1204, 0.529 -0.459 1.0963, 0.5335 -0.459 1.0726, 0.5438 -0.459 1.0507, 0.5592 -0.459 1.0321, 0.5788 -0.459 1.0179, 0.6013 -0.459 1.009, 0.6051 -0.5007 1.1532, 0.6184 -0.5007 1.1566, 0.5999 -0.4948 1.1664, 0.6166 -0.4948 1.1707, 0.5954 -0.4855 1.1778, 0.5931 -0.5007 1.1466, 0.5847 -0.4948 1.1581, 0.5776 -0.4855 1.168, 0.572 -0.4732 1.1756, 0.5831 -0.5007 1.1372, 0.5722 -0.4948 1.1463, 0.5627 -0.4855 1.1541, 0.5555 -0.4732 1.1601, 0.6139 -0.4732 1.1922, 0.6132 -0.459 1.198, 0.5897 -0.459 1.192, 0.6252 -0.5007 1.0477, 0.6116 -0.5007 1.0494, 0.6252 -0.4948 1.0335, 0.6081 -0.4948 1.0356, 0.6252 -0.4855 1.0212, 0.6051 -0.4855 1.0238, 0.6252 -0.4732 1.0118, 0.6027 -0.4732 1.0147, 0.6252 -0.459 1.0059, 0.5816 -0.4732 1.023, 0.5862 -0.4855 1.0313, 0.592 -0.4948 1.042, 0.5989 -0.5007 1.0545, 0.5633 -0.4732 1.0364, 0.5697 -0.4855 1.0432, 0.5781 -0.4948 1.0521, 0.5878 -0.5007 1.0625, 0.5488 -0.4732 1.0539, 0.5567 -0.4855 1.0589, 0.5671 -0.4948 1.0654, 0.5791 -0.5007 1.0731, 0.5392 -0.4732 1.0744, 0.5481 -0.4855 1.0773, 0.5597 -0.4948 1.0811, 0.5733 -0.5007 1.0855, 0.5349 -0.4732 1.0967, 0.5443 -0.4855 1.0973, 0.5565 -0.4948 1.098, 0.5707 -0.5007 1.0989, 0.5363 -0.4732 1.1193, 0.5455 -0.4855 1.1176, 0.5576 -0.4948 1.1153, 0.5716 -0.5007 1.1126, 0.5433 -0.4732 1.1409, 0.5518 -0.4855 1.1369, 0.5629 -0.4948 1.1317, 0.5758 -0.5007 1.1256, 0.6151 -0.4855 1.1829, 0.5919 -0.4732 1.1865, 0.6373 -0.459 1.198, 0.6366 -0.4732 1.1922, 0.6354 -0.4855 1.1829, 0.6339 -0.4948 1.1707, 0.6321 -0.5007 1.1566, 0.6586 -0.4732 1.1865, 0.6551 -0.4855 1.1778, 0.6506 -0.4948 1.1664, 0.6454 -0.5007 1.1532, 0.6784 -0.4732 1.1756, 0.6729 -0.4855 1.168, 0.6657 -0.4948 1.1581, 0.6574 -0.5007 1.1466, 0.695 -0.4732 1.1601, 0.6878 -0.4855 1.1541, 0.6783 -0.4948 1.1463, 0.6674 -0.5007 1.1372, 0.7071 -0.4732 1.1409, 0.6986 -0.4855 1.1369, 0.6876 -0.4948 1.1317, 0.6747 -0.5007 1.1256, 0.7142 -0.4732 1.1193, 0.7049 -0.4855 1.1176, 0.6929 -0.4948 1.1153, 0.6789 -0.5007 1.1126, 0.7156 -0.4732 1.0967, 0.7062 -0.4855 1.0973, 0.694 -0.4948 1.098, 0.6798 -0.5007 1.0989, 0.7113 -0.4732 1.0744, 0.7024 -0.4855 1.0773, 0.6908 -0.4948 1.0811, 0.6772 -0.5007 1.0855, 0.7017 -0.4732 1.0539, 0.6937 -0.4855 1.0589, 0.6834 -0.4948 1.0654, 0.6714 -0.5007 1.0731, 0.6872 -0.4732 1.0364, 0.6808 -0.4855 1.0432, 0.6724 -0.4948 1.0521, 0.6627 -0.5007 1.0625, 0.6688 -0.4732 1.023, 0.6643 -0.4855 1.0313, 0.6584 -0.4948 1.042, 0.6516 -0.5007 1.0545, 0.6492 -0.459 1.009, 0.6478 -0.4732 1.0147, 0.6454 -0.4855 1.0238, 0.6424 -0.4948 1.0356, 0.6388 -0.5007 1.0494, -0.5803 -0.459 1.0179, -0.5607 -0.459 1.0321, -0.5453 -0.459 1.0507, -0.535 -0.459 1.0726, -0.5305 -0.459 1.0963, -0.532 -0.459 1.1204, -0.5395 -0.459 1.1434, -0.5524 -0.459 1.1638, -0.5701 -0.459 1.1804, -0.5912 -0.459 1.192, -0.6834 -0.459 1.1804, -0.701 -0.459 1.1638, -0.714 -0.459 1.1434, -0.7214 -0.459 1.1204, -0.723 -0.459 1.0963, -0.7184 -0.459 1.0726, -0.7081 -0.459 1.0507, -0.6927 -0.459 1.0321, -0.6732 -0.459 1.0179, -0.6507 -0.459 1.009, -0.6468 -0.5007 1.1532, -0.6336 -0.5007 1.1566, -0.6521 -0.4948 1.1664, -0.6354 -0.4948 1.1707, -0.6566 -0.4855 1.1778, -0.6589 -0.5007 1.1466, -0.6672 -0.4948 1.1581, -0.6744 -0.4855 1.168, -0.6799 -0.4732 1.1756, -0.6688 -0.5007 1.1372, -0.6798 -0.4948 1.1463, -0.6892 -0.4855 1.1541, -0.6965 -0.4732 1.1601, -0.6381 -0.4732 1.1922, -0.6388 -0.459 1.198, -0.6622 -0.459 1.192, -0.6267 -0.5007 1.0477, -0.6403 -0.5007 1.0494, -0.6267 -0.4948 1.0335, -0.6439 -0.4948 1.0356, -0.6267 -0.4855 1.0212, -0.6469 -0.4855 1.0238, -0.6267 -0.4732 1.0118, -0.6492 -0.4732 1.0147, -0.6267 -0.459 1.0059, -0.6703 -0.4732 1.023, -0.6658 -0.4855 1.0313, -0.6599 -0.4948 1.042, -0.6531 -0.5007 1.0545, -0.6887 -0.4732 1.0364, -0.6823 -0.4855 1.0432, -0.6739 -0.4948 1.0521, -0.6641 -0.5007 1.0625, -0.7032 -0.4732 1.0539, -0.6952 -0.4855 1.0589, -0.6849 -0.4948 1.0654, -0.6729 -0.5007 1.0731, -0.7128 -0.4732 1.0744, -0.7039 -0.4855 1.0773, -0.6923 -0.4948 1.0811, -0.6787 -0.5007 1.0855, -0.7171 -0.4732 1.0967, -0.7077 -0.4855 1.0973, -0.6955 -0.4948 1.098, -0.6813 -0.5007 1.0989, -0.7156 -0.4732 1.1193, -0.7064 -0.4855 1.1176, -0.6944 -0.4948 1.1153, -0.6804 -0.5007 1.1126, -0.7086 -0.4732 1.1409, -0.7001 -0.4855 1.1369, -0.6891 -0.4948 1.1317, -0.6762 -0.5007 1.1256, -0.6369 -0.4855 1.1829, -0.66 -0.4732 1.1865, -0.6146 -0.459 1.198, -0.6154 -0.4732 1.1922, -0.6166 -0.4855 1.1829, -0.6181 -0.4948 1.1707, -0.6199 -0.5007 1.1566, -0.5934 -0.4732 1.1865, -0.5969 -0.4855 1.1778, -0.6014 -0.4948 1.1664, -0.6066 -0.5007 1.1532, -0.5735 -0.4732 1.1756, -0.579 -0.4855 1.168, -0.5862 -0.4948 1.1581, -0.5946 -0.5007 1.1466, -0.557 -0.4732 1.1601, -0.5642 -0.4855 1.1541, -0.5736 -0.4948 1.1463, -0.5846 -0.5007 1.1372, -0.5448 -0.4732 1.1409, -0.5533 -0.4855 1.1369, -0.5644 -0.4948 1.1317, -0.5773 -0.5007 1.1256, -0.5378 -0.4732 1.1193, -0.547 -0.4855 1.1176, -0.5591 -0.4948 1.1153, -0.573 -0.5007 1.1126, -0.5364 -0.4732 1.0967, -0.5458 -0.4855 1.0973, -0.558 -0.4948 1.098, -0.5722 -0.5007 1.0989, -0.5406 -0.4732 1.0744, -0.5496 -0.4855 1.0773, -0.5612 -0.4948 1.0811, -0.5747 -0.5007 1.0855, -0.5503 -0.4732 1.0539, -0.5582 -0.4855 1.0589, -0.5686 -0.4948 1.0654, -0.5806 -0.5007 1.0731, -0.5648 -0.4732 1.0364, -0.5712 -0.4855 1.0432, -0.5796 -0.4948 1.0521, -0.5893 -0.5007 1.0625, -0.5831 -0.4732 1.023, -0.5876 -0.4855 1.0313, -0.5935 -0.4948 1.042, -0.6004 -0.5007 1.0545, -0.6028 -0.459 1.009, -0.6042 -0.4732 1.0147, -0.6066 -0.4855 1.0238, -0.6096 -0.4948 1.0356, -0.6131 -0.5007 1.0494
            ]
        }
        coordIndex [
            0,1,2,-1,2,1,3,-1,2,3,4,-1,4,3,5,-1,4,5,6,-1,6,5,7,-1,8,9,10,-1,10,9,11,-1,10,11,12,-1,13,14,10,-1,10,14,15,-1,10,15,16,-1,12,17,10,-1,10,17,18,-1,10,18,19,-1,19,20,10,-1,10,20,21,-1,10,21,13,-1,22,23,15,-1,15,23,24,-1,15,24,16,-1,25,26,27,-1,28,29,27,-1,27,29,30,-1,27,30,25,-1,31,32,28,-1,28,32,33,-1,28,33,29,-1,34,35,31,-1,31,35,36,-1,31,36,32,-1,37,38,34,-1,34,38,39,-1,34,39,35,-1,40,41,37,-1,37,41,42,-1,37,42,38,-1,43,44,40,-1,40,44,45,-1,40,45,41,-1,46,47,43,-1,43,47,48,-1,43,48,44,-1,49,50,46,-1,46,50,51,-1,46,51,47,-1,52,53,49,-1,49,53,54,-1,49,54,50,-1,55,56,52,-1,52,56,57,-1,52,57,53,-1,58,59,55,-1,55,59,60,-1,55,60,56,-1,61,62,58,-1,58,62,63,-1,58,63,59,-1,64,65,61,-1,61,65,66,-1,61,66,62,-1,67,68,64,-1,64,68,69,-1,64,69,65,-1,70,71,67,-1,67,71,72,-1,67,72,68,-1,73,74,70,-1,70,74,75,-1,70,75,71,-1,76,77,73,-1,73,77,78,-1,73,78,74,-1,79,80,76,-1,76,80,81,-1,76,81,77,-1,82,83,79,-1,79,83,84,-1,79,84,80,-1,85,86,82,-1,82,86,87,-1,82,87,83,-1,88,89,85,-1,85,89,90,-1,85,90,86,-1,91,92,88,-1,88,92,93,-1,88,93,89,-1,25,94,26,-1,26,94,95,-1,26,95,91,-1,91,95,96,-1,91,96,92,-1,97,98,99,-1,100,101,99,-1,99,101,102,-1,99,102,97,-1,103,104,99,-1,99,104,105,-1,99,105,100,-1,106,107,99,-1,99,107,108,-1,99,108,103,-1,109,110,99,-1,99,110,111,-1,99,111,106,-1,112,113,99,-1,99,113,114,-1,99,114,109,-1,115,116,99,-1,99,116,117,-1,99,117,112,-1,118,119,99,-1,99,119,120,-1,99,120,115,-1,98,121,99,-1,99,121,122,-1,99,122,118,-1,123,124,125,-1,126,127,125,-1,125,127,128,-1,125,128,123,-1,129,130,126,-1,126,130,131,-1,126,131,127,-1,132,133,129,-1,129,133,134,-1,129,134,130,-1,135,136,132,-1,132,136,137,-1,132,137,133,-1,138,139,135,-1,135,139,140,-1,135,140,136,-1,141,142,138,-1,138,142,143,-1,138,143,139,-1,144,145,141,-1,141,145,146,-1,141,146,142,-1,147,148,144,-1,144,148,149,-1,144,149,145,-1,150,151,147,-1,147,151,152,-1,147,152,148,-1,153,154,150,-1,150,154,155,-1,150,155,151,-1,156,157,153,-1,153,157,158,-1,153,158,154,-1,159,160,156,-1,156,160,161,-1,156,161,157,-1,162,163,159,-1,159,163,164,-1,159,164,160,-1,165,166,162,-1,162,166,167,-1,162,167,163,-1,168,169,165,-1,165,169,170,-1,165,170,166,-1,171,172,168,-1,168,172,173,-1,168,173,169,-1,174,175,171,-1,171,175,176,-1,171,176,172,-1,177,178,174,-1,174,178,179,-1,174,179,175,-1,180,181,177,-1,177,181,182,-1,177,182,178,-1,183,184,180,-1,180,184,185,-1,180,185,181,-1,186,187,183,-1,183,187,188,-1,183,188,184,-1,189,190,186,-1,186,190,191,-1,186,191,187,-1,123,192,124,-1,124,192,193,-1,124,193,189,-1,189,193,194,-1,189,194,190,-1,195,196,197,-1,198,199,197,-1,197,199,200,-1,197,200,195,-1,201,202,197,-1,197,202,203,-1,197,203,198,-1,204,205,197,-1,197,205,206,-1,197,206,201,-1,207,208,197,-1,197,208,209,-1,197,209,204,-1,210,211,197,-1,197,211,212,-1,197,212,207,-1,213,214,197,-1,197,214,215,-1,197,215,210,-1,216,217,197,-1,197,217,218,-1,197,218,213,-1,196,219,197,-1,197,219,220,-1,197,220,216,-1,164,163,221,-1,167,166,222,-1,170,169,223,-1,173,172,224,-1,176,175,225,-1,179,178,226,-1,182,181,227,-1,185,184,228,-1,188,187,229,-1,191,190,230,-1,131,130,231,-1,134,133,232,-1,137,136,233,-1,140,139,234,-1,143,142,235,-1,146,145,236,-1,149,148,237,-1,152,151,238,-1,155,154,239,-1,158,157,240,-1,208,207,241,-1,241,207,242,-1,241,242,243,-1,243,242,244,-1,243,244,245,-1,209,208,246,-1,246,208,241,-1,246,241,247,-1,247,241,243,-1,247,243,248,-1,248,243,245,-1,248,245,249,-1,204,209,250,-1,250,209,246,-1,250,246,251,-1,251,246,247,-1,251,247,252,-1,252,247,248,-1,252,248,253,-1,253,248,249,-1,253,249,232,-1,254,255,256,-1,195,200,257,-1,257,200,258,-1,257,258,259,-1,259,258,260,-1,259,260,261,-1,261,260,262,-1,261,262,263,-1,263,262,264,-1,263,264,265,-1,265,264,240,-1,265,240,161,-1,161,240,157,-1,154,158,239,-1,239,158,240,-1,239,240,266,-1,266,240,264,-1,266,264,267,-1,267,264,262,-1,267,262,268,-1,268,262,260,-1,268,260,269,-1,269,260,258,-1,269,258,199,-1,199,258,200,-1,151,155,238,-1,238,155,239,-1,238,239,270,-1,270,239,266,-1,270,266,271,-1,271,266,267,-1,271,267,272,-1,272,267,268,-1,272,268,273,-1,273,268,269,-1,273,269,198,-1,198,269,199,-1,148,152,237,-1,237,152,238,-1,237,238,274,-1,274,238,270,-1,274,270,275,-1,275,270,271,-1,275,271,276,-1,276,271,272,-1,276,272,277,-1,277,272,273,-1,277,273,203,-1,203,273,198,-1,145,149,236,-1,236,149,237,-1,236,237,278,-1,278,237,274,-1,278,274,279,-1,279,274,275,-1,279,275,280,-1,280,275,276,-1,280,276,281,-1,281,276,277,-1,281,277,202,-1,202,277,203,-1,142,146,235,-1,235,146,236,-1,235,236,282,-1,282,236,278,-1,282,278,283,-1,283,278,279,-1,283,279,284,-1,284,279,280,-1,284,280,285,-1,285,280,281,-1,285,281,201,-1,201,281,202,-1,139,143,234,-1,234,143,235,-1,234,235,286,-1,286,235,282,-1,286,282,287,-1,287,282,283,-1,287,283,288,-1,288,283,284,-1,288,284,289,-1,289,284,285,-1,289,285,206,-1,206,285,201,-1,136,140,233,-1,233,140,234,-1,233,234,290,-1,290,234,286,-1,290,286,291,-1,291,286,287,-1,291,287,292,-1,292,287,288,-1,292,288,293,-1,293,288,289,-1,293,289,205,-1,205,289,206,-1,133,137,232,-1,232,137,233,-1,232,233,253,-1,253,233,290,-1,253,290,252,-1,252,290,291,-1,252,291,251,-1,251,291,292,-1,251,292,250,-1,250,292,293,-1,250,293,204,-1,204,293,205,-1,244,294,245,-1,245,294,295,-1,245,295,249,-1,249,295,231,-1,249,231,232,-1,232,231,130,-1,232,130,134,-1,294,254,295,-1,295,254,256,-1,295,256,231,-1,231,256,127,-1,231,127,131,-1,194,193,296,-1,296,193,255,-1,296,255,297,-1,297,255,254,-1,297,254,298,-1,298,254,294,-1,298,294,299,-1,299,294,244,-1,299,244,300,-1,300,244,242,-1,300,242,212,-1,212,242,207,-1,193,192,255,-1,255,192,123,-1,255,123,256,-1,256,123,128,-1,256,128,127,-1,190,194,230,-1,230,194,296,-1,230,296,301,-1,301,296,297,-1,301,297,302,-1,302,297,298,-1,302,298,303,-1,303,298,299,-1,303,299,304,-1,304,299,300,-1,304,300,211,-1,211,300,212,-1,187,191,229,-1,229,191,230,-1,229,230,305,-1,305,230,301,-1,305,301,306,-1,306,301,302,-1,306,302,307,-1,307,302,303,-1,307,303,308,-1,308,303,304,-1,308,304,210,-1,210,304,211,-1,184,188,228,-1,228,188,229,-1,228,229,309,-1,309,229,305,-1,309,305,310,-1,310,305,306,-1,310,306,311,-1,311,306,307,-1,311,307,312,-1,312,307,308,-1,312,308,215,-1,215,308,210,-1,181,185,227,-1,227,185,228,-1,227,228,313,-1,313,228,309,-1,313,309,314,-1,314,309,310,-1,314,310,315,-1,315,310,311,-1,315,311,316,-1,316,311,312,-1,316,312,214,-1,214,312,215,-1,178,182,226,-1,226,182,227,-1,226,227,317,-1,317,227,313,-1,317,313,318,-1,318,313,314,-1,318,314,319,-1,319,314,315,-1,319,315,320,-1,320,315,316,-1,320,316,213,-1,213,316,214,-1,175,179,225,-1,225,179,226,-1,225,226,321,-1,321,226,317,-1,321,317,322,-1,322,317,318,-1,322,318,323,-1,323,318,319,-1,323,319,324,-1,324,319,320,-1,324,320,218,-1,218,320,213,-1,172,176,224,-1,224,176,225,-1,224,225,325,-1,325,225,321,-1,325,321,326,-1,326,321,322,-1,326,322,327,-1,327,322,323,-1,327,323,328,-1,328,323,324,-1,328,324,217,-1,217,324,218,-1,169,173,223,-1,223,173,224,-1,223,224,329,-1,329,224,325,-1,329,325,330,-1,330,325,326,-1,330,326,331,-1,331,326,327,-1,331,327,332,-1,332,327,328,-1,332,328,216,-1,216,328,217,-1,166,170,222,-1,222,170,223,-1,222,223,333,-1,333,223,329,-1,333,329,334,-1,334,329,330,-1,334,330,335,-1,335,330,331,-1,335,331,336,-1,336,331,332,-1,336,332,220,-1,220,332,216,-1,163,167,221,-1,221,167,222,-1,221,222,337,-1,337,222,333,-1,337,333,338,-1,338,333,334,-1,338,334,339,-1,339,334,335,-1,339,335,340,-1,340,335,336,-1,340,336,219,-1,219,336,220,-1,160,164,341,-1,341,164,221,-1,341,221,342,-1,342,221,337,-1,342,337,343,-1,343,337,338,-1,343,338,344,-1,344,338,339,-1,344,339,345,-1,345,339,340,-1,345,340,196,-1,196,340,219,-1,196,195,345,-1,345,195,257,-1,345,257,344,-1,344,257,259,-1,344,259,343,-1,343,259,261,-1,343,261,342,-1,342,261,263,-1,342,263,341,-1,341,263,265,-1,341,265,160,-1,160,265,161,-1,66,65,346,-1,69,68,347,-1,72,71,348,-1,75,74,349,-1,78,77,350,-1,81,80,351,-1,84,83,352,-1,87,86,353,-1,90,89,354,-1,93,92,355,-1,33,32,356,-1,36,35,357,-1,39,38,358,-1,42,41,359,-1,45,44,360,-1,48,47,361,-1,51,50,362,-1,54,53,363,-1,57,56,364,-1,60,59,365,-1,110,109,366,-1,366,109,367,-1,366,367,368,-1,368,367,369,-1,368,369,370,-1,111,110,371,-1,371,110,366,-1,371,366,372,-1,372,366,368,-1,372,368,373,-1,373,368,370,-1,373,370,374,-1,106,111,375,-1,375,111,371,-1,375,371,376,-1,376,371,372,-1,376,372,377,-1,377,372,373,-1,377,373,378,-1,378,373,374,-1,378,374,357,-1,379,380,381,-1,97,102,382,-1,382,102,383,-1,382,383,384,-1,384,383,385,-1,384,385,386,-1,386,385,387,-1,386,387,388,-1,388,387,389,-1,388,389,390,-1,390,389,365,-1,390,365,63,-1,63,365,59,-1,56,60,364,-1,364,60,365,-1,364,365,391,-1,391,365,389,-1,391,389,392,-1,392,389,387,-1,392,387,393,-1,393,387,385,-1,393,385,394,-1,394,385,383,-1,394,383,101,-1,101,383,102,-1,53,57,363,-1,363,57,364,-1,363,364,395,-1,395,364,391,-1,395,391,396,-1,396,391,392,-1,396,392,397,-1,397,392,393,-1,397,393,398,-1,398,393,394,-1,398,394,100,-1,100,394,101,-1,50,54,362,-1,362,54,363,-1,362,363,399,-1,399,363,395,-1,399,395,400,-1,400,395,396,-1,400,396,401,-1,401,396,397,-1,401,397,402,-1,402,397,398,-1,402,398,105,-1,105,398,100,-1,47,51,361,-1,361,51,362,-1,361,362,403,-1,403,362,399,-1,403,399,404,-1,404,399,400,-1,404,400,405,-1,405,400,401,-1,405,401,406,-1,406,401,402,-1,406,402,104,-1,104,402,105,-1,44,48,360,-1,360,48,361,-1,360,361,407,-1,407,361,403,-1,407,403,408,-1,408,403,404,-1,408,404,409,-1,409,404,405,-1,409,405,410,-1,410,405,406,-1,410,406,103,-1,103,406,104,-1,41,45,359,-1,359,45,360,-1,359,360,411,-1,411,360,407,-1,411,407,412,-1,412,407,408,-1,412,408,413,-1,413,408,409,-1,413,409,414,-1,414,409,410,-1,414,410,108,-1,108,410,103,-1,38,42,358,-1,358,42,359,-1,358,359,415,-1,415,359,411,-1,415,411,416,-1,416,411,412,-1,416,412,417,-1,417,412,413,-1,417,413,418,-1,418,413,414,-1,418,414,107,-1,107,414,108,-1,35,39,357,-1,357,39,358,-1,357,358,378,-1,378,358,415,-1,378,415,377,-1,377,415,416,-1,377,416,376,-1,376,416,417,-1,376,417,375,-1,375,417,418,-1,375,418,106,-1,106,418,107,-1,369,419,370,-1,370,419,420,-1,370,420,374,-1,374,420,356,-1,374,356,357,-1,357,356,32,-1,357,32,36,-1,419,379,420,-1,420,379,381,-1,420,381,356,-1,356,381,29,-1,356,29,33,-1,96,95,421,-1,421,95,380,-1,421,380,422,-1,422,380,379,-1,422,379,423,-1,423,379,419,-1,423,419,424,-1,424,419,369,-1,424,369,425,-1,425,369,367,-1,425,367,114,-1,114,367,109,-1,95,94,380,-1,380,94,25,-1,380,25,381,-1,381,25,30,-1,381,30,29,-1,92,96,355,-1,355,96,421,-1,355,421,426,-1,426,421,422,-1,426,422,427,-1,427,422,423,-1,427,423,428,-1,428,423,424,-1,428,424,429,-1,429,424,425,-1,429,425,113,-1,113,425,114,-1,89,93,354,-1,354,93,355,-1,354,355,430,-1,430,355,426,-1,430,426,431,-1,431,426,427,-1,431,427,432,-1,432,427,428,-1,432,428,433,-1,433,428,429,-1,433,429,112,-1,112,429,113,-1,86,90,353,-1,353,90,354,-1,353,354,434,-1,434,354,430,-1,434,430,435,-1,435,430,431,-1,435,431,436,-1,436,431,432,-1,436,432,437,-1,437,432,433,-1,437,433,117,-1,117,433,112,-1,83,87,352,-1,352,87,353,-1,352,353,438,-1,438,353,434,-1,438,434,439,-1,439,434,435,-1,439,435,440,-1,440,435,436,-1,440,436,441,-1,441,436,437,-1,441,437,116,-1,116,437,117,-1,80,84,351,-1,351,84,352,-1,351,352,442,-1,442,352,438,-1,442,438,443,-1,443,438,439,-1,443,439,444,-1,444,439,440,-1,444,440,445,-1,445,440,441,-1,445,441,115,-1,115,441,116,-1,77,81,350,-1,350,81,351,-1,350,351,446,-1,446,351,442,-1,446,442,447,-1,447,442,443,-1,447,443,448,-1,448,443,444,-1,448,444,449,-1,449,444,445,-1,449,445,120,-1,120,445,115,-1,74,78,349,-1,349,78,350,-1,349,350,450,-1,450,350,446,-1,450,446,451,-1,451,446,447,-1,451,447,452,-1,452,447,448,-1,452,448,453,-1,453,448,449,-1,453,449,119,-1,119,449,120,-1,71,75,348,-1,348,75,349,-1,348,349,454,-1,454,349,450,-1,454,450,455,-1,455,450,451,-1,455,451,456,-1,456,451,452,-1,456,452,457,-1,457,452,453,-1,457,453,118,-1,118,453,119,-1,68,72,347,-1,347,72,348,-1,347,348,458,-1,458,348,454,-1,458,454,459,-1,459,454,455,-1,459,455,460,-1,460,455,456,-1,460,456,461,-1,461,456,457,-1,461,457,122,-1,122,457,118,-1,65,69,346,-1,346,69,347,-1,346,347,462,-1,462,347,458,-1,462,458,463,-1,463,458,459,-1,463,459,464,-1,464,459,460,-1,464,460,465,-1,465,460,461,-1,465,461,121,-1,121,461,122,-1,62,66,466,-1,466,66,346,-1,466,346,467,-1,467,346,462,-1,467,462,468,-1,468,462,463,-1,468,463,469,-1,469,463,464,-1,469,464,470,-1,470,464,465,-1,470,465,98,-1,98,465,121,-1,98,97,470,-1,470,97,382,-1,470,382,469,-1,469,382,384,-1,469,384,468,-1,468,384,386,-1,468,386,467,-1,467,386,388,-1,467,388,466,-1,466,388,390,-1,466,390,62,-1,62,390,63,-1,
        ]
    }
}