#VRML V2.0 utf8
# 3D model generated by easyeda2kicad.py (https://github.com/uPesy/easyeda2kicad.py)

Shape{
    appearance Appearance {
        material  Material 	{
            diffuseColor 0.6470588235294118 0.6196078431372549 0.5882352941176471
            specularColor 0.45098039215686275 0.43529411764705883 0.4117647058823529
            ambientIntensity 0.6242
            transparency 0.0
            shininess 0.5
        }
    }
    geometry IndexedFaceSet {
        ccw TRUE
        solid FALSE
        coord DEF co Coordinate {
            point [
                -0.1438 -0.9252 0.0, -0.9252 -0.9252 0.0, -0.9252 -0.036 0.0, -0.4567 -0.0339 0.0, -0.4413 -0.0339 0.0, -0.1438 -0.036 0.0, -0.2787 0.0042 0.0, -0.268 -0.012 0.0, -0.3073 -0.0339 0.0, -0.2562 -0.0224 0.0, -0.2444 -0.0285 0.0, -0.2251 -0.0329 0.0, -0.2149 0.1226 0.0, -0.2397 0.1179 0.0, -0.1438 0.9252 0.0, -0.2067 -0.0339 0.0, -0.3227 -0.0339 0.0, -0.3467 0.0165 0.0, -0.4181 0.0165 0.0, -0.1579 -0.0339 0.0, -0.1579 0.1235 0.0, -0.1897 0.1235 0.0, -0.2556 0.1098 0.0, -0.2671 0.0998 0.0, -0.382 0.1235 0.0, -0.2771 0.0856 0.0, -0.2837 0.0692 0.0, -0.2869 0.0501 0.0, -0.2871 0.0428 0.0, -0.2849 0.0218 0.0, -0.1296 0.1074 0.0, -0.0549 0.1074 0.0, -0.0549 0.0589 0.0, -0.1296 0.0589 0.0, -0.1296 0.0428 0.0, 0.2378 -0.0339 0.0, 0.0777 -0.036 0.0, 0.1631 -0.0339 0.0, 0.0846 -0.0352 0.0, 0.1035 -0.0279 0.0, -0.1296 0.1235 0.0, -0.0408 0.1235 0.0, 0.1305 0.052 0.0, 0.1308 0.0446 0.0, 0.0611 0.1114 0.0, 0.1364 0.0068 0.0, 0.1631 -0.0178 0.0, 0.125 -0.0104 0.0, 0.1187 -0.017 0.0, 0.1271 0.0673 0.0, 0.0039 0.0044 0.0, -0.0085 -0.005 0.0, -0.0085 0.0946 0.0, -0.0549 0.0428 0.0, -0.0549 -0.0178 0.0, -0.1296 -0.0178 0.0, -0.1296 -0.0339 0.0, -0.0408 -0.0339 0.0, 0.1427 0.0249 0.0, 0.145 0.0457 0.0, 0.2237 -0.0178 0.0, 0.1359 0.0839 0.0, 0.1251 0.0994 0.0, 0.2237 0.1235 0.0, 0.1153 0.0019 0.0, 0.1039 -0.0085 0.0, 0.1424 0.0672 0.0, 0.0039 0.0852 0.0, 0.0165 0.0974 0.0, 0.0126 -0.0044 0.0, 0.0313 0.1058 0.0, 0.0265 -0.0139 0.0, 0.0417 -0.0197 0.0, 0.0797 0.1091 0.0, 0.0958 0.1029 0.0, 0.1287 0.0273 0.0, 0.1238 0.0142 0.0, 0.0382 0.1082 0.0, 0.0556 0.1112 0.0, 0.0727 -0.021 0.0, 0.0887 -0.0168 0.0, 0.0217 -0.0298 0.0, 0.0396 -0.0359 0.0, 0.0402 -0.036 0.0, 0.1087 0.1138 0.0, 0.092 0.1223 0.0, 0.0728 0.1268 0.0, 0.0602 0.1276 0.0, 0.0373 0.1249 0.0, 0.023 0.12 0.0, 0.0058 0.1096 0.0, -0.0039 0.1004 0.0, 0.0054 -0.0195 0.0, 0.0601 -0.0218 0.0, 0.1103 0.0927 0.0, 0.1201 0.0813 0.0, 0.0522 -0.0377 0.0, 0.06 -0.038 0.0, 0.2378 0.1235 0.0, 0.9252 0.9252 0.0, 0.9252 -0.036 0.0, 0.9252 -0.9252 0.0, -0.7874 0.9252 0.0, -0.384 0.1235 0.0, -0.9252 0.7874 0.0
            ]
        }
        coordIndex [
            0,1,2,-1,3,4,5,-1,6,7,8,-1,7,9,8,-1,8,9,10,-1,8,10,11,-1,12,13,14,-1,11,15,8,-1,8,15,5,-1,8,5,16,-1,16,5,4,-1,16,4,17,-1,17,4,18,-1,15,19,5,-1,5,19,20,-1,5,20,14,-1,14,20,21,-1,14,21,12,-1,22,23,24,-1,24,23,25,-1,24,25,26,-1,26,27,24,-1,24,27,28,-1,24,28,8,-1,8,28,29,-1,8,29,6,-1,30,31,32,-1,33,34,5,-1,35,36,37,-1,37,36,38,-1,37,38,39,-1,32,33,30,-1,30,33,5,-1,30,5,40,-1,40,5,14,-1,40,14,41,-1,42,43,44,-1,45,46,47,-1,47,46,37,-1,47,37,48,-1,48,37,39,-1,42,44,49,-1,50,51,52,-1,53,54,34,-1,34,54,55,-1,34,55,5,-1,5,55,56,-1,5,56,57,-1,45,58,46,-1,46,58,59,-1,46,59,60,-1,61,62,63,-1,44,64,65,-1,60,59,63,-1,63,59,66,-1,63,66,61,-1,52,67,50,-1,50,67,68,-1,50,68,69,-1,69,68,70,-1,69,70,71,-1,71,70,72,-1,44,73,74,-1,43,75,44,-1,44,75,76,-1,44,76,64,-1,77,78,79,-1,79,78,44,-1,79,44,80,-1,80,44,65,-1,81,82,57,-1,57,82,83,-1,57,83,5,-1,84,85,14,-1,14,85,86,-1,14,86,87,-1,87,88,14,-1,14,88,89,-1,14,89,90,-1,90,91,14,-1,14,91,52,-1,14,52,41,-1,41,52,51,-1,41,51,57,-1,57,51,92,-1,57,92,81,-1,77,79,70,-1,70,79,93,-1,70,93,72,-1,74,94,44,-1,44,94,95,-1,44,95,49,-1,96,97,0,-1,0,97,36,-1,62,84,63,-1,63,84,14,-1,63,14,98,-1,98,14,99,-1,98,99,35,-1,35,99,100,-1,35,100,36,-1,36,100,101,-1,36,101,0,-1,13,22,14,-1,14,22,24,-1,14,24,102,-1,102,24,103,-1,102,103,104,-1,104,103,3,-1,104,3,2,-1,2,3,5,-1,2,5,0,-1,0,5,83,-1,0,83,96,-1,
        ]
    }
}
Shape{
    appearance Appearance {
        material  Material 	{
            diffuseColor 0.19607843137254902 0.19607843137254902 0.19607843137254902
            specularColor 0.09803921568627451 0.09803921568627451 0.09803921568627451
            ambientIntensity 0.1961
            transparency 0.0
            shininess 0.5
        }
    }
    geometry IndexedFaceSet {
        ccw TRUE
        solid FALSE
        coord DEF co Coordinate {
            point [
                -1.1811 -0.6437 0.0039, -1.1657 -0.6437 0.0039, -1.1811 -0.7343 0.0039, -1.1544 -0.6555 0.0039, 0.9193 -1.1811 0.0039, 0.9193 -1.1657 0.0039, 1.1811 -1.1811 0.0039, 0.9311 -1.1544 0.0039, 1.1811 0.6437 0.0039, 1.1657 0.6437 0.0039, 1.1811 0.7343 0.0039, 1.1544 0.6555 0.0039, 0.4587 1.1811 0.0039, 0.4587 1.1657 0.0039, 0.3681 1.1811 0.0039, 0.4469 1.1544 0.0039, -1.1811 0.4587 0.0039, -1.1657 0.4587 0.0039, -1.1811 0.3681 0.0039, -1.1544 0.4469 0.0039, 1.1811 -0.4587 0.0039, 1.1657 -0.4587 0.0039, 1.1811 -0.3681 0.0039, 1.1544 -0.4469 0.0039, 0.1831 1.1811 0.0039, 0.1831 1.1657 0.0039, 0.0925 1.1811 0.0039, 0.1713 1.1544 0.0039, -1.1657 -0.872 0.0039, -1.1811 -0.872 0.0039, -1.1544 -0.8602 0.0039, -1.1811 -0.7815 0.0039, 0.6437 -1.1811 0.0039, 0.6437 -1.1657 0.0039, 0.7343 -1.1811 0.0039, 0.6555 -1.1544 0.0039, -1.1811 -0.3681 0.0039, -1.1657 -0.3681 0.0039, -1.1811 -0.4587 0.0039, -1.1544 -0.3799 0.0039, 0.5059 -1.1811 0.0039, 0.5059 -1.1657 0.0039, 0.5965 -1.1811 0.0039, 0.5177 -1.1544 0.0039, 0.4469 -1.1544 0.0039, 0.4587 -1.1657 0.0039, 0.4587 -1.1811 0.0039, 1.1657 0.872 0.0039, 1.1811 0.872 0.0039, 1.1544 0.8602 0.0039, 1.1811 0.7815 0.0039, -0.9193 1.1811 0.0039, -0.9193 1.1657 0.0039, -1.1811 1.1811 0.0039, -0.9311 1.1544 0.0039, -1.1811 0.1831 0.0039, -1.1657 0.1831 0.0039, -1.1811 0.0925 0.0039, -1.1544 0.1713 0.0039, 0.3209 -1.1657 0.0039, 0.3209 -1.1811 0.0039, 0.3091 -1.1544 0.0039, 0.2303 -1.1811 0.0039, 1.1811 0.3681 0.0039, 1.1657 0.3681 0.0039, 1.1811 0.4587 0.0039, 1.1544 0.3799 0.0039, -0.3681 1.1811 0.0039, -0.3681 1.1657 0.0039, -0.4587 1.1811 0.0039, -0.3799 1.1544 0.0039, -1.1657 0.5059 0.0039, -1.1811 0.5059 0.0039, -1.1544 0.5177 0.0039, -1.1811 0.5965 0.0039, 1.1811 -0.1831 0.0039, 1.1657 -0.1831 0.0039, 1.1811 -0.0925 0.0039, 1.1544 -0.1713 0.0039, -0.3209 1.1657 0.0039, -0.3209 1.1811 0.0039, -0.3091 1.1544 0.0039, -0.2303 1.1811 0.0039, -1.1811 -0.2303 0.0039, -1.1657 -0.2303 0.0039, -1.1811 -0.3209 0.0039, -1.1544 -0.2421 0.0039, 1.1657 -0.5059 0.0039, 1.1811 -0.5059 0.0039, 1.1544 -0.5177 0.0039, 1.1811 -0.5965 0.0039, 0.5059 1.1657 0.0039, 0.5059 1.1811 0.0039, 0.5177 1.1544 0.0039, 0.5965 1.1811 0.0039, -1.1811 0.0453 0.0039, -1.1657 0.0453 0.0039, -1.1811 -0.0453 0.0039, -1.1544 0.0335 0.0039, 0.2303 -1.1657 0.0039, 0.2421 -1.1544 0.0039, 0.3091 -1.0551 0.0039, -1.1811 0.3209 0.0039, -1.1657 0.3209 0.0039, -1.1811 0.2303 0.0039, -1.1544 0.3091 0.0039, 1.1811 0.2303 0.0039, 1.1657 0.2303 0.0039, 1.1811 0.3209 0.0039, 1.1544 0.2421 0.0039, -0.0453 1.1657 0.0039, -0.0453 1.1811 0.0039, -0.0335 1.1544 0.0039, 0.0453 1.1811 0.0039, 1.1811 -0.0453 0.0039, 1.1657 -0.0453 0.0039, 1.1811 0.0453 0.0039, 1.1544 -0.0335 0.0039, -0.1831 1.1657 0.0039, -0.1831 1.1811 0.0039, -0.1713 1.1544 0.0039, -0.0925 1.1811 0.0039, 1.1811 -0.3209 0.0039, 1.1657 -0.3209 0.0039, 1.1811 -0.2303 0.0039, 1.1544 -0.3091 0.0039, -1.1657 -0.1831 0.0039, -1.1811 -0.1831 0.0039, -1.1544 -0.1713 0.0039, -1.1811 -0.0925 0.0039, -0.3209 -1.1811 0.0039, -0.3209 -1.1657 0.0039, -0.2303 -1.1811 0.0039, -0.3091 -1.1544 0.0039, 0.8602 -1.1544 0.0039, 0.872 -1.1657 0.0039, 0.872 -1.1811 0.0039, 1.1544 -0.7933 0.0039, 1.1657 -0.7815 0.0039, 1.1811 -0.7815 0.0039, -0.0925 1.1657 0.0039, -0.1043 1.1544 0.0039, -0.1713 1.0551 0.0039, -0.872 1.1657 0.0039, -0.872 1.1811 0.0039, -0.8602 1.1544 0.0039, -0.7815 1.1811 0.0039, -1.1657 0.7815 0.0039, -1.1811 0.7815 0.0039, -1.1544 0.7933 0.0039, -1.1811 0.872 0.0039, -0.1831 -1.1811 0.0039, -0.1831 -1.1657 0.0039, -0.0925 -1.1811 0.0039, -0.1713 -1.1544 0.0039, 1.1657 0.1831 0.0039, 1.1811 0.1831 0.0039, 1.1544 0.1713 0.0039, 1.1811 0.0925 0.0039, 0.0453 1.1657 0.0039, 0.0335 1.1544 0.0039, -0.0335 1.0551 0.0039, -0.6437 1.1811 0.0039, -0.6437 1.1657 0.0039, -0.7343 1.1811 0.0039, -0.6555 1.1544 0.0039, -1.1657 -0.0925 0.0039, -1.1544 -0.1043 0.0039, -1.0551 -0.1713 0.0039, -1.1811 -0.5059 0.0039, -1.1657 -0.5059 0.0039, -1.1811 -0.5965 0.0039, -1.1544 -0.5177 0.0039, -0.3681 -1.1657 0.0039, -0.3681 -1.1811 0.0039, -0.3799 -1.1544 0.0039, -0.4587 -1.1811 0.0039, -0.7343 -1.1811 0.0039, -0.7343 -1.1657 0.0039, -0.6437 -1.1811 0.0039, -0.7224 -1.1544 0.0039, 1.1657 0.0925 0.0039, 1.1544 0.1043 0.0039, 1.0551 0.1713 0.0039, 1.1811 0.5059 0.0039, 1.1657 0.5059 0.0039, 1.1811 0.5965 0.0039, 1.1544 0.5177 0.0039, 0.5965 1.1657 0.0039, 0.5846 1.1544 0.0039, 0.5177 1.0551 0.0039, -1.1657 0.5965 0.0039, -1.1544 0.5846 0.0039, -1.0551 0.5177 0.0039, 1.0394 -0.9269 0.0039, 1.047 -0.93 0.0039, 0.6437 1.1657 0.0039, 0.6437 1.1811 0.0039, 0.6555 1.1544 0.0039, 0.7343 1.1811 0.0039, 1.1811 -0.872 0.0039, 1.1657 -0.872 0.0039, 1.1544 -0.8602 0.0039, 1.0551 -0.8602 0.0039, 1.047 -0.8613 0.0039, 1.0394 -0.8645 0.0039, 1.0328 -0.8695 0.0039, 0.9252 -0.9252 0.0039, 1.1657 -0.9193 0.0039, 1.1811 -0.9193 0.0039, 1.1544 -0.9311 0.0039, 1.0551 -0.9311 0.0039, -0.0453 -1.1811 0.0039, -0.0453 -1.1657 0.0039, 0.0453 -1.1811 0.0039, -0.0335 -1.1544 0.0039, 0.1713 -1.1544 0.0039, 0.1831 -1.1657 0.0039, 0.1831 -1.1811 0.0039, 1.1657 -0.5965 0.0039, 1.1544 -0.5846 0.0039, 1.0551 -0.5177 0.0039, 1.0278 -0.9154 0.0039, 1.0328 -0.9219 0.0039, -1.1811 0.7343 0.0039, -1.1657 0.7343 0.0039, -1.1811 0.6437 0.0039, -1.1544 0.7224 0.0039, 0.7343 1.1657 0.0039, 0.7224 1.1544 0.0039, 0.6555 1.0551 0.0039, -0.7815 1.1657 0.0039, -0.7933 1.1544 0.0039, -0.8602 1.0551 0.0039, 1.1811 -0.7343 0.0039, 1.1657 -0.7343 0.0039, 1.1811 -0.6437 0.0039, 1.1544 -0.7224 0.0039, 1.0278 -0.876 0.0039, 1.0247 -0.8836 0.0039, 1.0236 -0.8917 0.0039, -0.7933 -1.1544 0.0039, -0.7815 -1.1657 0.0039, -0.7815 -1.1811 0.0039, 1.0236 -0.8996 0.0039, 1.0247 -0.9078 0.0039, 0.7933 1.1544 0.0039, 0.7815 1.1657 0.0039, 0.7815 1.1811 0.0039, -1.1657 -0.7815 0.0039, -1.1544 -0.7933 0.0039, -1.0551 -0.8602 0.0039, -0.4587 -1.1657 0.0039, -0.4469 -1.1544 0.0039, -0.3799 -1.0551 0.0039, -0.2303 1.1657 0.0039, -0.2421 1.1544 0.0039, -0.3091 1.0551 0.0039, 0.2303 1.1657 0.0039, 0.2303 1.1811 0.0039, 0.2421 1.1544 0.0039, 0.3209 1.1811 0.0039, -0.5177 -1.1544 0.0039, -0.5059 -1.1657 0.0039, -0.5059 -1.1811 0.0039, -0.5846 1.1544 0.0039, -0.5965 1.1657 0.0039, -0.5965 1.1811 0.0039, -1.047 0.7922 0.0039, -1.1544 0.8602 0.0039, -1.0394 0.7891 0.0039, -0.9252 0.7874 0.0039, 1.1657 0.7815 0.0039, 1.1544 0.7933 0.0039, 1.0551 0.8602 0.0039, -1.0278 -0.2264 0.0039, -1.0247 -0.2188 0.0039, -1.0328 -0.3183 0.0039, -1.1657 0.872 0.0039, -1.0551 0.7933 0.0039, -0.6463 -1.0328 0.0039, -0.6513 -1.0394 0.0039, -0.9252 -0.9252 0.0039, -0.8645 -1.0394 0.0039, -0.8695 -1.0328 0.0039, -0.876 -1.0278 0.0039, -0.8836 -1.0247 0.0039, 0.9078 1.0247 0.0039, 0.9154 1.0278 0.0039, 0.9252 0.9252 0.0039, 0.9219 1.0328 0.0039, 1.1811 1.1811 0.0039, 0.9269 1.0394 0.0039, 0.93 1.047 0.0039, 0.9193 1.1657 0.0039, 0.9193 1.1811 0.0039, 0.9311 1.1544 0.0039, 0.9311 1.0551 0.0039, -1.1811 -0.9193 0.0039, -1.1657 -0.9193 0.0039, -1.1811 -1.1811 0.0039, -1.1544 -0.9311 0.0039, -1.0551 -0.9311 0.0039, -1.047 -0.7922 0.0039, -1.0394 -0.7891 0.0039, -1.0328 -0.8695 0.0039, -1.0328 -0.7841 0.0039, -1.0278 -0.7776 0.0039, -0.9193 -1.1657 0.0039, -0.9193 -1.1811 0.0039, -0.9311 -1.1544 0.0039, -0.9311 -1.0551 0.0039, -0.93 -1.047 0.0039, 1.1811 0.9193 0.0039, 1.1657 0.9193 0.0039, 1.1544 0.9311 0.0039, 1.0551 0.9311 0.0039, 1.0394 0.6513 0.0039, 1.0328 0.6463 0.0039, 1.0394 0.7267 0.0039, 0.3209 1.1657 0.0039, 0.3091 1.1544 0.0039, 0.2421 1.0551 0.0039, -0.7891 1.0394 0.0039, -0.7841 1.0328 0.0039, -0.876 1.0278 0.0039, -1.0278 0.9154 0.0039, -1.0328 0.9219 0.0039, -0.9219 1.0328 0.0039, -1.0551 -0.7933 0.0039, -1.0394 -0.8645 0.0039, -1.047 -0.8613 0.0039, 0.6513 -1.0394 0.0039, 0.6463 -1.0328 0.0039, 0.7267 -1.0394 0.0039, -0.1891 -1.0267 0.0039, -0.1957 -1.0244 0.0039, -0.1033 -1.047 0.0039, -0.5085 -1.0328 0.0039, -0.5135 -1.0394 0.0039, -0.7267 -1.0394 0.0039, -0.7317 -1.0328 0.0039, -0.872 -1.1811 0.0039, -0.872 -1.1657 0.0039, -0.8602 -1.1544 0.0039, -0.8602 -1.0551 0.0039, -0.8613 -1.047 0.0039, -0.9078 -1.0247 0.0039, -0.9154 -1.0278 0.0039, -0.9219 -1.0328 0.0039, -0.9269 -1.0394 0.0039, 1.0394 0.5135 0.0039, 1.0328 0.5085 0.0039, 1.0394 0.5889 0.0039, -1.0247 -0.081 0.0039, -1.0278 -0.0886 0.0039, -1.0328 -0.0951 0.0039, -1.0278 0.187 0.0039, -1.0247 0.1946 0.0039, 0.5135 -1.0394 0.0039, 0.5085 -1.0328 0.0039, 0.5889 -1.0394 0.0039, -0.7841 -1.0328 0.0039, -0.7891 -1.0394 0.0039, -0.7922 -1.047 0.0039, -0.8917 -1.0236 0.0039, -0.8996 -1.0236 0.0039, 1.0278 0.9154 0.0039, 1.0247 0.9078 0.0039, 1.0328 0.7317 0.0039, 1.0394 0.3757 0.0039, 1.0328 0.3707 0.0039, 1.0278 -0.3248 0.0039, 1.0247 -0.3324 0.0039, 0.7841 1.0328 0.0039, 0.7891 1.0394 0.0039, -0.93 1.047 0.0039, -0.9269 1.0394 0.0039, -1.047 0.93 0.0039, -1.047 -0.6544 0.0039, -1.0394 -0.6513 0.0039, -1.0328 -0.7317 0.0039, -1.0328 -0.6463 0.0039, -1.0278 -0.7382 0.0039, -1.0278 -0.3248 0.0039, -1.0247 0.0568 0.0039, -1.0278 0.0492 0.0039, -1.0328 0.0427 0.0039, -1.0394 0.5889 0.0039, -1.0328 0.5939 0.0039, -1.0278 0.502 0.0039, -0.7933 -1.0551 0.0039, 1.047 0.7922 0.0039, 1.0328 0.8695 0.0039, 1.0551 0.7933 0.0039, 1.0394 0.8645 0.0039, 1.047 0.8613 0.0039, 1.047 0.93 0.0039, 1.0394 0.9269 0.0039, 1.0328 0.9219 0.0039, 1.0328 0.5939 0.0039, 1.0247 0.081 0.0039, 1.0278 0.0886 0.0039, 1.0328 0.0951 0.0039, 1.0278 -0.187 0.0039, 1.0247 -0.1946 0.0039, 0.7267 1.0394 0.0039, 0.7317 1.0328 0.0039, 0.6398 1.0278 0.0039, -1.0551 0.8602 0.0039, -1.047 0.8613 0.0039, -1.0394 0.8645 0.0039, 0.872 1.1811 0.0039, 0.872 1.1657 0.0039, 0.8602 1.1544 0.0039, 0.8602 1.0551 0.0039, 0.8721 1.0305 0.0039, 0.8781 1.0267 0.0039, 0.8847 1.0244 0.0039, -1.047 -0.93 0.0039, -1.0394 -0.9269 0.0039, -1.0328 -0.9219 0.0039, -1.0278 -0.9154 0.0039, -1.0328 -0.5085 0.0039, -1.0328 -0.5939 0.0039, -1.0394 -0.5135 0.0039, -1.047 -0.5166 0.0039, -1.0394 0.3133 0.0039, -1.0328 0.3183 0.0039, -1.0247 0.2188 0.0039, -1.0236 0.2106 0.0039, -1.0247 0.4944 0.0039, 0.9269 -1.0394 0.0039, 0.6544 -1.047 0.0039, 0.7235 -1.047 0.0039, 0.7224 -1.0551 0.0039, 0.3681 -1.1811 0.0039, 0.3681 -1.1657 0.0039, 0.3799 -1.1544 0.0039, 0.4469 -1.0551 0.0039, -0.5939 -1.0328 0.0039, -0.5889 -1.0394 0.0039, -0.5857 -1.047 0.0039, -0.7235 -1.047 0.0039, -0.6544 -1.047 0.0039, -0.6555 -1.0551 0.0039, 1.0328 0.7841 0.0039, 1.0278 0.7776 0.0039, 1.0247 0.77 0.0039, 1.0236 0.7618 0.0039, 1.0394 0.2379 0.0039, 1.0328 0.2329 0.0039, 1.0278 0.2264 0.0039, 1.0247 0.2188 0.0039, 1.0247 -0.0568 0.0039, 1.0278 -0.0492 0.0039, 1.0328 -0.0427 0.0039, 0.0377 1.0394 0.0039, 0.0427 1.0328 0.0039, -0.0492 1.0278 0.0039, 0.6322 1.0247 0.0039, 0.7922 1.047 0.0039, 0.7933 1.0551 0.0039, -1.1657 0.9193 0.0039, -1.1811 0.9193 0.0039, -1.1544 0.9311 0.0039, -1.0551 0.9311 0.0039, -0.9311 1.0551 0.0039, -1.0394 0.9269 0.0039, -1.0394 -0.7267 0.0039, -1.047 -0.7235 0.0039, -1.0551 -0.7224 0.0039, -1.0278 -0.6398 0.0039, -1.0247 -0.6322 0.0039, -1.0236 -0.624 0.0039, -1.0247 -0.4944 0.0039, -1.0278 -0.502 0.0039, -1.047 -0.3788 0.0039, -1.0394 -0.3757 0.0039, -1.0328 -0.4561 0.0039, -1.0328 -0.3707 0.0039, -1.0278 -0.4626 0.0039, -1.0247 -0.3566 0.0039, -1.0278 -0.3642 0.0039, -1.0394 0.1755 0.0039, -1.0328 0.1805 0.0039, -1.0247 0.081 0.0039, -1.0236 0.0728 0.0039, -1.0328 0.2329 0.0039, -1.0394 0.2379 0.0039, -1.047 0.3101 0.0039, -1.047 0.2411 0.0039, -1.0551 0.2421 0.0039, -1.0236 0.2028 0.0039, -1.0278 0.3248 0.0039, -1.0236 0.4862 0.0039, -1.0278 0.6004 0.0039, -1.0247 0.608 0.0039, 0.9311 -1.0551 0.0039, 0.93 -1.047 0.0039, 0.5166 -1.047 0.0039, 0.5857 -1.047 0.0039, 0.5846 -1.0551 0.0039, 0.3324 -1.0247 0.0039, 0.3248 -1.0278 0.0039, 0.2411 -1.047 0.0039, 0.3183 -1.0328 0.0039, 0.2421 -1.0551 0.0039, 0.3133 -1.0394 0.0039, 0.3101 -1.047 0.0039, -0.2329 -1.0328 0.0039, -0.3101 -1.047 0.0039, -0.2264 -1.0278 0.0039, -0.2188 -1.0247 0.0039, 0.3799 -1.0551 0.0039, 0.3788 -1.047 0.0039, 0.4479 -1.047 0.0039, 0.3757 -1.0394 0.0039, 0.3707 -1.0328 0.0039, -0.624 -1.0236 0.0039, -0.6322 -1.0247 0.0039, -0.6398 -1.0278 0.0039, -0.7618 -1.0236 0.0039, -0.77 -1.0247 0.0039, -0.7776 -1.0278 0.0039, 1.0236 0.7539 0.0039, 1.0247 0.7458 0.0039, 1.0278 0.7382 0.0039, 1.047 0.6544 0.0039, 1.047 0.7235 0.0039, 1.0551 0.7224 0.0039, 1.0278 0.6398 0.0039, 1.0247 0.6322 0.0039, 1.0236 0.624 0.0039, 1.0394 -0.3133 0.0039, 1.0328 -0.3183 0.0039, 1.0247 -0.2188 0.0039, 1.0236 -0.2106 0.0039, 1.0394 -0.7891 0.0039, 1.047 -0.7922 0.0039, -0.7922 1.047 0.0039, -0.8695 1.0328 0.0039, -0.7933 1.0551 0.0039, -0.8645 1.0394 0.0039, -0.8613 1.047 0.0039, 0.1755 1.0394 0.0039, 0.1805 1.0328 0.0039, 0.0886 1.0278 0.0039, 0.187 1.0278 0.0039, -1.0247 0.8836 0.0039, -0.7874 0.9252 0.0039, -1.0278 0.876 0.0039, -1.0328 0.8695 0.0039, 0.861 1.0481 0.0039, 0.8634 1.0415 0.0039, 0.8671 1.0355 0.0039, 0.8917 1.0236 0.0039, 0.8996 1.0236 0.0039, -1.0247 -0.9078 0.0039, -1.0236 -0.8996 0.0039, -1.0236 -0.8917 0.0039, -1.0394 -0.5889 0.0039, -1.047 -0.5857 0.0039, -1.0551 -0.5846 0.0039, -1.047 -0.2411 0.0039, -1.0394 -0.2379 0.0039, -1.0328 -0.2329 0.0039, -1.0247 -0.1946 0.0039, -1.0278 -0.187 0.0039, -1.047 -0.1033 0.0039, -1.0328 -0.1805 0.0039, -1.0551 -0.1043 0.0039, -1.0394 -0.1755 0.0039, -1.047 -0.1723 0.0039, -1.0236 -0.2106 0.0039, -1.0236 -0.2028 0.0039, -1.0394 -0.1001 0.0039, -1.0247 -0.0568 0.0039, -1.0278 -0.0492 0.0039, -1.047 0.0345 0.0039, -1.0328 -0.0427 0.0039, -1.0328 0.0951 0.0039, -1.0394 0.1001 0.0039, -1.047 0.1723 0.0039, -1.047 0.1033 0.0039, -1.0551 0.1043 0.0039, -1.0236 0.065 0.0039, -1.0278 0.2264 0.0039, -1.1657 0.2303 0.0039, -1.1544 0.2421 0.0039, -1.0551 0.3091 0.0039, -1.0328 0.3707 0.0039, -1.0394 0.3757 0.0039, -1.0551 0.4469 0.0039, -1.1657 0.3681 0.0039, -1.1544 0.3799 0.0039, -1.0551 0.3799 0.0039, -1.047 0.3788 0.0039, -1.0247 0.3324 0.0039, -1.0236 0.3406 0.0039, -1.0236 0.3484 0.0039, -1.047 0.4479 0.0039, -1.0394 0.4511 0.0039, -1.0247 0.3566 0.0039, -1.0328 0.4561 0.0039, -1.0278 0.4626 0.0039, -1.0247 0.4702 0.0039, -1.0236 0.4783 0.0039, -1.0247 0.77 0.0039, -1.0278 0.7776 0.0039, -1.0328 0.7841 0.0039, 0.9219 -1.0328 0.0039, 0.9154 -1.0278 0.0039, 0.9078 -1.0247 0.0039, 0.4862 -1.0236 0.0039, 0.5939 -1.0328 0.0039, 0.4944 -1.0247 0.0039, 0.502 -1.0278 0.0039, 0.7891 -1.0394 0.0039, 0.7841 -1.0328 0.0039, 0.8695 -1.0328 0.0039, 0.7776 -1.0278 0.0039, 0.77 -1.0247 0.0039, 0.7343 -1.1657 0.0039, 0.7224 -1.1544 0.0039, 0.6555 -1.0551 0.0039, -0.2379 -1.0394 0.0039, -0.2411 -1.047 0.0039, -0.2421 -1.0551 0.0039, 0.0427 -1.0328 0.0039, -0.0345 -1.047 0.0039, 0.0492 -1.0278 0.0039, 0.0568 -1.0247 0.0039, -0.5965 -1.1811 0.0039, -0.5965 -1.1657 0.0039, -0.5846 -1.1544 0.0039, -0.5846 -1.0551 0.0039, -0.5177 -1.0551 0.0039, -0.5166 -1.047 0.0039, -0.6437 -1.1657 0.0039, -0.6555 -1.1544 0.0039, -0.7224 -1.0551 0.0039, 1.0236 0.8996 0.0039, 1.0236 0.8917 0.0039, 1.0247 0.8836 0.0039, 1.047 0.5166 0.0039, 1.047 0.5857 0.0039, 1.0551 0.5846 0.0039, 1.0247 0.4702 0.0039, 1.0278 0.4626 0.0039, 1.047 0.3788 0.0039, 1.0328 0.4561 0.0039, 1.0278 0.502 0.0039, 1.0247 0.4944 0.0039, 1.0236 0.4862 0.0039, 1.047 0.2411 0.0039, 1.0247 0.3324 0.0039, 1.0278 0.3248 0.0039, 1.047 0.3101 0.0039, 1.0551 0.3091 0.0039, 1.0394 -0.1755 0.0039, 1.0328 -0.1805 0.0039, 1.0247 -0.081 0.0039, 1.0236 -0.0728 0.0039, 1.0328 -0.2329 0.0039, 1.0394 -0.2379 0.0039, 1.047 -0.3101 0.0039, 1.047 -0.2411 0.0039, 1.0551 -0.2421 0.0039, 1.0236 -0.2028 0.0039, 1.0236 -0.4862 0.0039, 1.0247 -0.4944 0.0039, 1.0328 -0.5939 0.0039, 1.0278 -0.502 0.0039, 1.0394 -0.5889 0.0039, 1.0247 -0.6322 0.0039, 1.0278 -0.6398 0.0039, 1.0328 -0.7317 0.0039, 1.0551 -0.7933 0.0039, -0.6513 1.0394 0.0039, -0.6463 1.0328 0.0039, -0.7267 1.0394 0.0039, 0.0492 1.0278 0.0039, 0.0568 1.0247 0.0039, 0.065 1.0236 0.0039, -1.0236 0.8917 0.0039, -1.0236 0.8996 0.0039, -1.0247 0.9078 0.0039, -1.0247 -0.7458 0.0039, -1.1657 -0.7343 0.0039, -1.1544 -0.7224 0.0039, -1.0551 -0.6555 0.0039, -1.0236 -0.6161 0.0039, -1.0247 -0.608 0.0039, -1.0278 -0.6004 0.0039, -1.0394 -0.4511 0.0039, -1.047 -0.4479 0.0039, -1.0551 -0.4469 0.0039, -1.0236 -0.3484 0.0039, -1.0236 -0.3406 0.0039, -1.0247 -0.3324 0.0039, -1.0394 -0.3133 0.0039, -1.047 -0.3101 0.0039, -1.0551 -0.3091 0.0039, -1.0394 -0.0377 0.0039, -1.047 -0.0345 0.0039, -1.0551 -0.0335 0.0039, -1.0236 -0.0728 0.0039, -1.0236 -0.065 0.0039, -1.0394 0.0377 0.0039, -1.0278 0.0886 0.0039, -1.1657 0.0925 0.0039, -1.1544 0.1043 0.0039, -1.0551 0.1713 0.0039, -1.0278 0.3642 0.0039, -1.0278 0.6398 0.0039, -1.0328 0.6463 0.0039, -1.0328 0.7317 0.0039, -1.0394 0.6513 0.0039, -1.0394 0.7267 0.0039, -1.0236 0.6161 0.0039, -1.0236 0.624 0.0039, -1.0247 0.7458 0.0039, -1.0236 0.7539 0.0039, -1.0236 0.7618 0.0039, 0.5965 -1.1657 0.0039, 0.5846 -1.1544 0.0039, 0.5177 -1.0551 0.0039, -0.7382 -1.0278 0.0039, -0.7458 -1.0247 0.0039, -0.7539 -1.0236 0.0039, 1.0394 0.7891 0.0039, 1.0278 0.876 0.0039, 1.1657 0.7343 0.0039, 1.1544 0.7224 0.0039, 1.0551 0.6555 0.0039, 1.0236 0.6161 0.0039, 1.0247 0.608 0.0039, 1.0278 0.6004 0.0039, 1.0394 0.4511 0.0039, 1.047 0.4479 0.0039, 1.0551 0.4469 0.0039, 1.0247 0.1946 0.0039, 1.0278 0.187 0.0039, 1.047 0.1033 0.0039, 1.0328 0.1805 0.0039, 1.0551 0.1043 0.0039, 1.0394 0.1755 0.0039, 1.047 0.1723 0.0039, 1.0236 0.2106 0.0039, 1.0236 0.2028 0.0039, 1.0394 0.1001 0.0039, 1.0247 0.0568 0.0039, 1.0278 0.0492 0.0039, 1.047 -0.0345 0.0039, 1.0328 0.0427 0.0039, 1.0328 -0.0951 0.0039, 1.0394 -0.1001 0.0039, 1.047 -0.1723 0.0039, 1.047 -0.1033 0.0039, 1.0551 -0.1043 0.0039, 1.0236 -0.065 0.0039, 1.0278 -0.2264 0.0039, 1.1657 -0.2303 0.0039, 1.1544 -0.2421 0.0039, 1.0551 -0.3091 0.0039, 1.047 -0.4479 0.0039, 1.0394 -0.4511 0.0039, 1.0247 -0.3566 0.0039, 1.0328 -0.4561 0.0039, 1.0236 -0.3484 0.0039, 1.0328 -0.3707 0.0039, 1.0394 -0.3757 0.0039, 1.0551 -0.4469 0.0039, 1.1657 -0.3681 0.0039, 1.1544 -0.3799 0.0039, 1.0551 -0.3799 0.0039, 1.047 -0.3788 0.0039, 1.0236 -0.3406 0.0039, 1.0278 -0.4626 0.0039, 1.0236 -0.624 0.0039, 1.0278 -0.7382 0.0039, 1.0247 -0.7458 0.0039, 1.0236 -0.7618 0.0039, 1.0247 -0.77 0.0039, -0.9154 1.0278 0.0039, -0.2379 1.0394 0.0039, -0.2329 1.0328 0.0039, 0.1001 1.0394 0.0039, 0.1033 1.047 0.0039, 0.1723 1.047 0.0039, 0.1043 1.0551 0.0039, -1.0247 -0.8836 0.0039, -1.0278 -0.876 0.0039, -1.1657 -0.5965 0.0039, -1.1544 -0.5846 0.0039, -1.0551 -0.5177 0.0039, -1.0236 -0.4862 0.0039, -1.0236 -0.4783 0.0039, -1.0247 -0.4702 0.0039, -1.047 0.5857 0.0039, -1.0328 0.5085 0.0039, -1.0551 0.5846 0.0039, -1.0394 0.5135 0.0039, -1.047 0.5166 0.0039, -1.0278 0.7382 0.0039, -1.0247 0.6322 0.0039, -0.2303 -1.1657 0.0039, -0.2421 -1.1544 0.0039, -0.3091 -1.0551 0.0039, 0.0377 -1.0394 0.0039, 0.0345 -1.047 0.0039, 0.0335 -1.0551 0.0039, 0.1946 -1.0247 0.0039, 0.187 -1.0278 0.0039, 0.1033 -1.047 0.0039, 0.1805 -1.0328 0.0039, 0.1755 -1.0394 0.0039, -0.6004 -1.0278 0.0039, -0.608 -1.0247 0.0039, -0.6161 -1.0236 0.0039, 1.1657 0.5965 0.0039, 1.1544 0.5846 0.0039, 1.0551 0.5177 0.0039, 1.0328 0.3183 0.0039, 1.0394 0.3133 0.0039, 1.1657 0.3209 0.0039, 1.1544 0.3091 0.0039, 1.0551 0.2421 0.0039, 1.0278 0.3642 0.0039, 1.0247 0.3566 0.0039, 1.0236 0.3484 0.0039, 1.0394 0.0377 0.0039, 1.047 0.0345 0.0039, 1.0551 0.0335 0.0039, 1.0236 0.0728 0.0039, 1.0236 0.065 0.0039, 1.0394 -0.0377 0.0039, 1.0278 -0.0886 0.0039, 1.1657 -0.0925 0.0039, 1.1544 -0.1043 0.0039, 1.0551 -0.1713 0.0039, 1.0278 -0.3642 0.0039, 1.0247 -0.4702 0.0039, 1.0236 -0.4783 0.0039, 1.0328 -0.6463 0.0039, 1.0394 -0.6513 0.0039, 1.0394 -0.7267 0.0039, 1.0278 -0.6004 0.0039, 1.0247 -0.608 0.0039, 1.0236 -0.6161 0.0039, 1.0278 -0.7776 0.0039, 1.0328 -0.7841 0.0039, 0.0345 1.047 0.0039, -0.0427 1.0328 0.0039, 0.0335 1.0551 0.0039, -0.0377 1.0394 0.0039, -0.0345 1.047 0.0039, 0.0951 1.0328 0.0039, 0.7235 1.047 0.0039, 0.6463 1.0328 0.0039, 0.7224 1.0551 0.0039, 0.6513 1.0394 0.0039, 0.6544 1.047 0.0039, 0.4944 1.0247 0.0039, 0.502 1.0278 0.0039, 0.5857 1.047 0.0039, 0.5085 1.0328 0.0039, 0.5846 1.0551 0.0039, 0.5135 1.0394 0.0039, 0.5166 1.047 0.0039, 0.7618 1.0236 0.0039, 0.77 1.0247 0.0039, 0.7776 1.0278 0.0039, -1.0247 -0.77 0.0039, -1.0236 -0.7618 0.0039, -1.0236 -0.7539 0.0039, -1.1657 -0.4587 0.0039, -1.1544 -0.4469 0.0039, -1.0551 -0.3799 0.0039, -1.1657 -0.3209 0.0039, -1.1544 -0.3091 0.0039, -1.0551 -0.2421 0.0039, -1.1657 -0.0453 0.0039, -1.1544 -0.0335 0.0039, -1.0551 0.0335 0.0039, -1.047 0.7235 0.0039, -1.047 0.6544 0.0039, -1.0551 0.6555 0.0039, 0.8996 -1.0236 0.0039, 0.8917 -1.0236 0.0039, 0.8836 -1.0247 0.0039, 0.7815 -1.1811 0.0039, 0.7815 -1.1657 0.0039, 0.7933 -1.1544 0.0039, 0.8602 -1.0551 0.0039, 0.0925 -1.1811 0.0039, 0.0925 -1.1657 0.0039, 0.1043 -1.1544 0.0039, 0.1043 -1.0551 0.0039, 0.1713 -1.0551 0.0039, 0.1723 -1.047 0.0039, -0.4561 -1.0328 0.0039, -0.3484 -1.0236 0.0039, -0.3566 -1.0247 0.0039, -0.3642 -1.0278 0.0039, -0.3707 -1.0328 0.0039, -0.4511 -1.0394 0.0039, -0.4479 -1.047 0.0039, 1.1657 0.4587 0.0039, 1.1544 0.4469 0.0039, 1.0551 0.3799 0.0039, 1.0236 0.4783 0.0039, 1.0236 0.3406 0.0039, 1.047 -0.5857 0.0039, 1.0328 -0.5085 0.0039, 1.0551 -0.5846 0.0039, 1.0394 -0.5135 0.0039, 1.047 -0.5166 0.0039, 0.4479 1.047 0.0039, 0.3788 1.047 0.0039, 0.3799 1.0551 0.0039, 0.3757 1.0394 0.0039, 0.4511 1.0394 0.0039, 0.4561 1.0328 0.0039, 0.0925 1.1657 0.0039, 0.1043 1.1544 0.0039, 0.1713 1.0551 0.0039, 0.8645 -1.0394 0.0039, 0.8613 -1.047 0.0039, 0.7922 -1.047 0.0039, 0.7933 -1.0551 0.0039, 0.0453 -1.1657 0.0039, 0.0335 -1.1544 0.0039, -0.0335 -1.0551 0.0039, -0.4469 -1.0551 0.0039, -0.3757 -1.0394 0.0039, -0.3788 -1.047 0.0039, 1.1657 0.0453 0.0039, 1.1544 0.0335 0.0039, 1.0551 -0.0335 0.0039, 1.047 -0.7235 0.0039, 1.047 -0.6544 0.0039, 1.0551 -0.6555 0.0039, 1.0236 -0.7539 0.0039, -0.7382 1.0278 0.0039, -0.7317 1.0328 0.0039, -0.6544 1.047 0.0039, -0.7235 1.047 0.0039, -0.7224 1.0551 0.0039, -0.5085 1.0328 0.0039, -0.5889 1.0394 0.0039, -0.5135 1.0394 0.0039, -0.5166 1.047 0.0039, -0.3324 1.0247 0.0039, -0.3248 1.0278 0.0039, -0.2411 1.047 0.0039, -0.3183 1.0328 0.0039, -0.2421 1.0551 0.0039, -0.3133 1.0394 0.0039, -0.3101 1.047 0.0039, -0.3566 1.0247 0.0039, -0.3484 1.0236 0.0039, -1.1657 0.6437 0.0039, -1.1544 0.6555 0.0039, -1.0551 0.7224 0.0039, 0.6398 -1.0278 0.0039, 0.6322 -1.0247 0.0039, 0.7317 -1.0328 0.0039, 0.624 -1.0236 0.0039, 0.7382 -1.0278 0.0039, 0.7458 -1.0247 0.0039, 0.2264 -1.0278 0.0039, 0.3406 -1.0236 0.0039, 0.2329 -1.0328 0.0039, 0.2379 -1.0394 0.0039, -0.77 1.0247 0.0039, -0.7618 1.0236 0.0039, -0.3788 1.047 0.0039, -0.4479 1.047 0.0039, -0.4469 1.0551 0.0039, -0.4511 1.0394 0.0039, -0.3757 1.0394 0.0039, -0.3707 1.0328 0.0039, -0.3642 1.0278 0.0039, -0.4561 1.0328 0.0039, -0.5059 1.1811 0.0039, -0.5059 1.1657 0.0039, -0.5177 1.1544 0.0039, -0.5177 1.0551 0.0039, -0.5846 1.0551 0.0039, -0.5857 1.047 0.0039, -0.3406 1.0236 0.0039, 0.2188 1.0247 0.0039, 0.2264 1.0278 0.0039, 0.3101 1.047 0.0039, 0.2329 1.0328 0.0039, 0.3091 1.0551 0.0039, 0.2379 1.0394 0.0039, 0.2411 1.047 0.0039, 0.3681 1.1657 0.0039, 0.3799 1.1544 0.0039, 0.4469 1.0551 0.0039, 0.4702 1.0247 0.0039, 0.4783 1.0236 0.0039, 0.4862 1.0236 0.0039, 0.624 1.0236 0.0039, 0.7382 1.0278 0.0039, 0.7458 1.0247 0.0039, 0.7618 -1.0236 0.0039, 0.876 -1.0278 0.0039, 0.1001 -1.0394 0.0039, 0.0951 -1.0328 0.0039, 0.2028 -1.0236 0.0039, 0.0886 -1.0278 0.0039, 0.081 -1.0247 0.0039, -0.3133 -1.0394 0.0039, -0.3183 -1.0328 0.0039, -0.2106 -1.0236 0.0039, -0.3248 -1.0278 0.0039, -0.3324 -1.0247 0.0039, 1.1657 -0.6437 0.0039, 1.1544 -0.6555 0.0039, 1.0551 -0.7224 0.0039, -0.9078 1.0247 0.0039, -0.8996 1.0236 0.0039, -0.8917 1.0236 0.0039, -0.7539 1.0236 0.0039, -0.7458 1.0247 0.0039, -0.7343 1.1657 0.0039, -0.7224 1.1544 0.0039, -0.6555 1.0551 0.0039, -0.6398 1.0278 0.0039, -0.6322 1.0247 0.0039, -0.624 1.0236 0.0039, -0.4862 1.0236 0.0039, -0.5939 1.0328 0.0039, -0.4944 1.0247 0.0039, -0.502 1.0278 0.0039, -0.1946 1.0247 0.0039, -0.187 1.0278 0.0039, -0.1033 1.047 0.0039, -0.1805 1.0328 0.0039, -0.1043 1.0551 0.0039, -0.1755 1.0394 0.0039, -0.1723 1.047 0.0039, 0.1946 1.0247 0.0039, 0.2028 1.0236 0.0039, 0.081 1.0247 0.0039, 0.3324 1.0247 0.0039, 0.3248 1.0278 0.0039, 0.3183 1.0328 0.0039, 0.4626 1.0278 0.0039, 0.3707 1.0328 0.0039, 0.3642 1.0278 0.0039, 0.5889 1.0394 0.0039, 0.5939 1.0328 0.0039, 0.6004 1.0278 0.0039, 0.608 1.0247 0.0039, 0.6161 1.0236 0.0039, 0.7539 -1.0236 0.0039, 0.4783 -1.0236 0.0039, 0.4702 -1.0247 0.0039, 0.4626 -1.0278 0.0039, -0.0492 -1.0278 0.0039, 0.065 -1.0236 0.0039, -0.0427 -1.0328 0.0039, -0.0377 -1.0394 0.0039, -0.0886 -1.0278 0.0039, -0.0951 -1.0328 0.0039, -0.4862 -1.0236 0.0039, -0.4944 -1.0247 0.0039, -0.502 -1.0278 0.0039, -0.7776 1.0278 0.0039, -0.8836 1.0247 0.0039, -0.4783 1.0236 0.0039, -0.4702 1.0247 0.0039, -0.4626 1.0278 0.0039, -0.4587 1.1657 0.0039, -0.4469 1.1544 0.0039, -0.3799 1.0551 0.0039, -0.2264 1.0278 0.0039, -0.2188 1.0247 0.0039, -0.2106 1.0236 0.0039, -0.1001 1.0394 0.0039, -0.0951 1.0328 0.0039, -0.0886 1.0278 0.0039, -0.081 1.0247 0.0039, 0.7539 1.0236 0.0039, 0.6161 -1.0236 0.0039, 0.608 -1.0247 0.0039, 0.6004 -1.0278 0.0039, -0.081 -1.0247 0.0039, 0.3566 -1.0247 0.0039, 0.3484 -1.0236 0.0039, 0.4561 -1.0328 0.0039, -0.1043 -1.0551 0.0039, -0.172 -1.0481 0.0039, -0.1744 -1.0415 0.0039, -0.6161 1.0236 0.0039, -0.608 1.0247 0.0039, -0.6004 1.0278 0.0039, -0.2028 1.0236 0.0039, 0.3406 1.0236 0.0039, 0.3484 1.0236 0.0039, 0.3566 1.0247 0.0039, 0.3642 -1.0278 0.0039, 0.4511 -1.0394 0.0039, -0.1781 -1.0355 0.0039, -0.1831 -1.0305 0.0039, -0.4626 -1.0278 0.0039, -0.4702 -1.0247 0.0039, -0.4783 -1.0236 0.0039, -0.0925 -1.1657 0.0039, -0.1043 -1.1544 0.0039, -0.1713 -1.0551 0.0039, -0.3406 -1.0236 0.0039, 0.0728 1.0236 0.0039, -0.2028 -1.0236 0.0039, -0.1001 -1.0394 0.0039, 0.3133 1.0394 0.0039, 0.2106 1.0236 0.0039, -0.0728 1.0236 0.0039, -0.065 1.0236 0.0039, -0.0568 1.0247 0.0039, 0.0728 -1.0236 0.0039, -0.0568 -1.0247 0.0039, -0.065 -1.0236 0.0039, -0.0728 -1.0236 0.0039, 0.2188 -1.0247 0.0039, 0.2106 -1.0236 0.0039, -1.1811 1.1811 0.2992, -1.1811 0.9193 0.0787, -1.1811 0.872 0.0787, -1.1811 -1.1811 0.2992, -1.1811 0.8436 0.0039, -1.1811 0.7815 0.0787, -1.1811 0.7343 0.0787, -1.1811 0.6437 0.0787, -1.1811 0.5965 0.0787, -1.1811 0.5062 0.0039, -1.1811 0.5059 0.0787, -1.1811 0.4587 0.0787, -1.1811 0.3681 0.0787, -1.1811 0.3209 0.0787, -1.1811 0.1831 0.0787, -1.1811 0.1687 0.0039, -1.1811 0.0925 0.0787, -1.1811 0.0453 0.0787, -1.1811 0.2303 0.0787, -1.1811 -0.0925 0.0787, -1.1811 -0.1687 0.0039, -1.1811 -0.1831 0.0787, -1.1811 -0.2303 0.0787, -1.1811 -0.0453 0.0787, -1.1811 -0.3681 0.0787, -1.1811 -0.4587 0.0787, -1.1811 -0.5059 0.0787, -1.1811 -0.3209 0.0787, -1.1811 -0.5062 0.0039, -1.1811 -0.5965 0.0787, -1.1811 -0.6437 0.0787, -1.1811 -0.7343 0.0787, -1.1811 -0.7815 0.0787, -1.1811 -0.8436 0.0039, -1.1811 -0.872 0.0787, -1.1811 -0.9193 0.0787, 0.7815 -1.1811 0.0787, 0.8436 -1.1811 0.0039, 0.9193 -1.1811 0.0787, 1.1811 -1.1811 0.2992, 0.872 -1.1811 0.0787, -0.7815 -1.1811 0.0787, -0.8436 -1.1811 0.0039, -0.872 -1.1811 0.0787, -0.9193 -1.1811 0.0787, -0.7343 -1.1811 0.0787, -0.5965 -1.1811 0.0787, -0.5062 -1.1811 0.0039, -0.5059 -1.1811 0.0787, -0.4587 -1.1811 0.0787, -0.6437 -1.1811 0.0787, -0.3209 -1.1811 0.0787, -0.2303 -1.1811 0.0787, -0.1831 -1.1811 0.0787, -0.3681 -1.1811 0.0787, -0.1687 -1.1811 0.0039, -0.0925 -1.1811 0.0787, -0.0453 -1.1811 0.0787, 0.0453 -1.1811 0.0787, 0.0925 -1.1811 0.0787, 0.1687 -1.1811 0.0039, 0.1831 -1.1811 0.0787, 0.2303 -1.1811 0.0787, 0.3209 -1.1811 0.0787, 0.3681 -1.1811 0.0787, 0.5062 -1.1811 0.0039, 0.5965 -1.1811 0.0787, 0.6437 -1.1811 0.0787, 0.4587 -1.1811 0.0787, 0.5059 -1.1811 0.0787, 0.7343 -1.1811 0.0787, 1.1811 -0.9193 0.0787, 1.1811 -0.872 0.0787, 1.1811 1.1811 0.2992, 1.1811 -0.7343 0.0787, 1.1811 -0.6437 0.0787, 1.1811 -0.5965 0.0787, 1.1811 -0.7815 0.0787, 1.1811 -0.4587 0.0787, 1.1811 -0.3681 0.0787, 1.1811 -0.3209 0.0787, 1.1811 -0.5059 0.0787, 1.1811 -0.1831 0.0787, 1.1811 -0.0925 0.0787, 1.1811 -0.0453 0.0787, 1.1811 -0.2303 0.0787, 1.1811 0.0925 0.0787, 1.1811 0.1831 0.0787, 1.1811 0.2303 0.0787, 1.1811 0.0453 0.0787, 1.1811 0.3681 0.0787, 1.1811 0.4587 0.0787, 1.1811 0.5059 0.0787, 1.1811 0.3209 0.0787, 1.1811 0.6437 0.0787, 1.1811 0.7343 0.0787, 1.1811 0.7815 0.0787, 1.1811 0.5965 0.0787, 1.1811 0.9193 0.0787, 1.1811 0.872 0.0787, 0.9193 1.1811 0.0787, 0.872 1.1811 0.0787, 0.8436 1.1811 0.0039, 0.7815 1.1811 0.0787, 0.7343 1.1811 0.0787, 0.6437 1.1811 0.0787, 0.5965 1.1811 0.0787, 0.5062 1.1811 0.0039, 0.5059 1.1811 0.0787, 0.4587 1.1811 0.0787, 0.3681 1.1811 0.0787, 0.3209 1.1811 0.0787, 0.1831 1.1811 0.0787, 0.1687 1.1811 0.0039, 0.0925 1.1811 0.0787, 0.0453 1.1811 0.0787, 0.2303 1.1811 0.0787, -0.0925 1.1811 0.0787, -0.1687 1.1811 0.0039, -0.1831 1.1811 0.0787, -0.2303 1.1811 0.0787, -0.0453 1.1811 0.0787, -0.3681 1.1811 0.0787, -0.4587 1.1811 0.0787, -0.5059 1.1811 0.0787, -0.3209 1.1811 0.0787, -0.5062 1.1811 0.0039, -0.5965 1.1811 0.0787, -0.6437 1.1811 0.0787, -0.7343 1.1811 0.0787, -0.7815 1.1811 0.0787, -0.8436 1.1811 0.0039, -0.872 1.1811 0.0787, -0.9193 1.1811 0.0787, -0.9631 1.0374 0.2992, -0.9464 1.0443 0.2992, -0.8795 0.9283 0.2992, -0.8938 0.9173 0.2992, -0.8615 0.9953 0.2992, -0.8684 1.012 0.2992, -0.8795 1.0263 0.2992, -0.9105 0.9104 0.2992, -0.9285 0.908 0.2992, -0.9954 0.9953 0.2992, -0.9885 1.012 0.2992, -0.9775 1.0263 0.2992, -0.8592 0.9773 0.2992, -0.8615 0.9594 0.2992, -0.8684 0.9427 0.2992, -0.9464 0.9104 0.2992, -0.9631 0.9173 0.2992, -0.9775 0.9283 0.2992, -0.9285 1.0466 0.2992, -0.9105 1.0443 0.2992, -0.8938 1.0374 0.2992, -0.9885 0.9427 0.2992, -0.9954 0.9594 0.2992, -0.9978 0.9773 0.2992
            ]
        }
        coordIndex [
            0,1,2,-1,2,1,3,-1,4,5,6,-1,6,5,7,-1,8,9,10,-1,10,9,11,-1,12,13,14,-1,14,13,15,-1,16,17,18,-1,18,17,19,-1,20,21,22,-1,22,21,23,-1,24,25,26,-1,26,25,27,-1,28,29,30,-1,30,29,31,-1,32,33,34,-1,34,33,35,-1,36,37,38,-1,38,37,39,-1,40,41,42,-1,42,41,43,-1,44,45,46,-1,47,48,49,-1,49,48,50,-1,51,52,53,-1,53,52,54,-1,55,56,57,-1,57,56,58,-1,59,60,61,-1,61,60,62,-1,63,64,65,-1,65,64,66,-1,67,68,69,-1,69,68,70,-1,71,72,73,-1,73,72,74,-1,75,76,77,-1,77,76,78,-1,79,80,81,-1,81,80,82,-1,83,84,85,-1,85,84,86,-1,87,88,89,-1,89,88,90,-1,91,92,93,-1,93,92,94,-1,95,96,97,-1,97,96,98,-1,62,99,61,-1,61,99,100,-1,61,100,101,-1,102,103,104,-1,104,103,105,-1,106,107,108,-1,108,107,109,-1,110,111,112,-1,112,111,113,-1,114,115,116,-1,116,115,117,-1,118,119,120,-1,120,119,121,-1,122,123,124,-1,124,123,125,-1,126,127,128,-1,128,127,129,-1,130,131,132,-1,132,131,133,-1,134,135,136,-1,137,138,139,-1,121,140,120,-1,120,140,141,-1,120,141,142,-1,143,144,145,-1,145,144,146,-1,147,148,149,-1,149,148,150,-1,151,152,153,-1,153,152,154,-1,155,156,157,-1,157,156,158,-1,113,159,112,-1,112,159,160,-1,112,160,161,-1,162,163,164,-1,164,163,165,-1,129,166,128,-1,128,166,167,-1,128,167,168,-1,169,170,171,-1,171,170,172,-1,173,174,175,-1,175,174,176,-1,177,178,179,-1,179,178,180,-1,158,181,157,-1,157,181,182,-1,157,182,183,-1,184,185,186,-1,186,185,187,-1,94,188,93,-1,93,188,189,-1,93,189,190,-1,74,191,73,-1,73,191,192,-1,73,192,193,-1,194,195,6,-1,196,197,198,-1,198,197,199,-1,200,201,139,-1,139,201,202,-1,139,202,137,-1,137,202,203,-1,137,203,204,-1,205,206,207,-1,208,209,210,-1,210,209,6,-1,210,6,211,-1,211,6,195,-1,212,213,214,-1,214,213,215,-1,216,217,218,-1,90,219,89,-1,89,219,220,-1,89,220,221,-1,222,223,207,-1,224,225,226,-1,226,225,227,-1,199,228,198,-1,198,228,229,-1,198,229,230,-1,146,231,145,-1,145,231,232,-1,145,232,233,-1,234,235,236,-1,236,235,237,-1,206,238,207,-1,207,238,239,-1,207,239,240,-1,241,242,243,-1,240,244,207,-1,207,244,245,-1,207,245,222,-1,246,247,248,-1,31,249,30,-1,30,249,250,-1,30,250,251,-1,176,252,175,-1,175,252,253,-1,175,253,254,-1,82,255,81,-1,81,255,256,-1,81,256,257,-1,258,259,260,-1,260,259,261,-1,262,263,264,-1,265,266,267,-1,268,269,270,-1,270,269,271,-1,50,272,49,-1,49,272,273,-1,49,273,274,-1,275,276,277,-1,150,278,149,-1,149,278,269,-1,149,269,279,-1,279,269,268,-1,280,281,282,-1,283,284,282,-1,282,284,285,-1,282,285,286,-1,287,288,289,-1,289,288,290,-1,289,290,291,-1,291,290,292,-1,291,292,293,-1,294,295,296,-1,296,295,291,-1,296,291,297,-1,297,291,293,-1,298,299,300,-1,300,299,301,-1,300,301,302,-1,303,304,305,-1,305,304,306,-1,305,306,307,-1,308,309,310,-1,310,309,300,-1,310,300,311,-1,311,300,312,-1,313,314,291,-1,291,314,315,-1,291,315,316,-1,317,318,319,-1,261,320,260,-1,260,320,321,-1,260,321,322,-1,323,324,325,-1,326,327,328,-1,303,305,329,-1,329,305,330,-1,329,330,250,-1,250,330,331,-1,250,331,251,-1,332,333,334,-1,335,336,337,-1,338,339,282,-1,340,341,281,-1,342,343,243,-1,243,343,344,-1,243,344,241,-1,241,344,345,-1,241,345,346,-1,347,348,282,-1,282,348,349,-1,282,349,300,-1,300,349,350,-1,300,350,312,-1,351,352,353,-1,354,282,355,-1,355,282,356,-1,357,358,282,-1,359,360,361,-1,362,363,282,-1,282,363,364,-1,286,365,282,-1,282,365,366,-1,282,366,347,-1,367,368,289,-1,319,318,369,-1,370,371,289,-1,372,373,289,-1,374,375,289,-1,376,377,378,-1,379,380,381,-1,381,380,382,-1,381,382,383,-1,277,276,384,-1,385,282,386,-1,386,282,387,-1,388,389,390,-1,346,283,241,-1,241,283,282,-1,241,282,391,-1,391,282,364,-1,392,393,394,-1,394,393,395,-1,394,395,273,-1,273,395,396,-1,273,396,274,-1,316,397,291,-1,291,397,398,-1,291,398,289,-1,289,398,399,-1,289,399,367,-1,353,352,400,-1,401,289,402,-1,402,289,403,-1,404,405,289,-1,406,407,408,-1,269,409,271,-1,271,409,410,-1,271,410,411,-1,412,413,248,-1,248,413,414,-1,248,414,246,-1,246,414,415,-1,416,417,289,-1,289,417,418,-1,302,419,300,-1,300,419,420,-1,300,420,282,-1,282,420,421,-1,282,421,422,-1,423,424,425,-1,425,424,426,-1,427,428,429,-1,429,428,430,-1,390,389,431,-1,432,207,6,-1,6,207,223,-1,6,223,194,-1,332,334,433,-1,433,334,434,-1,433,434,435,-1,436,437,46,-1,46,437,438,-1,46,438,44,-1,44,438,439,-1,440,339,441,-1,441,339,442,-1,340,281,443,-1,443,281,444,-1,443,444,445,-1,446,447,289,-1,289,447,448,-1,289,448,449,-1,450,451,289,-1,289,451,452,-1,289,452,453,-1,454,289,455,-1,455,289,456,-1,457,458,459,-1,408,407,460,-1,375,461,289,-1,289,461,462,-1,289,462,246,-1,463,464,465,-1,465,464,53,-1,465,53,466,-1,466,53,54,-1,466,54,378,-1,378,54,467,-1,378,467,376,-1,328,327,377,-1,377,327,468,-1,377,468,378,-1,381,469,379,-1,379,469,470,-1,379,470,471,-1,472,473,282,-1,282,473,474,-1,475,282,476,-1,476,282,423,-1,477,478,479,-1,479,478,480,-1,479,480,481,-1,482,282,483,-1,483,282,480,-1,484,485,486,-1,486,485,487,-1,488,489,490,-1,490,489,491,-1,490,491,492,-1,358,493,282,-1,282,493,430,-1,282,430,494,-1,494,430,428,-1,431,389,495,-1,495,389,496,-1,495,496,497,-1,7,498,6,-1,6,498,499,-1,6,499,432,-1,359,361,500,-1,500,361,501,-1,500,501,502,-1,503,504,505,-1,505,504,506,-1,505,506,507,-1,507,506,508,-1,507,508,100,-1,100,508,509,-1,100,509,101,-1,510,511,512,-1,512,511,513,-1,438,514,439,-1,439,514,515,-1,439,515,516,-1,516,515,517,-1,516,517,518,-1,519,520,282,-1,282,520,521,-1,282,521,280,-1,522,523,282,-1,282,523,524,-1,282,524,362,-1,449,525,289,-1,289,525,526,-1,289,526,318,-1,318,526,527,-1,318,527,369,-1,317,319,528,-1,528,319,529,-1,528,529,530,-1,318,531,289,-1,289,531,532,-1,289,532,533,-1,534,535,536,-1,536,535,537,-1,538,539,207,-1,323,325,540,-1,540,325,541,-1,540,541,542,-1,542,541,543,-1,542,543,232,-1,232,543,544,-1,232,544,233,-1,545,546,547,-1,547,546,548,-1,549,550,551,-1,551,550,271,-1,551,271,552,-1,552,271,411,-1,415,553,246,-1,246,553,554,-1,246,554,289,-1,289,554,555,-1,289,555,416,-1,418,556,289,-1,289,556,557,-1,289,557,287,-1,422,558,282,-1,282,558,559,-1,282,559,560,-1,424,561,426,-1,426,561,562,-1,426,562,563,-1,564,565,277,-1,277,565,566,-1,277,566,275,-1,567,568,569,-1,569,568,570,-1,569,570,571,-1,571,570,572,-1,571,572,167,-1,167,572,573,-1,167,573,168,-1,276,574,282,-1,282,574,575,-1,282,575,356,-1,356,575,567,-1,356,567,576,-1,576,567,569,-1,577,578,579,-1,579,578,580,-1,581,582,583,-1,583,582,584,-1,583,584,585,-1,385,586,282,-1,282,586,487,-1,282,487,357,-1,357,487,485,-1,427,429,490,-1,490,429,587,-1,490,587,488,-1,588,104,589,-1,589,104,105,-1,589,105,492,-1,492,105,590,-1,492,590,490,-1,591,592,593,-1,594,18,595,-1,595,18,19,-1,595,19,596,-1,596,19,593,-1,596,593,597,-1,597,593,592,-1,494,598,282,-1,282,598,599,-1,282,599,600,-1,601,602,603,-1,603,602,604,-1,603,604,600,-1,600,604,605,-1,600,605,282,-1,282,605,606,-1,282,606,607,-1,608,609,271,-1,271,609,610,-1,271,610,270,-1,432,611,207,-1,207,611,612,-1,207,612,613,-1,614,615,616,-1,616,615,361,-1,616,361,617,-1,617,361,360,-1,618,619,620,-1,620,619,621,-1,620,621,622,-1,623,34,624,-1,624,34,35,-1,624,35,435,-1,435,35,625,-1,435,625,433,-1,510,626,511,-1,511,626,627,-1,511,627,628,-1,629,630,631,-1,631,630,632,-1,633,634,264,-1,264,634,635,-1,264,635,262,-1,262,635,636,-1,262,636,637,-1,637,636,442,-1,637,442,638,-1,638,442,339,-1,639,179,640,-1,640,179,180,-1,640,180,445,-1,445,180,641,-1,445,641,443,-1,368,642,289,-1,289,642,643,-1,289,643,644,-1,351,353,645,-1,645,353,646,-1,645,646,647,-1,648,649,650,-1,650,649,651,-1,352,652,289,-1,289,652,653,-1,289,653,654,-1,655,656,657,-1,655,658,659,-1,660,661,662,-1,662,661,663,-1,664,665,666,-1,666,665,667,-1,666,667,668,-1,405,669,289,-1,289,669,537,-1,289,537,372,-1,372,537,535,-1,670,671,672,-1,672,671,673,-1,672,673,674,-1,675,676,677,-1,204,205,137,-1,137,205,207,-1,137,207,678,-1,678,207,539,-1,679,680,681,-1,458,682,459,-1,459,682,683,-1,459,683,684,-1,549,685,550,-1,550,685,686,-1,550,686,687,-1,472,282,382,-1,382,282,688,-1,382,688,383,-1,689,2,690,-1,690,2,3,-1,690,3,471,-1,471,3,691,-1,471,691,379,-1,474,692,282,-1,282,692,693,-1,282,693,423,-1,423,693,694,-1,423,694,424,-1,479,695,477,-1,477,695,696,-1,477,696,697,-1,482,698,282,-1,282,698,699,-1,282,699,276,-1,276,699,700,-1,276,700,384,-1,277,701,564,-1,564,701,702,-1,564,702,703,-1,580,704,579,-1,579,704,705,-1,579,705,706,-1,354,707,282,-1,282,707,708,-1,282,708,387,-1,387,708,577,-1,387,577,709,-1,709,577,579,-1,484,486,583,-1,583,486,710,-1,583,710,581,-1,711,57,712,-1,712,57,58,-1,712,58,585,-1,585,58,713,-1,585,713,583,-1,601,603,593,-1,593,603,714,-1,593,714,591,-1,715,716,717,-1,717,716,718,-1,717,718,719,-1,607,495,282,-1,282,495,497,-1,282,497,271,-1,271,497,720,-1,271,720,721,-1,722,723,271,-1,271,723,724,-1,271,724,608,-1,725,42,726,-1,726,42,43,-1,726,43,502,-1,502,43,727,-1,502,727,500,-1,341,728,281,-1,281,728,729,-1,281,729,282,-1,282,729,730,-1,282,730,522,-1,446,289,731,-1,731,289,644,-1,731,644,392,-1,392,644,732,-1,392,732,393,-1,733,10,734,-1,734,10,11,-1,734,11,530,-1,530,11,735,-1,530,735,528,-1,533,736,289,-1,289,736,737,-1,289,737,352,-1,352,737,738,-1,352,738,400,-1,651,739,650,-1,650,739,740,-1,650,740,741,-1,742,743,744,-1,744,743,745,-1,744,745,746,-1,746,745,747,-1,746,747,182,-1,182,747,748,-1,182,748,183,-1,453,749,289,-1,289,749,750,-1,289,750,403,-1,403,750,742,-1,403,742,751,-1,751,742,744,-1,752,753,754,-1,754,753,755,-1,756,757,758,-1,758,757,759,-1,758,759,760,-1,454,761,289,-1,289,761,663,-1,289,663,404,-1,404,663,661,-1,534,536,666,-1,666,536,762,-1,666,762,664,-1,763,124,764,-1,764,124,125,-1,764,125,668,-1,668,125,765,-1,668,765,666,-1,766,767,768,-1,768,767,769,-1,768,769,770,-1,771,772,773,-1,774,22,775,-1,775,22,23,-1,775,23,776,-1,776,23,773,-1,776,773,777,-1,777,773,772,-1,373,778,289,-1,289,778,770,-1,289,770,779,-1,779,770,769,-1,675,677,780,-1,780,677,781,-1,780,781,782,-1,783,784,207,-1,785,550,328,-1,328,550,687,-1,328,687,326,-1,786,787,550,-1,788,789,790,-1,790,789,791,-1,560,792,282,-1,282,792,793,-1,282,793,305,-1,794,171,795,-1,795,171,172,-1,795,172,563,-1,563,172,796,-1,563,796,426,-1,475,797,282,-1,282,797,798,-1,282,798,480,-1,480,798,799,-1,480,799,481,-1,388,390,800,-1,800,390,801,-1,800,801,802,-1,802,801,803,-1,802,803,192,-1,192,803,804,-1,192,804,193,-1,722,271,805,-1,805,271,721,-1,805,721,717,-1,717,721,806,-1,717,806,715,-1,807,132,808,-1,808,132,133,-1,808,133,628,-1,628,133,809,-1,628,809,511,-1,629,810,630,-1,630,810,811,-1,630,811,812,-1,813,814,815,-1,815,814,816,-1,815,816,817,-1,440,818,339,-1,339,818,819,-1,339,819,282,-1,282,819,820,-1,282,820,519,-1,821,186,822,-1,822,186,187,-1,822,187,647,-1,647,187,823,-1,647,823,645,-1,657,824,655,-1,655,824,825,-1,655,825,658,-1,826,108,827,-1,827,108,109,-1,827,109,659,-1,659,109,828,-1,659,828,655,-1,371,829,289,-1,289,829,830,-1,289,830,831,-1,755,832,754,-1,754,832,833,-1,754,833,834,-1,401,835,289,-1,289,835,836,-1,289,836,456,-1,456,836,752,-1,456,752,837,-1,837,752,754,-1,660,662,758,-1,758,662,838,-1,758,838,756,-1,839,77,840,-1,840,77,78,-1,840,78,760,-1,760,78,841,-1,760,841,758,-1,766,768,773,-1,773,768,842,-1,773,842,771,-1,779,843,289,-1,289,843,844,-1,289,844,670,-1,676,845,677,-1,677,845,846,-1,677,846,847,-1,672,848,670,-1,670,848,849,-1,670,849,289,-1,289,849,850,-1,784,851,207,-1,207,851,852,-1,207,852,538,-1,457,459,853,-1,853,459,854,-1,853,854,855,-1,855,854,856,-1,855,856,160,-1,160,856,857,-1,160,857,161,-1,545,547,790,-1,790,547,858,-1,790,858,788,-1,406,408,859,-1,859,408,860,-1,859,860,861,-1,861,860,862,-1,861,862,229,-1,229,862,863,-1,229,863,230,-1,864,865,866,-1,866,865,867,-1,866,867,868,-1,868,867,869,-1,868,869,189,-1,189,869,870,-1,189,870,190,-1,871,872,289,-1,289,872,873,-1,289,873,374,-1,307,874,305,-1,305,874,875,-1,305,875,282,-1,282,875,876,-1,282,876,688,-1,877,38,878,-1,878,38,39,-1,878,39,697,-1,697,39,879,-1,697,879,477,-1,880,85,881,-1,881,85,86,-1,881,86,703,-1,703,86,882,-1,703,882,564,-1,883,97,884,-1,884,97,98,-1,884,98,706,-1,706,98,885,-1,706,885,579,-1,719,718,886,-1,886,718,887,-1,886,887,888,-1,613,889,207,-1,207,889,890,-1,207,890,891,-1,892,893,136,-1,136,893,894,-1,136,894,134,-1,134,894,895,-1,896,897,218,-1,218,897,898,-1,218,898,216,-1,216,898,899,-1,216,899,900,-1,900,899,815,-1,900,815,901,-1,901,815,817,-1,902,903,904,-1,904,905,902,-1,902,905,906,-1,902,906,907,-1,907,906,908,-1,909,65,910,-1,910,65,66,-1,910,66,741,-1,741,66,911,-1,741,911,650,-1,650,370,648,-1,648,370,289,-1,648,289,912,-1,912,289,654,-1,831,913,289,-1,289,913,656,-1,289,656,450,-1,450,656,655,-1,674,673,914,-1,914,673,915,-1,914,915,916,-1,916,915,917,-1,916,917,220,-1,220,917,918,-1,220,918,221,-1,919,920,921,-1,920,919,922,-1,922,919,923,-1,922,923,924,-1,925,26,926,-1,926,26,27,-1,926,27,791,-1,791,27,927,-1,791,927,790,-1,620,928,618,-1,618,928,929,-1,618,929,930,-1,930,929,895,-1,930,895,931,-1,931,895,894,-1,932,214,933,-1,933,214,215,-1,933,215,812,-1,812,215,934,-1,812,934,630,-1,908,906,935,-1,935,906,936,-1,935,936,253,-1,253,936,937,-1,253,937,254,-1,938,116,939,-1,939,116,117,-1,939,117,834,-1,834,117,940,-1,834,940,754,-1,847,846,941,-1,941,846,942,-1,941,942,943,-1,850,780,289,-1,289,780,782,-1,289,782,207,-1,207,782,944,-1,207,944,783,-1,550,945,680,-1,680,945,946,-1,680,946,681,-1,679,681,947,-1,947,681,948,-1,947,948,949,-1,950,951,952,-1,952,951,953,-1,954,955,956,-1,956,955,957,-1,956,957,958,-1,958,957,959,-1,958,959,256,-1,256,959,960,-1,256,960,257,-1,550,961,962,-1,963,226,964,-1,964,226,227,-1,964,227,888,-1,888,227,965,-1,888,965,886,-1,333,966,334,-1,334,966,967,-1,334,967,968,-1,968,967,969,-1,968,969,970,-1,970,969,971,-1,972,973,974,-1,974,973,503,-1,974,503,975,-1,975,503,505,-1,550,976,977,-1,978,979,980,-1,979,978,981,-1,981,978,982,-1,981,982,983,-1,983,984,981,-1,981,984,961,-1,981,961,985,-1,986,987,267,-1,267,987,988,-1,267,988,265,-1,265,988,989,-1,265,989,990,-1,990,989,953,-1,990,953,991,-1,991,953,951,-1,962,992,550,-1,550,992,954,-1,550,954,786,-1,786,954,956,-1,993,994,995,-1,995,994,996,-1,995,996,997,-1,997,996,998,-1,997,998,321,-1,321,998,999,-1,321,999,322,-1,1000,14,1001,-1,1001,14,15,-1,1001,15,921,-1,921,15,1002,-1,921,1002,919,-1,1003,1004,550,-1,550,1004,1005,-1,460,407,1006,-1,1006,407,1007,-1,1006,1007,1008,-1,622,1009,620,-1,620,1009,207,-1,620,207,1010,-1,1010,207,891,-1,815,1011,813,-1,813,1011,1012,-1,813,1012,1013,-1,1013,1012,1014,-1,1013,1014,1015,-1,511,1016,513,-1,513,1016,1017,-1,513,1017,1018,-1,1018,1017,1019,-1,1018,1019,1020,-1,1021,236,1022,-1,1022,236,237,-1,1022,237,943,-1,943,237,1023,-1,943,1023,941,-1,785,1024,550,-1,550,1024,1025,-1,550,1025,1026,-1,977,1027,550,-1,550,1027,1028,-1,550,1028,945,-1,1029,164,1030,-1,1030,164,165,-1,1030,165,949,-1,949,165,1031,-1,949,1031,947,-1,680,1032,550,-1,550,1032,1033,-1,550,1033,1034,-1,1035,1036,1037,-1,1037,1036,951,-1,1037,951,1038,-1,1038,951,950,-1,1039,1040,1041,-1,1041,1040,1042,-1,1041,1042,1043,-1,1043,1042,1044,-1,1043,1044,141,-1,141,1044,1045,-1,141,1045,142,-1,548,1046,547,-1,547,1046,1047,-1,547,1047,1048,-1,1049,550,1050,-1,1050,550,1051,-1,924,1052,922,-1,922,1052,1003,-1,922,1003,1053,-1,1053,1003,1054,-1,866,1055,864,-1,864,1055,1056,-1,864,1056,1005,-1,1005,1056,1057,-1,1005,1057,550,-1,550,1057,1058,-1,550,1058,1059,-1,1009,1060,207,-1,207,1060,971,-1,207,971,282,-1,282,971,969,-1,614,1061,282,-1,282,1061,1062,-1,282,1062,1063,-1,1064,1065,1066,-1,1066,1065,632,-1,1066,632,1067,-1,1067,632,630,-1,1068,1069,282,-1,1070,1071,282,-1,282,1071,1072,-1,282,1072,338,-1,976,550,1073,-1,1073,550,1026,-1,1073,1026,324,-1,324,1026,1074,-1,324,1074,325,-1,1035,1075,550,-1,550,1075,1076,-1,550,1076,961,-1,961,1076,1077,-1,961,1077,985,-1,1078,69,1079,-1,1079,69,70,-1,1079,70,980,-1,980,70,1080,-1,980,1080,978,-1,787,1081,550,-1,550,1081,1082,-1,550,1082,1083,-1,1084,1085,550,-1,550,1085,1086,-1,550,1086,1087,-1,1059,1006,550,-1,550,1006,1008,-1,550,1008,289,-1,289,1008,1088,-1,289,1088,871,-1,969,1089,282,-1,282,1089,1090,-1,282,1090,614,-1,614,1090,1091,-1,614,1091,615,-1,1068,282,1092,-1,1093,1094,1095,-1,1096,1097,337,-1,337,1097,1098,-1,1034,1099,550,-1,550,1099,1100,-1,550,1100,1035,-1,1035,1100,1101,-1,1035,1101,1036,-1,1083,1102,550,-1,550,1102,1039,-1,550,1039,1084,-1,1084,1039,1041,-1,1049,1103,550,-1,550,1103,1104,-1,550,1104,1003,-1,1003,1104,1105,-1,1003,1105,1054,-1,518,1106,516,-1,516,1106,1093,-1,516,1093,1107,-1,1107,1093,1095,-1,1098,1108,337,-1,337,1108,1109,-1,337,1109,335,-1,902,1110,903,-1,903,1110,1111,-1,903,1111,1112,-1,1113,153,1114,-1,1114,153,154,-1,1114,154,1096,-1,1096,154,1115,-1,1096,1115,1097,-1,1116,903,282,-1,282,903,1112,-1,282,1112,1070,-1,684,1117,550,-1,1020,1116,1018,-1,1018,1116,282,-1,1018,282,1118,-1,1118,282,1069,-1,1118,1069,336,-1,336,1069,1119,-1,336,1119,337,-1,995,1120,993,-1,993,1120,1051,-1,993,1051,1121,-1,1121,1051,550,-1,1121,550,1047,-1,1047,550,1117,-1,1047,1117,1048,-1,1087,1122,550,-1,550,1122,1123,-1,550,1123,684,-1,684,1123,1124,-1,684,1124,459,-1,973,282,1094,-1,1094,282,1063,-1,1094,1063,1095,-1,1125,1065,282,-1,1064,1126,1065,-1,1065,1126,1127,-1,1065,1127,282,-1,282,1127,1128,-1,282,1128,1092,-1,972,1129,973,-1,973,1129,1130,-1,973,1130,282,-1,282,1130,1013,-1,282,1013,1125,-1,1125,1013,1015,-1,1131,53,464,-1,464,1132,1131,-1,1131,1132,1133,-1,1131,1133,1134,-1,1135,148,1136,-1,1137,224,226,-1,1138,1139,1134,-1,226,1138,1137,-1,1137,1138,1134,-1,1137,1134,1136,-1,1136,1134,1133,-1,1136,1133,1135,-1,1135,1133,150,-1,1140,72,1141,-1,1142,16,18,-1,1143,1144,1134,-1,18,1143,1142,-1,1142,1143,1134,-1,1142,1134,1141,-1,1141,1134,1139,-1,1141,1139,1140,-1,1140,1139,74,-1,1145,55,1146,-1,1147,1148,1134,-1,102,104,1144,-1,1144,104,1149,-1,1144,1149,1134,-1,1134,1149,1145,-1,1134,1145,1147,-1,1147,1145,1146,-1,1147,1146,57,-1,1150,129,1151,-1,1152,1153,1134,-1,95,97,1148,-1,1148,97,1154,-1,1148,1154,1134,-1,1134,1154,1150,-1,1134,1150,1152,-1,1152,1150,1151,-1,1152,1151,127,-1,1155,36,38,-1,1156,1157,1134,-1,38,1156,1155,-1,1155,1156,1134,-1,1155,1134,1158,-1,1158,1134,1153,-1,1158,1153,85,-1,85,1153,83,-1,1159,171,1160,-1,1159,1160,169,-1,1161,0,2,-1,1162,1163,1134,-1,2,1162,1161,-1,1161,1162,1134,-1,1161,1134,1160,-1,1160,1134,1157,-1,1160,1157,169,-1,1164,29,1165,-1,298,300,1166,-1,1166,300,1134,-1,1166,1134,1165,-1,1165,1134,1163,-1,1165,1163,1164,-1,1164,1163,31,-1,1134,300,309,-1,1167,892,1168,-1,4,6,1169,-1,1169,6,1170,-1,1169,1170,1171,-1,243,1172,1173,-1,1173,1172,1174,-1,1173,1174,342,-1,309,1175,1134,-1,1134,1175,1174,-1,1134,1174,1170,-1,1170,1174,1172,-1,1170,1172,1176,-1,1177,633,1178,-1,1179,1180,1170,-1,177,179,1176,-1,1176,179,1181,-1,1176,1181,1170,-1,1170,1181,1177,-1,1170,1177,1179,-1,1179,1177,1178,-1,1179,1178,264,-1,1182,130,132,-1,1183,1184,1170,-1,132,1183,1182,-1,1182,1183,1170,-1,1182,1170,1185,-1,1185,1170,1180,-1,1185,1180,174,-1,174,1180,176,-1,1186,153,1187,-1,1188,212,214,-1,1189,1190,1170,-1,214,1189,1188,-1,1188,1189,1170,-1,1188,1170,1187,-1,1187,1170,1184,-1,1187,1184,1186,-1,1186,1184,151,-1,1191,218,1192,-1,1193,62,60,-1,1194,1195,1170,-1,60,1194,1193,-1,1193,1194,1170,-1,1193,1170,1192,-1,1192,1170,1190,-1,1192,1190,1191,-1,1191,1190,896,-1,1196,42,1197,-1,1197,1198,1170,-1,436,46,1195,-1,1195,46,1199,-1,1195,1199,1170,-1,1170,1199,1200,-1,1170,1200,1197,-1,1197,1200,40,-1,1197,40,1196,-1,32,34,1198,-1,1198,34,1201,-1,1198,1201,1170,-1,1170,1201,1167,-1,1170,1167,1171,-1,1171,1167,1168,-1,1171,1168,136,-1,1170,6,209,-1,209,1202,1170,-1,1170,1202,1203,-1,1170,1203,1204,-1,1205,234,236,-1,1206,1207,1204,-1,236,1206,1205,-1,1205,1206,1204,-1,1205,1204,1208,-1,1208,1204,1203,-1,1208,1203,139,-1,139,1203,200,-1,1209,20,22,-1,1210,1211,1204,-1,22,1210,1209,-1,1209,1210,1204,-1,1209,1204,1212,-1,1212,1204,1207,-1,1212,1207,88,-1,88,1207,90,-1,1213,75,77,-1,1214,1215,1204,-1,77,1214,1213,-1,1213,1214,1204,-1,1213,1204,1216,-1,1216,1204,1211,-1,1216,1211,124,-1,124,1211,122,-1,1217,158,156,-1,1218,1219,1204,-1,156,1218,1217,-1,1217,1218,1204,-1,1217,1204,1220,-1,1220,1204,1215,-1,1220,1215,116,-1,116,1215,114,-1,1221,63,65,-1,1222,1223,1204,-1,65,1222,1221,-1,1221,1222,1204,-1,1221,1204,1224,-1,1224,1204,1219,-1,1224,1219,108,-1,108,1219,106,-1,1225,8,10,-1,1226,1227,1204,-1,10,1226,1225,-1,1225,1226,1204,-1,1225,1204,1228,-1,1228,1204,1223,-1,1228,1223,186,-1,186,1223,184,-1,313,291,1229,-1,1229,291,1204,-1,1229,1204,1230,-1,1230,1204,1227,-1,1230,1227,48,-1,48,1227,50,-1,1204,291,295,-1,295,1231,1204,-1,1204,1231,1232,-1,1204,1232,1131,-1,1233,248,1234,-1,1235,199,197,-1,1236,1237,1131,-1,197,1236,1235,-1,1235,1236,1131,-1,1235,1131,1234,-1,1234,1131,1232,-1,1234,1232,1233,-1,1233,1232,412,-1,1238,92,1239,-1,1240,12,14,-1,1241,1242,1131,-1,14,1241,1240,-1,1240,1241,1131,-1,1240,1131,1239,-1,1239,1131,1237,-1,1239,1237,1238,-1,1238,1237,94,-1,1243,24,1244,-1,1245,1246,1131,-1,261,259,1242,-1,1242,259,1247,-1,1242,1247,1131,-1,1131,1247,1243,-1,1131,1243,1245,-1,1245,1243,1244,-1,1245,1244,26,-1,1248,121,1249,-1,1250,1251,1131,-1,113,111,1246,-1,1246,111,1252,-1,1246,1252,1131,-1,1131,1252,1248,-1,1131,1248,1250,-1,1250,1248,1249,-1,1250,1249,119,-1,1253,67,69,-1,1254,1255,1131,-1,69,1254,1253,-1,1253,1254,1131,-1,1253,1131,1256,-1,1256,1131,1251,-1,1256,1251,80,-1,80,1251,82,-1,1257,267,1258,-1,1257,1258,986,-1,1259,162,164,-1,1260,1261,1131,-1,164,1260,1259,-1,1259,1260,1131,-1,1259,1131,1258,-1,1258,1131,1255,-1,1258,1255,986,-1,1262,144,1263,-1,51,53,1264,-1,1264,53,1131,-1,1264,1131,1263,-1,1263,1131,1261,-1,1263,1261,1262,-1,1262,1261,146,-1,1265,1266,1131,-1,1170,1267,1268,-1,1269,1204,1270,-1,1270,1204,1271,-1,1170,1268,1134,-1,1134,1268,1272,-1,1134,1272,1273,-1,1274,1275,1131,-1,1131,1275,1276,-1,1131,1276,1265,-1,1269,1277,1204,-1,1204,1277,1278,-1,1204,1278,1170,-1,1170,1278,1279,-1,1170,1279,1267,-1,1273,1280,1134,-1,1134,1280,1281,-1,1134,1281,1282,-1,1266,1283,1131,-1,1131,1283,1284,-1,1131,1284,1204,-1,1204,1284,1285,-1,1204,1285,1271,-1,1282,1286,1134,-1,1134,1286,1287,-1,1134,1287,1131,-1,1131,1287,1288,-1,1131,1288,1274,-1,
        ]
    }
}
Shape{
    appearance Appearance {
        material  Material 	{
            diffuseColor 0.7529411764705882 0.7529411764705882 0.7529411764705882
            specularColor 0.3764705882352941 0.3764705882352941 0.3764705882352941
            ambientIntensity 0.7529
            transparency 0.0
            shininess 0.5
        }
    }
    geometry IndexedFaceSet {
        ccw TRUE
        solid FALSE
        coord DEF co Coordinate {
            point [
                -0.8592 0.9773 0.2953, -0.8592 0.9773 0.2992, -0.8615 0.9953 0.2953, -0.8615 0.9953 0.2992, -0.8684 1.012 0.2953, -0.8684 1.012 0.2992, -0.8795 1.0263 0.2953, -0.8795 1.0263 0.2992, -0.8938 1.0374 0.2953, -0.8938 1.0374 0.2992, -0.9105 1.0443 0.2953, -0.9105 1.0443 0.2992, -0.9285 1.0466 0.2953, -0.9285 1.0466 0.2992, -0.9464 1.0443 0.2953, -0.9464 1.0443 0.2992, -0.9631 1.0374 0.2953, -0.9631 1.0374 0.2992, -0.9775 1.0263 0.2953, -0.9775 1.0263 0.2992, -0.9885 1.012 0.2953, -0.9885 1.012 0.2992, -0.9954 0.9953 0.2953, -0.9954 0.9953 0.2992, -0.9978 0.9773 0.2953, -0.9978 0.9773 0.2992, -0.9954 0.9594 0.2953, -0.9954 0.9594 0.2992, -0.9885 0.9427 0.2953, -0.9885 0.9427 0.2992, -0.9775 0.9283 0.2953, -0.9775 0.9283 0.2992, -0.9631 0.9173 0.2953, -0.9631 0.9173 0.2992, -0.9464 0.9104 0.2953, -0.9464 0.9104 0.2992, -0.9285 0.908 0.2953, -0.9285 0.908 0.2992, -0.9105 0.9104 0.2953, -0.9105 0.9104 0.2992, -0.8938 0.9173 0.2953, -0.8938 0.9173 0.2992, -0.8795 0.9283 0.2953, -0.8795 0.9283 0.2992, -0.8684 0.9427 0.2953, -0.8684 0.9427 0.2992, -0.8615 0.9594 0.2953, -0.8615 0.9594 0.2992, -0.9285 0.9773 0.2953
            ]
        }
        coordIndex [
            0,1,2,-1,2,1,3,-1,2,3,4,-1,4,3,5,-1,4,5,6,-1,6,5,7,-1,6,7,8,-1,8,7,9,-1,8,9,10,-1,10,9,11,-1,10,11,12,-1,12,11,13,-1,12,13,14,-1,14,13,15,-1,14,15,16,-1,16,15,17,-1,16,17,18,-1,18,17,19,-1,18,19,20,-1,20,19,21,-1,20,21,22,-1,22,21,23,-1,22,23,24,-1,24,23,25,-1,24,25,26,-1,26,25,27,-1,26,27,28,-1,28,27,29,-1,28,29,30,-1,30,29,31,-1,30,31,32,-1,32,31,33,-1,32,33,34,-1,34,33,35,-1,34,35,36,-1,36,35,37,-1,36,37,38,-1,38,37,39,-1,38,39,40,-1,40,39,41,-1,40,41,42,-1,42,41,43,-1,42,43,44,-1,44,43,45,-1,44,45,46,-1,46,45,47,-1,46,47,0,-1,0,47,1,-1,44,46,48,-1,48,46,0,-1,48,0,2,-1,38,40,48,-1,48,40,42,-1,48,42,44,-1,32,34,48,-1,48,34,36,-1,48,36,38,-1,26,28,48,-1,48,28,30,-1,48,30,32,-1,20,22,48,-1,48,22,24,-1,48,24,26,-1,14,16,48,-1,48,16,18,-1,48,18,20,-1,8,10,48,-1,48,10,12,-1,48,12,14,-1,2,4,48,-1,48,4,6,-1,48,6,8,-1,
        ]
    }
}
Shape{
    appearance Appearance {
        material  Material 	{
            diffuseColor 0.6470588235294118 0.6196078431372549 0.5882352941176471
            specularColor 0.45098039215686275 0.43529411764705883 0.4117647058823529
            ambientIntensity 0.6242
            transparency 0.0
            shininess 0.5
        }
    }
    geometry IndexedFaceSet {
        ccw TRUE
        solid FALSE
        coord DEF co Coordinate {
            point [
                1.185 0.872 0.0787, 1.185 0.9193 0.0787, 1.1811 0.872 0.0787, 1.1811 0.9193 0.0787, 1.1657 0.872 0.0039, 1.1657 0.872 0.0, 1.1811 0.872 0.0039, 1.185 0.872 0.0, 1.1811 0.9193 0.0039, 1.185 0.9193 0.0, 1.1657 0.9193 0.0039, 1.1657 0.9193 0.0, 1.0551 0.9311 0.0039, 1.0551 0.9311 0.0, 1.047 0.93 0.0, 1.047 0.93 0.0039, 1.0394 0.9269 0.0, 1.0394 0.9269 0.0039, 1.0328 0.9219 0.0, 1.0328 0.9219 0.0039, 1.0278 0.9154 0.0, 1.0278 0.9154 0.0039, 1.0247 0.9078 0.0, 1.0247 0.9078 0.0039, 1.0236 0.8996 0.0, 1.0236 0.8996 0.0039, 1.0236 0.8917 0.0039, 1.0236 0.8917 0.0, 1.0247 0.8836 0.0, 1.0247 0.8836 0.0039, 1.0278 0.876 0.0, 1.0278 0.876 0.0039, 1.0328 0.8695 0.0, 1.0328 0.8695 0.0039, 1.0394 0.8645 0.0, 1.0394 0.8645 0.0039, 1.047 0.8613 0.0, 1.047 0.8613 0.0039, 1.0551 0.8602 0.0, 1.0551 0.8602 0.0039, 1.1544 0.8602 0.0039, 1.1544 0.8602 0.0, 1.1544 0.9311 0.0039, 1.1544 0.9311 0.0, 1.185 0.7343 0.0787, 1.185 0.7815 0.0787, 1.1811 0.7343 0.0787, 1.1811 0.7815 0.0787, 1.1657 0.7343 0.0039, 1.1657 0.7343 0.0, 1.1811 0.7343 0.0039, 1.185 0.7343 0.0, 1.1811 0.7815 0.0039, 1.185 0.7815 0.0, 1.1657 0.7815 0.0039, 1.1657 0.7815 0.0, 1.0551 0.7933 0.0039, 1.0551 0.7933 0.0, 1.047 0.7922 0.0, 1.047 0.7922 0.0039, 1.0394 0.7891 0.0, 1.0394 0.7891 0.0039, 1.0328 0.7841 0.0, 1.0328 0.7841 0.0039, 1.0278 0.7776 0.0, 1.0278 0.7776 0.0039, 1.0247 0.77 0.0, 1.0247 0.77 0.0039, 1.0236 0.7618 0.0, 1.0236 0.7618 0.0039, 1.0236 0.7539 0.0039, 1.0236 0.7539 0.0, 1.0247 0.7458 0.0, 1.0247 0.7458 0.0039, 1.0278 0.7382 0.0, 1.0278 0.7382 0.0039, 1.0328 0.7317 0.0, 1.0328 0.7317 0.0039, 1.0394 0.7267 0.0, 1.0394 0.7267 0.0039, 1.047 0.7235 0.0, 1.047 0.7235 0.0039, 1.0551 0.7224 0.0, 1.0551 0.7224 0.0039, 1.1544 0.7224 0.0039, 1.1544 0.7224 0.0, 1.1544 0.7933 0.0039, 1.1544 0.7933 0.0, 1.185 0.5965 0.0787, 1.185 0.6437 0.0787, 1.1811 0.5965 0.0787, 1.1811 0.6437 0.0787, 1.1657 0.5965 0.0039, 1.1657 0.5965 0.0, 1.1811 0.5965 0.0039, 1.185 0.5965 0.0, 1.1811 0.6437 0.0039, 1.185 0.6437 0.0, 1.1657 0.6437 0.0039, 1.1657 0.6437 0.0, 1.0551 0.6555 0.0039, 1.0551 0.6555 0.0, 1.047 0.6544 0.0, 1.047 0.6544 0.0039, 1.0394 0.6513 0.0, 1.0394 0.6513 0.0039, 1.0328 0.6463 0.0, 1.0328 0.6463 0.0039, 1.0278 0.6398 0.0, 1.0278 0.6398 0.0039, 1.0247 0.6322 0.0, 1.0247 0.6322 0.0039, 1.0236 0.624 0.0, 1.0236 0.624 0.0039, 1.0236 0.6161 0.0039, 1.0236 0.6161 0.0, 1.0247 0.608 0.0, 1.0247 0.608 0.0039, 1.0278 0.6004 0.0, 1.0278 0.6004 0.0039, 1.0328 0.5939 0.0, 1.0328 0.5939 0.0039, 1.0394 0.5889 0.0, 1.0394 0.5889 0.0039, 1.047 0.5857 0.0, 1.047 0.5857 0.0039, 1.0551 0.5846 0.0, 1.0551 0.5846 0.0039, 1.1544 0.5846 0.0039, 1.1544 0.5846 0.0, 1.1544 0.6555 0.0039, 1.1544 0.6555 0.0, 1.185 0.4587 0.0787, 1.185 0.5059 0.0787, 1.1811 0.4587 0.0787, 1.1811 0.5059 0.0787, 1.1657 0.4587 0.0039, 1.1657 0.4587 0.0, 1.1811 0.4587 0.0039, 1.185 0.4587 0.0, 1.1811 0.5059 0.0039, 1.185 0.5059 0.0, 1.1657 0.5059 0.0039, 1.1657 0.5059 0.0, 1.0551 0.5177 0.0039, 1.0551 0.5177 0.0, 1.047 0.5166 0.0, 1.047 0.5166 0.0039, 1.0394 0.5135 0.0, 1.0394 0.5135 0.0039, 1.0328 0.5085 0.0, 1.0328 0.5085 0.0039, 1.0278 0.502 0.0, 1.0278 0.502 0.0039, 1.0247 0.4944 0.0, 1.0247 0.4944 0.0039, 1.0236 0.4862 0.0, 1.0236 0.4862 0.0039, 1.0236 0.4783 0.0039, 1.0236 0.4783 0.0, 1.0247 0.4702 0.0, 1.0247 0.4702 0.0039, 1.0278 0.4626 0.0, 1.0278 0.4626 0.0039, 1.0328 0.4561 0.0, 1.0328 0.4561 0.0039, 1.0394 0.4511 0.0, 1.0394 0.4511 0.0039, 1.047 0.4479 0.0, 1.047 0.4479 0.0039, 1.0551 0.4469 0.0, 1.0551 0.4469 0.0039, 1.1544 0.4469 0.0039, 1.1544 0.4469 0.0, 1.1544 0.5177 0.0039, 1.1544 0.5177 0.0, 1.185 0.3209 0.0787, 1.185 0.3681 0.0787, 1.1811 0.3209 0.0787, 1.1811 0.3681 0.0787, 1.1657 0.3209 0.0039, 1.1657 0.3209 0.0, 1.1811 0.3209 0.0039, 1.185 0.3209 0.0, 1.1811 0.3681 0.0039, 1.185 0.3681 0.0, 1.1657 0.3681 0.0039, 1.1657 0.3681 0.0, 1.0551 0.3799 0.0039, 1.0551 0.3799 0.0, 1.047 0.3788 0.0, 1.047 0.3788 0.0039, 1.0394 0.3757 0.0, 1.0394 0.3757 0.0039, 1.0328 0.3707 0.0, 1.0328 0.3707 0.0039, 1.0278 0.3642 0.0, 1.0278 0.3642 0.0039, 1.0247 0.3566 0.0, 1.0247 0.3566 0.0039, 1.0236 0.3484 0.0, 1.0236 0.3484 0.0039, 1.0236 0.3406 0.0039, 1.0236 0.3406 0.0, 1.0247 0.3324 0.0, 1.0247 0.3324 0.0039, 1.0278 0.3248 0.0, 1.0278 0.3248 0.0039, 1.0328 0.3183 0.0, 1.0328 0.3183 0.0039, 1.0394 0.3133 0.0, 1.0394 0.3133 0.0039, 1.047 0.3101 0.0, 1.047 0.3101 0.0039, 1.0551 0.3091 0.0, 1.0551 0.3091 0.0039, 1.1544 0.3091 0.0039, 1.1544 0.3091 0.0, 1.1544 0.3799 0.0039, 1.1544 0.3799 0.0, 1.185 0.1831 0.0787, 1.185 0.2303 0.0787, 1.1811 0.1831 0.0787, 1.1811 0.2303 0.0787, 1.1657 0.1831 0.0039, 1.1657 0.1831 0.0, 1.1811 0.1831 0.0039, 1.185 0.1831 0.0, 1.1811 0.2303 0.0039, 1.185 0.2303 0.0, 1.1657 0.2303 0.0039, 1.1657 0.2303 0.0, 1.0551 0.2421 0.0039, 1.0551 0.2421 0.0, 1.047 0.2411 0.0, 1.047 0.2411 0.0039, 1.0394 0.2379 0.0, 1.0394 0.2379 0.0039, 1.0328 0.2329 0.0, 1.0328 0.2329 0.0039, 1.0278 0.2264 0.0, 1.0278 0.2264 0.0039, 1.0247 0.2188 0.0, 1.0247 0.2188 0.0039, 1.0236 0.2106 0.0, 1.0236 0.2106 0.0039, 1.0236 0.2028 0.0039, 1.0236 0.2028 0.0, 1.0247 0.1946 0.0, 1.0247 0.1946 0.0039, 1.0278 0.187 0.0, 1.0278 0.187 0.0039, 1.0328 0.1805 0.0, 1.0328 0.1805 0.0039, 1.0394 0.1755 0.0, 1.0394 0.1755 0.0039, 1.047 0.1723 0.0, 1.047 0.1723 0.0039, 1.0551 0.1713 0.0, 1.0551 0.1713 0.0039, 1.1544 0.1713 0.0039, 1.1544 0.1713 0.0, 1.1544 0.2421 0.0039, 1.1544 0.2421 0.0, 1.185 0.0453 0.0787, 1.185 0.0925 0.0787, 1.1811 0.0453 0.0787, 1.1811 0.0925 0.0787, 1.1657 0.0453 0.0039, 1.1657 0.0453 0.0, 1.1811 0.0453 0.0039, 1.185 0.0453 0.0, 1.1811 0.0925 0.0039, 1.185 0.0925 0.0, 1.1657 0.0925 0.0039, 1.1657 0.0925 0.0, 1.0551 0.1043 0.0039, 1.0551 0.1043 0.0, 1.047 0.1033 0.0, 1.047 0.1033 0.0039, 1.0394 0.1001 0.0, 1.0394 0.1001 0.0039, 1.0328 0.0951 0.0, 1.0328 0.0951 0.0039, 1.0278 0.0886 0.0, 1.0278 0.0886 0.0039, 1.0247 0.081 0.0, 1.0247 0.081 0.0039, 1.0236 0.0728 0.0, 1.0236 0.0728 0.0039, 1.0236 0.065 0.0039, 1.0236 0.065 0.0, 1.0247 0.0568 0.0, 1.0247 0.0568 0.0039, 1.0278 0.0492 0.0, 1.0278 0.0492 0.0039, 1.0328 0.0427 0.0, 1.0328 0.0427 0.0039, 1.0394 0.0377 0.0, 1.0394 0.0377 0.0039, 1.047 0.0345 0.0, 1.047 0.0345 0.0039, 1.0551 0.0335 0.0, 1.0551 0.0335 0.0039, 1.1544 0.0335 0.0039, 1.1544 0.0335 0.0, 1.1544 0.1043 0.0039, 1.1544 0.1043 0.0, 1.185 -0.0925 0.0787, 1.185 -0.0453 0.0787, 1.1811 -0.0925 0.0787, 1.1811 -0.0453 0.0787, 1.1657 -0.0925 0.0039, 1.1657 -0.0925 0.0, 1.1811 -0.0925 0.0039, 1.185 -0.0925 0.0, 1.1811 -0.0453 0.0039, 1.185 -0.0453 0.0, 1.1657 -0.0453 0.0039, 1.1657 -0.0453 0.0, 1.0551 -0.0335 0.0039, 1.0551 -0.0335 0.0, 1.047 -0.0345 0.0, 1.047 -0.0345 0.0039, 1.0394 -0.0377 0.0, 1.0394 -0.0377 0.0039, 1.0328 -0.0427 0.0, 1.0328 -0.0427 0.0039, 1.0278 -0.0492 0.0, 1.0278 -0.0492 0.0039, 1.0247 -0.0568 0.0, 1.0247 -0.0568 0.0039, 1.0236 -0.065 0.0, 1.0236 -0.065 0.0039, 1.0236 -0.0728 0.0039, 1.0236 -0.0728 0.0, 1.0247 -0.081 0.0, 1.0247 -0.081 0.0039, 1.0278 -0.0886 0.0, 1.0278 -0.0886 0.0039, 1.0328 -0.0951 0.0, 1.0328 -0.0951 0.0039, 1.0394 -0.1001 0.0, 1.0394 -0.1001 0.0039, 1.047 -0.1033 0.0, 1.047 -0.1033 0.0039, 1.0551 -0.1043 0.0, 1.0551 -0.1043 0.0039, 1.1544 -0.1043 0.0039, 1.1544 -0.1043 0.0, 1.1544 -0.0335 0.0039, 1.1544 -0.0335 0.0, 1.185 -0.2303 0.0787, 1.185 -0.1831 0.0787, 1.1811 -0.2303 0.0787, 1.1811 -0.1831 0.0787, 1.1657 -0.2303 0.0039, 1.1657 -0.2303 0.0, 1.1811 -0.2303 0.0039, 1.185 -0.2303 0.0, 1.1811 -0.1831 0.0039, 1.185 -0.1831 0.0, 1.1657 -0.1831 0.0039, 1.1657 -0.1831 0.0, 1.0551 -0.1713 0.0039, 1.0551 -0.1713 0.0, 1.047 -0.1723 0.0, 1.047 -0.1723 0.0039, 1.0394 -0.1755 0.0, 1.0394 -0.1755 0.0039, 1.0328 -0.1805 0.0, 1.0328 -0.1805 0.0039, 1.0278 -0.187 0.0, 1.0278 -0.187 0.0039, 1.0247 -0.1946 0.0, 1.0247 -0.1946 0.0039, 1.0236 -0.2028 0.0, 1.0236 -0.2028 0.0039, 1.0236 -0.2106 0.0039, 1.0236 -0.2106 0.0, 1.0247 -0.2188 0.0, 1.0247 -0.2188 0.0039, 1.0278 -0.2264 0.0, 1.0278 -0.2264 0.0039, 1.0328 -0.2329 0.0, 1.0328 -0.2329 0.0039, 1.0394 -0.2379 0.0, 1.0394 -0.2379 0.0039, 1.047 -0.2411 0.0, 1.047 -0.2411 0.0039, 1.0551 -0.2421 0.0, 1.0551 -0.2421 0.0039, 1.1544 -0.2421 0.0039, 1.1544 -0.2421 0.0, 1.1544 -0.1713 0.0039, 1.1544 -0.1713 0.0, 1.185 -0.3681 0.0787, 1.185 -0.3209 0.0787, 1.1811 -0.3681 0.0787, 1.1811 -0.3209 0.0787, 1.1657 -0.3681 0.0039, 1.1657 -0.3681 0.0, 1.1811 -0.3681 0.0039, 1.185 -0.3681 0.0, 1.1811 -0.3209 0.0039, 1.185 -0.3209 0.0, 1.1657 -0.3209 0.0039, 1.1657 -0.3209 0.0, 1.0551 -0.3091 0.0039, 1.0551 -0.3091 0.0, 1.047 -0.3101 0.0, 1.047 -0.3101 0.0039, 1.0394 -0.3133 0.0, 1.0394 -0.3133 0.0039, 1.0328 -0.3183 0.0, 1.0328 -0.3183 0.0039, 1.0278 -0.3248 0.0, 1.0278 -0.3248 0.0039, 1.0247 -0.3324 0.0, 1.0247 -0.3324 0.0039, 1.0236 -0.3406 0.0, 1.0236 -0.3406 0.0039, 1.0236 -0.3484 0.0039, 1.0236 -0.3484 0.0, 1.0247 -0.3566 0.0, 1.0247 -0.3566 0.0039, 1.0278 -0.3642 0.0, 1.0278 -0.3642 0.0039, 1.0328 -0.3707 0.0, 1.0328 -0.3707 0.0039, 1.0394 -0.3757 0.0, 1.0394 -0.3757 0.0039, 1.047 -0.3788 0.0, 1.047 -0.3788 0.0039, 1.0551 -0.3799 0.0, 1.0551 -0.3799 0.0039, 1.1544 -0.3799 0.0039, 1.1544 -0.3799 0.0, 1.1544 -0.3091 0.0039, 1.1544 -0.3091 0.0, 1.185 -0.5059 0.0787, 1.185 -0.4587 0.0787, 1.1811 -0.5059 0.0787, 1.1811 -0.4587 0.0787, 1.1657 -0.5059 0.0039, 1.1657 -0.5059 0.0, 1.1811 -0.5059 0.0039, 1.185 -0.5059 0.0, 1.1811 -0.4587 0.0039, 1.185 -0.4587 0.0, 1.1657 -0.4587 0.0039, 1.1657 -0.4587 0.0, 1.0551 -0.4469 0.0039, 1.0551 -0.4469 0.0, 1.047 -0.4479 0.0, 1.047 -0.4479 0.0039, 1.0394 -0.4511 0.0, 1.0394 -0.4511 0.0039, 1.0328 -0.4561 0.0, 1.0328 -0.4561 0.0039, 1.0278 -0.4626 0.0, 1.0278 -0.4626 0.0039, 1.0247 -0.4702 0.0, 1.0247 -0.4702 0.0039, 1.0236 -0.4783 0.0, 1.0236 -0.4783 0.0039, 1.0236 -0.4862 0.0039, 1.0236 -0.4862 0.0, 1.0247 -0.4944 0.0, 1.0247 -0.4944 0.0039, 1.0278 -0.502 0.0, 1.0278 -0.502 0.0039, 1.0328 -0.5085 0.0, 1.0328 -0.5085 0.0039, 1.0394 -0.5135 0.0, 1.0394 -0.5135 0.0039, 1.047 -0.5166 0.0, 1.047 -0.5166 0.0039, 1.0551 -0.5177 0.0, 1.0551 -0.5177 0.0039, 1.1544 -0.5177 0.0039, 1.1544 -0.5177 0.0, 1.1544 -0.4469 0.0039, 1.1544 -0.4469 0.0, 1.185 -0.6437 0.0787, 1.185 -0.5965 0.0787, 1.1811 -0.6437 0.0787, 1.1811 -0.5965 0.0787, 1.1657 -0.6437 0.0039, 1.1657 -0.6437 0.0, 1.1811 -0.6437 0.0039, 1.185 -0.6437 0.0, 1.1811 -0.5965 0.0039, 1.185 -0.5965 0.0, 1.1657 -0.5965 0.0039, 1.1657 -0.5965 0.0, 1.0551 -0.5846 0.0039, 1.0551 -0.5846 0.0, 1.047 -0.5857 0.0, 1.047 -0.5857 0.0039, 1.0394 -0.5889 0.0, 1.0394 -0.5889 0.0039, 1.0328 -0.5939 0.0, 1.0328 -0.5939 0.0039, 1.0278 -0.6004 0.0, 1.0278 -0.6004 0.0039, 1.0247 -0.608 0.0, 1.0247 -0.608 0.0039, 1.0236 -0.6161 0.0, 1.0236 -0.6161 0.0039, 1.0236 -0.624 0.0039, 1.0236 -0.624 0.0, 1.0247 -0.6322 0.0, 1.0247 -0.6322 0.0039, 1.0278 -0.6398 0.0, 1.0278 -0.6398 0.0039, 1.0328 -0.6463 0.0, 1.0328 -0.6463 0.0039, 1.0394 -0.6513 0.0, 1.0394 -0.6513 0.0039, 1.047 -0.6544 0.0, 1.047 -0.6544 0.0039, 1.0551 -0.6555 0.0, 1.0551 -0.6555 0.0039, 1.1544 -0.6555 0.0039, 1.1544 -0.6555 0.0, 1.1544 -0.5846 0.0039, 1.1544 -0.5846 0.0, 1.185 -0.7815 0.0787, 1.185 -0.7343 0.0787, 1.1811 -0.7815 0.0787, 1.1811 -0.7343 0.0787, 1.1657 -0.7815 0.0039, 1.1657 -0.7815 0.0, 1.1811 -0.7815 0.0039, 1.185 -0.7815 0.0, 1.1811 -0.7343 0.0039, 1.185 -0.7343 0.0, 1.1657 -0.7343 0.0039, 1.1657 -0.7343 0.0, 1.0551 -0.7224 0.0039, 1.0551 -0.7224 0.0, 1.047 -0.7235 0.0, 1.047 -0.7235 0.0039, 1.0394 -0.7267 0.0, 1.0394 -0.7267 0.0039, 1.0328 -0.7317 0.0, 1.0328 -0.7317 0.0039, 1.0278 -0.7382 0.0, 1.0278 -0.7382 0.0039, 1.0247 -0.7458 0.0, 1.0247 -0.7458 0.0039, 1.0236 -0.7539 0.0, 1.0236 -0.7539 0.0039, 1.0236 -0.7618 0.0039, 1.0236 -0.7618 0.0, 1.0247 -0.77 0.0, 1.0247 -0.77 0.0039, 1.0278 -0.7776 0.0, 1.0278 -0.7776 0.0039, 1.0328 -0.7841 0.0, 1.0328 -0.7841 0.0039, 1.0394 -0.7891 0.0, 1.0394 -0.7891 0.0039, 1.047 -0.7922 0.0, 1.047 -0.7922 0.0039, 1.0551 -0.7933 0.0, 1.0551 -0.7933 0.0039, 1.1544 -0.7933 0.0039, 1.1544 -0.7933 0.0, 1.1544 -0.7224 0.0039, 1.1544 -0.7224 0.0, 1.185 -0.9193 0.0787, 1.185 -0.872 0.0787, 1.1811 -0.9193 0.0787, 1.1811 -0.872 0.0787, 1.1657 -0.9193 0.0039, 1.1657 -0.9193 0.0, 1.1811 -0.9193 0.0039, 1.185 -0.9193 0.0, 1.1811 -0.872 0.0039, 1.185 -0.872 0.0, 1.1657 -0.872 0.0039, 1.1657 -0.872 0.0, 1.0551 -0.8602 0.0039, 1.0551 -0.8602 0.0, 1.047 -0.8613 0.0, 1.047 -0.8613 0.0039, 1.0394 -0.8645 0.0, 1.0394 -0.8645 0.0039, 1.0328 -0.8695 0.0, 1.0328 -0.8695 0.0039, 1.0278 -0.876 0.0, 1.0278 -0.876 0.0039, 1.0247 -0.8836 0.0, 1.0247 -0.8836 0.0039, 1.0236 -0.8917 0.0, 1.0236 -0.8917 0.0039, 1.0236 -0.8996 0.0039, 1.0236 -0.8996 0.0, 1.0247 -0.9078 0.0, 1.0247 -0.9078 0.0039, 1.0278 -0.9154 0.0, 1.0278 -0.9154 0.0039, 1.0328 -0.9219 0.0, 1.0328 -0.9219 0.0039, 1.0394 -0.9269 0.0, 1.0394 -0.9269 0.0039, 1.047 -0.93 0.0, 1.047 -0.93 0.0039, 1.0551 -0.9311 0.0, 1.0551 -0.9311 0.0039, 1.1544 -0.9311 0.0039, 1.1544 -0.9311 0.0, 1.1544 -0.8602 0.0039, 1.1544 -0.8602 0.0, -0.872 1.185 0.0787, -0.9193 1.185 0.0787, -0.872 1.1811 0.0787, -0.9193 1.1811 0.0787, -0.872 1.1657 0.0039, -0.872 1.1657 0.0, -0.872 1.1811 0.0039, -0.872 1.185 0.0, -0.9193 1.1811 0.0039, -0.9193 1.185 0.0, -0.9193 1.1657 0.0039, -0.9193 1.1657 0.0, -0.9311 1.0551 0.0039, -0.9311 1.0551 0.0, -0.93 1.047 0.0, -0.93 1.047 0.0039, -0.9269 1.0394 0.0, -0.9269 1.0394 0.0039, -0.9219 1.0328 0.0, -0.9219 1.0328 0.0039, -0.9154 1.0278 0.0, -0.9154 1.0278 0.0039, -0.9078 1.0247 0.0, -0.9078 1.0247 0.0039, -0.8996 1.0236 0.0, -0.8996 1.0236 0.0039, -0.8917 1.0236 0.0039, -0.8917 1.0236 0.0, -0.8836 1.0247 0.0, -0.8836 1.0247 0.0039, -0.876 1.0278 0.0, -0.876 1.0278 0.0039, -0.8695 1.0328 0.0, -0.8695 1.0328 0.0039, -0.8645 1.0394 0.0, -0.8645 1.0394 0.0039, -0.8613 1.047 0.0, -0.8613 1.047 0.0039, -0.8602 1.0551 0.0, -0.8602 1.0551 0.0039, -0.8602 1.1544 0.0039, -0.8602 1.1544 0.0, -0.9311 1.1544 0.0039, -0.9311 1.1544 0.0, -0.7343 1.185 0.0787, -0.7815 1.185 0.0787, -0.7343 1.1811 0.0787, -0.7815 1.1811 0.0787, -0.7343 1.1657 0.0039, -0.7343 1.1657 0.0, -0.7343 1.1811 0.0039, -0.7343 1.185 0.0, -0.7815 1.1811 0.0039, -0.7815 1.185 0.0, -0.7815 1.1657 0.0039, -0.7815 1.1657 0.0, -0.7933 1.0551 0.0039, -0.7933 1.0551 0.0, -0.7922 1.047 0.0, -0.7922 1.047 0.0039, -0.7891 1.0394 0.0, -0.7891 1.0394 0.0039, -0.7841 1.0328 0.0, -0.7841 1.0328 0.0039, -0.7776 1.0278 0.0, -0.7776 1.0278 0.0039, -0.77 1.0247 0.0, -0.77 1.0247 0.0039, -0.7618 1.0236 0.0, -0.7618 1.0236 0.0039, -0.7539 1.0236 0.0039, -0.7539 1.0236 0.0, -0.7458 1.0247 0.0, -0.7458 1.0247 0.0039, -0.7382 1.0278 0.0, -0.7382 1.0278 0.0039, -0.7317 1.0328 0.0, -0.7317 1.0328 0.0039, -0.7267 1.0394 0.0, -0.7267 1.0394 0.0039, -0.7235 1.047 0.0, -0.7235 1.047 0.0039, -0.7224 1.0551 0.0, -0.7224 1.0551 0.0039, -0.7224 1.1544 0.0039, -0.7224 1.1544 0.0, -0.7933 1.1544 0.0039, -0.7933 1.1544 0.0, -0.5965 1.185 0.0787, -0.6437 1.185 0.0787, -0.5965 1.1811 0.0787, -0.6437 1.1811 0.0787, -0.5965 1.1657 0.0039, -0.5965 1.1657 0.0, -0.5965 1.1811 0.0039, -0.5965 1.185 0.0, -0.6437 1.1811 0.0039, -0.6437 1.185 0.0, -0.6437 1.1657 0.0039, -0.6437 1.1657 0.0, -0.6555 1.0551 0.0039, -0.6555 1.0551 0.0, -0.6544 1.047 0.0, -0.6544 1.047 0.0039, -0.6513 1.0394 0.0, -0.6513 1.0394 0.0039, -0.6463 1.0328 0.0, -0.6463 1.0328 0.0039, -0.6398 1.0278 0.0, -0.6398 1.0278 0.0039, -0.6322 1.0247 0.0, -0.6322 1.0247 0.0039, -0.624 1.0236 0.0, -0.624 1.0236 0.0039, -0.6161 1.0236 0.0039, -0.6161 1.0236 0.0, -0.608 1.0247 0.0, -0.608 1.0247 0.0039, -0.6004 1.0278 0.0, -0.6004 1.0278 0.0039, -0.5939 1.0328 0.0, -0.5939 1.0328 0.0039, -0.5889 1.0394 0.0, -0.5889 1.0394 0.0039, -0.5857 1.047 0.0, -0.5857 1.047 0.0039, -0.5846 1.0551 0.0, -0.5846 1.0551 0.0039, -0.5846 1.1544 0.0039, -0.5846 1.1544 0.0, -0.6555 1.1544 0.0039, -0.6555 1.1544 0.0, -0.4587 1.185 0.0787, -0.5059 1.185 0.0787, -0.4587 1.1811 0.0787, -0.5059 1.1811 0.0787, -0.4587 1.1657 0.0039, -0.4587 1.1657 0.0, -0.4587 1.1811 0.0039, -0.4587 1.185 0.0, -0.5059 1.1811 0.0039, -0.5059 1.185 0.0, -0.5059 1.1657 0.0039, -0.5059 1.1657 0.0, -0.5085 1.0328 0.0, -0.5135 1.0394 0.0039, -0.5135 1.0394 0.0, -0.5166 1.047 0.0039, -0.5166 1.047 0.0, -0.5177 1.0551 0.0039, -0.5177 1.0551 0.0, -0.502 1.0278 0.0039, -0.5062 1.0311 0.0039, -0.5085 1.0328 0.0039, -0.502 1.0278 0.0, -0.4944 1.0247 0.0, -0.4944 1.0247 0.0039, -0.4862 1.0236 0.0, -0.4862 1.0236 0.0039, -0.4783 1.0236 0.0039, -0.4783 1.0236 0.0, -0.4702 1.0247 0.0, -0.4702 1.0247 0.0039, -0.4626 1.0278 0.0, -0.4626 1.0278 0.0039, -0.4561 1.0328 0.0, -0.4561 1.0328 0.0039, -0.4511 1.0394 0.0, -0.4511 1.0394 0.0039, -0.4479 1.047 0.0, -0.4479 1.047 0.0039, -0.4469 1.0551 0.0, -0.4469 1.0551 0.0039, -0.4469 1.1544 0.0039, -0.4469 1.1544 0.0, -0.5062 1.1654 0.0039, -0.5177 1.1544 0.0, -0.5177 1.1544 0.0039, -0.3209 1.185 0.0787, -0.3681 1.185 0.0787, -0.3209 1.1811 0.0787, -0.3681 1.1811 0.0787, -0.3209 1.1657 0.0039, -0.3209 1.1657 0.0, -0.3209 1.1811 0.0039, -0.3209 1.185 0.0, -0.3681 1.1811 0.0039, -0.3681 1.185 0.0, -0.3681 1.1657 0.0039, -0.3681 1.1657 0.0, -0.3799 1.0551 0.0039, -0.3799 1.0551 0.0, -0.3788 1.047 0.0, -0.3788 1.047 0.0039, -0.3757 1.0394 0.0, -0.3757 1.0394 0.0039, -0.3707 1.0328 0.0, -0.3707 1.0328 0.0039, -0.3642 1.0278 0.0, -0.3642 1.0278 0.0039, -0.3566 1.0247 0.0, -0.3566 1.0247 0.0039, -0.3484 1.0236 0.0, -0.3484 1.0236 0.0039, -0.3406 1.0236 0.0039, -0.3406 1.0236 0.0, -0.3324 1.0247 0.0, -0.3324 1.0247 0.0039, -0.3248 1.0278 0.0, -0.3248 1.0278 0.0039, -0.3183 1.0328 0.0, -0.3183 1.0328 0.0039, -0.3133 1.0394 0.0, -0.3133 1.0394 0.0039, -0.3101 1.047 0.0, -0.3101 1.047 0.0039, -0.3091 1.0551 0.0, -0.3091 1.0551 0.0039, -0.3091 1.1544 0.0039, -0.3091 1.1544 0.0, -0.3799 1.1544 0.0039, -0.3799 1.1544 0.0, -0.1831 1.185 0.0787, -0.2303 1.185 0.0787, -0.1831 1.1811 0.0787, -0.2303 1.1811 0.0787, -0.1831 1.1657 0.0039, -0.1831 1.1657 0.0, -0.1831 1.1811 0.0039, -0.1831 1.185 0.0, -0.2303 1.1811 0.0039, -0.2303 1.185 0.0, -0.2303 1.1657 0.0039, -0.2303 1.1657 0.0, -0.2421 1.0551 0.0039, -0.2421 1.0551 0.0, -0.2411 1.047 0.0, -0.2411 1.047 0.0039, -0.2379 1.0394 0.0, -0.2379 1.0394 0.0039, -0.2329 1.0328 0.0, -0.2329 1.0328 0.0039, -0.2264 1.0278 0.0, -0.2264 1.0278 0.0039, -0.2188 1.0247 0.0, -0.2188 1.0247 0.0039, -0.2106 1.0236 0.0, -0.2106 1.0236 0.0039, -0.2028 1.0236 0.0039, -0.2028 1.0236 0.0, -0.1946 1.0247 0.0, -0.1946 1.0247 0.0039, -0.187 1.0278 0.0, -0.187 1.0278 0.0039, -0.1805 1.0328 0.0, -0.1805 1.0328 0.0039, -0.1755 1.0394 0.0, -0.1755 1.0394 0.0039, -0.1723 1.047 0.0, -0.1723 1.047 0.0039, -0.1713 1.0551 0.0, -0.1713 1.0551 0.0039, -0.1713 1.1544 0.0039, -0.1713 1.1544 0.0, -0.2421 1.1544 0.0039, -0.2421 1.1544 0.0, -0.0453 1.185 0.0787, -0.0925 1.185 0.0787, -0.0453 1.1811 0.0787, -0.0925 1.1811 0.0787, -0.0453 1.1657 0.0039, -0.0453 1.1657 0.0, -0.0453 1.1811 0.0039, -0.0453 1.185 0.0, -0.0925 1.1811 0.0039, -0.0925 1.185 0.0, -0.0925 1.1657 0.0039, -0.0925 1.1657 0.0, -0.1043 1.0551 0.0039, -0.1043 1.0551 0.0, -0.1033 1.047 0.0, -0.1033 1.047 0.0039, -0.1001 1.0394 0.0, -0.1001 1.0394 0.0039, -0.0951 1.0328 0.0, -0.0951 1.0328 0.0039, -0.0886 1.0278 0.0, -0.0886 1.0278 0.0039, -0.081 1.0247 0.0, -0.081 1.0247 0.0039, -0.0728 1.0236 0.0, -0.0728 1.0236 0.0039, -0.065 1.0236 0.0039, -0.065 1.0236 0.0, -0.0568 1.0247 0.0, -0.0568 1.0247 0.0039, -0.0492 1.0278 0.0, -0.0492 1.0278 0.0039, -0.0427 1.0328 0.0, -0.0427 1.0328 0.0039, -0.0377 1.0394 0.0, -0.0377 1.0394 0.0039, -0.0345 1.047 0.0, -0.0345 1.047 0.0039, -0.0335 1.0551 0.0, -0.0335 1.0551 0.0039, -0.0335 1.1544 0.0039, -0.0335 1.1544 0.0, -0.1043 1.1544 0.0039, -0.1043 1.1544 0.0, 0.0925 1.185 0.0787, 0.0453 1.185 0.0787, 0.0925 1.1811 0.0787, 0.0453 1.1811 0.0787, 0.0925 1.1657 0.0039, 0.0925 1.1657 0.0, 0.0925 1.1811 0.0039, 0.0925 1.185 0.0, 0.0453 1.1811 0.0039, 0.0453 1.185 0.0, 0.0453 1.1657 0.0039, 0.0453 1.1657 0.0, 0.0335 1.0551 0.0039, 0.0335 1.0551 0.0, 0.0345 1.047 0.0, 0.0345 1.047 0.0039, 0.0377 1.0394 0.0, 0.0377 1.0394 0.0039, 0.0427 1.0328 0.0, 0.0427 1.0328 0.0039, 0.0492 1.0278 0.0, 0.0492 1.0278 0.0039, 0.0568 1.0247 0.0, 0.0568 1.0247 0.0039, 0.065 1.0236 0.0, 0.065 1.0236 0.0039, 0.0728 1.0236 0.0039, 0.0728 1.0236 0.0, 0.081 1.0247 0.0, 0.081 1.0247 0.0039, 0.0886 1.0278 0.0, 0.0886 1.0278 0.0039, 0.0951 1.0328 0.0, 0.0951 1.0328 0.0039, 0.1001 1.0394 0.0, 0.1001 1.0394 0.0039, 0.1033 1.047 0.0, 0.1033 1.047 0.0039, 0.1043 1.0551 0.0, 0.1043 1.0551 0.0039, 0.1043 1.1544 0.0039, 0.1043 1.1544 0.0, 0.0335 1.1544 0.0039, 0.0335 1.1544 0.0, 0.2303 1.185 0.0787, 0.1831 1.185 0.0787, 0.2303 1.1811 0.0787, 0.1831 1.1811 0.0787, 0.2303 1.1657 0.0039, 0.2303 1.1657 0.0, 0.2303 1.1811 0.0039, 0.2303 1.185 0.0, 0.1831 1.1811 0.0039, 0.1831 1.185 0.0, 0.1831 1.1657 0.0039, 0.1831 1.1657 0.0, 0.1713 1.0551 0.0039, 0.1713 1.0551 0.0, 0.1723 1.047 0.0, 0.1723 1.047 0.0039, 0.1755 1.0394 0.0, 0.1755 1.0394 0.0039, 0.1805 1.0328 0.0, 0.1805 1.0328 0.0039, 0.187 1.0278 0.0, 0.187 1.0278 0.0039, 0.1946 1.0247 0.0, 0.1946 1.0247 0.0039, 0.2028 1.0236 0.0, 0.2028 1.0236 0.0039, 0.2106 1.0236 0.0039, 0.2106 1.0236 0.0, 0.2188 1.0247 0.0, 0.2188 1.0247 0.0039, 0.2264 1.0278 0.0, 0.2264 1.0278 0.0039, 0.2329 1.0328 0.0, 0.2329 1.0328 0.0039, 0.2379 1.0394 0.0, 0.2379 1.0394 0.0039, 0.2411 1.047 0.0, 0.2411 1.047 0.0039, 0.2421 1.0551 0.0, 0.2421 1.0551 0.0039, 0.2421 1.1544 0.0039, 0.2421 1.1544 0.0, 0.1713 1.1544 0.0039, 0.1713 1.1544 0.0, 0.3681 1.185 0.0787, 0.3209 1.185 0.0787, 0.3681 1.1811 0.0787, 0.3209 1.1811 0.0787, 0.3681 1.1657 0.0039, 0.3681 1.1657 0.0, 0.3681 1.1811 0.0039, 0.3681 1.185 0.0, 0.3209 1.1811 0.0039, 0.3209 1.185 0.0, 0.3209 1.1657 0.0039, 0.3209 1.1657 0.0, 0.3091 1.0551 0.0039, 0.3091 1.0551 0.0, 0.3101 1.047 0.0, 0.3101 1.047 0.0039, 0.3133 1.0394 0.0, 0.3133 1.0394 0.0039, 0.3183 1.0328 0.0, 0.3183 1.0328 0.0039, 0.3248 1.0278 0.0, 0.3248 1.0278 0.0039, 0.3324 1.0247 0.0, 0.3324 1.0247 0.0039, 0.3406 1.0236 0.0, 0.3406 1.0236 0.0039, 0.3484 1.0236 0.0039, 0.3484 1.0236 0.0, 0.3566 1.0247 0.0, 0.3566 1.0247 0.0039, 0.3642 1.0278 0.0, 0.3642 1.0278 0.0039, 0.3707 1.0328 0.0, 0.3707 1.0328 0.0039, 0.3757 1.0394 0.0, 0.3757 1.0394 0.0039, 0.3788 1.047 0.0, 0.3788 1.047 0.0039, 0.3799 1.0551 0.0, 0.3799 1.0551 0.0039, 0.3799 1.1544 0.0039, 0.3799 1.1544 0.0, 0.3091 1.1544 0.0039, 0.3091 1.1544 0.0, 0.5059 1.185 0.0787, 0.4587 1.185 0.0787, 0.5059 1.1811 0.0787, 0.4587 1.1811 0.0787, 0.5059 1.1657 0.0039, 0.5059 1.1657 0.0, 0.5059 1.1811 0.0039, 0.5059 1.185 0.0, 0.4587 1.1811 0.0039, 0.4587 1.185 0.0, 0.4587 1.1657 0.0039, 0.4587 1.1657 0.0, 0.4469 1.0551 0.0039, 0.4469 1.0551 0.0, 0.4479 1.047 0.0, 0.4479 1.047 0.0039, 0.4511 1.0394 0.0, 0.4511 1.0394 0.0039, 0.4561 1.0328 0.0, 0.4561 1.0328 0.0039, 0.4626 1.0278 0.0, 0.4626 1.0278 0.0039, 0.4702 1.0247 0.0, 0.4702 1.0247 0.0039, 0.4783 1.0236 0.0, 0.4783 1.0236 0.0039, 0.4862 1.0236 0.0039, 0.4862 1.0236 0.0, 0.4944 1.0247 0.0, 0.4944 1.0247 0.0039, 0.502 1.0278 0.0, 0.502 1.0278 0.0039, 0.5062 1.0311 0.0039, 0.5085 1.0328 0.0, 0.5085 1.0328 0.0039, 0.5135 1.0394 0.0, 0.5135 1.0394 0.0039, 0.5166 1.047 0.0, 0.5166 1.047 0.0039, 0.5177 1.0551 0.0, 0.5177 1.0551 0.0039, 0.5177 1.1544 0.0039, 0.5177 1.1544 0.0, 0.5062 1.1654 0.0039, 0.4469 1.1544 0.0039, 0.4469 1.1544 0.0, 0.6437 1.185 0.0787, 0.5965 1.185 0.0787, 0.6437 1.1811 0.0787, 0.5965 1.1811 0.0787, 0.6437 1.1657 0.0039, 0.6437 1.1657 0.0, 0.6437 1.1811 0.0039, 0.6437 1.185 0.0, 0.5965 1.1811 0.0039, 0.5965 1.185 0.0, 0.5965 1.1657 0.0039, 0.5965 1.1657 0.0, 0.5846 1.0551 0.0039, 0.5846 1.0551 0.0, 0.5857 1.047 0.0, 0.5857 1.047 0.0039, 0.5889 1.0394 0.0, 0.5889 1.0394 0.0039, 0.5939 1.0328 0.0, 0.5939 1.0328 0.0039, 0.6004 1.0278 0.0, 0.6004 1.0278 0.0039, 0.608 1.0247 0.0, 0.608 1.0247 0.0039, 0.6161 1.0236 0.0, 0.6161 1.0236 0.0039, 0.624 1.0236 0.0039, 0.624 1.0236 0.0, 0.6322 1.0247 0.0, 0.6322 1.0247 0.0039, 0.6398 1.0278 0.0, 0.6398 1.0278 0.0039, 0.6463 1.0328 0.0, 0.6463 1.0328 0.0039, 0.6513 1.0394 0.0, 0.6513 1.0394 0.0039, 0.6544 1.047 0.0, 0.6544 1.047 0.0039, 0.6555 1.0551 0.0, 0.6555 1.0551 0.0039, 0.6555 1.1544 0.0039, 0.6555 1.1544 0.0, 0.5846 1.1544 0.0039, 0.5846 1.1544 0.0, 0.7815 1.185 0.0787, 0.7343 1.185 0.0787, 0.7815 1.1811 0.0787, 0.7343 1.1811 0.0787, 0.7815 1.1657 0.0039, 0.7815 1.1657 0.0, 0.7815 1.1811 0.0039, 0.7815 1.185 0.0, 0.7343 1.1811 0.0039, 0.7343 1.185 0.0, 0.7343 1.1657 0.0039, 0.7343 1.1657 0.0, 0.7224 1.0551 0.0039, 0.7224 1.0551 0.0, 0.7235 1.047 0.0, 0.7235 1.047 0.0039, 0.7267 1.0394 0.0, 0.7267 1.0394 0.0039, 0.7317 1.0328 0.0, 0.7317 1.0328 0.0039, 0.7382 1.0278 0.0, 0.7382 1.0278 0.0039, 0.7458 1.0247 0.0, 0.7458 1.0247 0.0039, 0.7539 1.0236 0.0, 0.7539 1.0236 0.0039, 0.7618 1.0236 0.0039, 0.7618 1.0236 0.0, 0.77 1.0247 0.0, 0.77 1.0247 0.0039, 0.7776 1.0278 0.0, 0.7776 1.0278 0.0039, 0.7841 1.0328 0.0, 0.7841 1.0328 0.0039, 0.7891 1.0394 0.0, 0.7891 1.0394 0.0039, 0.7922 1.047 0.0, 0.7922 1.047 0.0039, 0.7933 1.0551 0.0, 0.7933 1.0551 0.0039, 0.7933 1.1544 0.0039, 0.7933 1.1544 0.0, 0.7224 1.1544 0.0039, 0.7224 1.1544 0.0, 0.9193 1.185 0.0787, 0.872 1.185 0.0787, 0.9193 1.1811 0.0787, 0.872 1.1811 0.0787, 0.9193 1.1657 0.0039, 0.9193 1.1657 0.0, 0.9193 1.1811 0.0039, 0.9193 1.185 0.0, 0.872 1.1811 0.0039, 0.872 1.185 0.0, 0.872 1.1657 0.0039, 0.872 1.1657 0.0, 0.8602 1.0551 0.0039, 0.8602 1.0551 0.0, 0.861 1.0481 0.0, 0.861 1.0481 0.0039, 0.8634 1.0415 0.0, 0.8634 1.0415 0.0039, 0.8671 1.0355 0.0, 0.8671 1.0355 0.0039, 0.8721 1.0305 0.0, 0.8721 1.0305 0.0039, 0.8781 1.0267 0.0, 0.8781 1.0267 0.0039, 0.8847 1.0244 0.0, 0.8847 1.0244 0.0039, 0.8917 1.0236 0.0, 0.8917 1.0236 0.0039, 0.8996 1.0236 0.0039, 0.8996 1.0236 0.0, 0.9078 1.0247 0.0, 0.9078 1.0247 0.0039, 0.9154 1.0278 0.0, 0.9154 1.0278 0.0039, 0.9219 1.0328 0.0, 0.9219 1.0328 0.0039, 0.9269 1.0394 0.0, 0.9269 1.0394 0.0039, 0.93 1.047 0.0, 0.93 1.047 0.0039, 0.9311 1.0551 0.0, 0.9311 1.0551 0.0039, 0.9311 1.1544 0.0039, 0.9311 1.1544 0.0, 0.8602 1.1544 0.0039, 0.8602 1.1544 0.0, -1.185 -0.872 0.0787, -1.185 -0.9193 0.0787, -1.1811 -0.872 0.0787, -1.1811 -0.9193 0.0787, -1.1657 -0.872 0.0039, -1.1657 -0.872 0.0, -1.1811 -0.872 0.0039, -1.185 -0.872 0.0, -1.1811 -0.9193 0.0039, -1.185 -0.9193 0.0, -1.1657 -0.9193 0.0039, -1.1657 -0.9193 0.0, -1.0551 -0.9311 0.0039, -1.0551 -0.9311 0.0, -1.047 -0.93 0.0, -1.047 -0.93 0.0039, -1.0394 -0.9269 0.0, -1.0394 -0.9269 0.0039, -1.0328 -0.9219 0.0, -1.0328 -0.9219 0.0039, -1.0278 -0.9154 0.0, -1.0278 -0.9154 0.0039, -1.0247 -0.9078 0.0, -1.0247 -0.9078 0.0039, -1.0236 -0.8996 0.0, -1.0236 -0.8996 0.0039, -1.0236 -0.8917 0.0039, -1.0236 -0.8917 0.0, -1.0247 -0.8836 0.0, -1.0247 -0.8836 0.0039, -1.0278 -0.876 0.0, -1.0278 -0.876 0.0039, -1.0328 -0.8695 0.0, -1.0328 -0.8695 0.0039, -1.0394 -0.8645 0.0, -1.0394 -0.8645 0.0039, -1.047 -0.8613 0.0, -1.047 -0.8613 0.0039, -1.0551 -0.8602 0.0, -1.0551 -0.8602 0.0039, -1.1544 -0.8602 0.0039, -1.1544 -0.8602 0.0, -1.1544 -0.9311 0.0039, -1.1544 -0.9311 0.0, -1.185 -0.7343 0.0787, -1.185 -0.7815 0.0787, -1.1811 -0.7343 0.0787, -1.1811 -0.7815 0.0787, -1.1657 -0.7343 0.0039, -1.1657 -0.7343 0.0, -1.1811 -0.7343 0.0039, -1.185 -0.7343 0.0, -1.1811 -0.7815 0.0039, -1.185 -0.7815 0.0, -1.1657 -0.7815 0.0039, -1.1657 -0.7815 0.0, -1.0551 -0.7933 0.0039, -1.0551 -0.7933 0.0, -1.047 -0.7922 0.0, -1.047 -0.7922 0.0039, -1.0394 -0.7891 0.0, -1.0394 -0.7891 0.0039, -1.0328 -0.7841 0.0, -1.0328 -0.7841 0.0039, -1.0278 -0.7776 0.0, -1.0278 -0.7776 0.0039, -1.0247 -0.77 0.0, -1.0247 -0.77 0.0039, -1.0236 -0.7618 0.0, -1.0236 -0.7618 0.0039, -1.0236 -0.7539 0.0039, -1.0236 -0.7539 0.0, -1.0247 -0.7458 0.0, -1.0247 -0.7458 0.0039, -1.0278 -0.7382 0.0, -1.0278 -0.7382 0.0039, -1.0328 -0.7317 0.0, -1.0328 -0.7317 0.0039, -1.0394 -0.7267 0.0, -1.0394 -0.7267 0.0039, -1.047 -0.7235 0.0, -1.047 -0.7235 0.0039, -1.0551 -0.7224 0.0, -1.0551 -0.7224 0.0039, -1.1544 -0.7224 0.0039, -1.1544 -0.7224 0.0, -1.1544 -0.7933 0.0039, -1.1544 -0.7933 0.0, -1.185 -0.5965 0.0787, -1.185 -0.6437 0.0787, -1.1811 -0.5965 0.0787, -1.1811 -0.6437 0.0787, -1.1657 -0.5965 0.0039, -1.1657 -0.5965 0.0, -1.1811 -0.5965 0.0039, -1.185 -0.5965 0.0, -1.1811 -0.6437 0.0039, -1.185 -0.6437 0.0, -1.1657 -0.6437 0.0039, -1.1657 -0.6437 0.0, -1.0551 -0.6555 0.0039, -1.0551 -0.6555 0.0, -1.047 -0.6544 0.0, -1.047 -0.6544 0.0039, -1.0394 -0.6513 0.0, -1.0394 -0.6513 0.0039, -1.0328 -0.6463 0.0, -1.0328 -0.6463 0.0039, -1.0278 -0.6398 0.0, -1.0278 -0.6398 0.0039, -1.0247 -0.6322 0.0, -1.0247 -0.6322 0.0039, -1.0236 -0.624 0.0, -1.0236 -0.624 0.0039, -1.0236 -0.6161 0.0039, -1.0236 -0.6161 0.0, -1.0247 -0.608 0.0, -1.0247 -0.608 0.0039, -1.0278 -0.6004 0.0, -1.0278 -0.6004 0.0039, -1.0328 -0.5939 0.0, -1.0328 -0.5939 0.0039, -1.0394 -0.5889 0.0, -1.0394 -0.5889 0.0039, -1.047 -0.5857 0.0, -1.047 -0.5857 0.0039, -1.0551 -0.5846 0.0, -1.0551 -0.5846 0.0039, -1.1544 -0.5846 0.0039, -1.1544 -0.5846 0.0, -1.1544 -0.6555 0.0039, -1.1544 -0.6555 0.0, -1.185 -0.4587 0.0787, -1.185 -0.5059 0.0787, -1.1811 -0.4587 0.0787, -1.1811 -0.5059 0.0787, -1.1657 -0.4587 0.0039, -1.1657 -0.4587 0.0, -1.1811 -0.4587 0.0039, -1.185 -0.4587 0.0, -1.1811 -0.5059 0.0039, -1.185 -0.5059 0.0, -1.1657 -0.5059 0.0039, -1.1657 -0.5059 0.0, -1.0328 -0.5085 0.0, -1.0394 -0.5135 0.0039, -1.0394 -0.5135 0.0, -1.047 -0.5166 0.0039, -1.047 -0.5166 0.0, -1.0551 -0.5177 0.0039, -1.0551 -0.5177 0.0, -1.0278 -0.502 0.0039, -1.0311 -0.5062 0.0039, -1.0328 -0.5085 0.0039, -1.0278 -0.502 0.0, -1.0247 -0.4944 0.0, -1.0247 -0.4944 0.0039, -1.0236 -0.4862 0.0, -1.0236 -0.4862 0.0039, -1.0236 -0.4783 0.0039, -1.0236 -0.4783 0.0, -1.0247 -0.4702 0.0, -1.0247 -0.4702 0.0039, -1.0278 -0.4626 0.0, -1.0278 -0.4626 0.0039, -1.0328 -0.4561 0.0, -1.0328 -0.4561 0.0039, -1.0394 -0.4511 0.0, -1.0394 -0.4511 0.0039, -1.047 -0.4479 0.0, -1.047 -0.4479 0.0039, -1.0551 -0.4469 0.0, -1.0551 -0.4469 0.0039, -1.1544 -0.4469 0.0039, -1.1544 -0.4469 0.0, -1.1654 -0.5062 0.0039, -1.1544 -0.5177 0.0, -1.1544 -0.5177 0.0039, -1.185 -0.3209 0.0787, -1.185 -0.3681 0.0787, -1.1811 -0.3209 0.0787, -1.1811 -0.3681 0.0787, -1.1657 -0.3209 0.0039, -1.1657 -0.3209 0.0, -1.1811 -0.3209 0.0039, -1.185 -0.3209 0.0, -1.1811 -0.3681 0.0039, -1.185 -0.3681 0.0, -1.1657 -0.3681 0.0039, -1.1657 -0.3681 0.0, -1.0551 -0.3799 0.0039, -1.0551 -0.3799 0.0, -1.047 -0.3788 0.0, -1.047 -0.3788 0.0039, -1.0394 -0.3757 0.0, -1.0394 -0.3757 0.0039, -1.0328 -0.3707 0.0, -1.0328 -0.3707 0.0039, -1.0278 -0.3642 0.0, -1.0278 -0.3642 0.0039, -1.0247 -0.3566 0.0, -1.0247 -0.3566 0.0039, -1.0236 -0.3484 0.0, -1.0236 -0.3484 0.0039, -1.0236 -0.3406 0.0039, -1.0236 -0.3406 0.0, -1.0247 -0.3324 0.0, -1.0247 -0.3324 0.0039, -1.0278 -0.3248 0.0, -1.0278 -0.3248 0.0039, -1.0328 -0.3183 0.0, -1.0328 -0.3183 0.0039, -1.0394 -0.3133 0.0, -1.0394 -0.3133 0.0039, -1.047 -0.3101 0.0, -1.047 -0.3101 0.0039, -1.0551 -0.3091 0.0, -1.0551 -0.3091 0.0039, -1.1544 -0.3091 0.0039, -1.1544 -0.3091 0.0, -1.1544 -0.3799 0.0039, -1.1544 -0.3799 0.0, -1.185 -0.1831 0.0787, -1.185 -0.2303 0.0787, -1.1811 -0.1831 0.0787, -1.1811 -0.2303 0.0787, -1.1657 -0.1831 0.0039, -1.1657 -0.1831 0.0, -1.1811 -0.1831 0.0039, -1.185 -0.1831 0.0, -1.1811 -0.2303 0.0039, -1.185 -0.2303 0.0, -1.1657 -0.2303 0.0039, -1.1657 -0.2303 0.0, -1.0551 -0.2421 0.0039, -1.0551 -0.2421 0.0, -1.047 -0.2411 0.0, -1.047 -0.2411 0.0039, -1.0394 -0.2379 0.0, -1.0394 -0.2379 0.0039, -1.0328 -0.2329 0.0, -1.0328 -0.2329 0.0039, -1.0278 -0.2264 0.0, -1.0278 -0.2264 0.0039, -1.0247 -0.2188 0.0, -1.0247 -0.2188 0.0039, -1.0236 -0.2106 0.0, -1.0236 -0.2106 0.0039, -1.0236 -0.2028 0.0039, -1.0236 -0.2028 0.0, -1.0247 -0.1946 0.0, -1.0247 -0.1946 0.0039, -1.0278 -0.187 0.0, -1.0278 -0.187 0.0039, -1.0328 -0.1805 0.0, -1.0328 -0.1805 0.0039, -1.0394 -0.1755 0.0, -1.0394 -0.1755 0.0039, -1.047 -0.1723 0.0, -1.047 -0.1723 0.0039, -1.0551 -0.1713 0.0, -1.0551 -0.1713 0.0039, -1.1544 -0.1713 0.0039, -1.1544 -0.1713 0.0, -1.1544 -0.2421 0.0039, -1.1544 -0.2421 0.0, -1.185 -0.0453 0.0787, -1.185 -0.0925 0.0787, -1.1811 -0.0453 0.0787, -1.1811 -0.0925 0.0787, -1.1657 -0.0453 0.0039, -1.1657 -0.0453 0.0, -1.1811 -0.0453 0.0039, -1.185 -0.0453 0.0, -1.1811 -0.0925 0.0039, -1.185 -0.0925 0.0, -1.1657 -0.0925 0.0039, -1.1657 -0.0925 0.0, -1.0551 -0.1043 0.0039, -1.0551 -0.1043 0.0, -1.047 -0.1033 0.0, -1.047 -0.1033 0.0039, -1.0394 -0.1001 0.0, -1.0394 -0.1001 0.0039, -1.0328 -0.0951 0.0, -1.0328 -0.0951 0.0039, -1.0278 -0.0886 0.0, -1.0278 -0.0886 0.0039, -1.0247 -0.081 0.0, -1.0247 -0.081 0.0039, -1.0236 -0.0728 0.0, -1.0236 -0.0728 0.0039, -1.0236 -0.065 0.0039, -1.0236 -0.065 0.0, -1.0247 -0.0568 0.0, -1.0247 -0.0568 0.0039, -1.0278 -0.0492 0.0, -1.0278 -0.0492 0.0039, -1.0328 -0.0427 0.0, -1.0328 -0.0427 0.0039, -1.0394 -0.0377 0.0, -1.0394 -0.0377 0.0039, -1.047 -0.0345 0.0, -1.047 -0.0345 0.0039, -1.0551 -0.0335 0.0, -1.0551 -0.0335 0.0039, -1.1544 -0.0335 0.0039, -1.1544 -0.0335 0.0, -1.1544 -0.1043 0.0039, -1.1544 -0.1043 0.0, -1.185 0.0925 0.0787, -1.185 0.0453 0.0787, -1.1811 0.0925 0.0787, -1.1811 0.0453 0.0787, -1.1657 0.0925 0.0039, -1.1657 0.0925 0.0, -1.1811 0.0925 0.0039, -1.185 0.0925 0.0, -1.1811 0.0453 0.0039, -1.185 0.0453 0.0, -1.1657 0.0453 0.0039, -1.1657 0.0453 0.0, -1.0551 0.0335 0.0039, -1.0551 0.0335 0.0, -1.047 0.0345 0.0, -1.047 0.0345 0.0039, -1.0394 0.0377 0.0, -1.0394 0.0377 0.0039, -1.0328 0.0427 0.0, -1.0328 0.0427 0.0039, -1.0278 0.0492 0.0, -1.0278 0.0492 0.0039, -1.0247 0.0568 0.0, -1.0247 0.0568 0.0039, -1.0236 0.065 0.0, -1.0236 0.065 0.0039, -1.0236 0.0728 0.0039, -1.0236 0.0728 0.0, -1.0247 0.081 0.0, -1.0247 0.081 0.0039, -1.0278 0.0886 0.0, -1.0278 0.0886 0.0039, -1.0328 0.0951 0.0, -1.0328 0.0951 0.0039, -1.0394 0.1001 0.0, -1.0394 0.1001 0.0039, -1.047 0.1033 0.0, -1.047 0.1033 0.0039, -1.0551 0.1043 0.0, -1.0551 0.1043 0.0039, -1.1544 0.1043 0.0039, -1.1544 0.1043 0.0, -1.1544 0.0335 0.0039, -1.1544 0.0335 0.0, -1.185 0.2303 0.0787, -1.185 0.1831 0.0787, -1.1811 0.2303 0.0787, -1.1811 0.1831 0.0787, -1.1657 0.2303 0.0039, -1.1657 0.2303 0.0, -1.1811 0.2303 0.0039, -1.185 0.2303 0.0, -1.1811 0.1831 0.0039, -1.185 0.1831 0.0, -1.1657 0.1831 0.0039, -1.1657 0.1831 0.0, -1.0551 0.1713 0.0039, -1.0551 0.1713 0.0, -1.047 0.1723 0.0, -1.047 0.1723 0.0039, -1.0394 0.1755 0.0, -1.0394 0.1755 0.0039, -1.0328 0.1805 0.0, -1.0328 0.1805 0.0039, -1.0278 0.187 0.0, -1.0278 0.187 0.0039, -1.0247 0.1946 0.0, -1.0247 0.1946 0.0039, -1.0236 0.2028 0.0, -1.0236 0.2028 0.0039, -1.0236 0.2106 0.0039, -1.0236 0.2106 0.0, -1.0247 0.2188 0.0, -1.0247 0.2188 0.0039, -1.0278 0.2264 0.0, -1.0278 0.2264 0.0039, -1.0328 0.2329 0.0, -1.0328 0.2329 0.0039, -1.0394 0.2379 0.0, -1.0394 0.2379 0.0039, -1.047 0.2411 0.0, -1.047 0.2411 0.0039, -1.0551 0.2421 0.0, -1.0551 0.2421 0.0039, -1.1544 0.2421 0.0039, -1.1544 0.2421 0.0, -1.1544 0.1713 0.0039, -1.1544 0.1713 0.0, -1.185 0.3681 0.0787, -1.185 0.3209 0.0787, -1.1811 0.3681 0.0787, -1.1811 0.3209 0.0787, -1.1657 0.3681 0.0039, -1.1657 0.3681 0.0, -1.1811 0.3681 0.0039, -1.185 0.3681 0.0, -1.1811 0.3209 0.0039, -1.185 0.3209 0.0, -1.1657 0.3209 0.0039, -1.1657 0.3209 0.0, -1.0551 0.3091 0.0039, -1.0551 0.3091 0.0, -1.047 0.3101 0.0, -1.047 0.3101 0.0039, -1.0394 0.3133 0.0, -1.0394 0.3133 0.0039, -1.0328 0.3183 0.0, -1.0328 0.3183 0.0039, -1.0278 0.3248 0.0, -1.0278 0.3248 0.0039, -1.0247 0.3324 0.0, -1.0247 0.3324 0.0039, -1.0236 0.3406 0.0, -1.0236 0.3406 0.0039, -1.0236 0.3484 0.0039, -1.0236 0.3484 0.0, -1.0247 0.3566 0.0, -1.0247 0.3566 0.0039, -1.0278 0.3642 0.0, -1.0278 0.3642 0.0039, -1.0328 0.3707 0.0, -1.0328 0.3707 0.0039, -1.0394 0.3757 0.0, -1.0394 0.3757 0.0039, -1.047 0.3788 0.0, -1.047 0.3788 0.0039, -1.0551 0.3799 0.0, -1.0551 0.3799 0.0039, -1.1544 0.3799 0.0039, -1.1544 0.3799 0.0, -1.1544 0.3091 0.0039, -1.1544 0.3091 0.0, -1.185 0.5059 0.0787, -1.185 0.4587 0.0787, -1.1811 0.5059 0.0787, -1.1811 0.4587 0.0787, -1.1657 0.5059 0.0039, -1.1657 0.5059 0.0, -1.1811 0.5059 0.0039, -1.185 0.5059 0.0, -1.1811 0.4587 0.0039, -1.185 0.4587 0.0, -1.1657 0.4587 0.0039, -1.1657 0.4587 0.0, -1.0551 0.4469 0.0039, -1.0551 0.4469 0.0, -1.047 0.4479 0.0, -1.047 0.4479 0.0039, -1.0394 0.4511 0.0, -1.0394 0.4511 0.0039, -1.0328 0.4561 0.0, -1.0328 0.4561 0.0039, -1.0278 0.4626 0.0, -1.0278 0.4626 0.0039, -1.0247 0.4702 0.0, -1.0247 0.4702 0.0039, -1.0236 0.4783 0.0, -1.0236 0.4783 0.0039, -1.0236 0.4862 0.0039, -1.0236 0.4862 0.0, -1.0247 0.4944 0.0, -1.0247 0.4944 0.0039, -1.0278 0.502 0.0, -1.0278 0.502 0.0039, -1.0311 0.5062 0.0039, -1.0328 0.5085 0.0, -1.0328 0.5085 0.0039, -1.0394 0.5135 0.0, -1.0394 0.5135 0.0039, -1.047 0.5166 0.0, -1.047 0.5166 0.0039, -1.0551 0.5177 0.0, -1.0551 0.5177 0.0039, -1.1544 0.5177 0.0039, -1.1544 0.5177 0.0, -1.1654 0.5062 0.0039, -1.1544 0.4469 0.0039, -1.1544 0.4469 0.0, -1.185 0.6437 0.0787, -1.185 0.5965 0.0787, -1.1811 0.6437 0.0787, -1.1811 0.5965 0.0787, -1.1657 0.6437 0.0039, -1.1657 0.6437 0.0, -1.1811 0.6437 0.0039, -1.185 0.6437 0.0, -1.1811 0.5965 0.0039, -1.185 0.5965 0.0, -1.1657 0.5965 0.0039, -1.1657 0.5965 0.0, -1.0551 0.5846 0.0039, -1.0551 0.5846 0.0, -1.047 0.5857 0.0, -1.047 0.5857 0.0039, -1.0394 0.5889 0.0, -1.0394 0.5889 0.0039, -1.0328 0.5939 0.0, -1.0328 0.5939 0.0039, -1.0278 0.6004 0.0, -1.0278 0.6004 0.0039, -1.0247 0.608 0.0, -1.0247 0.608 0.0039, -1.0236 0.6161 0.0, -1.0236 0.6161 0.0039, -1.0236 0.624 0.0039, -1.0236 0.624 0.0, -1.0247 0.6322 0.0, -1.0247 0.6322 0.0039, -1.0278 0.6398 0.0, -1.0278 0.6398 0.0039, -1.0328 0.6463 0.0, -1.0328 0.6463 0.0039, -1.0394 0.6513 0.0, -1.0394 0.6513 0.0039, -1.047 0.6544 0.0, -1.047 0.6544 0.0039, -1.0551 0.6555 0.0, -1.0551 0.6555 0.0039, -1.1544 0.6555 0.0039, -1.1544 0.6555 0.0, -1.1544 0.5846 0.0039, -1.1544 0.5846 0.0, -1.185 0.7815 0.0787, -1.185 0.7343 0.0787, -1.1811 0.7815 0.0787, -1.1811 0.7343 0.0787, -1.1657 0.7815 0.0039, -1.1657 0.7815 0.0, -1.1811 0.7815 0.0039, -1.185 0.7815 0.0, -1.1811 0.7343 0.0039, -1.185 0.7343 0.0, -1.1657 0.7343 0.0039, -1.1657 0.7343 0.0, -1.0551 0.7224 0.0039, -1.0551 0.7224 0.0, -1.047 0.7235 0.0, -1.047 0.7235 0.0039, -1.0394 0.7267 0.0, -1.0394 0.7267 0.0039, -1.0328 0.7317 0.0, -1.0328 0.7317 0.0039, -1.0278 0.7382 0.0, -1.0278 0.7382 0.0039, -1.0247 0.7458 0.0, -1.0247 0.7458 0.0039, -1.0236 0.7539 0.0, -1.0236 0.7539 0.0039, -1.0236 0.7618 0.0039, -1.0236 0.7618 0.0, -1.0247 0.77 0.0, -1.0247 0.77 0.0039, -1.0278 0.7776 0.0, -1.0278 0.7776 0.0039, -1.0328 0.7841 0.0, -1.0328 0.7841 0.0039, -1.0394 0.7891 0.0, -1.0394 0.7891 0.0039, -1.047 0.7922 0.0, -1.047 0.7922 0.0039, -1.0551 0.7933 0.0, -1.0551 0.7933 0.0039, -1.1544 0.7933 0.0039, -1.1544 0.7933 0.0, -1.1544 0.7224 0.0039, -1.1544 0.7224 0.0, -1.185 0.9193 0.0787, -1.185 0.872 0.0787, -1.1811 0.9193 0.0787, -1.1811 0.872 0.0787, -1.1657 0.9193 0.0039, -1.1657 0.9193 0.0, -1.1811 0.9193 0.0039, -1.185 0.9193 0.0, -1.1811 0.872 0.0039, -1.185 0.872 0.0, -1.1657 0.872 0.0039, -1.1657 0.872 0.0, -1.0551 0.8602 0.0039, -1.0551 0.8602 0.0, -1.047 0.8613 0.0, -1.047 0.8613 0.0039, -1.0394 0.8645 0.0, -1.0394 0.8645 0.0039, -1.0328 0.8695 0.0, -1.0328 0.8695 0.0039, -1.0278 0.876 0.0, -1.0278 0.876 0.0039, -1.0247 0.8836 0.0, -1.0247 0.8836 0.0039, -1.0236 0.8917 0.0, -1.0236 0.8917 0.0039, -1.0236 0.8996 0.0039, -1.0236 0.8996 0.0, -1.0247 0.9078 0.0, -1.0247 0.9078 0.0039, -1.0278 0.9154 0.0, -1.0278 0.9154 0.0039, -1.0328 0.9219 0.0, -1.0328 0.9219 0.0039, -1.0394 0.9269 0.0, -1.0394 0.9269 0.0039, -1.047 0.93 0.0, -1.047 0.93 0.0039, -1.0551 0.9311 0.0, -1.0551 0.9311 0.0039, -1.1544 0.9311 0.0039, -1.1544 0.9311 0.0, -1.1544 0.8602 0.0039, -1.1544 0.8602 0.0, 0.872 -1.185 0.0787, 0.9193 -1.185 0.0787, 0.872 -1.1811 0.0787, 0.9193 -1.1811 0.0787, 0.872 -1.1657 0.0039, 0.872 -1.1657 0.0, 0.872 -1.1811 0.0039, 0.872 -1.185 0.0, 0.9193 -1.1811 0.0039, 0.9193 -1.185 0.0, 0.9193 -1.1657 0.0039, 0.9193 -1.1657 0.0, 0.9311 -1.0551 0.0039, 0.9311 -1.0551 0.0, 0.93 -1.047 0.0, 0.93 -1.047 0.0039, 0.9269 -1.0394 0.0, 0.9269 -1.0394 0.0039, 0.9219 -1.0328 0.0, 0.9219 -1.0328 0.0039, 0.9154 -1.0278 0.0, 0.9154 -1.0278 0.0039, 0.9078 -1.0247 0.0, 0.9078 -1.0247 0.0039, 0.8996 -1.0236 0.0, 0.8996 -1.0236 0.0039, 0.8917 -1.0236 0.0039, 0.8917 -1.0236 0.0, 0.8836 -1.0247 0.0, 0.8836 -1.0247 0.0039, 0.876 -1.0278 0.0, 0.876 -1.0278 0.0039, 0.8695 -1.0328 0.0, 0.8695 -1.0328 0.0039, 0.8645 -1.0394 0.0, 0.8645 -1.0394 0.0039, 0.8613 -1.047 0.0, 0.8613 -1.047 0.0039, 0.8602 -1.0551 0.0, 0.8602 -1.0551 0.0039, 0.8602 -1.1544 0.0039, 0.8602 -1.1544 0.0, 0.9311 -1.1544 0.0039, 0.9311 -1.1544 0.0, 0.7343 -1.185 0.0787, 0.7815 -1.185 0.0787, 0.7343 -1.1811 0.0787, 0.7815 -1.1811 0.0787, 0.7343 -1.1657 0.0039, 0.7343 -1.1657 0.0, 0.7343 -1.1811 0.0039, 0.7343 -1.185 0.0, 0.7815 -1.1811 0.0039, 0.7815 -1.185 0.0, 0.7815 -1.1657 0.0039, 0.7815 -1.1657 0.0, 0.7933 -1.0551 0.0039, 0.7933 -1.0551 0.0, 0.7922 -1.047 0.0, 0.7922 -1.047 0.0039, 0.7891 -1.0394 0.0, 0.7891 -1.0394 0.0039, 0.7841 -1.0328 0.0, 0.7841 -1.0328 0.0039, 0.7776 -1.0278 0.0, 0.7776 -1.0278 0.0039, 0.77 -1.0247 0.0, 0.77 -1.0247 0.0039, 0.7618 -1.0236 0.0, 0.7618 -1.0236 0.0039, 0.7539 -1.0236 0.0039, 0.7539 -1.0236 0.0, 0.7458 -1.0247 0.0, 0.7458 -1.0247 0.0039, 0.7382 -1.0278 0.0, 0.7382 -1.0278 0.0039, 0.7317 -1.0328 0.0, 0.7317 -1.0328 0.0039, 0.7267 -1.0394 0.0, 0.7267 -1.0394 0.0039, 0.7235 -1.047 0.0, 0.7235 -1.047 0.0039, 0.7224 -1.0551 0.0, 0.7224 -1.0551 0.0039, 0.7224 -1.1544 0.0039, 0.7224 -1.1544 0.0, 0.7933 -1.1544 0.0039, 0.7933 -1.1544 0.0, 0.5965 -1.185 0.0787, 0.6437 -1.185 0.0787, 0.5965 -1.1811 0.0787, 0.6437 -1.1811 0.0787, 0.5965 -1.1657 0.0039, 0.5965 -1.1657 0.0, 0.5965 -1.1811 0.0039, 0.5965 -1.185 0.0, 0.6437 -1.1811 0.0039, 0.6437 -1.185 0.0, 0.6437 -1.1657 0.0039, 0.6437 -1.1657 0.0, 0.6555 -1.0551 0.0039, 0.6555 -1.0551 0.0, 0.6544 -1.047 0.0, 0.6544 -1.047 0.0039, 0.6513 -1.0394 0.0, 0.6513 -1.0394 0.0039, 0.6463 -1.0328 0.0, 0.6463 -1.0328 0.0039, 0.6398 -1.0278 0.0, 0.6398 -1.0278 0.0039, 0.6322 -1.0247 0.0, 0.6322 -1.0247 0.0039, 0.624 -1.0236 0.0, 0.624 -1.0236 0.0039, 0.6161 -1.0236 0.0039, 0.6161 -1.0236 0.0, 0.608 -1.0247 0.0, 0.608 -1.0247 0.0039, 0.6004 -1.0278 0.0, 0.6004 -1.0278 0.0039, 0.5939 -1.0328 0.0, 0.5939 -1.0328 0.0039, 0.5889 -1.0394 0.0, 0.5889 -1.0394 0.0039, 0.5857 -1.047 0.0, 0.5857 -1.047 0.0039, 0.5846 -1.0551 0.0, 0.5846 -1.0551 0.0039, 0.5846 -1.1544 0.0039, 0.5846 -1.1544 0.0, 0.6555 -1.1544 0.0039, 0.6555 -1.1544 0.0, 0.4587 -1.185 0.0787, 0.5059 -1.185 0.0787, 0.4587 -1.1811 0.0787, 0.5059 -1.1811 0.0787, 0.4587 -1.1657 0.0039, 0.4587 -1.1657 0.0, 0.4587 -1.1811 0.0039, 0.4587 -1.185 0.0, 0.5059 -1.1811 0.0039, 0.5059 -1.185 0.0, 0.5059 -1.1657 0.0039, 0.5059 -1.1657 0.0, 0.5085 -1.0328 0.0, 0.5135 -1.0394 0.0039, 0.5135 -1.0394 0.0, 0.5166 -1.047 0.0039, 0.5166 -1.047 0.0, 0.5177 -1.0551 0.0039, 0.5177 -1.0551 0.0, 0.502 -1.0278 0.0039, 0.5062 -1.0311 0.0039, 0.5085 -1.0328 0.0039, 0.502 -1.0278 0.0, 0.4944 -1.0247 0.0, 0.4944 -1.0247 0.0039, 0.4862 -1.0236 0.0, 0.4862 -1.0236 0.0039, 0.4783 -1.0236 0.0039, 0.4783 -1.0236 0.0, 0.4702 -1.0247 0.0, 0.4702 -1.0247 0.0039, 0.4626 -1.0278 0.0, 0.4626 -1.0278 0.0039, 0.4561 -1.0328 0.0, 0.4561 -1.0328 0.0039, 0.4511 -1.0394 0.0, 0.4511 -1.0394 0.0039, 0.4479 -1.047 0.0, 0.4479 -1.047 0.0039, 0.4469 -1.0551 0.0, 0.4469 -1.0551 0.0039, 0.4469 -1.1544 0.0039, 0.4469 -1.1544 0.0, 0.5062 -1.1654 0.0039, 0.5177 -1.1544 0.0, 0.5177 -1.1544 0.0039, 0.3209 -1.185 0.0787, 0.3681 -1.185 0.0787, 0.3209 -1.1811 0.0787, 0.3681 -1.1811 0.0787, 0.3209 -1.1657 0.0039, 0.3209 -1.1657 0.0, 0.3209 -1.1811 0.0039, 0.3209 -1.185 0.0, 0.3681 -1.1811 0.0039, 0.3681 -1.185 0.0, 0.3681 -1.1657 0.0039, 0.3681 -1.1657 0.0, 0.3799 -1.0551 0.0039, 0.3799 -1.0551 0.0, 0.3788 -1.047 0.0, 0.3788 -1.047 0.0039, 0.3757 -1.0394 0.0, 0.3757 -1.0394 0.0039, 0.3707 -1.0328 0.0, 0.3707 -1.0328 0.0039, 0.3642 -1.0278 0.0, 0.3642 -1.0278 0.0039, 0.3566 -1.0247 0.0, 0.3566 -1.0247 0.0039, 0.3484 -1.0236 0.0, 0.3484 -1.0236 0.0039, 0.3406 -1.0236 0.0039, 0.3406 -1.0236 0.0, 0.3324 -1.0247 0.0, 0.3324 -1.0247 0.0039, 0.3248 -1.0278 0.0, 0.3248 -1.0278 0.0039, 0.3183 -1.0328 0.0, 0.3183 -1.0328 0.0039, 0.3133 -1.0394 0.0, 0.3133 -1.0394 0.0039, 0.3101 -1.047 0.0, 0.3101 -1.047 0.0039, 0.3091 -1.0551 0.0, 0.3091 -1.0551 0.0039, 0.3091 -1.1544 0.0039, 0.3091 -1.1544 0.0, 0.3799 -1.1544 0.0039, 0.3799 -1.1544 0.0, 0.1831 -1.185 0.0787, 0.2303 -1.185 0.0787, 0.1831 -1.1811 0.0787, 0.2303 -1.1811 0.0787, 0.1831 -1.1657 0.0039, 0.1831 -1.1657 0.0, 0.1831 -1.1811 0.0039, 0.1831 -1.185 0.0, 0.2303 -1.1811 0.0039, 0.2303 -1.185 0.0, 0.2303 -1.1657 0.0039, 0.2303 -1.1657 0.0, 0.2421 -1.0551 0.0039, 0.2421 -1.0551 0.0, 0.2411 -1.047 0.0, 0.2411 -1.047 0.0039, 0.2379 -1.0394 0.0, 0.2379 -1.0394 0.0039, 0.2329 -1.0328 0.0, 0.2329 -1.0328 0.0039, 0.2264 -1.0278 0.0, 0.2264 -1.0278 0.0039, 0.2188 -1.0247 0.0, 0.2188 -1.0247 0.0039, 0.2106 -1.0236 0.0, 0.2106 -1.0236 0.0039, 0.2028 -1.0236 0.0039, 0.2028 -1.0236 0.0, 0.1946 -1.0247 0.0, 0.1946 -1.0247 0.0039, 0.187 -1.0278 0.0, 0.187 -1.0278 0.0039, 0.1805 -1.0328 0.0, 0.1805 -1.0328 0.0039, 0.1755 -1.0394 0.0, 0.1755 -1.0394 0.0039, 0.1723 -1.047 0.0, 0.1723 -1.047 0.0039, 0.1713 -1.0551 0.0, 0.1713 -1.0551 0.0039, 0.1713 -1.1544 0.0039, 0.1713 -1.1544 0.0, 0.2421 -1.1544 0.0039, 0.2421 -1.1544 0.0, 0.0453 -1.185 0.0787, 0.0925 -1.185 0.0787, 0.0453 -1.1811 0.0787, 0.0925 -1.1811 0.0787, 0.0453 -1.1657 0.0039, 0.0453 -1.1657 0.0, 0.0453 -1.1811 0.0039, 0.0453 -1.185 0.0, 0.0925 -1.1811 0.0039, 0.0925 -1.185 0.0, 0.0925 -1.1657 0.0039, 0.0925 -1.1657 0.0, 0.1043 -1.0551 0.0039, 0.1043 -1.0551 0.0, 0.1033 -1.047 0.0, 0.1033 -1.047 0.0039, 0.1001 -1.0394 0.0, 0.1001 -1.0394 0.0039, 0.0951 -1.0328 0.0, 0.0951 -1.0328 0.0039, 0.0886 -1.0278 0.0, 0.0886 -1.0278 0.0039, 0.081 -1.0247 0.0, 0.081 -1.0247 0.0039, 0.0728 -1.0236 0.0, 0.0728 -1.0236 0.0039, 0.065 -1.0236 0.0039, 0.065 -1.0236 0.0, 0.0568 -1.0247 0.0, 0.0568 -1.0247 0.0039, 0.0492 -1.0278 0.0, 0.0492 -1.0278 0.0039, 0.0427 -1.0328 0.0, 0.0427 -1.0328 0.0039, 0.0377 -1.0394 0.0, 0.0377 -1.0394 0.0039, 0.0345 -1.047 0.0, 0.0345 -1.047 0.0039, 0.0335 -1.0551 0.0, 0.0335 -1.0551 0.0039, 0.0335 -1.1544 0.0039, 0.0335 -1.1544 0.0, 0.1043 -1.1544 0.0039, 0.1043 -1.1544 0.0, -0.0925 -1.185 0.0787, -0.0453 -1.185 0.0787, -0.0925 -1.1811 0.0787, -0.0453 -1.1811 0.0787, -0.0925 -1.1657 0.0039, -0.0925 -1.1657 0.0, -0.0925 -1.1811 0.0039, -0.0925 -1.185 0.0, -0.0453 -1.1811 0.0039, -0.0453 -1.185 0.0, -0.0453 -1.1657 0.0039, -0.0453 -1.1657 0.0, -0.0335 -1.0551 0.0039, -0.0335 -1.0551 0.0, -0.0345 -1.047 0.0, -0.0345 -1.047 0.0039, -0.0377 -1.0394 0.0, -0.0377 -1.0394 0.0039, -0.0427 -1.0328 0.0, -0.0427 -1.0328 0.0039, -0.0492 -1.0278 0.0, -0.0492 -1.0278 0.0039, -0.0568 -1.0247 0.0, -0.0568 -1.0247 0.0039, -0.065 -1.0236 0.0, -0.065 -1.0236 0.0039, -0.0728 -1.0236 0.0039, -0.0728 -1.0236 0.0, -0.081 -1.0247 0.0, -0.081 -1.0247 0.0039, -0.0886 -1.0278 0.0, -0.0886 -1.0278 0.0039, -0.0951 -1.0328 0.0, -0.0951 -1.0328 0.0039, -0.1001 -1.0394 0.0, -0.1001 -1.0394 0.0039, -0.1033 -1.047 0.0, -0.1033 -1.047 0.0039, -0.1043 -1.0551 0.0, -0.1043 -1.0551 0.0039, -0.1043 -1.1544 0.0039, -0.1043 -1.1544 0.0, -0.0335 -1.1544 0.0039, -0.0335 -1.1544 0.0, -0.2303 -1.185 0.0787, -0.1831 -1.185 0.0787, -0.2303 -1.1811 0.0787, -0.1831 -1.1811 0.0787, -0.2303 -1.1657 0.0039, -0.2303 -1.1657 0.0, -0.2303 -1.1811 0.0039, -0.2303 -1.185 0.0, -0.1831 -1.1811 0.0039, -0.1831 -1.185 0.0, -0.1831 -1.1657 0.0039, -0.1831 -1.1657 0.0, -0.1713 -1.0551 0.0039, -0.1713 -1.0551 0.0, -0.172 -1.0481 0.0, -0.172 -1.0481 0.0039, -0.1744 -1.0415 0.0, -0.1744 -1.0415 0.0039, -0.1781 -1.0355 0.0, -0.1781 -1.0355 0.0039, -0.1831 -1.0305 0.0, -0.1831 -1.0305 0.0039, -0.1891 -1.0267 0.0, -0.1891 -1.0267 0.0039, -0.1957 -1.0244 0.0, -0.1957 -1.0244 0.0039, -0.2028 -1.0236 0.0, -0.2028 -1.0236 0.0039, -0.2106 -1.0236 0.0039, -0.2106 -1.0236 0.0, -0.2188 -1.0247 0.0, -0.2188 -1.0247 0.0039, -0.2264 -1.0278 0.0, -0.2264 -1.0278 0.0039, -0.2329 -1.0328 0.0, -0.2329 -1.0328 0.0039, -0.2379 -1.0394 0.0, -0.2379 -1.0394 0.0039, -0.2411 -1.047 0.0, -0.2411 -1.047 0.0039, -0.2421 -1.0551 0.0, -0.2421 -1.0551 0.0039, -0.2421 -1.1544 0.0039, -0.2421 -1.1544 0.0, -0.1713 -1.1544 0.0039, -0.1713 -1.1544 0.0, -0.3681 -1.185 0.0787, -0.3209 -1.185 0.0787, -0.3681 -1.1811 0.0787, -0.3209 -1.1811 0.0787, -0.3681 -1.1657 0.0039, -0.3681 -1.1657 0.0, -0.3681 -1.1811 0.0039, -0.3681 -1.185 0.0, -0.3209 -1.1811 0.0039, -0.3209 -1.185 0.0, -0.3209 -1.1657 0.0039, -0.3209 -1.1657 0.0, -0.3091 -1.0551 0.0039, -0.3091 -1.0551 0.0, -0.3101 -1.047 0.0, -0.3101 -1.047 0.0039, -0.3133 -1.0394 0.0, -0.3133 -1.0394 0.0039, -0.3183 -1.0328 0.0, -0.3183 -1.0328 0.0039, -0.3248 -1.0278 0.0, -0.3248 -1.0278 0.0039, -0.3324 -1.0247 0.0, -0.3324 -1.0247 0.0039, -0.3406 -1.0236 0.0, -0.3406 -1.0236 0.0039, -0.3484 -1.0236 0.0039, -0.3484 -1.0236 0.0, -0.3566 -1.0247 0.0, -0.3566 -1.0247 0.0039, -0.3642 -1.0278 0.0, -0.3642 -1.0278 0.0039, -0.3707 -1.0328 0.0, -0.3707 -1.0328 0.0039, -0.3757 -1.0394 0.0, -0.3757 -1.0394 0.0039, -0.3788 -1.047 0.0, -0.3788 -1.047 0.0039, -0.3799 -1.0551 0.0, -0.3799 -1.0551 0.0039, -0.3799 -1.1544 0.0039, -0.3799 -1.1544 0.0, -0.3091 -1.1544 0.0039, -0.3091 -1.1544 0.0, -0.5059 -1.185 0.0787, -0.4587 -1.185 0.0787, -0.5059 -1.1811 0.0787, -0.4587 -1.1811 0.0787, -0.5059 -1.1657 0.0039, -0.5059 -1.1657 0.0, -0.5059 -1.1811 0.0039, -0.5059 -1.185 0.0, -0.4587 -1.1811 0.0039, -0.4587 -1.185 0.0, -0.4587 -1.1657 0.0039, -0.4587 -1.1657 0.0, -0.4469 -1.0551 0.0039, -0.4469 -1.0551 0.0, -0.4479 -1.047 0.0, -0.4479 -1.047 0.0039, -0.4511 -1.0394 0.0, -0.4511 -1.0394 0.0039, -0.4561 -1.0328 0.0, -0.4561 -1.0328 0.0039, -0.4626 -1.0278 0.0, -0.4626 -1.0278 0.0039, -0.4702 -1.0247 0.0, -0.4702 -1.0247 0.0039, -0.4783 -1.0236 0.0, -0.4783 -1.0236 0.0039, -0.4862 -1.0236 0.0039, -0.4862 -1.0236 0.0, -0.4944 -1.0247 0.0, -0.4944 -1.0247 0.0039, -0.502 -1.0278 0.0, -0.502 -1.0278 0.0039, -0.5062 -1.0311 0.0039, -0.5085 -1.0328 0.0, -0.5085 -1.0328 0.0039, -0.5135 -1.0394 0.0, -0.5135 -1.0394 0.0039, -0.5166 -1.047 0.0, -0.5166 -1.047 0.0039, -0.5177 -1.0551 0.0, -0.5177 -1.0551 0.0039, -0.5177 -1.1544 0.0039, -0.5177 -1.1544 0.0, -0.5062 -1.1654 0.0039, -0.4469 -1.1544 0.0039, -0.4469 -1.1544 0.0, -0.6437 -1.185 0.0787, -0.5965 -1.185 0.0787, -0.6437 -1.1811 0.0787, -0.5965 -1.1811 0.0787, -0.6437 -1.1657 0.0039, -0.6437 -1.1657 0.0, -0.6437 -1.1811 0.0039, -0.6437 -1.185 0.0, -0.5965 -1.1811 0.0039, -0.5965 -1.185 0.0, -0.5965 -1.1657 0.0039, -0.5965 -1.1657 0.0, -0.5846 -1.0551 0.0039, -0.5846 -1.0551 0.0, -0.5857 -1.047 0.0, -0.5857 -1.047 0.0039, -0.5889 -1.0394 0.0, -0.5889 -1.0394 0.0039, -0.5939 -1.0328 0.0, -0.5939 -1.0328 0.0039, -0.6004 -1.0278 0.0, -0.6004 -1.0278 0.0039, -0.608 -1.0247 0.0, -0.608 -1.0247 0.0039, -0.6161 -1.0236 0.0, -0.6161 -1.0236 0.0039, -0.624 -1.0236 0.0039, -0.624 -1.0236 0.0, -0.6322 -1.0247 0.0, -0.6322 -1.0247 0.0039, -0.6398 -1.0278 0.0, -0.6398 -1.0278 0.0039, -0.6463 -1.0328 0.0, -0.6463 -1.0328 0.0039, -0.6513 -1.0394 0.0, -0.6513 -1.0394 0.0039, -0.6544 -1.047 0.0, -0.6544 -1.047 0.0039, -0.6555 -1.0551 0.0, -0.6555 -1.0551 0.0039, -0.6555 -1.1544 0.0039, -0.6555 -1.1544 0.0, -0.5846 -1.1544 0.0039, -0.5846 -1.1544 0.0, -0.7815 -1.185 0.0787, -0.7343 -1.185 0.0787, -0.7815 -1.1811 0.0787, -0.7343 -1.1811 0.0787, -0.7815 -1.1657 0.0039, -0.7815 -1.1657 0.0, -0.7815 -1.1811 0.0039, -0.7815 -1.185 0.0, -0.7343 -1.1811 0.0039, -0.7343 -1.185 0.0, -0.7343 -1.1657 0.0039, -0.7343 -1.1657 0.0, -0.7224 -1.0551 0.0039, -0.7224 -1.0551 0.0, -0.7235 -1.047 0.0, -0.7235 -1.047 0.0039, -0.7267 -1.0394 0.0, -0.7267 -1.0394 0.0039, -0.7317 -1.0328 0.0, -0.7317 -1.0328 0.0039, -0.7382 -1.0278 0.0, -0.7382 -1.0278 0.0039, -0.7458 -1.0247 0.0, -0.7458 -1.0247 0.0039, -0.7539 -1.0236 0.0, -0.7539 -1.0236 0.0039, -0.7618 -1.0236 0.0039, -0.7618 -1.0236 0.0, -0.77 -1.0247 0.0, -0.77 -1.0247 0.0039, -0.7776 -1.0278 0.0, -0.7776 -1.0278 0.0039, -0.7841 -1.0328 0.0, -0.7841 -1.0328 0.0039, -0.7891 -1.0394 0.0, -0.7891 -1.0394 0.0039, -0.7922 -1.047 0.0, -0.7922 -1.047 0.0039, -0.7933 -1.0551 0.0, -0.7933 -1.0551 0.0039, -0.7933 -1.1544 0.0039, -0.7933 -1.1544 0.0, -0.7224 -1.1544 0.0039, -0.7224 -1.1544 0.0, -0.9193 -1.185 0.0787, -0.872 -1.185 0.0787, -0.9193 -1.1811 0.0787, -0.872 -1.1811 0.0787, -0.9193 -1.1657 0.0039, -0.9193 -1.1657 0.0, -0.9193 -1.1811 0.0039, -0.9193 -1.185 0.0, -0.872 -1.1811 0.0039, -0.872 -1.185 0.0, -0.872 -1.1657 0.0039, -0.872 -1.1657 0.0, -0.8602 -1.0551 0.0039, -0.8602 -1.0551 0.0, -0.8613 -1.047 0.0, -0.8613 -1.047 0.0039, -0.8645 -1.0394 0.0, -0.8645 -1.0394 0.0039, -0.8695 -1.0328 0.0, -0.8695 -1.0328 0.0039, -0.876 -1.0278 0.0, -0.876 -1.0278 0.0039, -0.8836 -1.0247 0.0, -0.8836 -1.0247 0.0039, -0.8917 -1.0236 0.0, -0.8917 -1.0236 0.0039, -0.8996 -1.0236 0.0039, -0.8996 -1.0236 0.0, -0.9078 -1.0247 0.0, -0.9078 -1.0247 0.0039, -0.9154 -1.0278 0.0, -0.9154 -1.0278 0.0039, -0.9219 -1.0328 0.0, -0.9219 -1.0328 0.0039, -0.9269 -1.0394 0.0, -0.9269 -1.0394 0.0039, -0.93 -1.047 0.0, -0.93 -1.047 0.0039, -0.9311 -1.0551 0.0, -0.9311 -1.0551 0.0039, -0.9311 -1.1544 0.0039, -0.9311 -1.1544 0.0, -0.8602 -1.1544 0.0039, -0.8602 -1.1544 0.0, 0.9252 -0.9252 0.0, 0.9252 0.9252 0.0, 0.9252 -0.9252 0.0039, 0.9252 0.9252 0.0039, -0.9252 -0.9252 0.0, -0.9252 -0.9252 0.0039, -0.9252 0.7874 0.0, -0.9252 0.7874 0.0039, -0.7874 0.9252 0.0, -0.7874 0.9252 0.0039
            ]
        }
        coordIndex [
            0,1,2,-1,2,1,3,-1,4,5,6,-1,6,5,7,-1,6,7,2,-1,2,7,0,-1,3,1,8,-1,8,1,9,-1,8,9,10,-1,10,9,11,-1,12,13,14,-1,12,14,15,-1,15,14,16,-1,15,16,17,-1,17,16,18,-1,17,18,19,-1,19,18,20,-1,19,20,21,-1,21,20,22,-1,21,22,23,-1,23,22,24,-1,23,24,25,-1,25,24,26,-1,26,24,27,-1,26,27,28,-1,26,28,29,-1,29,28,30,-1,29,30,31,-1,31,30,32,-1,31,32,33,-1,33,32,34,-1,33,34,35,-1,35,34,36,-1,35,36,37,-1,37,36,38,-1,37,38,39,-1,39,38,40,-1,40,38,41,-1,40,41,4,-1,4,41,5,-1,9,1,7,-1,7,1,0,-1,10,11,42,-1,42,11,43,-1,42,43,12,-1,12,43,13,-1,11,9,7,-1,7,5,11,-1,11,5,41,-1,11,41,43,-1,43,41,38,-1,43,38,13,-1,38,36,13,-1,13,36,34,-1,13,34,32,-1,32,30,13,-1,13,30,28,-1,13,28,27,-1,27,24,13,-1,13,24,22,-1,13,22,20,-1,20,18,13,-1,13,18,16,-1,13,16,14,-1,44,45,46,-1,46,45,47,-1,48,49,50,-1,50,49,51,-1,50,51,46,-1,46,51,44,-1,47,45,52,-1,52,45,53,-1,52,53,54,-1,54,53,55,-1,56,57,58,-1,56,58,59,-1,59,58,60,-1,59,60,61,-1,61,60,62,-1,61,62,63,-1,63,62,64,-1,63,64,65,-1,65,64,66,-1,65,66,67,-1,67,66,68,-1,67,68,69,-1,69,68,70,-1,70,68,71,-1,70,71,72,-1,70,72,73,-1,73,72,74,-1,73,74,75,-1,75,74,76,-1,75,76,77,-1,77,76,78,-1,77,78,79,-1,79,78,80,-1,79,80,81,-1,81,80,82,-1,81,82,83,-1,83,82,84,-1,84,82,85,-1,84,85,48,-1,48,85,49,-1,53,45,51,-1,51,45,44,-1,54,55,86,-1,86,55,87,-1,86,87,56,-1,56,87,57,-1,55,53,51,-1,51,49,55,-1,55,49,85,-1,55,85,87,-1,87,85,82,-1,87,82,57,-1,57,71,68,-1,82,80,57,-1,57,80,78,-1,57,78,76,-1,64,62,60,-1,68,66,57,-1,57,66,64,-1,57,64,58,-1,58,64,60,-1,76,74,57,-1,57,74,72,-1,57,72,71,-1,88,89,90,-1,90,89,91,-1,92,93,94,-1,94,93,95,-1,94,95,90,-1,90,95,88,-1,91,89,96,-1,96,89,97,-1,96,97,98,-1,98,97,99,-1,100,101,102,-1,100,102,103,-1,103,102,104,-1,103,104,105,-1,105,104,106,-1,105,106,107,-1,107,106,108,-1,107,108,109,-1,109,108,110,-1,109,110,111,-1,111,110,112,-1,111,112,113,-1,113,112,114,-1,114,112,115,-1,114,115,116,-1,114,116,117,-1,117,116,118,-1,117,118,119,-1,119,118,120,-1,119,120,121,-1,121,120,122,-1,121,122,123,-1,123,122,124,-1,123,124,125,-1,125,124,126,-1,125,126,127,-1,127,126,128,-1,128,126,129,-1,128,129,92,-1,92,129,93,-1,97,89,95,-1,95,89,88,-1,98,99,130,-1,130,99,131,-1,130,131,100,-1,100,131,101,-1,99,97,95,-1,95,93,99,-1,99,93,129,-1,99,129,131,-1,131,129,126,-1,131,126,101,-1,101,115,112,-1,126,124,101,-1,101,124,122,-1,101,122,120,-1,108,106,104,-1,112,110,101,-1,101,110,108,-1,101,108,102,-1,102,108,104,-1,120,118,101,-1,101,118,116,-1,101,116,115,-1,132,133,134,-1,134,133,135,-1,136,137,138,-1,138,137,139,-1,138,139,134,-1,134,139,132,-1,135,133,140,-1,140,133,141,-1,140,141,142,-1,142,141,143,-1,144,145,146,-1,144,146,147,-1,147,146,148,-1,147,148,149,-1,149,148,150,-1,149,150,151,-1,151,150,152,-1,151,152,153,-1,153,152,154,-1,153,154,155,-1,155,154,156,-1,155,156,157,-1,157,156,158,-1,158,156,159,-1,158,159,160,-1,158,160,161,-1,161,160,162,-1,161,162,163,-1,163,162,164,-1,163,164,165,-1,165,164,166,-1,165,166,167,-1,167,166,168,-1,167,168,169,-1,169,168,170,-1,169,170,171,-1,171,170,172,-1,172,170,173,-1,172,173,136,-1,136,173,137,-1,141,133,139,-1,139,133,132,-1,142,143,174,-1,174,143,175,-1,174,175,144,-1,144,175,145,-1,143,141,139,-1,139,137,143,-1,143,137,173,-1,143,173,175,-1,175,173,170,-1,175,170,145,-1,145,159,156,-1,170,168,145,-1,145,168,166,-1,145,166,164,-1,152,150,148,-1,156,154,145,-1,145,154,152,-1,145,152,146,-1,146,152,148,-1,164,162,145,-1,145,162,160,-1,145,160,159,-1,176,177,178,-1,178,177,179,-1,180,181,182,-1,182,181,183,-1,182,183,178,-1,178,183,176,-1,179,177,184,-1,184,177,185,-1,184,185,186,-1,186,185,187,-1,188,189,190,-1,188,190,191,-1,191,190,192,-1,191,192,193,-1,193,192,194,-1,193,194,195,-1,195,194,196,-1,195,196,197,-1,197,196,198,-1,197,198,199,-1,199,198,200,-1,199,200,201,-1,201,200,202,-1,202,200,203,-1,202,203,204,-1,202,204,205,-1,205,204,206,-1,205,206,207,-1,207,206,208,-1,207,208,209,-1,209,208,210,-1,209,210,211,-1,211,210,212,-1,211,212,213,-1,213,212,214,-1,213,214,215,-1,215,214,216,-1,216,214,217,-1,216,217,180,-1,180,217,181,-1,185,177,183,-1,183,177,176,-1,186,187,218,-1,218,187,219,-1,218,219,188,-1,188,219,189,-1,187,185,183,-1,210,208,189,-1,183,181,187,-1,187,181,217,-1,187,217,219,-1,219,217,214,-1,219,214,189,-1,189,214,212,-1,189,212,210,-1,208,206,189,-1,189,206,204,-1,189,204,203,-1,203,200,189,-1,189,200,198,-1,189,198,196,-1,196,194,189,-1,189,194,192,-1,189,192,190,-1,220,221,222,-1,222,221,223,-1,224,225,226,-1,226,225,227,-1,226,227,222,-1,222,227,220,-1,223,221,228,-1,228,221,229,-1,228,229,230,-1,230,229,231,-1,232,233,234,-1,232,234,235,-1,235,234,236,-1,235,236,237,-1,237,236,238,-1,237,238,239,-1,239,238,240,-1,239,240,241,-1,241,240,242,-1,241,242,243,-1,243,242,244,-1,243,244,245,-1,245,244,246,-1,246,244,247,-1,246,247,248,-1,246,248,249,-1,249,248,250,-1,249,250,251,-1,251,250,252,-1,251,252,253,-1,253,252,254,-1,253,254,255,-1,255,254,256,-1,255,256,257,-1,257,256,258,-1,257,258,259,-1,259,258,260,-1,260,258,261,-1,260,261,224,-1,224,261,225,-1,229,221,227,-1,227,221,220,-1,230,231,262,-1,262,231,263,-1,262,263,232,-1,232,263,233,-1,233,263,231,-1,250,248,247,-1,229,227,231,-1,231,227,225,-1,261,258,247,-1,247,258,256,-1,242,240,233,-1,256,254,247,-1,247,254,252,-1,247,252,250,-1,225,261,231,-1,231,261,247,-1,231,247,233,-1,233,247,244,-1,233,244,242,-1,240,238,233,-1,233,238,236,-1,233,236,234,-1,264,265,266,-1,266,265,267,-1,268,269,270,-1,270,269,271,-1,270,271,266,-1,266,271,264,-1,267,265,272,-1,272,265,273,-1,272,273,274,-1,274,273,275,-1,276,277,278,-1,276,278,279,-1,279,278,280,-1,279,280,281,-1,281,280,282,-1,281,282,283,-1,283,282,284,-1,283,284,285,-1,285,284,286,-1,285,286,287,-1,287,286,288,-1,287,288,289,-1,289,288,290,-1,290,288,291,-1,290,291,292,-1,290,292,293,-1,293,292,294,-1,293,294,295,-1,295,294,296,-1,295,296,297,-1,297,296,298,-1,297,298,299,-1,299,298,300,-1,299,300,301,-1,301,300,302,-1,301,302,303,-1,303,302,304,-1,304,302,305,-1,304,305,268,-1,268,305,269,-1,273,265,271,-1,271,265,264,-1,274,275,306,-1,306,275,307,-1,306,307,276,-1,276,307,277,-1,277,307,275,-1,294,292,291,-1,273,271,275,-1,275,271,269,-1,305,302,291,-1,291,302,300,-1,286,284,277,-1,300,298,291,-1,291,298,296,-1,291,296,294,-1,269,305,275,-1,275,305,291,-1,275,291,277,-1,277,291,288,-1,277,288,286,-1,284,282,277,-1,277,282,280,-1,277,280,278,-1,308,309,310,-1,310,309,311,-1,312,313,314,-1,314,313,315,-1,314,315,310,-1,310,315,308,-1,311,309,316,-1,316,309,317,-1,316,317,318,-1,318,317,319,-1,320,321,322,-1,320,322,323,-1,323,322,324,-1,323,324,325,-1,325,324,326,-1,325,326,327,-1,327,326,328,-1,327,328,329,-1,329,328,330,-1,329,330,331,-1,331,330,332,-1,331,332,333,-1,333,332,334,-1,334,332,335,-1,334,335,336,-1,334,336,337,-1,337,336,338,-1,337,338,339,-1,339,338,340,-1,339,340,341,-1,341,340,342,-1,341,342,343,-1,343,342,344,-1,343,344,345,-1,345,344,346,-1,345,346,347,-1,347,346,348,-1,348,346,349,-1,348,349,312,-1,312,349,313,-1,317,309,315,-1,315,309,308,-1,318,319,350,-1,350,319,351,-1,350,351,320,-1,320,351,321,-1,321,351,319,-1,317,315,319,-1,319,315,313,-1,349,346,335,-1,336,335,338,-1,338,335,340,-1,330,328,321,-1,346,344,335,-1,335,344,342,-1,335,342,340,-1,313,349,319,-1,319,349,335,-1,319,335,321,-1,321,335,332,-1,321,332,330,-1,328,326,321,-1,321,326,324,-1,321,324,322,-1,352,353,354,-1,354,353,355,-1,356,357,358,-1,358,357,359,-1,358,359,354,-1,354,359,352,-1,355,353,360,-1,360,353,361,-1,360,361,362,-1,362,361,363,-1,364,365,366,-1,364,366,367,-1,367,366,368,-1,367,368,369,-1,369,368,370,-1,369,370,371,-1,371,370,372,-1,371,372,373,-1,373,372,374,-1,373,374,375,-1,375,374,376,-1,375,376,377,-1,377,376,378,-1,378,376,379,-1,378,379,380,-1,378,380,381,-1,381,380,382,-1,381,382,383,-1,383,382,384,-1,383,384,385,-1,385,384,386,-1,385,386,387,-1,387,386,388,-1,387,388,389,-1,389,388,390,-1,389,390,391,-1,391,390,392,-1,392,390,393,-1,392,393,356,-1,356,393,357,-1,361,353,359,-1,359,353,352,-1,362,363,394,-1,394,363,395,-1,394,395,364,-1,364,395,365,-1,365,395,363,-1,382,380,379,-1,361,359,363,-1,363,359,357,-1,393,390,379,-1,379,390,388,-1,374,372,365,-1,388,386,379,-1,379,386,384,-1,379,384,382,-1,357,393,363,-1,363,393,379,-1,363,379,365,-1,365,379,376,-1,365,376,374,-1,372,370,365,-1,365,370,368,-1,365,368,366,-1,396,397,398,-1,398,397,399,-1,400,401,402,-1,402,401,403,-1,402,403,398,-1,398,403,396,-1,399,397,404,-1,404,397,405,-1,404,405,406,-1,406,405,407,-1,408,409,410,-1,408,410,411,-1,411,410,412,-1,411,412,413,-1,413,412,414,-1,413,414,415,-1,415,414,416,-1,415,416,417,-1,417,416,418,-1,417,418,419,-1,419,418,420,-1,419,420,421,-1,421,420,422,-1,422,420,423,-1,422,423,424,-1,422,424,425,-1,425,424,426,-1,425,426,427,-1,427,426,428,-1,427,428,429,-1,429,428,430,-1,429,430,431,-1,431,430,432,-1,431,432,433,-1,433,432,434,-1,433,434,435,-1,435,434,436,-1,436,434,437,-1,436,437,400,-1,400,437,401,-1,405,397,403,-1,403,397,396,-1,406,407,438,-1,438,407,439,-1,438,439,408,-1,408,439,409,-1,409,439,407,-1,426,424,423,-1,405,403,407,-1,407,403,401,-1,437,434,423,-1,423,434,432,-1,418,416,409,-1,432,430,423,-1,423,430,428,-1,423,428,426,-1,401,437,407,-1,407,437,423,-1,407,423,409,-1,409,423,420,-1,409,420,418,-1,416,414,409,-1,409,414,412,-1,409,412,410,-1,440,441,442,-1,442,441,443,-1,444,445,446,-1,446,445,447,-1,446,447,442,-1,442,447,440,-1,443,441,448,-1,448,441,449,-1,448,449,450,-1,450,449,451,-1,452,453,454,-1,452,454,455,-1,455,454,456,-1,455,456,457,-1,457,456,458,-1,457,458,459,-1,459,458,460,-1,459,460,461,-1,461,460,462,-1,461,462,463,-1,463,462,464,-1,463,464,465,-1,465,464,466,-1,466,464,467,-1,466,467,468,-1,466,468,469,-1,469,468,470,-1,469,470,471,-1,471,470,472,-1,471,472,473,-1,473,472,474,-1,473,474,475,-1,475,474,476,-1,475,476,477,-1,477,476,478,-1,477,478,479,-1,479,478,480,-1,480,478,481,-1,480,481,444,-1,444,481,445,-1,449,441,447,-1,447,441,440,-1,450,451,482,-1,482,451,483,-1,482,483,452,-1,452,483,453,-1,453,483,451,-1,449,447,451,-1,451,447,445,-1,464,453,467,-1,467,453,451,-1,467,451,481,-1,481,451,445,-1,481,478,467,-1,467,478,476,-1,467,476,474,-1,460,458,456,-1,474,472,467,-1,467,472,470,-1,467,470,468,-1,464,462,453,-1,453,462,460,-1,453,460,454,-1,454,460,456,-1,484,485,486,-1,486,485,487,-1,488,489,490,-1,490,489,491,-1,490,491,486,-1,486,491,484,-1,487,485,492,-1,492,485,493,-1,492,493,494,-1,494,493,495,-1,496,497,498,-1,496,498,499,-1,499,498,500,-1,499,500,501,-1,501,500,502,-1,501,502,503,-1,503,502,504,-1,503,504,505,-1,505,504,506,-1,505,506,507,-1,507,506,508,-1,507,508,509,-1,509,508,510,-1,510,508,511,-1,510,511,512,-1,510,512,513,-1,513,512,514,-1,513,514,515,-1,515,514,516,-1,515,516,517,-1,517,516,518,-1,517,518,519,-1,519,518,520,-1,519,520,521,-1,521,520,522,-1,521,522,523,-1,523,522,524,-1,524,522,525,-1,524,525,488,-1,488,525,489,-1,493,485,491,-1,491,485,484,-1,494,495,526,-1,526,495,527,-1,526,527,496,-1,496,527,497,-1,497,527,495,-1,493,491,495,-1,495,491,489,-1,508,497,511,-1,511,497,495,-1,511,495,525,-1,525,495,489,-1,525,522,511,-1,511,522,520,-1,511,520,518,-1,504,502,500,-1,518,516,511,-1,511,516,514,-1,511,514,512,-1,508,506,497,-1,497,506,504,-1,497,504,498,-1,498,504,500,-1,528,529,530,-1,530,529,531,-1,532,533,534,-1,534,533,535,-1,534,535,530,-1,530,535,528,-1,531,529,536,-1,536,529,537,-1,536,537,538,-1,538,537,539,-1,540,541,542,-1,540,542,543,-1,543,542,544,-1,543,544,545,-1,545,544,546,-1,545,546,547,-1,547,546,548,-1,547,548,549,-1,549,548,550,-1,549,550,551,-1,551,550,552,-1,551,552,553,-1,553,552,554,-1,554,552,555,-1,554,555,556,-1,554,556,557,-1,557,556,558,-1,557,558,559,-1,559,558,560,-1,559,560,561,-1,561,560,562,-1,561,562,563,-1,563,562,564,-1,563,564,565,-1,565,564,566,-1,565,566,567,-1,567,566,568,-1,568,566,569,-1,568,569,532,-1,532,569,533,-1,537,529,535,-1,535,529,528,-1,538,539,570,-1,570,539,571,-1,570,571,540,-1,540,571,541,-1,539,537,535,-1,564,562,555,-1,571,539,541,-1,541,539,555,-1,541,555,552,-1,535,533,539,-1,539,533,569,-1,539,569,555,-1,555,569,566,-1,555,566,564,-1,562,560,555,-1,555,560,558,-1,555,558,556,-1,548,546,544,-1,552,550,541,-1,541,550,548,-1,541,548,542,-1,542,548,544,-1,572,573,574,-1,574,573,575,-1,576,577,578,-1,578,577,579,-1,578,579,574,-1,574,579,572,-1,575,573,580,-1,580,573,581,-1,580,581,582,-1,582,581,583,-1,584,585,586,-1,584,586,587,-1,587,586,588,-1,587,588,589,-1,589,588,590,-1,589,590,591,-1,591,590,592,-1,591,592,593,-1,593,592,594,-1,593,594,595,-1,595,594,596,-1,595,596,597,-1,597,596,598,-1,598,596,599,-1,598,599,600,-1,598,600,601,-1,601,600,602,-1,601,602,603,-1,603,602,604,-1,603,604,605,-1,605,604,606,-1,605,606,607,-1,607,606,608,-1,607,608,609,-1,609,608,610,-1,609,610,611,-1,611,610,612,-1,612,610,613,-1,612,613,576,-1,576,613,577,-1,581,573,579,-1,579,573,572,-1,582,583,614,-1,614,583,615,-1,614,615,584,-1,584,615,585,-1,583,581,579,-1,579,577,583,-1,583,577,613,-1,583,613,615,-1,615,613,610,-1,615,610,585,-1,610,608,585,-1,585,608,606,-1,585,606,604,-1,604,602,585,-1,585,602,600,-1,585,600,599,-1,599,596,585,-1,585,596,594,-1,585,594,592,-1,592,590,585,-1,585,590,588,-1,585,588,586,-1,616,617,618,-1,618,617,619,-1,620,621,622,-1,622,621,623,-1,622,623,618,-1,618,623,616,-1,619,617,624,-1,624,617,625,-1,624,625,626,-1,626,625,627,-1,628,629,630,-1,628,630,631,-1,631,630,632,-1,631,632,633,-1,633,632,634,-1,633,634,635,-1,635,634,636,-1,635,636,637,-1,637,636,638,-1,637,638,639,-1,639,638,640,-1,639,640,641,-1,641,640,642,-1,642,640,643,-1,642,643,644,-1,642,644,645,-1,645,644,646,-1,645,646,647,-1,647,646,648,-1,647,648,649,-1,649,648,650,-1,649,650,651,-1,651,650,652,-1,651,652,653,-1,653,652,654,-1,653,654,655,-1,655,654,656,-1,656,654,657,-1,656,657,620,-1,620,657,621,-1,625,617,623,-1,623,617,616,-1,626,627,658,-1,658,627,659,-1,658,659,628,-1,628,659,629,-1,627,625,623,-1,623,621,627,-1,627,621,657,-1,627,657,659,-1,659,657,654,-1,659,654,629,-1,652,644,654,-1,654,644,643,-1,654,643,640,-1,652,650,644,-1,644,650,648,-1,644,648,646,-1,640,638,654,-1,654,638,636,-1,654,636,634,-1,634,632,654,-1,654,632,630,-1,654,630,629,-1,660,661,662,-1,662,661,663,-1,664,665,666,-1,666,665,667,-1,666,667,662,-1,662,667,660,-1,663,661,668,-1,668,661,669,-1,668,669,670,-1,670,669,671,-1,672,673,674,-1,672,674,675,-1,675,674,676,-1,675,676,677,-1,677,676,678,-1,677,678,679,-1,679,678,680,-1,679,680,681,-1,681,680,682,-1,681,682,683,-1,683,682,684,-1,683,684,685,-1,685,684,686,-1,686,684,687,-1,686,687,688,-1,686,688,689,-1,689,688,690,-1,689,690,691,-1,691,690,692,-1,691,692,693,-1,693,692,694,-1,693,694,695,-1,695,694,696,-1,695,696,697,-1,697,696,698,-1,697,698,699,-1,699,698,700,-1,700,698,701,-1,700,701,664,-1,664,701,665,-1,669,661,667,-1,667,661,660,-1,670,671,702,-1,702,671,703,-1,702,703,672,-1,672,703,673,-1,669,667,671,-1,671,667,665,-1,671,665,703,-1,687,665,701,-1,703,665,673,-1,673,665,687,-1,673,687,684,-1,701,698,687,-1,687,698,696,-1,687,696,694,-1,680,678,676,-1,694,692,687,-1,687,692,690,-1,687,690,688,-1,684,682,673,-1,673,682,680,-1,673,680,674,-1,674,680,676,-1,704,705,706,-1,706,705,707,-1,708,709,710,-1,710,709,711,-1,710,711,706,-1,706,711,704,-1,707,705,712,-1,712,705,713,-1,712,713,714,-1,714,713,715,-1,716,717,718,-1,716,718,719,-1,719,718,720,-1,719,720,721,-1,721,720,722,-1,721,722,723,-1,723,722,724,-1,723,724,725,-1,725,724,726,-1,725,726,727,-1,727,726,728,-1,727,728,729,-1,729,728,730,-1,730,728,731,-1,730,731,732,-1,730,732,733,-1,733,732,734,-1,733,734,735,-1,735,734,736,-1,735,736,737,-1,737,736,738,-1,737,738,739,-1,739,738,740,-1,739,740,741,-1,741,740,742,-1,741,742,743,-1,743,742,744,-1,744,742,745,-1,744,745,708,-1,708,745,709,-1,713,705,711,-1,711,705,704,-1,714,715,746,-1,746,715,747,-1,746,747,716,-1,716,747,717,-1,732,731,742,-1,742,731,728,-1,742,728,726,-1,740,738,736,-1,726,724,742,-1,742,724,722,-1,742,722,720,-1,713,711,715,-1,715,711,709,-1,715,709,747,-1,747,709,745,-1,747,745,717,-1,717,745,742,-1,717,742,718,-1,718,742,720,-1,740,736,742,-1,742,736,734,-1,742,734,732,-1,748,749,750,-1,750,749,751,-1,752,753,754,-1,754,753,755,-1,754,755,750,-1,750,755,748,-1,751,749,756,-1,756,749,757,-1,756,757,758,-1,758,757,759,-1,760,761,762,-1,762,761,763,-1,762,763,764,-1,764,763,765,-1,764,765,766,-1,767,768,760,-1,760,768,769,-1,760,769,761,-1,760,770,767,-1,767,770,771,-1,767,771,772,-1,772,771,773,-1,772,773,774,-1,774,773,775,-1,775,773,776,-1,775,776,777,-1,775,777,778,-1,778,777,779,-1,778,779,780,-1,780,779,781,-1,780,781,782,-1,782,781,783,-1,782,783,784,-1,784,783,785,-1,784,785,786,-1,786,785,787,-1,786,787,788,-1,788,787,789,-1,789,787,790,-1,789,790,752,-1,752,790,753,-1,757,749,755,-1,755,749,748,-1,758,759,791,-1,791,759,792,-1,791,792,793,-1,793,792,765,-1,765,792,766,-1,777,776,787,-1,787,776,773,-1,787,773,771,-1,785,783,781,-1,771,770,787,-1,787,770,760,-1,787,760,762,-1,757,755,759,-1,759,755,753,-1,759,753,792,-1,792,753,790,-1,792,790,766,-1,766,790,787,-1,766,787,764,-1,764,787,762,-1,785,781,787,-1,787,781,779,-1,787,779,777,-1,794,795,796,-1,796,795,797,-1,798,799,800,-1,800,799,801,-1,800,801,796,-1,796,801,794,-1,797,795,802,-1,802,795,803,-1,802,803,804,-1,804,803,805,-1,806,807,808,-1,806,808,809,-1,809,808,810,-1,809,810,811,-1,811,810,812,-1,811,812,813,-1,813,812,814,-1,813,814,815,-1,815,814,816,-1,815,816,817,-1,817,816,818,-1,817,818,819,-1,819,818,820,-1,820,818,821,-1,820,821,822,-1,820,822,823,-1,823,822,824,-1,823,824,825,-1,825,824,826,-1,825,826,827,-1,827,826,828,-1,827,828,829,-1,829,828,830,-1,829,830,831,-1,831,830,832,-1,831,832,833,-1,833,832,834,-1,834,832,835,-1,834,835,798,-1,798,835,799,-1,803,795,801,-1,801,795,794,-1,804,805,836,-1,836,805,837,-1,836,837,806,-1,806,837,807,-1,832,807,835,-1,835,807,837,-1,835,837,799,-1,799,837,805,-1,799,805,801,-1,801,805,803,-1,832,830,807,-1,807,830,828,-1,807,828,826,-1,826,824,807,-1,807,824,822,-1,807,822,821,-1,821,818,807,-1,807,818,816,-1,807,816,814,-1,814,812,807,-1,807,812,810,-1,807,810,808,-1,838,839,840,-1,840,839,841,-1,842,843,844,-1,844,843,845,-1,844,845,840,-1,840,845,838,-1,841,839,846,-1,846,839,847,-1,846,847,848,-1,848,847,849,-1,850,851,852,-1,850,852,853,-1,853,852,854,-1,853,854,855,-1,855,854,856,-1,855,856,857,-1,857,856,858,-1,857,858,859,-1,859,858,860,-1,859,860,861,-1,861,860,862,-1,861,862,863,-1,863,862,864,-1,864,862,865,-1,864,865,866,-1,864,866,867,-1,867,866,868,-1,867,868,869,-1,869,868,870,-1,869,870,871,-1,871,870,872,-1,871,872,873,-1,873,872,874,-1,873,874,875,-1,875,874,876,-1,875,876,877,-1,877,876,878,-1,878,876,879,-1,878,879,842,-1,842,879,843,-1,847,839,845,-1,845,839,838,-1,848,849,880,-1,880,849,881,-1,880,881,850,-1,850,881,851,-1,851,881,849,-1,847,845,849,-1,849,845,843,-1,879,876,865,-1,865,876,874,-1,865,874,872,-1,860,858,851,-1,872,870,865,-1,865,870,868,-1,865,868,866,-1,843,879,849,-1,849,879,865,-1,849,865,851,-1,851,865,862,-1,851,862,860,-1,858,856,851,-1,851,856,854,-1,851,854,852,-1,882,883,884,-1,884,883,885,-1,886,887,888,-1,888,887,889,-1,888,889,884,-1,884,889,882,-1,885,883,890,-1,890,883,891,-1,890,891,892,-1,892,891,893,-1,894,895,896,-1,894,896,897,-1,897,896,898,-1,897,898,899,-1,899,898,900,-1,899,900,901,-1,901,900,902,-1,901,902,903,-1,903,902,904,-1,903,904,905,-1,905,904,906,-1,905,906,907,-1,907,906,908,-1,908,906,909,-1,908,909,910,-1,908,910,911,-1,911,910,912,-1,911,912,913,-1,913,912,914,-1,913,914,915,-1,915,914,916,-1,915,916,917,-1,917,916,918,-1,917,918,919,-1,919,918,920,-1,919,920,921,-1,921,920,922,-1,922,920,923,-1,922,923,886,-1,886,923,887,-1,891,883,889,-1,889,883,882,-1,892,893,924,-1,924,893,925,-1,924,925,894,-1,894,925,895,-1,895,925,893,-1,910,909,920,-1,891,889,893,-1,893,889,887,-1,920,909,923,-1,918,916,914,-1,904,902,895,-1,918,914,920,-1,920,914,912,-1,920,912,910,-1,887,923,893,-1,893,923,909,-1,893,909,895,-1,895,909,906,-1,895,906,904,-1,902,900,895,-1,895,900,898,-1,895,898,896,-1,926,927,928,-1,928,927,929,-1,930,931,932,-1,932,931,933,-1,932,933,928,-1,928,933,926,-1,929,927,934,-1,934,927,935,-1,934,935,936,-1,936,935,937,-1,938,939,940,-1,938,940,941,-1,941,940,942,-1,941,942,943,-1,943,942,944,-1,943,944,945,-1,945,944,946,-1,945,946,947,-1,947,946,948,-1,947,948,949,-1,949,948,950,-1,949,950,951,-1,951,950,952,-1,952,950,953,-1,952,953,954,-1,952,954,955,-1,955,954,956,-1,955,956,957,-1,957,956,958,-1,957,958,959,-1,959,958,960,-1,959,960,961,-1,961,960,962,-1,961,962,963,-1,963,962,964,-1,963,964,965,-1,965,964,966,-1,966,964,967,-1,966,967,930,-1,930,967,931,-1,935,927,933,-1,933,927,926,-1,936,937,968,-1,968,937,969,-1,968,969,938,-1,938,969,939,-1,939,969,937,-1,935,933,937,-1,937,933,931,-1,948,946,939,-1,962,954,964,-1,964,954,953,-1,964,953,967,-1,962,960,954,-1,954,960,958,-1,954,958,956,-1,931,967,937,-1,937,967,953,-1,937,953,939,-1,939,953,950,-1,939,950,948,-1,946,944,939,-1,939,944,942,-1,939,942,940,-1,970,971,972,-1,972,971,973,-1,974,975,976,-1,976,975,977,-1,976,977,972,-1,972,977,970,-1,973,971,978,-1,978,971,979,-1,978,979,980,-1,980,979,981,-1,982,983,984,-1,982,984,985,-1,985,984,986,-1,985,986,987,-1,987,986,988,-1,987,988,989,-1,989,988,990,-1,989,990,991,-1,991,990,992,-1,991,992,993,-1,993,992,994,-1,993,994,995,-1,995,994,996,-1,996,994,997,-1,996,997,998,-1,996,998,999,-1,999,998,1000,-1,999,1000,1001,-1,1001,1000,1002,-1,1001,1002,1003,-1,1003,1002,1004,-1,1003,1004,1005,-1,1005,1004,1006,-1,1005,1006,1007,-1,1007,1006,1008,-1,1007,1008,1009,-1,1009,1008,1010,-1,1010,1008,1011,-1,1010,1011,974,-1,974,1011,975,-1,979,971,977,-1,977,971,970,-1,980,981,1012,-1,1012,981,1013,-1,1012,1013,982,-1,982,1013,983,-1,983,1013,981,-1,1000,998,997,-1,979,977,981,-1,981,977,975,-1,1011,1008,997,-1,997,1008,1006,-1,992,990,983,-1,1006,1004,997,-1,997,1004,1002,-1,997,1002,1000,-1,975,1011,981,-1,981,1011,997,-1,981,997,983,-1,983,997,994,-1,983,994,992,-1,990,988,983,-1,983,988,986,-1,983,986,984,-1,1014,1015,1016,-1,1016,1015,1017,-1,1018,1019,1020,-1,1020,1019,1021,-1,1020,1021,1016,-1,1016,1021,1014,-1,1017,1015,1022,-1,1022,1015,1023,-1,1022,1023,1024,-1,1024,1023,1025,-1,1026,1027,1028,-1,1026,1028,1029,-1,1029,1028,1030,-1,1029,1030,1031,-1,1031,1030,1032,-1,1031,1032,1033,-1,1033,1032,1034,-1,1033,1034,1035,-1,1035,1034,1036,-1,1035,1036,1037,-1,1037,1036,1038,-1,1037,1038,1039,-1,1039,1038,1040,-1,1040,1038,1041,-1,1040,1041,1042,-1,1040,1042,1043,-1,1043,1042,1044,-1,1043,1044,1045,-1,1045,1044,1046,-1,1045,1046,1047,-1,1047,1046,1048,-1,1047,1048,1049,-1,1049,1048,1050,-1,1049,1050,1051,-1,1051,1050,1052,-1,1051,1052,1053,-1,1053,1052,1054,-1,1054,1052,1055,-1,1054,1055,1018,-1,1018,1055,1019,-1,1023,1015,1021,-1,1021,1015,1014,-1,1024,1025,1056,-1,1056,1025,1057,-1,1056,1057,1026,-1,1026,1057,1027,-1,1023,1021,1025,-1,1025,1021,1019,-1,1025,1019,1057,-1,1057,1019,1027,-1,1019,1055,1041,-1,1041,1055,1052,-1,1041,1052,1042,-1,1050,1048,1046,-1,1036,1034,1027,-1,1050,1046,1052,-1,1052,1046,1044,-1,1052,1044,1042,-1,1019,1041,1027,-1,1027,1041,1038,-1,1027,1038,1036,-1,1034,1032,1027,-1,1027,1032,1030,-1,1027,1030,1028,-1,1058,1059,1060,-1,1060,1059,1061,-1,1062,1063,1064,-1,1064,1063,1065,-1,1064,1065,1060,-1,1060,1065,1058,-1,1061,1059,1066,-1,1066,1059,1067,-1,1066,1067,1068,-1,1068,1067,1069,-1,1070,1071,1072,-1,1070,1072,1073,-1,1073,1072,1074,-1,1073,1074,1075,-1,1075,1074,1076,-1,1075,1076,1077,-1,1077,1076,1078,-1,1077,1078,1079,-1,1079,1078,1080,-1,1079,1080,1081,-1,1081,1080,1082,-1,1081,1082,1083,-1,1083,1082,1084,-1,1084,1082,1085,-1,1084,1085,1086,-1,1084,1086,1087,-1,1087,1086,1088,-1,1087,1088,1089,-1,1089,1088,1090,-1,1090,1088,1091,-1,1090,1091,1092,-1,1092,1091,1093,-1,1092,1093,1094,-1,1094,1093,1095,-1,1094,1095,1096,-1,1096,1095,1097,-1,1096,1097,1098,-1,1098,1097,1099,-1,1099,1097,1100,-1,1099,1100,1101,-1,1101,1100,1063,-1,1101,1063,1062,-1,1067,1059,1065,-1,1065,1059,1058,-1,1068,1069,1102,-1,1102,1069,1103,-1,1102,1103,1070,-1,1070,1103,1071,-1,1067,1065,1069,-1,1069,1065,1063,-1,1069,1063,1103,-1,1103,1063,1071,-1,1063,1100,1085,-1,1085,1100,1097,-1,1085,1097,1086,-1,1095,1093,1091,-1,1080,1078,1071,-1,1095,1091,1097,-1,1097,1091,1088,-1,1097,1088,1086,-1,1063,1085,1071,-1,1071,1085,1082,-1,1071,1082,1080,-1,1078,1076,1071,-1,1071,1076,1074,-1,1071,1074,1072,-1,1104,1105,1106,-1,1106,1105,1107,-1,1108,1109,1110,-1,1110,1109,1111,-1,1110,1111,1106,-1,1106,1111,1104,-1,1107,1105,1112,-1,1112,1105,1113,-1,1112,1113,1114,-1,1114,1113,1115,-1,1116,1117,1118,-1,1116,1118,1119,-1,1119,1118,1120,-1,1119,1120,1121,-1,1121,1120,1122,-1,1121,1122,1123,-1,1123,1122,1124,-1,1123,1124,1125,-1,1125,1124,1126,-1,1125,1126,1127,-1,1127,1126,1128,-1,1127,1128,1129,-1,1129,1128,1130,-1,1130,1128,1131,-1,1130,1131,1132,-1,1130,1132,1133,-1,1133,1132,1134,-1,1133,1134,1135,-1,1135,1134,1136,-1,1135,1136,1137,-1,1137,1136,1138,-1,1137,1138,1139,-1,1139,1138,1140,-1,1139,1140,1141,-1,1141,1140,1142,-1,1141,1142,1143,-1,1143,1142,1144,-1,1144,1142,1145,-1,1144,1145,1108,-1,1108,1145,1109,-1,1113,1105,1111,-1,1111,1105,1104,-1,1114,1115,1146,-1,1146,1115,1147,-1,1146,1147,1116,-1,1116,1147,1117,-1,1113,1111,1115,-1,1115,1111,1109,-1,1115,1109,1147,-1,1147,1109,1117,-1,1131,1109,1145,-1,1145,1142,1131,-1,1131,1142,1140,-1,1131,1140,1138,-1,1126,1124,1117,-1,1109,1131,1117,-1,1117,1131,1128,-1,1117,1128,1126,-1,1138,1136,1131,-1,1131,1136,1134,-1,1131,1134,1132,-1,1124,1122,1117,-1,1117,1122,1120,-1,1117,1120,1118,-1,1148,1149,1150,-1,1150,1149,1151,-1,1152,1153,1154,-1,1154,1153,1155,-1,1154,1155,1150,-1,1150,1155,1148,-1,1151,1149,1156,-1,1156,1149,1157,-1,1156,1157,1158,-1,1158,1157,1159,-1,1160,1161,1162,-1,1160,1162,1163,-1,1163,1162,1164,-1,1163,1164,1165,-1,1165,1164,1166,-1,1165,1166,1167,-1,1167,1166,1168,-1,1167,1168,1169,-1,1169,1168,1170,-1,1169,1170,1171,-1,1171,1170,1172,-1,1171,1172,1173,-1,1173,1172,1174,-1,1174,1172,1175,-1,1174,1175,1176,-1,1174,1176,1177,-1,1177,1176,1178,-1,1177,1178,1179,-1,1179,1178,1180,-1,1179,1180,1181,-1,1181,1180,1182,-1,1181,1182,1183,-1,1183,1182,1184,-1,1183,1184,1185,-1,1185,1184,1186,-1,1185,1186,1187,-1,1187,1186,1188,-1,1188,1186,1189,-1,1188,1189,1152,-1,1152,1189,1153,-1,1157,1149,1155,-1,1155,1149,1148,-1,1158,1159,1190,-1,1190,1159,1191,-1,1190,1191,1160,-1,1160,1191,1161,-1,1157,1155,1159,-1,1159,1155,1153,-1,1159,1153,1191,-1,1191,1153,1161,-1,1161,1153,1175,-1,1161,1175,1172,-1,1178,1186,1180,-1,1180,1186,1184,-1,1180,1184,1182,-1,1153,1189,1175,-1,1175,1189,1186,-1,1175,1186,1176,-1,1176,1186,1178,-1,1168,1166,1164,-1,1172,1170,1161,-1,1161,1170,1168,-1,1161,1168,1162,-1,1162,1168,1164,-1,1192,1193,1194,-1,1194,1193,1195,-1,1196,1197,1198,-1,1198,1197,1199,-1,1198,1199,1194,-1,1194,1199,1192,-1,1195,1193,1200,-1,1200,1193,1201,-1,1200,1201,1202,-1,1202,1201,1203,-1,1204,1205,1206,-1,1204,1206,1207,-1,1207,1206,1208,-1,1207,1208,1209,-1,1209,1208,1210,-1,1209,1210,1211,-1,1211,1210,1212,-1,1211,1212,1213,-1,1213,1212,1214,-1,1213,1214,1215,-1,1215,1214,1216,-1,1215,1216,1217,-1,1217,1216,1218,-1,1217,1218,1219,-1,1219,1218,1220,-1,1220,1218,1221,-1,1220,1221,1222,-1,1220,1222,1223,-1,1223,1222,1224,-1,1223,1224,1225,-1,1225,1224,1226,-1,1225,1226,1227,-1,1227,1226,1228,-1,1227,1228,1229,-1,1229,1228,1230,-1,1229,1230,1231,-1,1231,1230,1232,-1,1231,1232,1233,-1,1233,1232,1234,-1,1234,1232,1235,-1,1234,1235,1196,-1,1196,1235,1197,-1,1201,1193,1199,-1,1199,1193,1192,-1,1202,1203,1236,-1,1236,1203,1237,-1,1236,1237,1204,-1,1204,1237,1205,-1,1203,1201,1199,-1,1232,1237,1235,-1,1235,1237,1203,-1,1235,1203,1197,-1,1197,1203,1199,-1,1221,1218,1232,-1,1232,1218,1216,-1,1232,1216,1214,-1,1214,1212,1232,-1,1232,1212,1210,-1,1232,1210,1208,-1,1208,1206,1232,-1,1232,1206,1205,-1,1232,1205,1237,-1,1228,1226,1230,-1,1230,1226,1224,-1,1230,1224,1232,-1,1232,1224,1222,-1,1232,1222,1221,-1,1238,1239,1240,-1,1240,1239,1241,-1,1242,1243,1244,-1,1244,1243,1245,-1,1244,1245,1240,-1,1240,1245,1238,-1,1241,1239,1246,-1,1246,1239,1247,-1,1246,1247,1248,-1,1248,1247,1249,-1,1250,1251,1252,-1,1250,1252,1253,-1,1253,1252,1254,-1,1253,1254,1255,-1,1255,1254,1256,-1,1255,1256,1257,-1,1257,1256,1258,-1,1257,1258,1259,-1,1259,1258,1260,-1,1259,1260,1261,-1,1261,1260,1262,-1,1261,1262,1263,-1,1263,1262,1264,-1,1264,1262,1265,-1,1264,1265,1266,-1,1264,1266,1267,-1,1267,1266,1268,-1,1267,1268,1269,-1,1269,1268,1270,-1,1269,1270,1271,-1,1271,1270,1272,-1,1271,1272,1273,-1,1273,1272,1274,-1,1273,1274,1275,-1,1275,1274,1276,-1,1275,1276,1277,-1,1277,1276,1278,-1,1278,1276,1279,-1,1278,1279,1242,-1,1242,1279,1243,-1,1247,1239,1245,-1,1245,1239,1238,-1,1248,1249,1280,-1,1280,1249,1281,-1,1280,1281,1250,-1,1250,1281,1251,-1,1249,1247,1245,-1,1245,1243,1249,-1,1249,1243,1279,-1,1249,1279,1281,-1,1281,1279,1276,-1,1281,1276,1251,-1,1276,1274,1251,-1,1251,1274,1272,-1,1251,1272,1270,-1,1270,1268,1251,-1,1251,1268,1266,-1,1251,1266,1265,-1,1265,1262,1251,-1,1251,1262,1260,-1,1251,1260,1258,-1,1258,1256,1251,-1,1251,1256,1254,-1,1251,1254,1252,-1,1282,1283,1284,-1,1284,1283,1285,-1,1286,1287,1288,-1,1288,1287,1289,-1,1288,1289,1284,-1,1284,1289,1282,-1,1285,1283,1290,-1,1290,1283,1291,-1,1290,1291,1292,-1,1292,1291,1293,-1,1294,1295,1296,-1,1294,1296,1297,-1,1297,1296,1298,-1,1297,1298,1299,-1,1299,1298,1300,-1,1299,1300,1301,-1,1301,1300,1302,-1,1301,1302,1303,-1,1303,1302,1304,-1,1303,1304,1305,-1,1305,1304,1306,-1,1305,1306,1307,-1,1307,1306,1308,-1,1308,1306,1309,-1,1308,1309,1310,-1,1308,1310,1311,-1,1311,1310,1312,-1,1311,1312,1313,-1,1313,1312,1314,-1,1313,1314,1315,-1,1315,1314,1316,-1,1315,1316,1317,-1,1317,1316,1318,-1,1317,1318,1319,-1,1319,1318,1320,-1,1319,1320,1321,-1,1321,1320,1322,-1,1322,1320,1323,-1,1322,1323,1286,-1,1286,1323,1287,-1,1291,1283,1289,-1,1289,1283,1282,-1,1292,1293,1324,-1,1324,1293,1325,-1,1324,1325,1294,-1,1294,1325,1295,-1,1293,1291,1289,-1,1314,1312,1295,-1,1314,1295,1316,-1,1312,1310,1295,-1,1295,1310,1309,-1,1295,1309,1306,-1,1302,1300,1298,-1,1289,1287,1293,-1,1293,1287,1323,-1,1293,1323,1325,-1,1325,1323,1320,-1,1325,1320,1295,-1,1295,1320,1318,-1,1295,1318,1316,-1,1306,1304,1295,-1,1295,1304,1302,-1,1295,1302,1296,-1,1296,1302,1298,-1,1326,1327,1328,-1,1328,1327,1329,-1,1330,1331,1332,-1,1332,1331,1333,-1,1332,1333,1328,-1,1328,1333,1326,-1,1329,1327,1334,-1,1334,1327,1335,-1,1334,1335,1336,-1,1336,1335,1337,-1,1338,1339,1340,-1,1338,1340,1341,-1,1341,1340,1342,-1,1341,1342,1343,-1,1343,1342,1344,-1,1343,1344,1345,-1,1345,1344,1346,-1,1345,1346,1347,-1,1347,1346,1348,-1,1347,1348,1349,-1,1349,1348,1350,-1,1349,1350,1351,-1,1351,1350,1352,-1,1352,1350,1353,-1,1352,1353,1354,-1,1352,1354,1355,-1,1355,1354,1356,-1,1355,1356,1357,-1,1357,1356,1358,-1,1357,1358,1359,-1,1359,1358,1360,-1,1359,1360,1361,-1,1361,1360,1362,-1,1361,1362,1363,-1,1363,1362,1364,-1,1363,1364,1365,-1,1365,1364,1366,-1,1366,1364,1367,-1,1366,1367,1330,-1,1330,1367,1331,-1,1335,1327,1333,-1,1333,1327,1326,-1,1336,1337,1368,-1,1368,1337,1369,-1,1368,1369,1338,-1,1338,1369,1339,-1,1337,1335,1333,-1,1360,1358,1339,-1,1358,1356,1339,-1,1339,1356,1354,-1,1339,1354,1353,-1,1353,1350,1339,-1,1339,1350,1348,-1,1339,1348,1346,-1,1333,1331,1337,-1,1337,1331,1367,-1,1337,1367,1369,-1,1369,1367,1364,-1,1369,1364,1339,-1,1339,1364,1362,-1,1339,1362,1360,-1,1346,1344,1339,-1,1339,1344,1342,-1,1339,1342,1340,-1,1370,1371,1372,-1,1372,1371,1373,-1,1374,1375,1376,-1,1376,1375,1377,-1,1376,1377,1372,-1,1372,1377,1370,-1,1373,1371,1378,-1,1378,1371,1379,-1,1378,1379,1380,-1,1380,1379,1381,-1,1382,1383,1384,-1,1384,1383,1385,-1,1384,1385,1386,-1,1386,1385,1387,-1,1386,1387,1388,-1,1389,1390,1382,-1,1382,1390,1391,-1,1382,1391,1383,-1,1382,1392,1389,-1,1389,1392,1393,-1,1389,1393,1394,-1,1394,1393,1395,-1,1394,1395,1396,-1,1396,1395,1397,-1,1397,1395,1398,-1,1397,1398,1399,-1,1397,1399,1400,-1,1400,1399,1401,-1,1400,1401,1402,-1,1402,1401,1403,-1,1402,1403,1404,-1,1404,1403,1405,-1,1404,1405,1406,-1,1406,1405,1407,-1,1406,1407,1408,-1,1408,1407,1409,-1,1408,1409,1410,-1,1410,1409,1411,-1,1411,1409,1412,-1,1411,1412,1374,-1,1374,1412,1375,-1,1379,1371,1377,-1,1377,1371,1370,-1,1380,1381,1413,-1,1413,1381,1414,-1,1413,1414,1415,-1,1415,1414,1387,-1,1387,1414,1388,-1,1381,1379,1377,-1,1405,1403,1388,-1,1403,1401,1388,-1,1388,1401,1399,-1,1388,1399,1398,-1,1398,1395,1388,-1,1388,1395,1393,-1,1388,1393,1392,-1,1377,1375,1381,-1,1381,1375,1412,-1,1381,1412,1414,-1,1414,1412,1409,-1,1414,1409,1388,-1,1388,1409,1407,-1,1388,1407,1405,-1,1392,1382,1388,-1,1388,1382,1384,-1,1388,1384,1386,-1,1416,1417,1418,-1,1418,1417,1419,-1,1420,1421,1422,-1,1422,1421,1423,-1,1422,1423,1418,-1,1418,1423,1416,-1,1419,1417,1424,-1,1424,1417,1425,-1,1424,1425,1426,-1,1426,1425,1427,-1,1428,1429,1430,-1,1428,1430,1431,-1,1431,1430,1432,-1,1431,1432,1433,-1,1433,1432,1434,-1,1433,1434,1435,-1,1435,1434,1436,-1,1435,1436,1437,-1,1437,1436,1438,-1,1437,1438,1439,-1,1439,1438,1440,-1,1439,1440,1441,-1,1441,1440,1442,-1,1442,1440,1443,-1,1442,1443,1444,-1,1442,1444,1445,-1,1445,1444,1446,-1,1445,1446,1447,-1,1447,1446,1448,-1,1447,1448,1449,-1,1449,1448,1450,-1,1449,1450,1451,-1,1451,1450,1452,-1,1451,1452,1453,-1,1453,1452,1454,-1,1453,1454,1455,-1,1455,1454,1456,-1,1456,1454,1457,-1,1456,1457,1420,-1,1420,1457,1421,-1,1425,1417,1423,-1,1423,1417,1416,-1,1426,1427,1458,-1,1458,1427,1459,-1,1458,1459,1428,-1,1428,1459,1429,-1,1427,1425,1423,-1,1444,1443,1429,-1,1423,1421,1427,-1,1427,1421,1457,-1,1427,1457,1459,-1,1459,1457,1454,-1,1459,1454,1429,-1,1429,1454,1452,-1,1429,1452,1450,-1,1450,1448,1429,-1,1429,1448,1446,-1,1429,1446,1444,-1,1443,1440,1429,-1,1429,1440,1438,-1,1429,1438,1436,-1,1436,1434,1429,-1,1429,1434,1432,-1,1429,1432,1430,-1,1460,1461,1462,-1,1462,1461,1463,-1,1464,1465,1466,-1,1466,1465,1467,-1,1466,1467,1462,-1,1462,1467,1460,-1,1463,1461,1468,-1,1468,1461,1469,-1,1468,1469,1470,-1,1470,1469,1471,-1,1472,1473,1474,-1,1472,1474,1475,-1,1475,1474,1476,-1,1475,1476,1477,-1,1477,1476,1478,-1,1477,1478,1479,-1,1479,1478,1480,-1,1479,1480,1481,-1,1481,1480,1482,-1,1481,1482,1483,-1,1483,1482,1484,-1,1483,1484,1485,-1,1485,1484,1486,-1,1486,1484,1487,-1,1486,1487,1488,-1,1486,1488,1489,-1,1489,1488,1490,-1,1489,1490,1491,-1,1491,1490,1492,-1,1491,1492,1493,-1,1493,1492,1494,-1,1493,1494,1495,-1,1495,1494,1496,-1,1495,1496,1497,-1,1497,1496,1498,-1,1497,1498,1499,-1,1499,1498,1500,-1,1500,1498,1501,-1,1500,1501,1464,-1,1464,1501,1465,-1,1469,1461,1467,-1,1467,1461,1460,-1,1470,1471,1502,-1,1502,1471,1503,-1,1502,1503,1472,-1,1472,1503,1473,-1,1473,1503,1471,-1,1490,1488,1487,-1,1469,1467,1471,-1,1471,1467,1465,-1,1501,1498,1487,-1,1487,1498,1496,-1,1482,1480,1473,-1,1496,1494,1487,-1,1487,1494,1492,-1,1487,1492,1490,-1,1465,1501,1471,-1,1471,1501,1487,-1,1471,1487,1473,-1,1473,1487,1484,-1,1473,1484,1482,-1,1480,1478,1473,-1,1473,1478,1476,-1,1473,1476,1474,-1,1504,1505,1506,-1,1506,1505,1507,-1,1508,1509,1510,-1,1510,1509,1511,-1,1510,1511,1506,-1,1506,1511,1504,-1,1507,1505,1512,-1,1512,1505,1513,-1,1512,1513,1514,-1,1514,1513,1515,-1,1516,1517,1518,-1,1516,1518,1519,-1,1519,1518,1520,-1,1519,1520,1521,-1,1521,1520,1522,-1,1521,1522,1523,-1,1523,1522,1524,-1,1523,1524,1525,-1,1525,1524,1526,-1,1525,1526,1527,-1,1527,1526,1528,-1,1527,1528,1529,-1,1529,1528,1530,-1,1530,1528,1531,-1,1530,1531,1532,-1,1530,1532,1533,-1,1533,1532,1534,-1,1533,1534,1535,-1,1535,1534,1536,-1,1535,1536,1537,-1,1537,1536,1538,-1,1537,1538,1539,-1,1539,1538,1540,-1,1539,1540,1541,-1,1541,1540,1542,-1,1541,1542,1543,-1,1543,1542,1544,-1,1544,1542,1545,-1,1544,1545,1508,-1,1508,1545,1509,-1,1513,1505,1511,-1,1511,1505,1504,-1,1514,1515,1546,-1,1546,1515,1547,-1,1546,1547,1516,-1,1516,1547,1517,-1,1517,1547,1515,-1,1534,1532,1531,-1,1513,1511,1515,-1,1515,1511,1509,-1,1545,1542,1531,-1,1531,1542,1540,-1,1526,1524,1517,-1,1540,1538,1531,-1,1531,1538,1536,-1,1531,1536,1534,-1,1509,1545,1515,-1,1515,1545,1531,-1,1515,1531,1517,-1,1517,1531,1528,-1,1517,1528,1526,-1,1524,1522,1517,-1,1517,1522,1520,-1,1517,1520,1518,-1,1548,1549,1550,-1,1550,1549,1551,-1,1552,1553,1554,-1,1554,1553,1555,-1,1554,1555,1550,-1,1550,1555,1548,-1,1551,1549,1556,-1,1556,1549,1557,-1,1556,1557,1558,-1,1558,1557,1559,-1,1560,1561,1562,-1,1560,1562,1563,-1,1563,1562,1564,-1,1563,1564,1565,-1,1565,1564,1566,-1,1565,1566,1567,-1,1567,1566,1568,-1,1567,1568,1569,-1,1569,1568,1570,-1,1569,1570,1571,-1,1571,1570,1572,-1,1571,1572,1573,-1,1573,1572,1574,-1,1574,1572,1575,-1,1574,1575,1576,-1,1574,1576,1577,-1,1577,1576,1578,-1,1577,1578,1579,-1,1579,1578,1580,-1,1579,1580,1581,-1,1581,1580,1582,-1,1581,1582,1583,-1,1583,1582,1584,-1,1583,1584,1585,-1,1585,1584,1586,-1,1585,1586,1587,-1,1587,1586,1588,-1,1588,1586,1589,-1,1588,1589,1552,-1,1552,1589,1553,-1,1557,1549,1555,-1,1555,1549,1548,-1,1558,1559,1590,-1,1590,1559,1591,-1,1590,1591,1560,-1,1560,1591,1561,-1,1561,1591,1559,-1,1557,1555,1559,-1,1559,1555,1553,-1,1589,1586,1575,-1,1576,1575,1578,-1,1578,1575,1580,-1,1570,1568,1561,-1,1586,1584,1575,-1,1575,1584,1582,-1,1575,1582,1580,-1,1553,1589,1559,-1,1559,1589,1575,-1,1559,1575,1561,-1,1561,1575,1572,-1,1561,1572,1570,-1,1568,1566,1561,-1,1561,1566,1564,-1,1561,1564,1562,-1,1592,1593,1594,-1,1594,1593,1595,-1,1596,1597,1598,-1,1598,1597,1599,-1,1598,1599,1594,-1,1594,1599,1592,-1,1595,1593,1600,-1,1600,1593,1601,-1,1600,1601,1602,-1,1602,1601,1603,-1,1604,1605,1606,-1,1604,1606,1607,-1,1607,1606,1608,-1,1607,1608,1609,-1,1609,1608,1610,-1,1609,1610,1611,-1,1611,1610,1612,-1,1611,1612,1613,-1,1613,1612,1614,-1,1613,1614,1615,-1,1615,1614,1616,-1,1615,1616,1617,-1,1617,1616,1618,-1,1618,1616,1619,-1,1618,1619,1620,-1,1618,1620,1621,-1,1621,1620,1622,-1,1621,1622,1623,-1,1623,1622,1624,-1,1623,1624,1625,-1,1625,1624,1626,-1,1625,1626,1627,-1,1627,1626,1628,-1,1627,1628,1629,-1,1629,1628,1630,-1,1629,1630,1631,-1,1631,1630,1632,-1,1632,1630,1633,-1,1632,1633,1596,-1,1596,1633,1597,-1,1601,1593,1599,-1,1599,1593,1592,-1,1602,1603,1634,-1,1634,1603,1635,-1,1634,1635,1604,-1,1604,1635,1605,-1,1605,1635,1603,-1,1601,1599,1603,-1,1603,1599,1597,-1,1633,1630,1619,-1,1620,1619,1622,-1,1622,1619,1624,-1,1614,1612,1605,-1,1630,1628,1619,-1,1619,1628,1626,-1,1619,1626,1624,-1,1597,1633,1603,-1,1603,1633,1619,-1,1603,1619,1605,-1,1605,1619,1616,-1,1605,1616,1614,-1,1612,1610,1605,-1,1605,1610,1608,-1,1605,1608,1606,-1,1636,1637,1638,-1,1638,1637,1639,-1,1640,1641,1642,-1,1642,1641,1643,-1,1642,1643,1638,-1,1638,1643,1636,-1,1639,1637,1644,-1,1644,1637,1645,-1,1644,1645,1646,-1,1646,1645,1647,-1,1648,1649,1650,-1,1648,1650,1651,-1,1651,1650,1652,-1,1651,1652,1653,-1,1653,1652,1654,-1,1653,1654,1655,-1,1655,1654,1656,-1,1655,1656,1657,-1,1657,1656,1658,-1,1657,1658,1659,-1,1659,1658,1660,-1,1659,1660,1661,-1,1661,1660,1662,-1,1662,1660,1663,-1,1662,1663,1664,-1,1662,1664,1665,-1,1665,1664,1666,-1,1665,1666,1667,-1,1667,1666,1668,-1,1667,1668,1669,-1,1669,1668,1670,-1,1669,1670,1671,-1,1671,1670,1672,-1,1671,1672,1673,-1,1673,1672,1674,-1,1673,1674,1675,-1,1675,1674,1676,-1,1676,1674,1677,-1,1676,1677,1640,-1,1640,1677,1641,-1,1645,1637,1643,-1,1643,1637,1636,-1,1646,1647,1678,-1,1678,1647,1679,-1,1678,1679,1648,-1,1648,1679,1649,-1,1649,1679,1647,-1,1645,1643,1647,-1,1647,1643,1641,-1,1677,1674,1663,-1,1664,1663,1666,-1,1666,1663,1668,-1,1658,1656,1649,-1,1674,1672,1663,-1,1663,1672,1670,-1,1663,1670,1668,-1,1641,1677,1647,-1,1647,1677,1663,-1,1647,1663,1649,-1,1649,1663,1660,-1,1649,1660,1658,-1,1656,1654,1649,-1,1649,1654,1652,-1,1649,1652,1650,-1,1680,1681,1682,-1,1682,1681,1683,-1,1684,1685,1686,-1,1686,1685,1687,-1,1686,1687,1682,-1,1682,1687,1680,-1,1683,1681,1688,-1,1688,1681,1689,-1,1688,1689,1690,-1,1690,1689,1691,-1,1692,1693,1694,-1,1692,1694,1695,-1,1695,1694,1696,-1,1695,1696,1697,-1,1697,1696,1698,-1,1697,1698,1699,-1,1699,1698,1700,-1,1699,1700,1701,-1,1701,1700,1702,-1,1701,1702,1703,-1,1703,1702,1704,-1,1703,1704,1705,-1,1705,1704,1706,-1,1706,1704,1707,-1,1706,1707,1708,-1,1706,1708,1709,-1,1709,1708,1710,-1,1709,1710,1711,-1,1711,1710,1712,-1,1712,1710,1713,-1,1712,1713,1714,-1,1714,1713,1715,-1,1714,1715,1716,-1,1716,1715,1717,-1,1716,1717,1718,-1,1718,1717,1719,-1,1718,1719,1720,-1,1720,1719,1721,-1,1721,1719,1722,-1,1721,1722,1723,-1,1723,1722,1685,-1,1723,1685,1684,-1,1689,1681,1687,-1,1687,1681,1680,-1,1690,1691,1724,-1,1724,1691,1725,-1,1724,1725,1692,-1,1692,1725,1693,-1,1693,1725,1691,-1,1689,1687,1691,-1,1691,1687,1685,-1,1722,1719,1707,-1,1707,1719,1717,-1,1707,1717,1715,-1,1702,1700,1693,-1,1685,1722,1691,-1,1691,1722,1707,-1,1691,1707,1693,-1,1693,1707,1704,-1,1693,1704,1702,-1,1715,1713,1707,-1,1707,1713,1710,-1,1707,1710,1708,-1,1700,1698,1693,-1,1693,1698,1696,-1,1693,1696,1694,-1,1726,1727,1728,-1,1728,1727,1729,-1,1730,1731,1732,-1,1732,1731,1733,-1,1732,1733,1728,-1,1728,1733,1726,-1,1729,1727,1734,-1,1734,1727,1735,-1,1734,1735,1736,-1,1736,1735,1737,-1,1738,1739,1740,-1,1738,1740,1741,-1,1741,1740,1742,-1,1741,1742,1743,-1,1743,1742,1744,-1,1743,1744,1745,-1,1745,1744,1746,-1,1745,1746,1747,-1,1747,1746,1748,-1,1747,1748,1749,-1,1749,1748,1750,-1,1749,1750,1751,-1,1751,1750,1752,-1,1752,1750,1753,-1,1752,1753,1754,-1,1752,1754,1755,-1,1755,1754,1756,-1,1755,1756,1757,-1,1757,1756,1758,-1,1757,1758,1759,-1,1759,1758,1760,-1,1759,1760,1761,-1,1761,1760,1762,-1,1761,1762,1763,-1,1763,1762,1764,-1,1763,1764,1765,-1,1765,1764,1766,-1,1766,1764,1767,-1,1766,1767,1730,-1,1730,1767,1731,-1,1735,1727,1733,-1,1733,1727,1726,-1,1736,1737,1768,-1,1768,1737,1769,-1,1768,1769,1738,-1,1738,1769,1739,-1,1739,1769,1737,-1,1735,1733,1737,-1,1737,1733,1731,-1,1767,1764,1753,-1,1753,1764,1762,-1,1753,1762,1760,-1,1748,1746,1739,-1,1731,1767,1737,-1,1737,1767,1753,-1,1737,1753,1739,-1,1739,1753,1750,-1,1739,1750,1748,-1,1760,1758,1753,-1,1753,1758,1756,-1,1753,1756,1754,-1,1746,1744,1739,-1,1739,1744,1742,-1,1739,1742,1740,-1,1770,1771,1772,-1,1772,1771,1773,-1,1774,1775,1776,-1,1776,1775,1777,-1,1776,1777,1772,-1,1772,1777,1770,-1,1773,1771,1778,-1,1778,1771,1779,-1,1778,1779,1780,-1,1780,1779,1781,-1,1782,1783,1784,-1,1782,1784,1785,-1,1785,1784,1786,-1,1785,1786,1787,-1,1787,1786,1788,-1,1787,1788,1789,-1,1789,1788,1790,-1,1789,1790,1791,-1,1791,1790,1792,-1,1791,1792,1793,-1,1793,1792,1794,-1,1793,1794,1795,-1,1795,1794,1796,-1,1796,1794,1797,-1,1796,1797,1798,-1,1796,1798,1799,-1,1799,1798,1800,-1,1799,1800,1801,-1,1801,1800,1802,-1,1801,1802,1803,-1,1803,1802,1804,-1,1803,1804,1805,-1,1805,1804,1806,-1,1805,1806,1807,-1,1807,1806,1808,-1,1807,1808,1809,-1,1809,1808,1810,-1,1810,1808,1811,-1,1810,1811,1774,-1,1774,1811,1775,-1,1779,1771,1777,-1,1777,1771,1770,-1,1780,1781,1812,-1,1812,1781,1813,-1,1812,1813,1782,-1,1782,1813,1783,-1,1783,1813,1781,-1,1779,1777,1781,-1,1781,1777,1775,-1,1811,1808,1797,-1,1797,1808,1806,-1,1797,1806,1804,-1,1792,1790,1783,-1,1804,1802,1797,-1,1797,1802,1800,-1,1797,1800,1798,-1,1775,1811,1781,-1,1781,1811,1797,-1,1781,1797,1783,-1,1783,1797,1794,-1,1783,1794,1792,-1,1790,1788,1783,-1,1783,1788,1786,-1,1783,1786,1784,-1,1814,1815,1816,-1,1816,1815,1817,-1,1818,1819,1820,-1,1820,1819,1821,-1,1820,1821,1816,-1,1816,1821,1814,-1,1817,1815,1822,-1,1822,1815,1823,-1,1822,1823,1824,-1,1824,1823,1825,-1,1826,1827,1828,-1,1826,1828,1829,-1,1829,1828,1830,-1,1829,1830,1831,-1,1831,1830,1832,-1,1831,1832,1833,-1,1833,1832,1834,-1,1833,1834,1835,-1,1835,1834,1836,-1,1835,1836,1837,-1,1837,1836,1838,-1,1837,1838,1839,-1,1839,1838,1840,-1,1840,1838,1841,-1,1840,1841,1842,-1,1840,1842,1843,-1,1843,1842,1844,-1,1843,1844,1845,-1,1845,1844,1846,-1,1845,1846,1847,-1,1847,1846,1848,-1,1847,1848,1849,-1,1849,1848,1850,-1,1849,1850,1851,-1,1851,1850,1852,-1,1851,1852,1853,-1,1853,1852,1854,-1,1854,1852,1855,-1,1854,1855,1818,-1,1818,1855,1819,-1,1823,1815,1821,-1,1821,1815,1814,-1,1824,1825,1856,-1,1856,1825,1857,-1,1856,1857,1826,-1,1826,1857,1827,-1,1825,1823,1821,-1,1821,1819,1825,-1,1825,1819,1855,-1,1825,1855,1857,-1,1857,1855,1852,-1,1857,1852,1827,-1,1852,1850,1827,-1,1827,1850,1848,-1,1827,1848,1846,-1,1846,1844,1827,-1,1827,1844,1842,-1,1827,1842,1841,-1,1841,1838,1827,-1,1827,1838,1836,-1,1827,1836,1834,-1,1834,1832,1827,-1,1827,1832,1830,-1,1827,1830,1828,-1,1858,1859,1860,-1,1860,1859,1861,-1,1862,1863,1864,-1,1864,1863,1865,-1,1864,1865,1860,-1,1860,1865,1858,-1,1861,1859,1866,-1,1866,1859,1867,-1,1866,1867,1868,-1,1868,1867,1869,-1,1870,1871,1872,-1,1870,1872,1873,-1,1873,1872,1874,-1,1873,1874,1875,-1,1875,1874,1876,-1,1875,1876,1877,-1,1877,1876,1878,-1,1877,1878,1879,-1,1879,1878,1880,-1,1879,1880,1881,-1,1881,1880,1882,-1,1881,1882,1883,-1,1883,1882,1884,-1,1884,1882,1885,-1,1884,1885,1886,-1,1884,1886,1887,-1,1887,1886,1888,-1,1887,1888,1889,-1,1889,1888,1890,-1,1889,1890,1891,-1,1891,1890,1892,-1,1891,1892,1893,-1,1893,1892,1894,-1,1893,1894,1895,-1,1895,1894,1896,-1,1895,1896,1897,-1,1897,1896,1898,-1,1898,1896,1899,-1,1898,1899,1862,-1,1862,1899,1863,-1,1867,1859,1865,-1,1865,1859,1858,-1,1868,1869,1900,-1,1900,1869,1901,-1,1900,1901,1870,-1,1870,1901,1871,-1,1867,1865,1869,-1,1869,1865,1863,-1,1869,1863,1901,-1,1901,1863,1871,-1,1874,1872,1876,-1,1876,1872,1871,-1,1876,1871,1878,-1,1863,1899,1882,-1,1882,1899,1896,-1,1882,1896,1885,-1,1885,1896,1894,-1,1885,1894,1892,-1,1863,1882,1871,-1,1871,1882,1880,-1,1871,1880,1878,-1,1890,1888,1892,-1,1892,1888,1886,-1,1892,1886,1885,-1,1902,1903,1904,-1,1904,1903,1905,-1,1906,1907,1908,-1,1908,1907,1909,-1,1908,1909,1904,-1,1904,1909,1902,-1,1905,1903,1910,-1,1910,1903,1911,-1,1910,1911,1912,-1,1912,1911,1913,-1,1914,1915,1916,-1,1914,1916,1917,-1,1917,1916,1918,-1,1917,1918,1919,-1,1919,1918,1920,-1,1919,1920,1921,-1,1921,1920,1922,-1,1921,1922,1923,-1,1923,1922,1924,-1,1923,1924,1925,-1,1925,1924,1926,-1,1925,1926,1927,-1,1927,1926,1928,-1,1928,1926,1929,-1,1928,1929,1930,-1,1928,1930,1931,-1,1931,1930,1932,-1,1931,1932,1933,-1,1933,1932,1934,-1,1933,1934,1935,-1,1935,1934,1936,-1,1935,1936,1937,-1,1937,1936,1938,-1,1937,1938,1939,-1,1939,1938,1940,-1,1939,1940,1941,-1,1941,1940,1942,-1,1942,1940,1943,-1,1942,1943,1906,-1,1906,1943,1907,-1,1911,1903,1909,-1,1909,1903,1902,-1,1912,1913,1944,-1,1944,1913,1945,-1,1944,1945,1914,-1,1914,1945,1915,-1,1930,1929,1915,-1,1911,1909,1913,-1,1913,1909,1907,-1,1913,1907,1945,-1,1945,1907,1943,-1,1945,1943,1915,-1,1915,1943,1940,-1,1915,1940,1938,-1,1930,1915,1932,-1,1929,1926,1915,-1,1915,1926,1924,-1,1915,1924,1922,-1,1920,1918,1922,-1,1922,1918,1916,-1,1922,1916,1915,-1,1938,1936,1915,-1,1915,1936,1934,-1,1915,1934,1932,-1,1946,1947,1948,-1,1948,1947,1949,-1,1950,1951,1952,-1,1952,1951,1953,-1,1952,1953,1948,-1,1948,1953,1946,-1,1949,1947,1954,-1,1954,1947,1955,-1,1954,1955,1956,-1,1956,1955,1957,-1,1958,1959,1960,-1,1958,1960,1961,-1,1961,1960,1962,-1,1961,1962,1963,-1,1963,1962,1964,-1,1963,1964,1965,-1,1965,1964,1966,-1,1965,1966,1967,-1,1967,1966,1968,-1,1967,1968,1969,-1,1969,1968,1970,-1,1969,1970,1971,-1,1971,1970,1972,-1,1972,1970,1973,-1,1972,1973,1974,-1,1972,1974,1975,-1,1975,1974,1976,-1,1975,1976,1977,-1,1977,1976,1978,-1,1977,1978,1979,-1,1979,1978,1980,-1,1979,1980,1981,-1,1981,1980,1982,-1,1981,1982,1983,-1,1983,1982,1984,-1,1983,1984,1985,-1,1985,1984,1986,-1,1986,1984,1987,-1,1986,1987,1950,-1,1950,1987,1951,-1,1955,1947,1953,-1,1953,1947,1946,-1,1956,1957,1988,-1,1988,1957,1989,-1,1988,1989,1958,-1,1958,1989,1959,-1,1955,1953,1957,-1,1957,1953,1951,-1,1957,1951,1989,-1,1989,1951,1987,-1,1989,1987,1959,-1,1959,1987,1984,-1,1959,1984,1960,-1,1974,1973,1982,-1,1982,1973,1984,-1,1973,1970,1984,-1,1984,1970,1968,-1,1984,1968,1966,-1,1966,1964,1984,-1,1984,1964,1962,-1,1984,1962,1960,-1,1980,1978,1982,-1,1982,1978,1976,-1,1982,1976,1974,-1,1990,1991,1992,-1,1992,1991,1993,-1,1994,1995,1996,-1,1996,1995,1997,-1,1996,1997,1992,-1,1992,1997,1990,-1,1993,1991,1998,-1,1998,1991,1999,-1,1998,1999,2000,-1,2000,1999,2001,-1,2002,2003,2004,-1,2004,2003,2005,-1,2004,2005,2006,-1,2006,2005,2007,-1,2006,2007,2008,-1,2009,2010,2002,-1,2002,2010,2011,-1,2002,2011,2003,-1,2002,2012,2009,-1,2009,2012,2013,-1,2009,2013,2014,-1,2014,2013,2015,-1,2014,2015,2016,-1,2016,2015,2017,-1,2017,2015,2018,-1,2017,2018,2019,-1,2017,2019,2020,-1,2020,2019,2021,-1,2020,2021,2022,-1,2022,2021,2023,-1,2022,2023,2024,-1,2024,2023,2025,-1,2024,2025,2026,-1,2026,2025,2027,-1,2026,2027,2028,-1,2028,2027,2029,-1,2028,2029,2030,-1,2030,2029,2031,-1,2031,2029,2032,-1,2031,2032,1994,-1,1994,2032,1995,-1,1999,1991,1997,-1,1997,1991,1990,-1,2000,2001,2033,-1,2033,2001,2034,-1,2033,2034,2035,-1,2035,2034,2007,-1,2007,2034,2008,-1,2019,2018,2008,-1,1999,1997,2001,-1,2001,1997,1995,-1,2001,1995,2034,-1,2034,1995,2032,-1,2034,2032,2008,-1,2008,2032,2029,-1,2008,2029,2027,-1,2019,2008,2021,-1,2002,2004,2012,-1,2012,2004,2013,-1,2018,2015,2008,-1,2008,2015,2013,-1,2008,2013,2006,-1,2006,2013,2004,-1,2027,2025,2008,-1,2008,2025,2023,-1,2008,2023,2021,-1,2036,2037,2038,-1,2038,2037,2039,-1,2040,2041,2042,-1,2042,2041,2043,-1,2042,2043,2038,-1,2038,2043,2036,-1,2039,2037,2044,-1,2044,2037,2045,-1,2044,2045,2046,-1,2046,2045,2047,-1,2048,2049,2050,-1,2048,2050,2051,-1,2051,2050,2052,-1,2051,2052,2053,-1,2053,2052,2054,-1,2053,2054,2055,-1,2055,2054,2056,-1,2055,2056,2057,-1,2057,2056,2058,-1,2057,2058,2059,-1,2059,2058,2060,-1,2059,2060,2061,-1,2061,2060,2062,-1,2062,2060,2063,-1,2062,2063,2064,-1,2062,2064,2065,-1,2065,2064,2066,-1,2065,2066,2067,-1,2067,2066,2068,-1,2067,2068,2069,-1,2069,2068,2070,-1,2069,2070,2071,-1,2071,2070,2072,-1,2071,2072,2073,-1,2073,2072,2074,-1,2073,2074,2075,-1,2075,2074,2076,-1,2076,2074,2077,-1,2076,2077,2040,-1,2040,2077,2041,-1,2045,2037,2043,-1,2043,2037,2036,-1,2046,2047,2078,-1,2078,2047,2079,-1,2078,2079,2048,-1,2048,2079,2049,-1,2049,2079,2047,-1,2063,2060,2074,-1,2045,2043,2047,-1,2047,2043,2041,-1,2074,2060,2077,-1,2068,2066,2064,-1,2041,2077,2047,-1,2047,2077,2060,-1,2047,2060,2049,-1,2049,2060,2058,-1,2049,2058,2056,-1,2056,2054,2049,-1,2049,2054,2052,-1,2049,2052,2050,-1,2068,2064,2070,-1,2063,2074,2064,-1,2064,2074,2072,-1,2064,2072,2070,-1,2080,2081,2082,-1,2082,2081,2083,-1,2084,2085,2086,-1,2086,2085,2087,-1,2086,2087,2082,-1,2082,2087,2080,-1,2083,2081,2088,-1,2088,2081,2089,-1,2088,2089,2090,-1,2090,2089,2091,-1,2092,2093,2094,-1,2092,2094,2095,-1,2095,2094,2096,-1,2095,2096,2097,-1,2097,2096,2098,-1,2097,2098,2099,-1,2099,2098,2100,-1,2099,2100,2101,-1,2101,2100,2102,-1,2101,2102,2103,-1,2103,2102,2104,-1,2103,2104,2105,-1,2105,2104,2106,-1,2106,2104,2107,-1,2106,2107,2108,-1,2106,2108,2109,-1,2109,2108,2110,-1,2109,2110,2111,-1,2111,2110,2112,-1,2111,2112,2113,-1,2113,2112,2114,-1,2113,2114,2115,-1,2115,2114,2116,-1,2115,2116,2117,-1,2117,2116,2118,-1,2117,2118,2119,-1,2119,2118,2120,-1,2120,2118,2121,-1,2120,2121,2084,-1,2084,2121,2085,-1,2089,2081,2087,-1,2087,2081,2080,-1,2090,2091,2122,-1,2122,2091,2123,-1,2122,2123,2092,-1,2092,2123,2093,-1,2091,2089,2087,-1,2123,2091,2093,-1,2093,2091,2107,-1,2087,2085,2091,-1,2091,2085,2121,-1,2091,2121,2107,-1,2107,2121,2118,-1,2107,2118,2116,-1,2110,2108,2112,-1,2112,2108,2107,-1,2112,2107,2114,-1,2114,2107,2116,-1,2107,2104,2093,-1,2093,2104,2102,-1,2093,2102,2100,-1,2100,2098,2093,-1,2093,2098,2096,-1,2093,2096,2094,-1,2124,2125,2126,-1,2126,2125,2127,-1,2128,2129,2130,-1,2130,2129,2131,-1,2130,2131,2126,-1,2126,2131,2124,-1,2127,2125,2132,-1,2132,2125,2133,-1,2132,2133,2134,-1,2134,2133,2135,-1,2136,2137,2138,-1,2136,2138,2139,-1,2139,2138,2140,-1,2139,2140,2141,-1,2141,2140,2142,-1,2141,2142,2143,-1,2143,2142,2144,-1,2143,2144,2145,-1,2145,2144,2146,-1,2145,2146,2147,-1,2147,2146,2148,-1,2147,2148,2149,-1,2149,2148,2150,-1,2150,2148,2151,-1,2150,2151,2152,-1,2150,2152,2153,-1,2153,2152,2154,-1,2153,2154,2155,-1,2155,2154,2156,-1,2155,2156,2157,-1,2157,2156,2158,-1,2157,2158,2159,-1,2159,2158,2160,-1,2159,2160,2161,-1,2161,2160,2162,-1,2161,2162,2163,-1,2163,2162,2164,-1,2164,2162,2165,-1,2164,2165,2128,-1,2128,2165,2129,-1,2133,2125,2131,-1,2131,2125,2124,-1,2134,2135,2166,-1,2166,2135,2167,-1,2166,2167,2136,-1,2136,2167,2137,-1,2137,2167,2135,-1,2133,2131,2135,-1,2135,2131,2129,-1,2165,2162,2151,-1,2151,2162,2160,-1,2151,2160,2158,-1,2146,2144,2137,-1,2129,2165,2135,-1,2135,2165,2151,-1,2135,2151,2137,-1,2137,2151,2148,-1,2137,2148,2146,-1,2158,2156,2151,-1,2151,2156,2154,-1,2151,2154,2152,-1,2144,2142,2137,-1,2137,2142,2140,-1,2137,2140,2138,-1,2168,2169,2170,-1,2170,2169,2171,-1,2172,2173,2174,-1,2174,2173,2175,-1,2174,2175,2170,-1,2170,2175,2168,-1,2171,2169,2176,-1,2176,2169,2177,-1,2176,2177,2178,-1,2178,2177,2179,-1,2180,2181,2182,-1,2180,2182,2183,-1,2183,2182,2184,-1,2183,2184,2185,-1,2185,2184,2186,-1,2185,2186,2187,-1,2187,2186,2188,-1,2187,2188,2189,-1,2189,2188,2190,-1,2189,2190,2191,-1,2191,2190,2192,-1,2191,2192,2193,-1,2193,2192,2194,-1,2194,2192,2195,-1,2194,2195,2196,-1,2194,2196,2197,-1,2197,2196,2198,-1,2197,2198,2199,-1,2199,2198,2200,-1,2199,2200,2201,-1,2201,2200,2202,-1,2201,2202,2203,-1,2203,2202,2204,-1,2203,2204,2205,-1,2205,2204,2206,-1,2205,2206,2207,-1,2207,2206,2208,-1,2208,2206,2209,-1,2208,2209,2172,-1,2172,2209,2173,-1,2177,2169,2175,-1,2175,2169,2168,-1,2178,2179,2210,-1,2210,2179,2211,-1,2210,2211,2180,-1,2180,2211,2181,-1,2181,2211,2179,-1,2177,2175,2179,-1,2179,2175,2173,-1,2209,2206,2195,-1,2195,2206,2204,-1,2195,2204,2202,-1,2190,2188,2181,-1,2173,2209,2179,-1,2179,2209,2195,-1,2179,2195,2181,-1,2181,2195,2192,-1,2181,2192,2190,-1,2202,2200,2195,-1,2195,2200,2198,-1,2195,2198,2196,-1,2188,2186,2181,-1,2181,2186,2184,-1,2181,2184,2182,-1,2212,2213,2214,-1,2214,2213,2215,-1,2216,2217,2218,-1,2218,2217,2219,-1,2218,2219,2214,-1,2214,2219,2212,-1,2215,2213,2220,-1,2220,2213,2221,-1,2220,2221,2222,-1,2222,2221,2223,-1,2224,2225,2226,-1,2224,2226,2227,-1,2227,2226,2228,-1,2227,2228,2229,-1,2229,2228,2230,-1,2229,2230,2231,-1,2231,2230,2232,-1,2231,2232,2233,-1,2233,2232,2234,-1,2233,2234,2235,-1,2235,2234,2236,-1,2235,2236,2237,-1,2237,2236,2238,-1,2237,2238,2239,-1,2239,2238,2240,-1,2240,2238,2241,-1,2240,2241,2242,-1,2240,2242,2243,-1,2243,2242,2244,-1,2243,2244,2245,-1,2245,2244,2246,-1,2245,2246,2247,-1,2247,2246,2248,-1,2247,2248,2249,-1,2249,2248,2250,-1,2249,2250,2251,-1,2251,2250,2252,-1,2251,2252,2253,-1,2253,2252,2254,-1,2254,2252,2255,-1,2254,2255,2216,-1,2216,2255,2217,-1,2221,2213,2219,-1,2219,2213,2212,-1,2222,2223,2256,-1,2256,2223,2257,-1,2256,2257,2224,-1,2224,2257,2225,-1,2223,2221,2219,-1,2252,2257,2255,-1,2255,2257,2223,-1,2255,2223,2217,-1,2217,2223,2219,-1,2252,2236,2234,-1,2250,2241,2252,-1,2252,2241,2238,-1,2252,2238,2236,-1,2244,2242,2246,-1,2246,2242,2241,-1,2246,2241,2248,-1,2248,2241,2250,-1,2234,2232,2252,-1,2252,2232,2230,-1,2252,2230,2228,-1,2228,2226,2252,-1,2252,2226,2225,-1,2252,2225,2257,-1,2258,2259,2260,-1,2260,2259,2261,-1,2262,2263,2264,-1,2264,2263,2265,-1,2264,2265,2260,-1,2260,2265,2258,-1,2261,2259,2266,-1,2266,2259,2267,-1,2266,2267,2268,-1,2268,2267,2269,-1,2270,2271,2272,-1,2270,2272,2273,-1,2273,2272,2274,-1,2273,2274,2275,-1,2275,2274,2276,-1,2275,2276,2277,-1,2277,2276,2278,-1,2277,2278,2279,-1,2279,2278,2280,-1,2279,2280,2281,-1,2281,2280,2282,-1,2281,2282,2283,-1,2283,2282,2284,-1,2284,2282,2285,-1,2284,2285,2286,-1,2284,2286,2287,-1,2287,2286,2288,-1,2287,2288,2289,-1,2289,2288,2290,-1,2289,2290,2291,-1,2291,2290,2292,-1,2291,2292,2293,-1,2293,2292,2294,-1,2293,2294,2295,-1,2295,2294,2296,-1,2295,2296,2297,-1,2297,2296,2298,-1,2298,2296,2299,-1,2298,2299,2262,-1,2262,2299,2263,-1,2267,2259,2265,-1,2265,2259,2258,-1,2268,2269,2300,-1,2300,2269,2301,-1,2300,2301,2270,-1,2270,2301,2271,-1,2269,2267,2265,-1,2301,2269,2271,-1,2271,2269,2285,-1,2265,2263,2269,-1,2269,2263,2299,-1,2269,2299,2285,-1,2285,2299,2296,-1,2285,2296,2294,-1,2288,2286,2290,-1,2290,2286,2285,-1,2290,2285,2292,-1,2292,2285,2294,-1,2285,2282,2271,-1,2271,2282,2280,-1,2271,2280,2278,-1,2278,2276,2271,-1,2271,2276,2274,-1,2271,2274,2272,-1,2302,2303,2304,-1,2304,2303,2305,-1,2306,2307,2308,-1,2308,2307,2309,-1,2308,2309,2304,-1,2304,2309,2302,-1,2305,2303,2310,-1,2310,2303,2311,-1,2310,2311,2312,-1,2312,2311,2313,-1,2314,2315,2316,-1,2314,2316,2317,-1,2317,2316,2318,-1,2317,2318,2319,-1,2319,2318,2320,-1,2319,2320,2321,-1,2321,2320,2322,-1,2321,2322,2323,-1,2323,2322,2324,-1,2323,2324,2325,-1,2325,2324,2326,-1,2325,2326,2327,-1,2327,2326,2328,-1,2328,2326,2329,-1,2328,2329,2330,-1,2328,2330,2331,-1,2331,2330,2332,-1,2331,2332,2333,-1,2333,2332,2334,-1,2334,2332,2335,-1,2334,2335,2336,-1,2336,2335,2337,-1,2336,2337,2338,-1,2338,2337,2339,-1,2338,2339,2340,-1,2340,2339,2341,-1,2340,2341,2342,-1,2342,2341,2343,-1,2343,2341,2344,-1,2343,2344,2345,-1,2345,2344,2307,-1,2345,2307,2306,-1,2311,2303,2309,-1,2309,2303,2302,-1,2312,2313,2346,-1,2346,2313,2347,-1,2346,2347,2314,-1,2314,2347,2315,-1,2311,2309,2313,-1,2313,2309,2307,-1,2329,2307,2344,-1,2329,2315,2307,-1,2307,2315,2347,-1,2307,2347,2313,-1,2332,2339,2335,-1,2335,2339,2337,-1,2344,2341,2329,-1,2329,2341,2339,-1,2329,2339,2330,-1,2330,2339,2332,-1,2320,2318,2322,-1,2322,2318,2324,-1,2329,2326,2315,-1,2315,2326,2324,-1,2315,2324,2316,-1,2316,2324,2318,-1,2348,2349,2350,-1,2350,2349,2351,-1,2352,2353,2354,-1,2354,2353,2355,-1,2354,2355,2350,-1,2350,2355,2348,-1,2351,2349,2356,-1,2356,2349,2357,-1,2356,2357,2358,-1,2358,2357,2359,-1,2360,2361,2362,-1,2360,2362,2363,-1,2363,2362,2364,-1,2363,2364,2365,-1,2365,2364,2366,-1,2365,2366,2367,-1,2367,2366,2368,-1,2367,2368,2369,-1,2369,2368,2370,-1,2369,2370,2371,-1,2371,2370,2372,-1,2371,2372,2373,-1,2373,2372,2374,-1,2374,2372,2375,-1,2374,2375,2376,-1,2374,2376,2377,-1,2377,2376,2378,-1,2377,2378,2379,-1,2379,2378,2380,-1,2379,2380,2381,-1,2381,2380,2382,-1,2381,2382,2383,-1,2383,2382,2384,-1,2383,2384,2385,-1,2385,2384,2386,-1,2385,2386,2387,-1,2387,2386,2388,-1,2388,2386,2389,-1,2388,2389,2352,-1,2352,2389,2353,-1,2357,2349,2355,-1,2355,2349,2348,-1,2358,2359,2390,-1,2390,2359,2391,-1,2390,2391,2360,-1,2360,2391,2361,-1,2357,2355,2359,-1,2359,2355,2353,-1,2359,2353,2391,-1,2375,2353,2389,-1,2391,2353,2361,-1,2361,2353,2375,-1,2361,2375,2372,-1,2378,2384,2380,-1,2380,2384,2382,-1,2389,2386,2375,-1,2375,2386,2384,-1,2375,2384,2376,-1,2376,2384,2378,-1,2368,2366,2364,-1,2372,2370,2361,-1,2361,2370,2368,-1,2361,2368,2362,-1,2362,2368,2364,-1,2392,2393,2394,-1,2394,2393,2395,-1,2396,2397,2398,-1,2398,2397,2399,-1,2398,2399,2394,-1,2394,2399,2392,-1,2395,2393,2400,-1,2400,2393,2401,-1,2400,2401,2402,-1,2402,2401,2403,-1,2404,2405,2406,-1,2404,2406,2407,-1,2407,2406,2408,-1,2407,2408,2409,-1,2409,2408,2410,-1,2409,2410,2411,-1,2411,2410,2412,-1,2411,2412,2413,-1,2413,2412,2414,-1,2413,2414,2415,-1,2415,2414,2416,-1,2415,2416,2417,-1,2417,2416,2418,-1,2418,2416,2419,-1,2418,2419,2420,-1,2418,2420,2421,-1,2421,2420,2422,-1,2421,2422,2423,-1,2423,2422,2424,-1,2423,2424,2425,-1,2425,2424,2426,-1,2425,2426,2427,-1,2427,2426,2428,-1,2427,2428,2429,-1,2429,2428,2430,-1,2429,2430,2431,-1,2431,2430,2432,-1,2432,2430,2433,-1,2432,2433,2396,-1,2396,2433,2397,-1,2401,2393,2399,-1,2399,2393,2392,-1,2402,2403,2434,-1,2434,2403,2435,-1,2434,2435,2404,-1,2404,2435,2405,-1,2401,2399,2403,-1,2403,2399,2397,-1,2403,2397,2435,-1,2397,2433,2419,-1,2419,2433,2430,-1,2435,2397,2405,-1,2405,2397,2419,-1,2405,2419,2416,-1,2419,2424,2420,-1,2420,2424,2422,-1,2430,2428,2419,-1,2419,2428,2426,-1,2419,2426,2424,-1,2412,2410,2408,-1,2416,2414,2405,-1,2405,2414,2412,-1,2405,2412,2406,-1,2406,2412,2408,-1,2436,2437,2438,-1,2438,2437,2439,-1,2440,2441,2442,-1,2442,2441,2443,-1,2442,2443,2438,-1,2438,2443,2436,-1,2439,2437,2444,-1,2444,2437,2445,-1,2444,2445,2446,-1,2446,2445,2447,-1,2448,2449,2450,-1,2448,2450,2451,-1,2451,2450,2452,-1,2451,2452,2453,-1,2453,2452,2454,-1,2453,2454,2455,-1,2455,2454,2456,-1,2455,2456,2457,-1,2457,2456,2458,-1,2457,2458,2459,-1,2459,2458,2460,-1,2459,2460,2461,-1,2461,2460,2462,-1,2462,2460,2463,-1,2462,2463,2464,-1,2462,2464,2465,-1,2465,2464,2466,-1,2465,2466,2467,-1,2467,2466,2468,-1,2467,2468,2469,-1,2469,2468,2470,-1,2469,2470,2471,-1,2471,2470,2472,-1,2471,2472,2473,-1,2473,2472,2474,-1,2473,2474,2475,-1,2475,2474,2476,-1,2476,2474,2477,-1,2476,2477,2440,-1,2440,2477,2441,-1,2445,2437,2443,-1,2443,2437,2436,-1,2446,2447,2478,-1,2478,2447,2479,-1,2478,2479,2448,-1,2448,2479,2449,-1,2445,2443,2447,-1,2447,2443,2441,-1,2447,2441,2479,-1,2479,2441,2449,-1,2452,2450,2454,-1,2454,2450,2449,-1,2454,2449,2456,-1,2441,2477,2460,-1,2460,2477,2474,-1,2460,2474,2463,-1,2463,2474,2472,-1,2463,2472,2470,-1,2441,2460,2449,-1,2449,2460,2458,-1,2449,2458,2456,-1,2468,2466,2470,-1,2470,2466,2464,-1,2470,2464,2463,-1,2480,2481,2482,-1,2482,2481,2483,-1,2484,2480,2485,-1,2485,2480,2482,-1,2486,2484,2487,-1,2487,2484,2485,-1,2488,2486,2489,-1,2489,2486,2487,-1,2481,2488,2483,-1,2483,2488,2489,-1,
        ]
    }
}
Shape{
    appearance Appearance {
        material  Material 	{
            diffuseColor 0.7529411764705882 0.7529411764705882 0.7529411764705882
            specularColor 0.3764705882352941 0.3764705882352941 0.3764705882352941
            ambientIntensity 0.7529
            transparency 0.0
            shininess 0.5
        }
    }
    geometry IndexedFaceSet {
        ccw TRUE
        solid FALSE
        coord DEF co Coordinate {
            point [
                -0.382 0.1235 0.0039, -0.384 0.1235 0.0039, -0.382 0.1235 0.0, -0.384 0.1235 0.0, -0.4567 -0.0339 0.0039, -0.4567 -0.0339 0.0, -0.4413 -0.0339 0.0039, -0.4413 -0.0339 0.0, -0.4181 0.0165 0.0039, -0.4181 0.0165 0.0, -0.3467 0.0165 0.0039, -0.3467 0.0165 0.0, -0.3227 -0.0339 0.0039, -0.3227 -0.0339 0.0, -0.3073 -0.0339 0.0039, -0.3073 -0.0339 0.0, -0.4106 0.0327 0.0039, -0.3543 0.0327 0.0039, -0.3828 0.0928 0.0039, -0.4106 0.0327 0.0, -0.3828 0.0928 0.0, -0.3543 0.0327 0.0, -0.2067 -0.0339 0.0039, -0.1579 -0.0339 0.0039, -0.2067 -0.0339 0.0, -0.1579 -0.0339 0.0, -0.1579 0.1235 0.0039, -0.1579 0.1235 0.0, -0.1897 0.1235 0.0039, -0.1897 0.1235 0.0, -0.2397 0.1179 0.0039, -0.2397 0.1179 0.0, -0.2149 0.1226 0.0, -0.2149 0.1226 0.0039, -0.2871 0.0428 0.0039, -0.2871 0.0428 0.0, -0.2869 0.0501 0.0, -0.2869 0.0501 0.0039, -0.2837 0.0692 0.0, -0.2837 0.0692 0.0039, -0.2771 0.0856 0.0, -0.2771 0.0856 0.0039, -0.2671 0.0998 0.0, -0.2671 0.0998 0.0039, -0.2556 0.1098 0.0, -0.2556 0.1098 0.0039, -0.2251 -0.0329 0.0, -0.2251 -0.0329 0.0039, -0.2444 -0.0285 0.0, -0.2444 -0.0285 0.0039, -0.2562 -0.0224 0.0, -0.2562 -0.0224 0.0039, -0.268 -0.012 0.0, -0.268 -0.012 0.0039, -0.2787 0.0042 0.0, -0.2787 0.0042 0.0039, -0.2849 0.0218 0.0, -0.2849 0.0218 0.0039, -0.2074 0.1066 0.0039, -0.2315 0.103 0.0039, -0.2386 0.1004 0.0039, -0.2503 0.0935 0.0039, -0.2594 0.0846 0.0039, -0.2667 0.0731 0.0039, -0.2713 0.0595 0.0039, -0.273 0.0428 0.0039, -0.2729 0.0385 0.0039, -0.2701 0.0218 0.0039, -0.2649 0.0099 0.0039, -0.257 -0.0004 0.0039, -0.2477 -0.008 0.0039, -0.2351 -0.0138 0.0039, -0.2128 -0.0172 0.0039, -0.1901 -0.0178 0.0039, -0.172 -0.0178 0.0039, -0.172 0.1074 0.0039, -0.1831 0.1074 0.0039, -0.172 0.1074 0.0, -0.172 -0.0178 0.0, -0.1831 0.1074 0.0, -0.2074 0.1066 0.0, -0.2315 0.103 0.0, -0.2386 0.1004 0.0, -0.2503 0.0935 0.0, -0.2594 0.0846 0.0, -0.2667 0.0731 0.0, -0.2713 0.0595 0.0, -0.273 0.0428 0.0, -0.2729 0.0385 0.0, -0.2701 0.0218 0.0, -0.2649 0.0099 0.0, -0.257 -0.0004 0.0, -0.2477 -0.008 0.0, -0.2351 -0.0138 0.0, -0.2128 -0.0172 0.0, -0.1901 -0.0178 0.0, -0.0408 -0.0339 0.0039, -0.0408 0.1235 0.0039, -0.0408 -0.0339 0.0, -0.0408 0.1235 0.0, -0.1296 0.1235 0.0039, -0.1296 0.1235 0.0, -0.1296 0.1074 0.0039, -0.1296 0.1074 0.0, -0.0549 0.1074 0.0039, -0.0549 0.1074 0.0, -0.0549 0.0589 0.0039, -0.0549 0.0589 0.0, -0.1296 0.0589 0.0039, -0.1296 0.0589 0.0, -0.1296 0.0428 0.0039, -0.1296 0.0428 0.0, -0.0549 0.0428 0.0039, -0.0549 0.0428 0.0, -0.0549 -0.0178 0.0039, -0.0549 -0.0178 0.0, -0.1296 -0.0178 0.0039, -0.1296 -0.0178 0.0, -0.1296 -0.0339 0.0039, -0.1296 -0.0339 0.0, -0.0085 0.0946 0.0039, -0.0085 0.0946 0.0, -0.0039 0.1004 0.0, -0.0039 0.1004 0.0039, 0.0058 0.1096 0.0, 0.0058 0.1096 0.0039, 0.023 0.12 0.0, 0.023 0.12 0.0039, 0.0373 0.1249 0.0, 0.0373 0.1249 0.0039, 0.0602 0.1276 0.0, 0.0602 0.1276 0.0039, 0.0039 0.0852 0.0039, 0.0039 0.0852 0.0, 0.0611 0.1114 0.0039, 0.0611 0.1114 0.0, 0.0556 0.1112 0.0, 0.0556 0.1112 0.0039, 0.0382 0.1082 0.0, 0.0382 0.1082 0.0039, 0.0313 0.1058 0.0, 0.0313 0.1058 0.0039, 0.0165 0.0974 0.0, 0.0165 0.0974 0.0039, 0.1308 0.0446 0.0039, 0.1308 0.0446 0.0, 0.1305 0.052 0.0, 0.1305 0.052 0.0039, 0.1271 0.0673 0.0, 0.1271 0.0673 0.0039, 0.1201 0.0813 0.0, 0.1201 0.0813 0.0039, 0.1103 0.0927 0.0, 0.1103 0.0927 0.0039, 0.0958 0.1029 0.0, 0.0958 0.1029 0.0039, 0.0797 0.1091 0.0, 0.0797 0.1091 0.0039, 0.0601 -0.0218 0.0039, 0.0601 -0.0218 0.0, 0.0727 -0.021 0.0, 0.0727 -0.021 0.0039, 0.0887 -0.0168 0.0, 0.0887 -0.0168 0.0039, 0.1039 -0.0085 0.0, 0.1039 -0.0085 0.0039, 0.1153 0.0019 0.0, 0.1153 0.0019 0.0039, 0.1238 0.0142 0.0, 0.1238 0.0142 0.0039, 0.1287 0.0273 0.0, 0.1287 0.0273 0.0039, 0.0039 0.0044 0.0039, 0.0039 0.0044 0.0, 0.0126 -0.0044 0.0, 0.0126 -0.0044 0.0039, 0.0265 -0.0139 0.0, 0.0265 -0.0139 0.0039, 0.0417 -0.0197 0.0, 0.0417 -0.0197 0.0039, -0.0085 -0.005 0.0039, -0.0085 -0.005 0.0, 0.06 -0.038 0.0039, 0.06 -0.038 0.0, 0.0522 -0.0377 0.0, 0.0522 -0.0377 0.0039, 0.0402 -0.036 0.0, 0.0396 -0.0359 0.0039, 0.0396 -0.0359 0.0, 0.0217 -0.0298 0.0, 0.0217 -0.0298 0.0039, 0.0054 -0.0195 0.0, 0.0054 -0.0195 0.0039, 0.0777 -0.036 0.0, 0.0846 -0.0352 0.0039, 0.0846 -0.0352 0.0, 0.1035 -0.0279 0.0039, 0.1035 -0.0279 0.0, 0.1187 -0.017 0.0039, 0.1187 -0.017 0.0, 0.125 -0.0104 0.0039, 0.125 -0.0104 0.0, 0.145 0.0457 0.0039, 0.145 0.0457 0.0, 0.1427 0.0249 0.0, 0.1427 0.0249 0.0039, 0.1364 0.0068 0.0, 0.1364 0.0068 0.0039, 0.0728 0.1268 0.0, 0.0728 0.1268 0.0039, 0.092 0.1223 0.0, 0.092 0.1223 0.0039, 0.1087 0.1138 0.0, 0.1087 0.1138 0.0039, 0.1251 0.0994 0.0, 0.1251 0.0994 0.0039, 0.1359 0.0839 0.0, 0.1359 0.0839 0.0039, 0.1424 0.0672 0.0, 0.1424 0.0672 0.0039, 0.2378 -0.0339 0.0039, 0.2378 0.1235 0.0039, 0.2378 -0.0339 0.0, 0.2378 0.1235 0.0, 0.2237 0.1235 0.0039, 0.2237 0.1235 0.0, 0.2237 -0.0178 0.0039, 0.2237 -0.0178 0.0, 0.1631 -0.0178 0.0039, 0.1631 -0.0178 0.0, 0.1631 -0.0339 0.0039, 0.1631 -0.0339 0.0
            ]
        }
        coordIndex [
            0,1,2,-1,2,1,3,-1,1,4,3,-1,3,4,5,-1,4,6,5,-1,5,6,7,-1,6,8,7,-1,7,8,9,-1,8,10,9,-1,9,10,11,-1,10,12,11,-1,11,12,13,-1,12,14,13,-1,13,14,15,-1,14,0,15,-1,15,0,2,-1,16,4,1,-1,0,17,1,-1,1,17,18,-1,1,18,16,-1,14,12,10,-1,6,4,8,-1,8,4,16,-1,8,16,10,-1,10,16,17,-1,10,17,14,-1,14,17,0,-1,16,18,19,-1,19,18,20,-1,17,16,21,-1,21,16,19,-1,18,17,20,-1,20,17,21,-1,22,23,24,-1,24,23,25,-1,23,26,25,-1,25,26,27,-1,26,28,27,-1,27,28,29,-1,30,31,32,-1,30,32,33,-1,33,32,29,-1,33,29,28,-1,34,35,36,-1,34,36,37,-1,37,36,38,-1,37,38,39,-1,39,38,40,-1,39,40,41,-1,41,40,42,-1,41,42,43,-1,43,42,44,-1,43,44,45,-1,45,44,31,-1,45,31,30,-1,22,24,46,-1,22,46,47,-1,47,46,48,-1,47,48,49,-1,49,48,50,-1,49,50,51,-1,51,50,52,-1,51,52,53,-1,53,52,54,-1,53,54,55,-1,55,54,56,-1,55,56,57,-1,57,56,35,-1,57,35,34,-1,58,59,30,-1,30,59,60,-1,30,60,45,-1,45,60,61,-1,45,61,43,-1,43,61,62,-1,43,62,41,-1,41,62,63,-1,41,63,39,-1,39,63,64,-1,39,64,37,-1,37,64,65,-1,37,65,34,-1,34,65,66,-1,34,66,57,-1,57,66,67,-1,57,67,55,-1,55,67,68,-1,55,68,53,-1,53,68,69,-1,53,69,51,-1,51,69,70,-1,51,70,49,-1,49,70,71,-1,49,71,47,-1,47,71,72,-1,47,72,22,-1,22,72,73,-1,22,73,23,-1,23,73,74,-1,23,74,26,-1,26,74,75,-1,26,75,28,-1,28,75,76,-1,28,76,33,-1,33,76,58,-1,33,58,30,-1,75,74,77,-1,77,74,78,-1,76,75,79,-1,79,75,77,-1,76,79,80,-1,76,80,58,-1,58,80,81,-1,58,81,59,-1,59,81,82,-1,59,82,60,-1,60,82,83,-1,60,83,61,-1,61,83,84,-1,61,84,62,-1,62,84,85,-1,62,85,63,-1,63,85,86,-1,63,86,64,-1,64,86,87,-1,64,87,65,-1,65,87,88,-1,65,88,66,-1,66,88,89,-1,66,89,67,-1,67,89,90,-1,67,90,68,-1,68,90,91,-1,68,91,69,-1,69,91,92,-1,69,92,70,-1,70,92,93,-1,70,93,71,-1,71,93,94,-1,71,94,72,-1,72,94,95,-1,72,95,73,-1,74,73,78,-1,78,73,95,-1,96,97,98,-1,98,97,99,-1,97,100,99,-1,99,100,101,-1,100,102,101,-1,101,102,103,-1,102,104,103,-1,103,104,105,-1,104,106,105,-1,105,106,107,-1,106,108,107,-1,107,108,109,-1,108,110,109,-1,109,110,111,-1,110,112,111,-1,111,112,113,-1,112,114,113,-1,113,114,115,-1,114,116,115,-1,115,116,117,-1,116,118,117,-1,117,118,119,-1,118,96,119,-1,119,96,98,-1,96,118,116,-1,116,114,96,-1,96,114,112,-1,96,112,97,-1,102,100,104,-1,104,100,97,-1,104,97,106,-1,106,97,112,-1,106,112,108,-1,108,112,110,-1,120,121,122,-1,120,122,123,-1,123,122,124,-1,123,124,125,-1,125,124,126,-1,125,126,127,-1,127,126,128,-1,127,128,129,-1,129,128,130,-1,129,130,131,-1,120,132,121,-1,121,132,133,-1,134,135,136,-1,134,136,137,-1,137,136,138,-1,137,138,139,-1,139,138,140,-1,139,140,141,-1,141,140,142,-1,141,142,143,-1,143,142,133,-1,143,133,132,-1,144,145,146,-1,144,146,147,-1,147,146,148,-1,147,148,149,-1,149,148,150,-1,149,150,151,-1,151,150,152,-1,151,152,153,-1,153,152,154,-1,153,154,155,-1,155,154,156,-1,155,156,157,-1,157,156,135,-1,157,135,134,-1,158,159,160,-1,158,160,161,-1,161,160,162,-1,161,162,163,-1,163,162,164,-1,163,164,165,-1,165,164,166,-1,165,166,167,-1,167,166,168,-1,167,168,169,-1,169,168,170,-1,169,170,171,-1,171,170,145,-1,171,145,144,-1,172,173,174,-1,172,174,175,-1,175,174,176,-1,175,176,177,-1,177,176,178,-1,177,178,179,-1,179,178,159,-1,179,159,158,-1,172,180,173,-1,173,180,181,-1,182,183,184,-1,182,184,185,-1,185,184,186,-1,185,186,187,-1,186,188,187,-1,187,188,189,-1,187,189,190,-1,190,189,191,-1,190,191,192,-1,192,191,181,-1,192,181,180,-1,183,182,193,-1,193,182,194,-1,193,194,195,-1,195,194,196,-1,195,196,197,-1,197,196,198,-1,197,198,199,-1,199,198,200,-1,199,200,201,-1,202,203,204,-1,202,204,205,-1,205,204,206,-1,205,206,207,-1,207,206,201,-1,207,201,200,-1,131,130,208,-1,131,208,209,-1,209,208,210,-1,209,210,211,-1,211,210,212,-1,211,212,213,-1,213,212,214,-1,213,214,215,-1,215,214,216,-1,215,216,217,-1,217,216,218,-1,217,218,219,-1,219,218,203,-1,219,203,202,-1,132,120,123,-1,180,172,192,-1,192,172,175,-1,192,175,190,-1,190,175,177,-1,190,177,187,-1,187,177,179,-1,187,179,185,-1,185,179,158,-1,132,123,143,-1,143,123,125,-1,143,125,141,-1,141,125,127,-1,141,127,139,-1,139,127,129,-1,139,129,137,-1,137,129,131,-1,137,131,134,-1,134,131,209,-1,134,209,157,-1,157,209,211,-1,157,211,155,-1,155,211,213,-1,155,213,153,-1,153,213,215,-1,153,215,151,-1,151,215,217,-1,151,217,149,-1,149,217,219,-1,149,219,147,-1,147,219,202,-1,147,202,144,-1,144,202,171,-1,171,202,205,-1,171,205,169,-1,169,205,207,-1,169,207,167,-1,167,207,200,-1,167,200,165,-1,165,200,198,-1,165,198,163,-1,163,198,196,-1,163,196,161,-1,161,196,194,-1,161,194,158,-1,158,194,182,-1,158,182,185,-1,220,221,222,-1,222,221,223,-1,221,224,223,-1,223,224,225,-1,224,226,225,-1,225,226,227,-1,226,228,227,-1,227,228,229,-1,228,230,229,-1,229,230,231,-1,230,220,231,-1,231,220,222,-1,224,221,226,-1,226,221,220,-1,226,220,228,-1,228,220,230,-1,
        ]
    }
}
Shape{
    appearance Appearance {
        material  Material 	{
            diffuseColor 0.6470588235294118 0.6196078431372549 0.5882352941176471
            specularColor 0.45098039215686275 0.43529411764705883 0.4117647058823529
            ambientIntensity 0.6242
            transparency 0.0
            shininess 0.5
        }
    }
    geometry IndexedFaceSet {
        ccw TRUE
        solid FALSE
        coord DEF co Coordinate {
            point [
                -0.3828 0.0928 0.0, -0.3543 0.0327 0.0, -0.4106 0.0327 0.0, -0.172 0.1074 0.0, -0.172 -0.0178 0.0, -0.1831 0.1074 0.0, -0.1901 -0.0178 0.0, -0.2074 0.1066 0.0, -0.2128 -0.0172 0.0, -0.2315 0.103 0.0, -0.2649 0.0099 0.0, -0.2701 0.0218 0.0, -0.2729 0.0385 0.0, -0.273 0.0428 0.0, -0.2351 -0.0138 0.0, -0.2477 -0.008 0.0, -0.257 -0.0004 0.0, -0.2713 0.0595 0.0, -0.2667 0.0731 0.0, -0.2594 0.0846 0.0, -0.2503 0.0935 0.0, -0.2386 0.1004 0.0
            ]
        }
        coordIndex [
            0,1,2,-1,3,4,5,-1,5,4,6,-1,5,6,7,-1,7,6,8,-1,7,8,9,-1,10,11,8,-1,8,11,12,-1,8,12,13,-1,14,15,8,-1,8,15,16,-1,8,16,10,-1,13,17,8,-1,8,17,18,-1,8,18,19,-1,19,20,8,-1,8,20,21,-1,8,21,9,-1,
        ]
    }
}