#VRML V2.0 utf8
# 3D model generated by easyeda2kicad.py (https://github.com/uPesy/easyeda2kicad.py)

Shape{
    appearance Appearance {
        material  Material 	{
            diffuseColor 0.6666666666666666 0.6980392156862745 0.7686274509803922
            specularColor 0.3333333333333333 0.34901960784313724 0.3843137254901961
            ambientIntensity 0.6967
            transparency 0.0
            shininess 0.5
        }
    }
    geometry IndexedFaceSet {
        ccw TRUE
        solid FALSE
        coord DEF co Coordinate {
            point [
                1.8012 4.648 0.0315, 1.8012 4.377 0.0315, 1.565 4.648 0.0315, 1.565 4.377 0.0315, 1.8012 4.648 0.0709, 1.565 4.648 0.0709, 1.8012 4.377 0.0709, 1.565 4.377 0.0709, 1.8012 4.3671 0.0721, 1.565 4.3671 0.0721, 1.8012 4.3578 0.0759, 1.565 4.3578 0.0759, 1.8012 4.3498 0.0818, 1.565 4.3498 0.0818, 1.8012 4.3435 0.0896, 1.565 4.3435 0.0896, 1.8012 4.1534 0.3977, 1.565 4.1534 0.3977, 1.565 4.1346 0.421, 1.8012 4.1346 0.421, 1.565 4.1105 0.4388, 1.8012 4.1105 0.4388, 1.565 4.0826 0.45, 1.8012 4.0826 0.45, 1.565 4.0529 0.4538, 1.8012 4.0529 0.4538, 1.8012 2.2984 0.4538, 1.565 2.2984 0.4538, 1.8012 2.2928 0.4542, 1.565 2.2928 0.4542, 1.8012 1.5347 0.5633, 1.565 1.5347 0.5633, 1.565 1.51 0.5642, 1.8012 1.51 0.5642, 1.565 1.4857 0.56, 1.8012 1.4857 0.56, 1.565 1.4627 0.5509, 1.8012 1.4627 0.5509, 1.8012 1.055 0.3356, 1.565 1.055 0.3356, 1.8012 1.0734 0.3008, 1.565 1.0734 0.3008, 1.8012 1.4811 0.516, 1.565 1.4811 0.516, 1.8012 1.4964 0.5222, 1.565 1.4964 0.5222, 1.8012 1.5126 0.525, 1.565 1.5126 0.525, 1.8012 1.5291 0.5243, 1.565 1.5291 0.5243, 1.8012 2.2872 0.4152, 1.565 2.2872 0.4152, 1.565 2.2984 0.4144, 1.8012 2.2984 0.4144, 1.8012 4.0529 0.4144, 1.565 4.0529 0.4144, 1.8012 4.0727 0.4119, 1.565 4.0727 0.4119, 1.8012 4.0913 0.4044, 1.565 4.0913 0.4044, 1.8012 4.1074 0.3925, 1.565 4.1074 0.3925, 1.8012 4.1199 0.377, 1.565 4.1199 0.377, 1.8012 4.31 0.0689, 1.565 4.31 0.0689, 1.565 4.3226 0.0534, 1.8012 4.3226 0.0534, 1.565 4.3386 0.0415, 1.8012 4.3386 0.0415, 1.565 4.3572 0.034, 1.8012 4.3572 0.034, 1.1516 4.648 0.0315, 1.1516 4.377 0.0315, 0.9154 4.648 0.0315, 0.9154 4.377 0.0315, 1.1516 4.648 0.0709, 0.9154 4.648 0.0709, 1.1516 4.377 0.0709, 0.9154 4.377 0.0709, 1.1516 4.3671 0.0721, 0.9154 4.3671 0.0721, 1.1516 4.3578 0.0759, 0.9154 4.3578 0.0759, 1.1516 4.3498 0.0818, 0.9154 4.3498 0.0818, 1.1516 4.3435 0.0896, 0.9154 4.3435 0.0896, 1.1516 4.1534 0.3977, 0.9154 4.1534 0.3977, 0.9154 4.1346 0.421, 1.1516 4.1346 0.421, 0.9154 4.1105 0.4388, 1.1516 4.1105 0.4388, 0.9154 4.0826 0.45, 1.1516 4.0826 0.45, 0.9154 4.0529 0.4538, 1.1516 4.0529 0.4538, 1.1516 2.2984 0.4538, 0.9154 2.2984 0.4538, 1.1516 2.2928 0.4542, 0.9154 2.2928 0.4542, 1.1516 1.5347 0.5633, 0.9154 1.5347 0.5633, 0.9154 1.51 0.5642, 1.1516 1.51 0.5642, 0.9154 1.4857 0.56, 1.1516 1.4857 0.56, 0.9154 1.4627 0.5509, 1.1516 1.4627 0.5509, 1.1516 1.055 0.3356, 0.9154 1.055 0.3356, 1.1516 1.0734 0.3008, 0.9154 1.0734 0.3008, 1.1516 1.4811 0.516, 0.9154 1.4811 0.516, 1.1516 1.4964 0.5222, 0.9154 1.4964 0.5222, 1.1516 1.5126 0.525, 0.9154 1.5126 0.525, 1.1516 1.5291 0.5243, 0.9154 1.5291 0.5243, 1.1516 2.2872 0.4152, 0.9154 2.2872 0.4152, 0.9154 2.2984 0.4144, 1.1516 2.2984 0.4144, 1.1516 4.0529 0.4144, 0.9154 4.0529 0.4144, 1.1516 4.0727 0.4119, 0.9154 4.0727 0.4119, 1.1516 4.0913 0.4044, 0.9154 4.0913 0.4044, 1.1516 4.1074 0.3925, 0.9154 4.1074 0.3925, 1.1516 4.1199 0.377, 0.9154 4.1199 0.377, 1.1516 4.31 0.0689, 0.9154 4.31 0.0689, 0.9154 4.3226 0.0534, 1.1516 4.3226 0.0534, 0.9154 4.3386 0.0415, 1.1516 4.3386 0.0415, 0.9154 4.3572 0.034, 1.1516 4.3572 0.034, 0.502 4.648 0.0315, 0.502 4.377 0.0315, 0.2658 4.648 0.0315, 0.2658 4.377 0.0315, 0.502 4.648 0.0709, 0.2658 4.648 0.0709, 0.502 4.377 0.0709, 0.2658 4.377 0.0709, 0.502 4.3671 0.0721, 0.2658 4.3671 0.0721, 0.502 4.3578 0.0759, 0.2658 4.3578 0.0759, 0.502 4.3498 0.0818, 0.2658 4.3498 0.0818, 0.502 4.3435 0.0896, 0.2658 4.3435 0.0896, 0.502 4.1534 0.3977, 0.2658 4.1534 0.3977, 0.2658 4.1346 0.421, 0.502 4.1346 0.421, 0.2658 4.1105 0.4388, 0.502 4.1105 0.4388, 0.2658 4.0826 0.45, 0.502 4.0826 0.45, 0.2658 4.0529 0.4538, 0.502 4.0529 0.4538, 0.502 2.2984 0.4538, 0.2658 2.2984 0.4538, 0.502 2.2928 0.4542, 0.2658 2.2928 0.4542, 0.502 1.5347 0.5633, 0.2658 1.5347 0.5633, 0.2658 1.51 0.5642, 0.502 1.51 0.5642, 0.2658 1.4857 0.56, 0.502 1.4857 0.56, 0.2658 1.4627 0.5509, 0.502 1.4627 0.5509, 0.502 1.055 0.3356, 0.2658 1.055 0.3356, 0.502 1.0734 0.3008, 0.2658 1.0734 0.3008, 0.502 1.4811 0.516, 0.2658 1.4811 0.516, 0.502 1.4964 0.5222, 0.2658 1.4964 0.5222, 0.502 1.5126 0.525, 0.2658 1.5126 0.525, 0.502 1.5291 0.5243, 0.2658 1.5291 0.5243, 0.502 2.2872 0.4152, 0.2658 2.2872 0.4152, 0.2658 2.2984 0.4144, 0.502 2.2984 0.4144, 0.502 4.0529 0.4144, 0.2658 4.0529 0.4144, 0.502 4.0727 0.4119, 0.2658 4.0727 0.4119, 0.502 4.0913 0.4044, 0.2658 4.0913 0.4044, 0.502 4.1074 0.3925, 0.2658 4.1074 0.3925, 0.502 4.1199 0.377, 0.2658 4.1199 0.377, 0.502 4.31 0.0689, 0.2658 4.31 0.0689, 0.2658 4.3226 0.0534, 0.502 4.3226 0.0534, 0.2658 4.3386 0.0415, 0.502 4.3386 0.0415, 0.2658 4.3572 0.034, 0.502 4.3572 0.034, 5.7913 4.0969 0.0118, 5.7913 1.815 0.0118, 5.7677 4.0969 0.0118, 5.7913 -0.4669 0.0118, 5.7677 -3.6512 0.0118, 5.7913 -2.7488 0.0118, 5.7913 -3.6512 0.0118, -5.5157 -4.7142 0.0118, -5.4921 -4.7142 0.0118, -5.5157 -5.0307 0.0118, -5.4921 -7.3126 0.0118, -5.5157 -7.3126 0.0118, -5.4921 4.0969 0.0118, -5.5157 4.0969 0.0118, -5.52 4.0969 0.0155, -3.665 4.0969 1.1811, -3.665 4.0969 1.1417, -5.4528 4.0969 1.1811, -5.4528 4.0969 1.1417, -5.4731 4.0969 1.1784, -5.4629 4.0969 1.1404, -5.4921 4.0969 1.1706, -5.4724 4.0969 1.1365, -5.5084 4.0969 1.158, -5.4806 4.0969 1.1302, -5.5209 4.0969 1.1417, -5.4868 4.0969 1.122, -5.5288 4.0969 1.1227, -5.4908 4.0969 1.1126, -5.5315 4.0969 1.1024, -5.4921 4.0969 1.1024, -5.5315 4.0969 0.0433, -5.5262 4.0969 0.0236, -5.5302 4.0969 0.0331, 5.2165 -5.5475 1.1417, 5.2165 -5.5475 1.1811, 5.2165 -5.8643 1.1417, 5.2165 -5.8643 1.1811, -4.9409 -7.1008 1.1417, -4.9409 -7.1008 1.1811, -4.9409 -6.9067 1.1417, -4.9409 -6.9067 1.1811, 5.7284 -5.5475 1.1417, 5.7284 -4.1903 1.1417, 5.7385 -5.5475 1.1404, 5.7385 -4.1903 1.1404, 5.748 -5.5475 1.1365, 5.748 -4.1903 1.1365, 5.7562 -5.5475 1.1302, 5.7562 -4.1903 1.1302, 5.7624 -5.5475 1.122, 5.7624 -4.1903 1.122, 5.7664 -5.5475 1.1126, 5.7664 -4.1903 1.1126, 5.7677 -5.5475 1.1024, 5.7677 -4.1903 1.1024, 5.8071 -5.5475 1.1024, 5.8071 -4.1903 1.1024, 5.8044 -4.1903 1.1227, 5.8044 -5.5475 1.1227, 5.7965 -4.1903 1.1417, 5.7965 -5.5475 1.1417, 5.784 -4.1903 1.158, 5.784 -5.5475 1.158, 5.7677 -4.1903 1.1706, 5.7677 -5.5475 1.1706, 5.7487 -4.1903 1.1784, 5.7487 -5.5475 1.1784, 5.7284 -4.1903 1.1811, 5.7284 -5.5475 1.1811, -5.5302 -7.3126 0.0331, -5.5262 -7.3126 0.0236, -5.52 -7.3126 0.0155, -4.9972 -7.3126 1.1417, -4.9972 -7.3126 1.1811, -5.4528 -7.3126 1.1417, -5.4528 -7.3126 1.1811, -5.4629 -7.3126 1.1404, -5.4731 -7.3126 1.1784, -5.4724 -7.3126 1.1365, -5.4921 -7.3126 1.1706, -5.4806 -7.3126 1.1302, -5.5084 -7.3126 1.158, -5.4868 -7.3126 1.122, -5.5209 -7.3126 1.1417, -5.4908 -7.3126 1.1126, -5.5288 -7.3126 1.1227, -5.4921 -7.3126 1.1024, -5.5315 -7.3126 1.1024, -5.5315 -7.3126 0.0433, 5.7677 -0.3557 1.063, 5.7677 -0.3557 1.1024, 5.7677 4.0969 1.1024, 5.7677 -7.3126 0.0118, 5.7677 -7.3126 1.1024, 5.7677 -7.1008 1.1024, 5.7677 -1.714 0.3902, 5.7677 -2.6132 0.3902, 5.7677 -4.1903 1.063, 5.7677 -2.6132 0.8193, 5.7677 -3.6512 0.0433, 5.7677 -4.2417 0.0433, 5.7677 -7.1008 0.3902, 5.7677 -5.5475 0.3902, 5.7677 -4.2417 0.0118, 5.7677 3.4041 0.8193, 5.7677 3.4041 0.3902, 5.7677 2.5049 0.3902, 5.7677 2.5049 0.8193, 5.7677 -1.714 0.8193, 5.7284 -7.3126 1.1417, 5.7284 -7.1008 1.1417, 5.7385 -7.3126 1.1404, 5.7385 -7.1008 1.1404, 5.748 -7.3126 1.1365, 5.748 -7.1008 1.1365, 5.7562 -7.3126 1.1302, 5.7562 -7.1008 1.1302, 5.7624 -7.3126 1.122, 5.7624 -7.1008 1.122, 5.7664 -7.3126 1.1126, 5.7664 -7.1008 1.1126, 5.7284 -0.3557 1.1417, 5.7284 4.0969 1.1417, 5.7385 -0.3557 1.1404, 5.7385 4.0969 1.1404, 5.748 -0.3557 1.1365, 5.748 4.0969 1.1365, 5.7562 -0.3557 1.1302, 5.7562 4.0969 1.1302, 5.7624 -0.3557 1.122, 5.7624 4.0969 1.122, 5.7664 -0.3557 1.1126, 5.7664 4.0969 1.1126, -5.4528 -7.1008 1.1417, -4.8551 -7.2952 1.1417, -4.9409 -5.5475 1.1417, -2.0356 -5.1012 1.1417, -2.6184 -5.3652 1.1417, -5.4528 -5.5475 1.1417, -5.4528 -1.4949 1.1417, -5.3346 -1.4949 1.1417, 4.1516 4.0969 1.1417, -3.1649 -5.698 1.1417, -3.6671 -6.0945 1.1417, -4.9409 -5.8643 1.1417, -4.1174 -6.549 1.1417, 4.7004 -0.3557 1.1417, 4.6829 -0.3577 1.1417, 4.6663 -0.3635 1.1417, 4.6514 -0.3729 1.1417, 4.6389 -0.3854 1.1417, 4.6295 -0.4003 1.1417, -4.7553 0.9921 1.1417, -4.7719 0.9862 1.1417, -4.7868 0.9769 1.1417, -4.7993 0.9644 1.1417, -4.5093 -7.0548 1.1417, -4.6038 -7.1624 1.1417, -4.7213 -7.2442 1.1417, 4.6237 -0.417 1.1417, 4.6217 -0.4345 1.1417, 4.6217 -4.1116 1.1417, 4.6514 -4.1731 1.1417, 4.6663 -4.1825 1.1417, -4.8087 0.9495 1.1417, -4.8145 0.9328 1.1417, -4.8165 0.9153 1.1417, 4.6237 -4.1291 1.1417, 4.6295 -4.1457 1.1417, 4.6389 -4.1607 1.1417, -4.8087 -1.4257 1.1417, -4.7993 -1.4407 1.1417, -4.8145 -1.4091 1.1417, -4.7868 -1.4531 1.1417, -4.7719 -1.4625 1.1417, -4.7553 -1.4684 1.1417, -4.7377 -1.4703 1.1417, -4.4862 -1.4703 1.1417, -4.4687 -1.4684 1.1417, -1.4251 -4.9098 1.1417, 4.7004 -4.1903 1.1417, 4.6829 -4.1883 1.1417, -4.452 -1.4625 1.1417, -4.4371 -1.4531 1.1417, -0.7959 -4.7938 1.1417, -4.4246 -1.4407 1.1417, -4.452 0.9862 1.1417, -4.4371 0.9769 1.1417, -4.4246 0.9644 1.1417, -4.4687 0.9921 1.1417, -4.4862 0.994 1.1417, -4.7377 0.994 1.1417, -5.4528 0.9984 1.1417, -5.3346 0.9984 1.1417, -4.8165 -1.3916 1.1417, -4.4075 -1.3916 1.1417, -4.4075 0.9153 1.1417, -4.4094 0.9328 1.1417, -4.4153 0.9495 1.1417, 3.3526 -6.0945 1.1417, 2.8505 -5.698 1.1417, 2.304 -5.3652 1.1417, 1.7212 -5.1012 1.1417, 1.1107 -4.9098 1.1417, -4.4153 -1.4257 1.1417, 0.4814 -4.7938 1.1417, -0.1572 -4.7549 1.1417, -4.4094 -1.4091 1.1417, 5.2165 -7.1008 1.1417, 4.6828 -7.3126 1.1417, 5.2165 -6.9067 1.1417, 4.5407 -7.2952 1.1417, 4.4069 -7.2442 1.1417, 4.2893 -7.1624 1.1417, 4.1949 -7.0548 1.1417, 3.803 -6.549 1.1417, -5.4528 0.9984 1.1811, -5.3346 0.9984 1.1811, -5.4528 -5.5475 1.1811, -4.9409 -5.5475 1.1811, -5.4528 -1.4949 1.1811, -5.3346 -1.4949 1.1811, -3.6671 -6.0945 1.1811, -3.1649 -5.698 1.1811, 4.6237 -0.417 1.1811, 4.6295 -0.4003 1.1811, -4.4075 0.9153 1.1811, 4.6389 -0.3854 1.1811, 4.6514 -0.3729 1.1811, 4.6663 -0.3635 1.1811, 4.6829 -0.3577 1.1811, -0.7959 -4.7938 1.1811, -0.1572 -4.7549 1.1811, -4.4246 -1.4407 1.1811, -4.5093 -7.0548 1.1811, -4.1174 -6.549 1.1811, -4.4094 -1.4091 1.1811, 5.2165 -6.9067 1.1811, -4.4075 -1.3916 1.1811, -4.4153 -1.4257 1.1811, -4.4687 -1.4684 1.1811, -4.4862 -1.4703 1.1811, -2.0356 -5.1012 1.1811, -4.7377 -1.4703 1.1811, -4.7553 -1.4684 1.1811, -4.7553 0.9921 1.1811, -4.7377 0.994 1.1811, -4.4862 0.994 1.1811, -4.4687 0.9921 1.1811, 4.7004 -0.3557 1.1811, 5.7284 -0.3557 1.1811, -4.4094 0.9328 1.1811, 5.7284 4.0969 1.1811, -4.9409 -5.8643 1.1811, -5.1637 -5.8643 1.1811, -5.1637 -6.9067 1.1811, 4.6237 -4.1291 1.1811, 4.6295 -4.1457 1.1811, 4.6389 -4.1607 1.1811, -1.4251 -4.9098 1.1811, -4.4371 -1.4531 1.1811, -4.452 -1.4625 1.1811, -2.6184 -5.3652 1.1811, -4.7719 -1.4625 1.1811, -4.452 0.9862 1.1811, -4.4371 0.9769 1.1811, 4.1516 4.0969 1.1811, -4.4246 0.9644 1.1811, -4.4153 0.9495 1.1811, -5.4528 -7.1008 1.1811, 4.6829 -4.1883 1.1811, 4.6663 -4.1825 1.1811, 4.6514 -4.1731 1.1811, 4.6217 -4.1116 1.1811, 4.6217 -0.4345 1.1811, -4.7868 -1.4531 1.1811, -4.7993 -1.4407 1.1811, -4.8087 -1.4257 1.1811, -4.7868 0.9769 1.1811, -4.7719 0.9862 1.1811, -4.8551 -7.2952 1.1811, -4.7213 -7.2442 1.1811, -4.6038 -7.1624 1.1811, 5.4393 -6.9067 1.1811, 5.4393 -5.8643 1.1811, 4.7004 -4.1903 1.1811, 0.4814 -4.7938 1.1811, 1.1107 -4.9098 1.1811, -4.8145 0.9328 1.1811, -4.8087 0.9495 1.1811, -4.7993 0.9644 1.1811, 2.8505 -5.698 1.1811, 2.304 -5.3652 1.1811, 1.7212 -5.1012 1.1811, 3.3526 -6.0945 1.1811, 3.803 -6.549 1.1811, 4.1949 -7.0548 1.1811, 5.7284 -7.3126 1.1811, 5.7284 -7.1008 1.1811, 4.6828 -7.3126 1.1811, 5.2165 -7.1008 1.1811, 4.5407 -7.2952 1.1811, -4.8145 -1.4091 1.1811, -4.8165 -1.3916 1.1811, -4.8165 0.9153 1.1811, 4.2893 -7.1624 1.1811, 4.4069 -7.2442 1.1811, 5.8071 -7.3126 1.1024, 5.8071 -7.1008 1.1024, 5.8044 -7.1008 1.1227, 5.8044 -7.3126 1.1227, 5.7965 -7.1008 1.1417, 5.7965 -7.3126 1.1417, 5.784 -7.1008 1.158, 5.784 -7.3126 1.158, 5.7677 -7.1008 1.1706, 5.7677 -7.3126 1.1706, 5.7487 -7.1008 1.1784, 5.7487 -7.3126 1.1784, 5.8071 -0.3557 1.1024, 5.8071 4.0969 1.1024, 5.8044 4.0969 1.1227, 5.8044 -0.3557 1.1227, 5.7965 4.0969 1.1417, 5.7965 -0.3557 1.1417, 5.784 4.0969 1.158, 5.784 -0.3557 1.158, 5.7677 4.0969 1.1706, 5.7677 -0.3557 1.1706, 5.7487 4.0969 1.1784, 5.7487 -0.3557 1.1784, 5.8071 1.815 0.0433, 5.8071 2.5049 0.3902, 5.8071 2.5049 0.8193, 5.8071 -2.6132 0.3902, 5.8071 -2.6132 0.8193, 5.8071 -7.1008 0.3902, 5.8071 -7.3126 0.0433, 5.8071 -5.5475 0.3902, 5.8071 -5.0307 0.0433, 5.8071 3.4041 0.3902, 5.8071 4.0969 0.0433, 5.8071 3.4041 0.8193, 5.8071 -0.3557 1.063, 5.8071 -0.4669 0.0433, 5.8071 -4.1903 1.063, 5.8071 -1.714 0.8193, 5.8071 -1.714 0.3902, 5.8071 -2.7488 0.0433, -5.4921 -5.5475 1.1024, -5.4921 -1.4949 1.1024, -5.4908 -5.5475 1.1126, -5.4908 -1.4949 1.1126, -5.4868 -5.5475 1.122, -5.4868 -1.4949 1.122, -5.4806 -5.5475 1.1302, -5.4806 -1.4949 1.1302, -5.4724 -5.5475 1.1365, -5.4724 -1.4949 1.1365, -5.4629 -5.5475 1.1404, -5.4629 -1.4949 1.1404, -5.4731 -1.4949 1.1784, -5.4731 -5.5475 1.1784, -5.4921 -1.4949 1.1706, -5.4921 -5.5475 1.1706, -5.5084 -1.4949 1.158, -5.5084 -5.5475 1.158, -5.5209 -1.4949 1.1417, -5.5209 -5.5475 1.1417, -5.5288 -1.4949 1.1227, -5.5288 -5.5475 1.1227, -5.5315 -1.4949 1.1024, -5.5315 -5.5475 1.1024, -5.4809 0.9984 1.1299, -5.4809 -1.403 1.1299, -5.4868 -1.403 1.122, -5.4629 0.9984 1.1404, -5.4724 0.9984 1.1365, -5.4806 0.9984 1.1302, -5.4921 -1.403 1.1024, -5.4908 -1.403 1.1126, -5.4731 0.9984 1.1784, -5.4921 0.9984 1.1706, -5.5084 0.9984 1.158, -5.5209 0.9984 1.1417, -5.5288 -1.403 1.1227, -5.5265 -1.403 1.1299, -5.5265 0.9984 1.1299, -5.5315 -1.403 1.1024, 5.8057 4.0969 0.0331, 5.8018 4.0969 0.0236, 5.7956 4.0969 0.0155, 5.7913 -7.3126 0.0118, 5.7913 -5.0307 0.0118, 5.7913 -4.2417 0.0118, -5.4921 -7.1008 1.1024, -5.4908 -7.1008 1.1126, -5.4868 -7.1008 1.122, -5.4806 -7.1008 1.1302, -5.4724 -7.1008 1.1365, -5.4629 -7.1008 1.1404, -5.4921 -7.1008 0.3902, -5.4921 -5.5475 0.3902, -5.4921 -4.7142 0.0433, -5.4921 -1.403 0.6865, -5.4921 0.9984 0.6865, -5.4921 3.4041 0.3902, -5.4921 3.4041 0.8193, -5.4921 2.5049 0.8193, -5.4921 -2.6132 0.8193, -5.4921 -4.1236 0.0433, -5.4921 -2.6132 0.3902, -5.4921 -4.1236 0.0118, -5.4921 -1.714 0.3902, -5.4921 2.5049 0.3902, -5.4921 0.9984 0.523, -5.4921 -1.4949 0.523, -5.4921 -1.714 0.8193, -5.5157 -4.1236 0.0118, -5.5157 -2.7488 0.0118, -5.5157 -0.4669 0.0118, -5.5157 1.815 0.0118, -5.5315 0.9984 0.6865, -5.5315 -1.403 0.6865, -5.5315 -7.1008 1.1024, -5.5315 -7.1008 0.3902, -5.5315 -5.0307 0.0433, -5.5315 -5.5475 0.3902, -5.5315 -1.4949 0.523, -5.5315 -1.714 0.8193, -5.5315 -2.6132 0.8193, -5.5315 -2.6132 0.3902, -5.5315 -2.7488 0.0433, -5.5315 -1.714 0.3902, -5.5315 -0.4669 0.0433, -5.5315 1.815 0.0433, -5.5315 0.9984 0.523, -5.5315 2.5049 0.8193, -5.5315 2.5049 0.3902, -5.5315 3.4041 0.3902, -5.5315 3.4041 0.8193, -5.4731 -7.1008 1.1784, -5.4921 -7.1008 1.1706, -5.5084 -7.1008 1.158, -5.5209 -7.1008 1.1417, -5.5288 -7.1008 1.1227, 5.7956 -7.3126 0.0155, 5.8018 -7.3126 0.0236, 5.8057 -7.3126 0.0331, -4.9409 -6.9067 0.9843, -4.9409 -5.8643 0.9843, -5.2424 -6.9067 0.9843, -5.2424 -6.9067 1.1024, -5.2397 -6.9067 1.1227, -5.2319 -6.9067 1.1417, -5.1841 -6.9067 1.1784, -5.203 -6.9067 1.1706, -5.2194 -6.9067 1.158, -5.2424 -5.8643 1.1024, -5.2424 -5.8643 0.9843, -5.2397 -5.8643 1.1227, -5.2319 -5.8643 1.1417, -5.2194 -5.8643 1.158, -5.203 -5.8643 1.1706, -5.1841 -5.8643 1.1784, 5.2165 -5.8643 0.9843, 5.2165 -6.9067 0.9843, 5.518 -5.8643 0.9843, 5.518 -5.8643 1.1024, 5.5153 -5.8643 1.1227, 5.5075 -5.8643 1.1417, 5.4597 -5.8643 1.1784, 5.4786 -5.8643 1.1706, 5.495 -5.8643 1.158, 5.518 -6.9067 1.1024, 5.518 -6.9067 0.9843, 5.5153 -6.9067 1.1227, 5.5075 -6.9067 1.1417, 5.495 -6.9067 1.158, 5.4786 -6.9067 1.1706, 5.4597 -6.9067 1.1784, -3.665 4.0969 0.7366, 4.1516 4.0969 0.7366, -3.665 4.1362 0.7366, -3.665 4.1362 1.1417, -3.665 4.1349 1.1519, -3.665 4.107 1.1798, -3.665 4.1165 1.1758, -3.665 4.1247 1.1696, -3.665 4.1309 1.1614, 4.1516 4.1362 0.7366, 4.1516 4.107 1.1798, 4.1516 4.1362 1.1417, 4.1516 4.1349 1.1519, 4.1516 4.1309 1.1614, 4.1516 4.1247 1.1696, 4.1516 4.1165 1.1758, -5.1378 -4.7142 0.0433, -5.1378 -4.7142 0.0039, -5.5118 -4.7142 0.0092, -5.5023 -4.7142 0.0053, -5.4921 -4.7142 0.0039, -5.1378 -4.1236 0.0433, -5.1378 -4.1236 0.0039, -5.4921 -4.1236 0.0039, -5.5023 -4.1236 0.0053, -5.5118 -4.1236 0.0092, 5.4134 -3.6512 0.0433, 5.4134 -4.2417 0.0433, 5.4134 -3.6512 0.0039, 5.7874 -3.6512 0.0092, 5.7779 -3.6512 0.0053, 5.7677 -3.6512 0.0039, 5.4134 -4.2417 0.0039, 5.7677 -4.2417 0.0039, 5.7779 -4.2417 0.0053, 5.7874 -4.2417 0.0092, 5.7956 1.815 0.0155, 5.7956 -0.4669 0.0155, 5.7956 -2.7488 0.0155, 5.7956 -5.0307 0.0155, 5.8018 1.815 0.0236, 5.8018 -0.4669 0.0236, 5.8018 -2.7488 0.0236, 5.8018 -5.0307 0.0236, 5.8057 1.815 0.0331, 5.8057 -0.4669 0.0331, 5.8057 -2.7488 0.0331, 5.8057 -5.0307 0.0331, -5.52 -5.0307 0.0155, -5.52 -2.7488 0.0155, -5.52 1.815 0.0155, -5.52 -0.4669 0.0155, -5.5262 -5.0307 0.0236, -5.5262 -2.7488 0.0236, -5.5262 -0.4669 0.0236, -5.5262 1.815 0.0236, -5.5302 -5.0307 0.0331, -5.5302 -2.7488 0.0331, -5.5302 -0.4669 0.0331, -5.5302 1.815 0.0331, 3.7655 4.6471 0.0315, 3.7655 4.3766 0.0315, 3.5293 4.6471 0.0315, 3.5293 4.3766 0.0315, 3.7655 4.6471 0.0709, 3.5293 4.6471 0.0709, 3.7655 4.3766 0.0709, 3.5293 4.3766 0.0709, 3.7655 4.3666 0.0722, 3.5293 4.3666 0.0722, 3.7655 4.3572 0.076, 3.5293 4.3572 0.076, 3.7655 4.3491 0.082, 3.5293 4.3491 0.082, 3.7655 4.3428 0.0899, 3.5293 4.3428 0.0899, 3.7655 4.1479 0.413, 3.5293 4.1479 0.413, 3.5293 4.1353 0.4288, 3.7655 4.1353 0.4288, 3.5293 4.1192 0.4409, 3.7655 4.1192 0.4409, 3.5293 4.1005 0.4485, 3.7655 4.1005 0.4485, 3.5293 4.0805 0.4511, 3.7655 4.0805 0.4511, 3.7655 4.0326 0.4511, 3.5293 4.0326 0.4511, 3.7655 2.2912 0.4546, 3.5293 2.2912 0.4546, 3.7655 2.2873 0.4548, 3.5293 2.2873 0.4548, 3.7655 0.6046 0.6275, 3.5293 0.6046 0.6275, 3.5293 0.5835 0.6277, 3.7655 0.5835 0.6277, 3.5293 0.5627 0.6242, 3.7655 0.5627 0.6242, 3.5293 0.5428 0.6171, 3.7655 0.5428 0.6171, 3.7655 -0.0637 0.3353, 3.5293 -0.0637 0.3353, 3.7655 -0.0471 0.2996, 3.5293 -0.0471 0.2996, 3.7655 0.5594 0.5814, 3.5293 0.5594 0.5814, 3.7655 0.5727 0.5861, 3.5293 0.5727 0.5861, 3.7655 0.5865 0.5885, 3.5293 0.5865 0.5885, 3.7655 0.6006 0.5883, 3.5293 0.6006 0.5883, 3.7655 2.2833 0.4156, 3.5293 2.2833 0.4156, 3.5293 2.2912 0.4152, 3.7655 2.2912 0.4152, 3.7655 4.0325 0.4117, 3.5293 4.0325 0.4117, 3.7655 4.0805 0.4117, 3.5293 4.0805 0.4117, 3.7655 4.0905 0.4104, 3.5293 4.0905 0.4104, 3.7655 4.0998 0.4066, 3.5293 4.0998 0.4066, 3.7655 4.1079 0.4006, 3.5293 4.1079 0.4006, 3.7655 4.1142 0.3927, 3.5293 4.1142 0.3927, 3.7655 4.3091 0.0696, 3.5293 4.3091 0.0696, 3.5293 4.3217 0.0538, 3.7655 4.3217 0.0538, 3.5293 4.3378 0.0417, 3.7655 4.3378 0.0417, 3.5293 4.3565 0.0341, 3.7655 4.3565 0.0341, 5.6475 -0.572 0.8647, 5.6475 -0.572 0.904, 5.6475 -1.1173 0.8647, 5.6475 -1.1173 0.904, 5.62 -1.1774 0.8647, 4.7813 -1.1774 0.8647, 4.7813 -0.572 0.8647, 4.7813 -0.572 0.904, 4.7813 -1.1774 0.904, 5.62 -1.1774 0.904, 4.7813 -1.2565 0.9068, 5.5839 -1.2565 0.9068, 4.7813 -1.3351 0.915, 5.5479 -1.3351 0.915, 5.3862 -1.7607 0.9743, 5.3965 -1.6846 0.9637, 5.4215 -1.6119 0.9536, 4.7813 -3.4419 1.2088, 5.6466 -3.4419 1.2088, 5.3908 -1.8375 0.985, 5.6475 -3.4473 1.2095, 4.7813 -3.526 1.2175, 5.6475 -3.526 1.2175, 4.7813 -3.6104 1.2205, 5.6475 -3.6104 1.2205, 5.6475 -4.1903 1.2205, 4.7813 -4.1903 1.2205, 5.6475 -4.1903 1.1811, 4.7813 -4.1903 1.1811, 5.6475 -3.6104 1.1811, 4.7813 -3.6104 1.1811, 5.6475 -3.5287 1.1783, 4.7813 -3.5287 1.1783, 5.6475 -3.4473 1.1698, 4.7813 -3.4473 1.1698, 5.3965 -1.6846 0.924, 4.7813 -1.3406 0.876, 5.4215 -1.6119 0.9138, 5.5454 -1.3406 0.876, 5.3908 -1.8375 0.9453, 5.3862 -1.7607 0.9346, 4.7813 -1.2592 0.8675, 5.5826 -1.2592 0.8675
            ]
        }
        coordIndex [
            0,1,2,-1,2,1,3,-1,4,0,5,-1,5,0,2,-1,6,4,7,-1,7,4,5,-1,6,7,8,-1,8,7,9,-1,8,9,10,-1,10,9,11,-1,10,11,12,-1,12,11,13,-1,12,13,14,-1,14,13,15,-1,16,14,17,-1,17,14,15,-1,16,17,18,-1,16,18,19,-1,19,18,20,-1,19,20,21,-1,21,20,22,-1,21,22,23,-1,23,22,24,-1,23,24,25,-1,26,25,27,-1,27,25,24,-1,26,27,28,-1,28,27,29,-1,30,28,31,-1,31,28,29,-1,30,31,32,-1,30,32,33,-1,33,32,34,-1,33,34,35,-1,35,34,36,-1,35,36,37,-1,38,37,39,-1,39,37,36,-1,40,38,41,-1,41,38,39,-1,42,40,43,-1,43,40,41,-1,42,43,44,-1,44,43,45,-1,44,45,46,-1,46,45,47,-1,46,47,48,-1,48,47,49,-1,50,48,51,-1,51,48,49,-1,51,52,50,-1,50,52,53,-1,54,53,55,-1,55,53,52,-1,54,55,56,-1,56,55,57,-1,56,57,58,-1,58,57,59,-1,58,59,60,-1,60,59,61,-1,60,61,62,-1,62,61,63,-1,64,62,65,-1,65,62,63,-1,64,65,66,-1,64,66,67,-1,67,66,68,-1,67,68,69,-1,69,68,70,-1,69,70,71,-1,71,70,3,-1,71,3,1,-1,38,40,37,-1,37,40,42,-1,37,42,35,-1,35,42,44,-1,35,44,33,-1,33,44,46,-1,33,46,30,-1,30,46,48,-1,30,48,28,-1,28,48,50,-1,28,50,26,-1,26,50,53,-1,26,53,25,-1,25,53,54,-1,25,54,23,-1,23,54,56,-1,23,56,21,-1,21,56,58,-1,21,58,19,-1,19,58,60,-1,19,60,16,-1,16,60,62,-1,16,62,14,-1,14,62,64,-1,14,64,12,-1,12,64,67,-1,12,67,10,-1,10,67,69,-1,10,69,8,-1,8,69,71,-1,8,71,6,-1,6,71,1,-1,6,1,4,-1,4,1,0,-1,5,2,7,-1,7,2,3,-1,7,3,9,-1,9,3,70,-1,9,70,11,-1,11,70,68,-1,11,68,13,-1,13,68,66,-1,13,66,15,-1,15,66,65,-1,15,65,17,-1,17,65,63,-1,17,63,18,-1,18,63,61,-1,18,61,20,-1,20,61,59,-1,20,59,22,-1,22,59,57,-1,22,57,24,-1,24,57,55,-1,24,55,27,-1,27,55,52,-1,27,52,29,-1,29,52,51,-1,29,51,31,-1,31,51,49,-1,31,49,32,-1,32,49,47,-1,32,47,34,-1,34,47,45,-1,34,45,36,-1,36,45,43,-1,36,43,39,-1,39,43,41,-1,72,73,74,-1,74,73,75,-1,76,72,77,-1,77,72,74,-1,78,76,79,-1,79,76,77,-1,78,79,80,-1,80,79,81,-1,80,81,82,-1,82,81,83,-1,82,83,84,-1,84,83,85,-1,84,85,86,-1,86,85,87,-1,88,86,89,-1,89,86,87,-1,88,89,90,-1,88,90,91,-1,91,90,92,-1,91,92,93,-1,93,92,94,-1,93,94,95,-1,95,94,96,-1,95,96,97,-1,98,97,99,-1,99,97,96,-1,98,99,100,-1,100,99,101,-1,102,100,103,-1,103,100,101,-1,102,103,104,-1,102,104,105,-1,105,104,106,-1,105,106,107,-1,107,106,108,-1,107,108,109,-1,110,109,111,-1,111,109,108,-1,112,110,113,-1,113,110,111,-1,114,112,115,-1,115,112,113,-1,114,115,116,-1,116,115,117,-1,116,117,118,-1,118,117,119,-1,118,119,120,-1,120,119,121,-1,122,120,123,-1,123,120,121,-1,123,124,122,-1,122,124,125,-1,126,125,127,-1,127,125,124,-1,126,127,128,-1,128,127,129,-1,128,129,130,-1,130,129,131,-1,130,131,132,-1,132,131,133,-1,132,133,134,-1,134,133,135,-1,136,134,137,-1,137,134,135,-1,136,137,138,-1,136,138,139,-1,139,138,140,-1,139,140,141,-1,141,140,142,-1,141,142,143,-1,143,142,75,-1,143,75,73,-1,110,112,109,-1,109,112,114,-1,109,114,107,-1,107,114,116,-1,107,116,105,-1,105,116,118,-1,105,118,102,-1,102,118,120,-1,102,120,100,-1,100,120,122,-1,100,122,98,-1,98,122,125,-1,98,125,97,-1,97,125,126,-1,97,126,95,-1,95,126,128,-1,95,128,93,-1,93,128,130,-1,93,130,91,-1,91,130,132,-1,91,132,88,-1,88,132,134,-1,88,134,86,-1,86,134,136,-1,86,136,84,-1,84,136,139,-1,84,139,82,-1,82,139,141,-1,82,141,80,-1,80,141,143,-1,80,143,78,-1,78,143,73,-1,78,73,76,-1,76,73,72,-1,77,74,79,-1,79,74,75,-1,79,75,81,-1,81,75,142,-1,81,142,83,-1,83,142,140,-1,83,140,85,-1,85,140,138,-1,85,138,87,-1,87,138,137,-1,87,137,89,-1,89,137,135,-1,89,135,90,-1,90,135,133,-1,90,133,92,-1,92,133,131,-1,92,131,94,-1,94,131,129,-1,94,129,96,-1,96,129,127,-1,96,127,99,-1,99,127,124,-1,99,124,101,-1,101,124,123,-1,101,123,103,-1,103,123,121,-1,103,121,104,-1,104,121,119,-1,104,119,106,-1,106,119,117,-1,106,117,108,-1,108,117,115,-1,108,115,111,-1,111,115,113,-1,144,145,146,-1,146,145,147,-1,148,144,149,-1,149,144,146,-1,150,148,151,-1,151,148,149,-1,150,151,152,-1,152,151,153,-1,152,153,154,-1,154,153,155,-1,154,155,156,-1,156,155,157,-1,156,157,158,-1,158,157,159,-1,160,158,161,-1,161,158,159,-1,160,161,162,-1,160,162,163,-1,163,162,164,-1,163,164,165,-1,165,164,166,-1,165,166,167,-1,167,166,168,-1,167,168,169,-1,170,169,171,-1,171,169,168,-1,170,171,172,-1,172,171,173,-1,174,172,175,-1,175,172,173,-1,174,175,176,-1,174,176,177,-1,177,176,178,-1,177,178,179,-1,179,178,180,-1,179,180,181,-1,182,181,183,-1,183,181,180,-1,184,182,185,-1,185,182,183,-1,186,184,187,-1,187,184,185,-1,186,187,188,-1,188,187,189,-1,188,189,190,-1,190,189,191,-1,190,191,192,-1,192,191,193,-1,194,192,195,-1,195,192,193,-1,195,196,194,-1,194,196,197,-1,198,197,199,-1,199,197,196,-1,198,199,200,-1,200,199,201,-1,200,201,202,-1,202,201,203,-1,202,203,204,-1,204,203,205,-1,204,205,206,-1,206,205,207,-1,208,206,209,-1,209,206,207,-1,208,209,210,-1,208,210,211,-1,211,210,212,-1,211,212,213,-1,213,212,214,-1,213,214,215,-1,215,214,147,-1,215,147,145,-1,182,184,181,-1,181,184,186,-1,181,186,179,-1,179,186,188,-1,179,188,177,-1,177,188,190,-1,177,190,174,-1,174,190,192,-1,174,192,172,-1,172,192,194,-1,172,194,170,-1,170,194,197,-1,170,197,169,-1,169,197,198,-1,169,198,167,-1,167,198,200,-1,167,200,165,-1,165,200,202,-1,165,202,163,-1,163,202,204,-1,163,204,160,-1,160,204,206,-1,160,206,158,-1,158,206,208,-1,158,208,156,-1,156,208,211,-1,156,211,154,-1,154,211,213,-1,154,213,152,-1,152,213,215,-1,152,215,150,-1,150,215,145,-1,150,145,148,-1,148,145,144,-1,149,146,151,-1,151,146,147,-1,151,147,153,-1,153,147,214,-1,153,214,155,-1,155,214,212,-1,155,212,157,-1,157,212,210,-1,157,210,159,-1,159,210,209,-1,159,209,161,-1,161,209,207,-1,161,207,162,-1,162,207,205,-1,162,205,164,-1,164,205,203,-1,164,203,166,-1,166,203,201,-1,166,201,168,-1,168,201,199,-1,168,199,171,-1,171,199,196,-1,171,196,173,-1,173,196,195,-1,173,195,175,-1,175,195,193,-1,175,193,176,-1,176,193,191,-1,176,191,178,-1,178,191,189,-1,178,189,180,-1,180,189,187,-1,180,187,183,-1,183,187,185,-1,216,217,218,-1,218,217,219,-1,218,219,220,-1,220,219,221,-1,220,221,222,-1,223,224,225,-1,225,224,226,-1,225,226,227,-1,228,229,230,-1,231,232,233,-1,233,232,234,-1,233,234,235,-1,235,234,236,-1,235,236,237,-1,237,236,238,-1,237,238,239,-1,239,238,240,-1,239,240,241,-1,241,240,242,-1,241,242,243,-1,243,242,244,-1,243,244,245,-1,245,244,246,-1,245,246,247,-1,247,246,228,-1,230,248,228,-1,228,248,249,-1,228,249,247,-1,250,251,252,-1,252,251,253,-1,254,255,256,-1,256,255,257,-1,258,259,260,-1,260,259,261,-1,260,261,262,-1,262,261,263,-1,262,263,264,-1,264,263,265,-1,264,265,266,-1,266,265,267,-1,266,267,268,-1,268,267,269,-1,268,269,270,-1,270,269,271,-1,272,273,274,-1,272,274,275,-1,275,274,276,-1,275,276,277,-1,277,276,278,-1,277,278,279,-1,279,278,280,-1,279,280,281,-1,281,280,282,-1,281,282,283,-1,283,282,284,-1,283,284,285,-1,286,287,226,-1,226,287,288,-1,226,288,227,-1,289,290,291,-1,291,290,292,-1,291,292,293,-1,293,292,294,-1,293,294,295,-1,295,294,296,-1,295,296,297,-1,297,296,298,-1,297,298,299,-1,299,298,300,-1,299,300,301,-1,301,300,302,-1,301,302,303,-1,303,302,304,-1,303,304,226,-1,226,304,305,-1,226,305,286,-1,306,307,308,-1,309,310,311,-1,218,220,312,-1,312,220,313,-1,270,271,314,-1,313,220,315,-1,315,220,316,-1,315,316,317,-1,311,318,309,-1,309,318,319,-1,309,319,320,-1,320,319,317,-1,321,308,322,-1,322,308,218,-1,322,218,323,-1,323,218,312,-1,323,312,324,-1,324,312,325,-1,321,324,308,-1,308,324,325,-1,308,325,306,-1,306,325,315,-1,306,315,314,-1,314,315,317,-1,314,317,270,-1,270,317,319,-1,326,327,328,-1,328,327,329,-1,328,329,330,-1,330,329,331,-1,330,331,332,-1,332,331,333,-1,332,333,334,-1,334,333,335,-1,334,335,336,-1,336,335,337,-1,336,337,310,-1,310,337,311,-1,338,339,340,-1,340,339,341,-1,340,341,342,-1,342,341,343,-1,342,343,344,-1,344,343,345,-1,344,345,346,-1,346,345,347,-1,346,347,348,-1,348,347,349,-1,348,349,307,-1,307,349,308,-1,291,350,289,-1,289,350,254,-1,289,254,351,-1,352,353,354,-1,355,356,352,-1,352,356,357,-1,352,357,353,-1,358,339,338,-1,354,359,352,-1,352,359,360,-1,352,360,361,-1,361,360,362,-1,361,362,256,-1,338,363,358,-1,358,363,364,-1,358,364,232,-1,232,364,365,-1,365,366,232,-1,232,366,367,-1,232,367,368,-1,369,370,234,-1,234,370,371,-1,234,371,372,-1,362,373,256,-1,256,373,374,-1,256,374,254,-1,254,374,375,-1,254,375,351,-1,368,376,232,-1,232,376,377,-1,232,377,378,-1,379,380,250,-1,372,381,234,-1,234,381,382,-1,234,382,383,-1,378,384,232,-1,232,384,385,-1,232,385,250,-1,250,385,386,-1,250,386,379,-1,387,388,357,-1,387,357,389,-1,388,390,357,-1,357,390,391,-1,357,391,353,-1,353,391,392,-1,353,392,393,-1,393,394,353,-1,353,394,395,-1,353,395,396,-1,259,258,397,-1,397,258,250,-1,397,250,398,-1,398,250,380,-1,395,399,396,-1,396,399,400,-1,396,400,401,-1,401,400,402,-1,403,232,404,-1,404,232,405,-1,403,406,232,-1,232,406,407,-1,232,407,234,-1,234,407,408,-1,234,408,369,-1,409,234,410,-1,410,234,383,-1,410,383,357,-1,357,383,411,-1,357,411,389,-1,412,413,250,-1,250,413,414,-1,250,414,232,-1,232,414,415,-1,232,415,405,-1,416,417,252,-1,252,417,418,-1,419,420,421,-1,421,420,422,-1,421,422,402,-1,402,422,423,-1,402,423,401,-1,418,419,252,-1,252,419,421,-1,252,421,250,-1,250,421,424,-1,250,424,412,-1,327,326,425,-1,425,326,426,-1,425,426,427,-1,427,426,428,-1,427,428,429,-1,429,430,427,-1,427,430,431,-1,427,431,252,-1,252,431,432,-1,252,432,416,-1,233,433,231,-1,231,433,434,-1,435,436,437,-1,437,436,438,-1,439,440,436,-1,441,442,443,-1,443,442,444,-1,444,445,443,-1,443,445,446,-1,443,446,447,-1,448,449,450,-1,451,452,257,-1,453,454,455,-1,455,454,443,-1,450,449,456,-1,457,458,459,-1,459,458,460,-1,459,460,461,-1,462,463,231,-1,231,463,464,-1,231,464,465,-1,447,466,443,-1,443,466,467,-1,443,467,468,-1,468,467,469,-1,439,436,452,-1,452,436,470,-1,452,470,257,-1,257,470,471,-1,257,471,472,-1,473,443,474,-1,474,443,475,-1,448,450,476,-1,476,450,477,-1,476,477,459,-1,459,477,478,-1,459,478,457,-1,440,479,436,-1,436,479,459,-1,436,459,438,-1,438,459,461,-1,438,461,480,-1,465,481,231,-1,231,481,482,-1,231,482,483,-1,483,482,484,-1,483,484,469,-1,469,484,485,-1,469,485,468,-1,486,292,255,-1,255,292,290,-1,487,488,251,-1,251,488,489,-1,473,490,443,-1,443,490,491,-1,443,491,441,-1,480,492,438,-1,438,492,493,-1,438,493,494,-1,434,495,231,-1,231,495,496,-1,231,496,462,-1,290,497,255,-1,255,497,498,-1,255,498,257,-1,257,498,499,-1,257,499,451,-1,500,501,454,-1,454,501,253,-1,454,253,443,-1,443,253,251,-1,443,251,475,-1,475,251,489,-1,285,284,251,-1,251,284,502,-1,251,502,487,-1,456,449,453,-1,453,449,503,-1,453,503,504,-1,505,506,434,-1,434,506,507,-1,434,507,495,-1,508,454,509,-1,509,454,453,-1,509,453,510,-1,510,453,504,-1,508,511,454,-1,454,511,512,-1,454,512,513,-1,514,515,516,-1,516,515,517,-1,516,517,518,-1,518,517,454,-1,494,519,438,-1,438,519,520,-1,438,520,434,-1,434,520,521,-1,434,521,505,-1,513,522,454,-1,454,522,523,-1,454,523,518,-1,524,525,526,-1,524,526,527,-1,527,526,528,-1,527,528,529,-1,529,528,530,-1,529,530,531,-1,531,530,532,-1,531,532,533,-1,533,532,534,-1,533,534,535,-1,535,534,515,-1,535,515,514,-1,536,537,538,-1,536,538,539,-1,539,538,540,-1,539,540,541,-1,541,540,542,-1,541,542,543,-1,543,542,544,-1,543,544,545,-1,545,544,546,-1,545,546,547,-1,547,546,469,-1,547,469,467,-1,548,549,550,-1,551,552,272,-1,525,524,553,-1,553,524,554,-1,553,554,555,-1,555,554,556,-1,549,548,557,-1,557,548,558,-1,557,558,559,-1,559,558,537,-1,559,537,550,-1,550,537,536,-1,550,536,548,-1,548,536,560,-1,548,560,561,-1,273,272,562,-1,562,272,552,-1,562,552,560,-1,560,552,563,-1,560,563,561,-1,561,563,564,-1,561,564,565,-1,565,564,551,-1,565,551,556,-1,556,551,272,-1,556,272,555,-1,566,567,568,-1,568,567,569,-1,568,569,570,-1,570,569,571,-1,570,571,572,-1,572,571,573,-1,572,573,574,-1,574,573,575,-1,574,575,576,-1,576,575,577,-1,576,577,355,-1,355,577,356,-1,435,437,578,-1,435,578,579,-1,579,578,580,-1,579,580,581,-1,581,580,582,-1,581,582,583,-1,583,582,584,-1,583,584,585,-1,585,584,586,-1,585,586,587,-1,587,586,588,-1,587,588,589,-1,590,591,592,-1,234,409,236,-1,236,409,593,-1,236,593,238,-1,238,593,594,-1,238,594,240,-1,240,594,595,-1,240,595,242,-1,596,246,597,-1,597,246,244,-1,597,244,592,-1,592,244,242,-1,592,242,590,-1,590,242,595,-1,433,233,235,-1,433,235,598,-1,598,235,237,-1,598,237,599,-1,599,237,239,-1,599,239,600,-1,600,239,241,-1,600,241,601,-1,602,603,604,-1,601,241,604,-1,604,241,243,-1,604,243,602,-1,602,243,245,-1,602,245,605,-1,606,607,218,-1,218,607,608,-1,218,608,216,-1,358,483,339,-1,339,483,469,-1,339,469,341,-1,341,469,546,-1,341,546,343,-1,343,546,544,-1,343,544,345,-1,345,544,542,-1,345,542,347,-1,347,542,540,-1,347,540,349,-1,349,540,538,-1,349,538,308,-1,308,538,537,-1,308,537,218,-1,218,537,558,-1,218,558,606,-1,609,309,610,-1,610,309,320,-1,610,320,611,-1,303,612,301,-1,301,612,613,-1,301,613,299,-1,299,613,614,-1,299,614,297,-1,297,614,615,-1,297,615,295,-1,295,615,616,-1,295,616,293,-1,293,616,617,-1,293,617,291,-1,291,617,350,-1,612,303,618,-1,618,303,226,-1,618,226,619,-1,619,226,224,-1,619,224,566,-1,566,224,620,-1,596,621,622,-1,623,228,624,-1,624,228,246,-1,624,246,625,-1,626,627,628,-1,628,627,629,-1,628,629,630,-1,630,629,228,-1,630,228,631,-1,631,228,623,-1,246,596,625,-1,625,596,622,-1,625,622,631,-1,631,622,632,-1,631,632,630,-1,630,632,633,-1,630,633,634,-1,634,633,567,-1,634,567,626,-1,626,567,566,-1,626,566,627,-1,627,566,620,-1,635,636,629,-1,629,636,637,-1,629,637,228,-1,228,637,638,-1,228,638,229,-1,639,640,605,-1,304,641,305,-1,305,641,642,-1,305,642,643,-1,643,642,644,-1,645,646,588,-1,588,646,647,-1,588,647,589,-1,589,647,648,-1,644,589,643,-1,643,589,648,-1,643,648,649,-1,649,648,650,-1,649,650,651,-1,639,652,653,-1,653,652,651,-1,653,651,645,-1,645,651,650,-1,645,650,646,-1,605,245,639,-1,639,245,654,-1,639,654,652,-1,652,654,655,-1,652,655,247,-1,247,655,656,-1,247,656,245,-1,245,656,657,-1,245,657,654,-1,292,486,658,-1,292,658,294,-1,294,658,659,-1,294,659,296,-1,296,659,660,-1,296,660,298,-1,298,660,661,-1,298,661,300,-1,300,661,662,-1,300,662,302,-1,302,662,641,-1,302,641,304,-1,309,609,663,-1,309,554,310,-1,310,554,524,-1,310,524,336,-1,336,524,527,-1,336,527,334,-1,334,527,529,-1,334,529,332,-1,332,529,531,-1,332,531,330,-1,330,531,533,-1,330,533,328,-1,328,533,535,-1,328,535,326,-1,326,535,514,-1,326,514,426,-1,426,514,516,-1,663,664,309,-1,309,664,665,-1,309,665,554,-1,642,618,644,-1,644,618,619,-1,352,436,355,-1,355,436,435,-1,355,435,576,-1,576,435,579,-1,576,579,574,-1,574,579,581,-1,574,581,572,-1,572,581,583,-1,572,583,570,-1,570,583,585,-1,570,585,568,-1,568,585,587,-1,568,587,566,-1,566,587,589,-1,566,589,619,-1,619,589,644,-1,618,642,612,-1,612,642,641,-1,612,641,613,-1,613,641,662,-1,613,662,614,-1,614,662,661,-1,614,661,615,-1,615,661,660,-1,615,660,616,-1,616,660,659,-1,616,659,617,-1,617,659,658,-1,617,658,350,-1,350,658,486,-1,350,486,254,-1,254,486,255,-1,436,352,470,-1,470,352,361,-1,650,630,646,-1,646,630,634,-1,646,634,647,-1,647,634,626,-1,647,626,648,-1,648,626,628,-1,648,628,650,-1,650,628,630,-1,655,631,656,-1,656,631,623,-1,656,623,657,-1,657,623,624,-1,657,624,654,-1,654,624,625,-1,654,625,655,-1,655,625,631,-1,603,591,604,-1,604,591,590,-1,645,633,653,-1,653,633,632,-1,653,632,639,-1,639,632,622,-1,639,622,640,-1,640,622,621,-1,640,621,605,-1,605,621,596,-1,605,596,602,-1,602,596,597,-1,602,597,603,-1,603,597,592,-1,603,592,591,-1,633,645,567,-1,567,645,588,-1,567,588,569,-1,569,588,586,-1,569,586,571,-1,571,586,584,-1,571,584,573,-1,573,584,582,-1,573,582,575,-1,575,582,580,-1,575,580,577,-1,577,580,578,-1,577,578,356,-1,356,578,437,-1,356,437,357,-1,357,437,438,-1,604,590,601,-1,601,590,595,-1,410,434,409,-1,409,434,433,-1,409,433,593,-1,593,433,598,-1,593,598,594,-1,594,598,599,-1,594,599,595,-1,595,599,600,-1,595,600,601,-1,434,410,438,-1,438,410,357,-1,517,425,454,-1,454,425,427,-1,553,555,318,-1,318,555,319,-1,425,517,327,-1,327,517,515,-1,327,515,329,-1,329,515,534,-1,329,534,331,-1,331,534,532,-1,331,532,333,-1,333,532,530,-1,333,530,335,-1,335,530,528,-1,335,528,337,-1,337,528,526,-1,337,526,311,-1,311,526,525,-1,311,525,318,-1,318,525,553,-1,319,555,270,-1,270,555,272,-1,270,272,268,-1,268,272,275,-1,268,275,266,-1,266,275,277,-1,266,277,264,-1,264,277,279,-1,264,279,262,-1,262,279,281,-1,262,281,260,-1,260,281,283,-1,260,283,258,-1,258,283,285,-1,258,285,250,-1,250,285,251,-1,564,563,312,-1,312,563,325,-1,551,564,313,-1,313,564,312,-1,552,551,315,-1,315,551,313,-1,563,552,325,-1,325,552,315,-1,549,557,323,-1,323,557,322,-1,550,549,324,-1,324,549,323,-1,559,550,321,-1,321,550,324,-1,557,559,322,-1,322,559,321,-1,431,513,432,-1,432,513,512,-1,432,512,416,-1,416,512,511,-1,416,511,417,-1,417,511,508,-1,417,508,418,-1,418,508,509,-1,418,509,419,-1,419,509,510,-1,419,510,420,-1,420,510,504,-1,420,504,422,-1,422,504,503,-1,422,503,423,-1,423,503,449,-1,423,449,401,-1,401,449,448,-1,401,448,396,-1,396,448,476,-1,396,476,353,-1,353,476,459,-1,353,459,354,-1,354,459,479,-1,354,479,359,-1,359,479,440,-1,359,440,360,-1,360,440,439,-1,360,439,362,-1,362,439,452,-1,362,452,373,-1,373,452,451,-1,378,490,384,-1,384,490,473,-1,384,473,385,-1,385,473,474,-1,385,474,386,-1,386,474,475,-1,386,475,379,-1,379,475,489,-1,379,489,380,-1,380,489,488,-1,380,488,398,-1,398,488,487,-1,398,487,397,-1,397,487,502,-1,490,378,491,-1,491,378,377,-1,363,466,364,-1,364,466,447,-1,364,447,365,-1,365,447,446,-1,365,446,366,-1,366,446,445,-1,366,445,367,-1,367,445,444,-1,367,444,368,-1,368,444,442,-1,368,442,376,-1,376,442,441,-1,376,441,377,-1,377,441,491,-1,397,502,259,-1,259,502,284,-1,259,284,261,-1,261,284,282,-1,261,282,263,-1,263,282,280,-1,263,280,265,-1,265,280,278,-1,265,278,267,-1,267,278,276,-1,267,276,269,-1,269,276,274,-1,269,274,271,-1,271,274,273,-1,271,273,314,-1,314,273,562,-1,306,560,307,-1,307,560,536,-1,307,536,348,-1,348,536,539,-1,348,539,346,-1,346,539,541,-1,346,541,344,-1,344,541,543,-1,344,543,342,-1,342,543,545,-1,342,545,340,-1,340,545,547,-1,340,547,338,-1,338,547,467,-1,338,467,363,-1,363,467,466,-1,562,560,314,-1,314,560,306,-1,413,443,414,-1,414,443,468,-1,414,468,415,-1,415,468,485,-1,415,485,405,-1,405,485,484,-1,405,484,404,-1,404,484,482,-1,404,482,403,-1,403,482,481,-1,403,481,406,-1,406,481,465,-1,406,465,407,-1,407,465,464,-1,443,413,455,-1,455,413,412,-1,394,458,395,-1,395,458,457,-1,395,457,399,-1,399,457,478,-1,399,478,400,-1,400,478,477,-1,400,477,402,-1,402,477,450,-1,402,450,421,-1,421,450,456,-1,421,456,424,-1,424,456,453,-1,424,453,412,-1,412,453,455,-1,458,394,460,-1,460,394,393,-1,411,520,389,-1,389,520,519,-1,389,519,387,-1,387,519,494,-1,387,494,388,-1,388,494,493,-1,388,493,390,-1,390,493,492,-1,390,492,391,-1,391,492,480,-1,391,480,392,-1,392,480,461,-1,392,461,393,-1,393,461,460,-1,520,411,521,-1,521,411,383,-1,408,463,369,-1,369,463,462,-1,369,462,370,-1,370,462,496,-1,370,496,371,-1,371,496,495,-1,371,495,372,-1,372,495,507,-1,372,507,381,-1,381,507,506,-1,381,506,382,-1,382,506,505,-1,382,505,383,-1,383,505,521,-1,463,408,464,-1,464,408,407,-1,666,667,256,-1,256,667,361,-1,668,666,669,-1,669,666,256,-1,669,256,670,-1,670,256,671,-1,671,256,257,-1,671,257,472,-1,472,672,671,-1,671,672,673,-1,671,673,674,-1,675,676,669,-1,669,676,668,-1,471,470,361,-1,667,676,361,-1,361,676,675,-1,675,677,361,-1,361,677,678,-1,361,678,471,-1,679,680,678,-1,678,680,681,-1,678,681,471,-1,668,676,666,-1,666,676,667,-1,682,683,252,-1,252,683,427,-1,684,682,685,-1,685,682,252,-1,685,252,686,-1,686,252,687,-1,687,252,253,-1,687,253,501,-1,501,688,687,-1,687,688,689,-1,687,689,690,-1,691,692,685,-1,685,692,684,-1,500,454,427,-1,683,692,427,-1,427,692,691,-1,691,693,427,-1,427,693,694,-1,427,694,500,-1,695,696,694,-1,694,696,697,-1,694,697,500,-1,684,692,682,-1,682,692,683,-1,691,685,686,-1,691,686,693,-1,693,686,687,-1,693,687,694,-1,694,687,690,-1,694,690,695,-1,695,690,689,-1,695,689,696,-1,696,689,688,-1,696,688,697,-1,697,688,501,-1,697,501,500,-1,675,669,670,-1,675,670,677,-1,677,670,671,-1,677,671,678,-1,678,671,674,-1,678,674,679,-1,679,674,673,-1,679,673,680,-1,680,673,672,-1,680,672,681,-1,681,672,472,-1,681,472,471,-1,698,699,232,-1,232,699,358,-1,700,698,701,-1,701,698,232,-1,701,232,702,-1,231,703,232,-1,232,703,704,-1,704,705,232,-1,232,705,706,-1,232,706,702,-1,358,699,707,-1,708,483,358,-1,707,709,358,-1,358,709,710,-1,358,710,711,-1,711,712,358,-1,358,712,713,-1,358,713,708,-1,700,707,698,-1,698,707,699,-1,709,707,701,-1,701,707,700,-1,709,701,702,-1,709,702,710,-1,710,702,706,-1,710,706,711,-1,711,706,705,-1,711,705,712,-1,712,705,704,-1,712,704,713,-1,713,704,703,-1,713,703,708,-1,708,703,231,-1,708,231,483,-1,714,620,715,-1,715,620,224,-1,224,223,716,-1,716,717,224,-1,224,717,718,-1,224,718,715,-1,627,719,629,-1,629,719,720,-1,629,720,721,-1,721,722,629,-1,629,722,723,-1,629,723,635,-1,714,719,620,-1,620,719,627,-1,720,719,715,-1,715,719,714,-1,721,720,718,-1,718,720,715,-1,724,725,316,-1,316,725,317,-1,724,316,726,-1,726,316,220,-1,220,222,727,-1,727,728,220,-1,220,728,729,-1,220,729,726,-1,317,725,320,-1,320,725,730,-1,320,730,731,-1,731,732,320,-1,320,732,733,-1,320,733,611,-1,730,725,726,-1,726,725,724,-1,731,730,729,-1,729,730,726,-1,727,222,611,-1,216,608,217,-1,217,608,734,-1,217,734,219,-1,219,734,735,-1,219,735,221,-1,221,735,736,-1,221,736,222,-1,222,736,737,-1,222,737,611,-1,611,733,727,-1,727,733,732,-1,727,732,728,-1,728,732,731,-1,728,731,729,-1,663,609,737,-1,737,609,610,-1,737,610,611,-1,608,607,734,-1,734,607,738,-1,734,738,735,-1,735,738,739,-1,735,739,736,-1,736,739,740,-1,736,740,737,-1,737,740,741,-1,737,741,663,-1,663,741,664,-1,607,606,738,-1,738,606,742,-1,738,742,739,-1,739,742,743,-1,739,743,740,-1,740,743,744,-1,740,744,741,-1,741,744,745,-1,741,745,664,-1,664,745,665,-1,606,558,742,-1,742,558,548,-1,742,548,743,-1,743,548,561,-1,743,561,744,-1,744,561,565,-1,744,565,745,-1,745,565,556,-1,745,556,665,-1,665,556,554,-1,635,746,747,-1,227,288,225,-1,225,288,746,-1,225,746,223,-1,223,746,635,-1,223,635,716,-1,635,723,716,-1,716,723,722,-1,716,722,717,-1,717,722,721,-1,717,721,718,-1,230,229,748,-1,748,229,638,-1,748,638,749,-1,749,638,637,-1,749,637,747,-1,747,637,636,-1,747,636,635,-1,288,287,746,-1,746,287,750,-1,746,750,747,-1,747,750,751,-1,747,751,749,-1,749,751,752,-1,749,752,748,-1,748,752,753,-1,748,753,230,-1,230,753,248,-1,287,286,750,-1,750,286,754,-1,750,754,751,-1,751,754,755,-1,751,755,752,-1,752,755,756,-1,752,756,753,-1,753,756,757,-1,753,757,248,-1,248,757,249,-1,286,305,754,-1,754,305,643,-1,754,643,755,-1,755,643,649,-1,755,649,756,-1,756,649,651,-1,756,651,757,-1,757,651,652,-1,757,652,249,-1,249,652,247,-1,426,516,518,-1,426,518,428,-1,428,518,523,-1,428,523,429,-1,429,523,522,-1,429,522,430,-1,430,522,513,-1,430,513,431,-1,373,451,499,-1,373,499,374,-1,374,499,498,-1,374,498,375,-1,375,498,497,-1,375,497,351,-1,351,497,290,-1,351,290,289,-1,758,759,760,-1,760,759,761,-1,762,758,763,-1,763,758,760,-1,764,762,765,-1,765,762,763,-1,764,765,766,-1,766,765,767,-1,766,767,768,-1,768,767,769,-1,768,769,770,-1,770,769,771,-1,770,771,772,-1,772,771,773,-1,774,772,775,-1,775,772,773,-1,774,775,776,-1,774,776,777,-1,777,776,778,-1,777,778,779,-1,779,778,780,-1,779,780,781,-1,781,780,782,-1,781,782,783,-1,784,783,785,-1,785,783,782,-1,786,784,787,-1,787,784,785,-1,786,787,788,-1,788,787,789,-1,790,788,791,-1,791,788,789,-1,790,791,792,-1,790,792,793,-1,793,792,794,-1,793,794,795,-1,795,794,796,-1,795,796,797,-1,798,797,799,-1,799,797,796,-1,800,798,801,-1,801,798,799,-1,802,800,803,-1,803,800,801,-1,802,803,804,-1,804,803,805,-1,804,805,806,-1,806,805,807,-1,806,807,808,-1,808,807,809,-1,810,808,811,-1,811,808,809,-1,811,812,810,-1,810,812,813,-1,814,813,815,-1,815,813,812,-1,816,814,817,-1,817,814,815,-1,816,817,818,-1,818,817,819,-1,818,819,820,-1,820,819,821,-1,820,821,822,-1,822,821,823,-1,822,823,824,-1,824,823,825,-1,826,824,827,-1,827,824,825,-1,826,827,828,-1,826,828,829,-1,829,828,830,-1,829,830,831,-1,831,830,832,-1,831,832,833,-1,833,832,761,-1,833,761,759,-1,798,800,797,-1,797,800,802,-1,797,802,795,-1,795,802,804,-1,795,804,793,-1,793,804,806,-1,793,806,790,-1,790,806,808,-1,790,808,788,-1,788,808,810,-1,788,810,786,-1,786,810,813,-1,786,813,784,-1,784,813,814,-1,784,814,783,-1,783,814,816,-1,783,816,781,-1,781,816,818,-1,781,818,779,-1,779,818,820,-1,779,820,777,-1,777,820,822,-1,777,822,774,-1,774,822,824,-1,774,824,772,-1,772,824,826,-1,772,826,770,-1,770,826,829,-1,770,829,768,-1,768,829,831,-1,768,831,766,-1,766,831,833,-1,766,833,764,-1,764,833,759,-1,764,759,762,-1,762,759,758,-1,763,760,765,-1,765,760,761,-1,765,761,767,-1,767,761,832,-1,767,832,769,-1,769,832,830,-1,769,830,771,-1,771,830,828,-1,771,828,773,-1,773,828,827,-1,773,827,775,-1,775,827,825,-1,775,825,776,-1,776,825,823,-1,776,823,778,-1,778,823,821,-1,778,821,780,-1,780,821,819,-1,780,819,782,-1,782,819,817,-1,782,817,785,-1,785,817,815,-1,785,815,787,-1,787,815,812,-1,787,812,789,-1,789,812,811,-1,789,811,791,-1,791,811,809,-1,791,809,792,-1,792,809,807,-1,792,807,794,-1,794,807,805,-1,794,805,796,-1,796,805,803,-1,796,803,799,-1,799,803,801,-1,834,835,836,-1,836,835,837,-1,838,839,836,-1,836,839,840,-1,836,840,834,-1,835,834,841,-1,841,834,840,-1,835,841,837,-1,837,841,842,-1,837,842,843,-1,843,842,844,-1,843,844,845,-1,845,844,846,-1,845,846,847,-1,848,849,846,-1,846,849,850,-1,846,850,847,-1,851,852,846,-1,846,852,853,-1,846,853,848,-1,852,851,854,-1,854,851,855,-1,854,855,856,-1,856,855,857,-1,856,857,858,-1,859,858,860,-1,860,858,857,-1,861,859,862,-1,862,859,860,-1,863,861,864,-1,864,861,862,-1,863,864,865,-1,865,864,866,-1,865,866,867,-1,867,866,868,-1,869,870,871,-1,871,870,872,-1,867,868,873,-1,873,868,870,-1,873,870,874,-1,874,870,869,-1,872,870,875,-1,872,875,876,-1,876,875,839,-1,876,839,838,-1,867,854,865,-1,865,854,856,-1,865,856,863,-1,863,856,858,-1,863,858,861,-1,861,858,859,-1,841,840,842,-1,842,840,839,-1,842,839,844,-1,844,839,875,-1,844,875,846,-1,846,875,870,-1,846,870,851,-1,851,870,868,-1,851,868,855,-1,855,868,866,-1,855,866,857,-1,857,866,864,-1,857,864,860,-1,860,864,862,-1,871,850,849,-1,871,849,869,-1,869,849,848,-1,869,848,874,-1,874,848,853,-1,874,853,873,-1,850,871,847,-1,847,871,872,-1,847,872,845,-1,845,872,876,-1,845,876,843,-1,843,876,838,-1,843,838,837,-1,837,838,836,-1,854,867,852,-1,852,867,873,-1,852,873,853,-1,
        ]
    }
}
Shape{
    appearance Appearance {
        material  Material 	{
            diffuseColor 0.2980392156862745 0.2980392156862745 0.2980392156862745
            specularColor 0.09019607843137255 0.09019607843137255 0.09019607843137255
            ambientIntensity 0.298
            transparency 0.0
            shininess 0.5
        }
    }
    geometry IndexedFaceSet {
        ccw TRUE
        solid FALSE
        coord DEF co Coordinate {
            point [
                0.1609 0.8558 0.0394, 0.0169 0.8558 0.0394, 0.0169 0.9714 0.0394, 0.8366 -0.1621 0.0394, 0.5125 -0.1621 0.0394, 0.5125 -0.1375 0.0394, -4.895 -3.7899 0.0394, -5.2805 -3.7899 0.0394, -5.2805 -0.1621 0.0394, -5.4921 -3.7899 0.0394, -5.4921 -0.1621 0.0394, 0.5125 -0.8436 0.0394, 0.335 -0.8436 0.0394, 0.335 -0.1621 0.0394, 0.1836 -0.8436 0.0394, 0.1836 -0.1621 0.0394, -3.5492 -2.7736 0.0394, -4.1644 -4.6669 0.0394, -4.3091 -4.6669 0.0394, -4.6703 -5.0155 0.0394, -4.7344 -4.989 0.0394, -4.895 -4.8322 0.0394, -4.3091 -5.2802 0.0394, -4.311 -5.3052 0.0394, -4.5465 -5.3144 0.0394, -4.6152 -5.0578 0.0394, -4.895 -4.6669 0.0394, -4.8031 -4.9799 0.0394, -4.8719 -4.989 0.0394, -5.2805 -4.8322 0.0394, -4.936 -5.0155 0.0394, -4.9911 -5.0578 0.0394, -4.5374 -5.2457 0.0394, -4.5465 -5.1769 0.0394, -4.573 -5.1128 0.0394, -5.0333 -5.1128 0.0394, -5.0598 -5.1769 0.0394, -5.0689 -5.2457 0.0394, -5.0598 -5.3144 0.0394, -5.0333 -5.3785 0.0394, -5.2805 -7.3126 0.0394, -4.9911 -5.4336 0.0394, -4.7344 -5.5024 0.0394, -4.311 -6.9976 0.0394, -4.8031 -5.5114 0.0394, -4.626 -7.3126 0.0394, -4.8719 -5.5024 0.0394, -4.936 -5.4758 0.0394, -4.6703 -5.4758 0.0394, -4.6152 -5.4336 0.0394, -4.573 -5.3785 0.0394, -4.2532 -4.9403 0.0394, -4.2965 -5.1205 0.0394, -2.3578 -0.8808 0.0394, -2.633 -0.9897 0.0394, -2.7362 -0.1621 0.0394, -2.7362 -1.0647 0.0394, -3.5492 -0.1621 0.0394, -2.8725 -1.1638 0.0394, -3.0613 -1.3919 0.0394, -2.064 -0.8436 0.0394, -1.7657 -0.1621 0.0394, -1.7657 -0.8436 0.0394, -0.7795 -0.8436 0.0394, -0.7795 -0.1621 0.0394, -0.4175 -0.8436 0.0394, -0.4175 -0.1621 0.0394, -0.168 -0.8436 0.0394, -0.168 -0.1621 0.0394, 0.0169 -0.8436 0.0394, 0.1609 -0.1621 0.0394, 0.8366 -0.8436 0.0394, 1.939 -0.8436 0.0394, 2.9363 -1.3919 0.0394, 3.1573 -0.1621 0.0394, 3.0623 -1.6598 0.0394, 3.1573 -1.9522 0.0394, 2.7476 -1.1638 0.0394, 2.508 -0.9897 0.0394, 2.1752 -0.1621 0.0394, 2.2328 -0.8808 0.0394, 2.1752 -0.8735 0.0394, 4.2131 -0.1621 0.0394, 4.2131 -4.6669 0.0394, 3.8442 -0.1855 0.0394, 4.2131 -5.2435 0.0394, 4.1745 -5.0826 0.0394, 4.0394 -4.6669 0.0394, 3.4505 -0.1855 0.0394, 3.4505 -0.1621 0.0394, 4.6019 -5.0677 0.0394, 4.5985 -5.0695 0.0394, 4.5916 -5.0758 0.0394, 4.582 -5.3898 0.0394, 4.5831 -5.399 0.0394, 4.2323 -5.4476 0.0394, 4.582 -5.1015 0.0394, 4.5864 -5.0835 0.0394, 4.5831 -5.0923 0.0394, 4.2177 -5.2628 0.0394, 5.7677 -4.4235 0.0394, 5.7677 -4.6669 0.0394, 5.2421 -4.4235 0.0394, 4.6227 -4.6669 0.0394, 5.7677 -0.1621 0.0394, 5.7677 -3.3914 0.0394, 5.2421 -3.3914 0.0394, 4.7904 -1.0457 0.0394, 4.7633 -1.0345 0.0394, 4.6227 -0.1621 0.0394, 4.8316 -1.0869 0.0394, 4.8137 -1.0636 0.0394, 4.6227 -4.2493 0.0394, 4.6255 -4.2706 0.0394, 4.6368 -4.2977 0.0394, 4.6779 -1.0457 0.0394, 4.6547 -1.0636 0.0394, 4.7342 -1.0306 0.0394, 4.7051 -1.0345 0.0394, 4.6368 -1.0869 0.0394, 4.6255 -1.114 0.0394, 4.6227 -1.1353 0.0394, 4.6547 -4.321 0.0394, 4.6779 -4.3389 0.0394, 4.7051 -4.3501 0.0394, 4.8137 -4.321 0.0394, 4.8316 -4.2977 0.0394, 4.7342 -4.3539 0.0394, 4.7633 -4.3501 0.0394, 4.7904 -4.3389 0.0394, 4.8428 -4.2706 0.0394, 4.8467 -4.2415 0.0394, 4.8467 -1.1431 0.0394, 4.8428 -1.114 0.0394, -3.1873 -1.6598 0.0394, -4.3091 -0.1621 0.0394, -5.4921 -7.3126 0.0394, -5.4921 -4.8322 0.0394, -0.4823 2.1283 0.0394, -0.7795 1.9762 0.0394, -0.4823 3.3095 0.0394, -0.7795 4.0969 0.0394, -0.4175 3.3095 0.0394, -0.4175 4.0969 0.0394, -0.168 3.3095 0.0394, -0.168 4.0969 0.0394, -0.0886 3.3095 0.0394, 0.0169 4.0969 0.0394, -0.4175 1.9762 0.0394, -0.4175 2.1283 0.0394, -0.168 1.9762 0.0394, -0.168 2.1283 0.0394, 0.0169 1.9762 0.0394, -0.0886 2.1283 0.0394, 3.1573 1.9762 0.0394, 2.8642 1.8971 0.0394, 2.4705 1.8971 0.0394, 2.8642 0.9714 0.0394, 3.1573 0.9714 0.0394, 2.8642 0.9472 0.0394, 3.1573 0.8558 0.0394, 2.4705 0.9472 0.0394, 2.1752 0.8558 0.0394, 2.4705 0.9714 0.0394, 2.1752 0.9714 0.0394, 2.1752 1.9762 0.0394, 3.8442 -0.1375 0.0394, 3.8442 0.7644 0.0394, 4.2131 0.8558 0.0394, 3.4505 -0.1375 0.0394, 3.1573 -0.1375 0.0394, 3.4505 0.7644 0.0394, 4.2131 -0.1375 0.0394, 3.8442 -0.1621 0.0394, -0.0886 0.9714 0.0394, -0.0886 0.9472 0.0394, -0.168 0.9472 0.0394, -0.168 0.8558 0.0394, -0.4175 0.9472 0.0394, -0.4175 0.8558 0.0394, -0.4823 0.9472 0.0394, -0.7795 0.8558 0.0394, -0.4823 0.9714 0.0394, -0.7795 0.9714 0.0394, -0.4823 1.8971 0.0394, -0.0886 1.8971 0.0394, -0.168 1.8971 0.0394, -0.4175 1.8971 0.0394, 0.8366 0.8558 0.0394, 1.0925 0.9472 0.0394, 1.8799 0.9472 0.0394, 1.0925 0.9714 0.0394, 0.8366 0.9714 0.0394, 1.0925 1.8971 0.0394, 0.8366 1.9762 0.0394, 1.8799 1.8971 0.0394, 1.8799 0.9714 0.0394, 0.187 3.3095 0.0394, 0.187 2.1283 0.0394, 0.1836 1.9762 0.0394, 0.1836 4.0969 0.0394, 0.335 4.0969 0.0394, 0.335 3.3095 0.0394, 0.5125 3.3095 0.0394, 0.5125 4.0969 0.0394, 0.5807 3.3095 0.0394, 0.8366 4.0969 0.0394, 0.5807 2.1283 0.0394, 0.335 1.9762 0.0394, 0.335 2.1283 0.0394, 0.5125 1.9762 0.0394, 0.5125 2.1283 0.0394, -3.5492 0.8558 0.0394, -3.4114 0.9472 0.0394, -3.0177 0.9472 0.0394, -3.4114 0.9714 0.0394, -3.5492 0.9714 0.0394, -3.4114 1.8971 0.0394, -3.5492 1.9762 0.0394, -3.0177 1.8971 0.0394, -2.7362 1.9762 0.0394, -3.0177 0.9714 0.0394, -2.7362 0.9714 0.0394, -2.7362 0.8558 0.0394, -3.687 0.9472 0.0394, -4.0807 0.9472 0.0394, -4.3091 0.8558 0.0394, -4.0807 0.9714 0.0394, -4.3091 0.9714 0.0394, -4.0807 1.8971 0.0394, -4.3091 1.9762 0.0394, -3.687 1.8971 0.0394, -3.687 0.9714 0.0394, 3.4505 0.9956 0.0394, 3.8442 0.9956 0.0394, 4.2131 1.9762 0.0394, 3.8442 1.9762 0.0394, 3.8442 2.1767 0.0394, 3.4505 1.9762 0.0394, 3.4505 2.1767 0.0394, 3.1573 4.0969 0.0394, 4.2131 4.0969 0.0394, -1.7657 0.8558 0.0394, -1.4705 0.9472 0.0394, -1.0768 0.9472 0.0394, -1.4705 0.9714 0.0394, -1.7657 0.9714 0.0394, -1.4705 1.8971 0.0394, -1.7657 1.9762 0.0394, -1.0768 1.8971 0.0394, -1.0768 0.9714 0.0394, -2.4547 0.9472 0.0394, -2.061 0.9472 0.0394, -2.4547 0.9714 0.0394, -2.4547 1.8971 0.0394, -2.061 1.8971 0.0394, -2.061 0.9714 0.0394, 4.7512 -5.0308 0.0394, 4.6976 -5.0308 0.0394, 4.6456 -5.044 0.0394, 4.6227 -5.0564 0.0394, 4.8032 -5.4474 0.0394, 5.7677 -7.3126 0.0394, 4.7512 -5.4605 0.0394, 4.6227 -7.3126 0.0394, 4.6976 -5.4605 0.0394, 4.8625 -5.0835 0.0394, 4.8572 -5.0758 0.0394, 4.8504 -5.0695 0.0394, 4.8032 -5.044 0.0394, 4.8504 -5.4218 0.0394, 4.8572 -5.4155 0.0394, 4.8625 -5.4078 0.0394, 4.8657 -5.399 0.0394, 4.8668 -5.3898 0.0394, 4.8668 -5.1015 0.0394, 4.8657 -5.0923 0.0394, 4.5864 -5.4078 0.0394, 4.5916 -5.4155 0.0394, 4.2323 -6.9976 0.0394, 4.5985 -5.4218 0.0394, 4.5472 -7.3126 0.0394, 4.6019 -5.4236 0.0394, 4.6019 -7.3126 0.0394, 4.6227 -5.435 0.0394, 4.6456 -5.4474 0.0394, 0.1836 0.0561 0.0394, 0.1801 0.0552 0.0394, 0.1801 0.0288 0.0394, 0.1801 -0.1045 0.0394, 0.1836 -0.1064 0.0394, 0.1836 0.0303 0.0394, 0.2023 0.0383 0.0394, 0.1837 -0.1064 0.0394, 0.2262 0.0414 0.0394, 0.2456 0.0392 0.0394, 0.2603 0.0339 0.0394, 0.274 0.0248 0.0394, 0.2859 0.0116 0.0394, 0.3002 -0.0399 0.0394, 0.2982 -0.0613 0.0394, 0.2928 -0.0782 0.0394, 0.249 -0.115 0.0394, 0.2307 -0.1171 0.0394, 0.2634 -0.1097 0.0394, 0.2754 -0.1016 0.0394, 0.2847 -0.0918 0.0394, 0.2045 -0.1142 0.0394, 0.294 -0.0036 0.0394, 0.2992 -0.0246 0.0394, 0.2776 -0.1296 0.0394, 0.2935 -0.1195 0.0394, 0.335 -0.1375 0.0394, 0.3082 -0.1039 0.0394, 0.3187 -0.0852 0.0394, 0.3162 0.0087 0.0394, 0.3046 0.0271 0.0394, 0.335 0.8558 0.0394, 0.2869 0.0442 0.0394, 0.3247 -0.0644 0.0394, 0.3266 -0.0416 0.0394, 0.3237 -0.0136 0.0394, 0.2682 0.055 0.0394, 0.2462 0.0614 0.0394, 0.1836 0.8558 0.0394, 0.2265 0.063 0.0394, 0.2029 0.0614 0.0394, 0.221 -0.1375 0.0394, 0.2289 -0.1386 0.0394, 0.2343 -0.1387 0.0394, 0.2459 -0.1375 0.0394, 0.2585 -0.1362 0.0394, 0.1609 -0.1375 0.0394, 0.1801 -0.1261 0.0394, 0.1836 -0.1375 0.0394, 0.1836 -0.1275 0.0394, 0.2011 -0.1347 0.0394, 4.6019 -4.6669 0.0394, 4.6217 -4.2415 0.0394, 4.6217 -1.1431 0.0394, 4.6019 -0.1621 0.0394, 2.1752 -0.1375 0.0394, 0.8366 -0.1375 0.0394, 0.0169 -0.1375 0.0394, -4.3091 -0.1375 0.0394, -3.5492 -0.1375 0.0394, -2.7362 -0.1375 0.0394, -1.7657 -0.1375 0.0394, -0.7795 -0.1375 0.0394, -0.4175 -0.1375 0.0394, 0.5125 0.8558 0.0394, 0.3434 -0.1147 0.0394, 0.3434 -0.1363 0.0394, 0.4442 -0.1363 0.0394, 0.4442 0.0606 0.0394, 0.4178 -0.1147 0.0394, 0.4178 0.0606 0.0394, 0.0361 -0.1147 0.0394, 0.0361 -0.1363 0.0394, 0.1417 -0.1363 0.0394, 0.1417 0.0606 0.0394, 0.0409 0.039 0.0394, 0.0409 0.0606 0.0394, 0.1153 -0.0474 0.0394, 0.1153 -0.1147 0.0394, 0.0457 -0.0474 0.0394, 0.0457 -0.0258 0.0394, 0.1153 -0.0258 0.0394, 0.1153 0.039 0.0394, -0.0558 -0.1363 0.0394, -0.0023 -0.1363 0.0394, -0.0023 0.0606 0.0394, -0.168 -0.1375 0.0394, -0.1509 -0.0823 0.0394, -0.1396 -0.0999 0.0394, -0.1234 -0.1154 0.0394, -0.1029 -0.1274 0.0394, -0.0802 -0.1341 0.0394, -0.0863 0.0575 0.0394, -0.1093 0.0495 0.0394, -0.1308 0.0351 0.0394, -0.0579 0.0606 0.0394, -0.131 0.0349 0.0394, -0.1449 0.0195 0.0394, -0.154 0.0026 0.0394, 0.0169 -0.1621 0.0394, 0.1609 -0.8436 0.0394, -0.1593 -0.0168 0.0394, -0.1608 -0.0354 0.0394, -0.158 -0.0617 0.0394, -0.204 -0.1363 0.0394, -0.1752 -0.1363 0.0394, -0.2496 0.0606 0.0394, -0.276 0.0606 0.0394, -0.3528 -0.1363 0.0394, -0.324 -0.1363 0.0394, -0.3041 -0.0811 0.0394, -0.2228 -0.0811 0.0394, 4.2131 0.9714 0.0394, 0.1609 0.9714 0.0394, 4.6227 -0.1375 0.0394, 5.7677 -0.1375 0.0394, 4.6227 0.8558 0.0394, 5.7677 0.8558 0.0394, 4.6227 0.9714 0.0394, 5.7677 0.9714 0.0394, 4.6227 1.9762 0.0394, 5.7677 1.9762 0.0394, 0.1609 1.9762 0.0394, 0.1836 0.9714 0.0394, 0.187 0.9472 0.0394, 0.335 0.9472 0.0394, 0.5125 0.9472 0.0394, 0.5807 0.9472 0.0394, 0.5807 0.9714 0.0394, 0.5807 1.8971 0.0394, 0.5125 1.8971 0.0394, 0.335 1.8971 0.0394, 0.187 1.8971 0.0394, 0.187 0.9714 0.0394, 4.6238 3.6596 0.0394, 4.6227 4.0969 0.0394, 5.5998 3.6596 0.0394, 5.7677 4.0969 0.0394, 5.5998 2.0553 0.0394, 4.6238 2.0553 0.0394, 4.6019 -0.1375 0.0394, 4.6019 0.8558 0.0394, 4.6019 0.9714 0.0394, 4.6019 1.9762 0.0394, 4.6019 4.0969 0.0394, 2.4705 3.3095 0.0394, 2.1752 4.0969 0.0394, 2.8642 3.3095 0.0394, 2.8642 2.1283 0.0394, 2.4705 2.1283 0.0394, 1.0925 3.3095 0.0394, 1.1909 4.0969 0.0394, 1.8799 3.3095 0.0394, 1.8799 2.1283 0.0394, 1.0925 2.1283 0.0394, 0.1609 4.0969 0.0394, -1.4705 3.3095 0.0394, -1.7657 4.0969 0.0394, -1.0768 3.3095 0.0394, -1.0768 2.1283 0.0394, -1.4705 2.1283 0.0394, -2.061 3.3095 0.0394, -2.061 2.1283 0.0394, -2.4547 2.1283 0.0394, -2.4547 3.3095 0.0394, -2.7362 4.0969 0.0394, -2.7352 4.0969 0.0394, -3.0177 3.3095 0.0394, -3.4114 3.3095 0.0394, -3.5492 4.0969 0.0394, -3.4114 2.1283 0.0394, -3.0177 2.1283 0.0394, -3.5472 4.0969 0.0394, -3.687 2.1283 0.0394, -3.687 3.3095 0.0394, -4.0807 2.1283 0.0394, -4.0807 3.3095 0.0394, -4.3091 4.0969 0.0394, -5.2805 1.9762 0.0394, -5.2805 4.0969 0.0394, -4.5315 4.0969 0.0394, -5.2805 -0.1375 0.0394, -5.2805 0.8558 0.0394, -5.2805 0.9714 0.0394, -5.4921 1.9762 0.0394, -5.4921 4.0969 0.0394, -5.3957 4.0969 0.0394, -5.4921 -0.1375 0.0394, -5.4921 0.8558 0.0394, -5.4921 0.9714 0.0394, 4.5472 -7.3126 0.2362, 4.9016 -7.3126 0.2362, 4.9016 -7.3126 1.1417, 5.7677 -7.3126 1.1417, -5.4921 2.5297 0.799, -5.4921 -7.3126 1.1417, -5.4921 -7.0625 1.1417, -5.4921 -7.0625 0.4164, -5.4921 -5.5874 0.4164, -5.4921 -4.8322 0.0787, -5.4921 -5.5874 1.1417, -5.4921 -3.7899 0.0787, -5.4921 -2.5912 0.799, -5.4921 -1.766 0.799, -5.4921 2.5297 0.4164, -5.4921 3.37 0.4164, -5.4921 4.0969 0.7935, -5.4921 3.37 0.799, -5.4921 4.0969 1.1417, -5.4921 -1.766 0.4164, -5.4921 -2.5912 0.4164, 5.7677 -4.4235 0.0787, 5.7677 -4.1673 0.748, 5.7677 -4.1673 1.1417, 5.7677 -3.3914 0.0787, 5.7677 -0.3557 0.748, 5.7677 -0.3557 1.1417, 5.7677 4.0969 1.1417, 5.7677 4.0969 0.7935, -5.063 4.0969 0.401, -5.063 4.0969 0.4453, -4.5315 4.0969 0.7935, -5.3957 4.0969 1.1417, -5.3957 4.0969 0.7935, -5.2992 4.0969 0.4453, -5.2992 4.0969 0.401, -4.0 4.0969 0.4453, -4.0 4.0969 0.401, -3.7638 4.0969 0.4453, -3.5472 4.0969 0.7935, -3.7638 4.0969 0.401, -3.3307 4.0969 0.401, -3.3307 4.0969 0.4453, -3.0945 4.0969 0.4453, -2.7352 4.0969 0.7935, -3.0945 4.0969 0.401, -2.1398 4.0969 0.401, -2.376 4.0969 0.401, -2.376 4.0969 0.4453, -2.1398 4.0969 0.4453, -1.7657 4.0969 0.7935, -1.1555 4.0969 0.401, -1.3917 4.0969 0.401, -1.3917 4.0969 0.4453, -1.1555 4.0969 0.4453, -0.7795 4.0969 0.7935, -0.1673 4.0969 0.401, 1.1909 4.0969 0.7935, -0.4035 4.0969 0.401, -0.4035 4.0969 0.4453, -0.1673 4.0969 0.4453, 2.7854 4.0969 0.4453, 2.5492 4.0969 0.4453, 2.5492 4.0969 0.401, 2.7854 4.0969 0.401, -4.5315 4.0969 1.1417, -3.5472 4.0969 1.1417, -2.7352 4.0969 1.1417, -1.7657 4.0969 1.1417, -0.7795 4.0969 1.1417, 1.1909 4.0969 1.1417, -5.2165 -7.3126 0.2362, -5.2165 -7.3126 1.1417, -4.626 -7.3126 0.2362, 4.6448 -0.3557 1.1417, -4.9016 3.5063 1.1417, -4.9016 -6.9976 1.1417, -5.5315 -5.5874 1.1417, -5.5315 -7.0625 1.1417, 4.5866 -6.9976 1.1417, 4.6448 -4.1673 1.1417, 4.5866 3.5063 1.1417, 3.686 3.5063 1.1417, 1.1909 3.5063 1.1417, -0.7795 3.5063 1.1417, -1.7657 3.5063 1.1417, -2.7352 3.5063 1.1417, -3.5472 3.5063 1.1417, -4.9016 -6.9976 0.2362, -4.9016 0.8558 0.2362, -4.9016 0.9714 0.2362, -4.9016 2.0127 0.2362, -4.9016 2.7431 0.2362, -4.9016 3.5063 0.3253, -4.9016 3.5063 0.2362, 3.1573 3.5063 0.2362, 3.686 3.5063 0.2362, 3.686 3.5063 0.3253, -3.5492 3.5063 0.2362, -3.5472 3.5063 0.3253, -3.5472 3.5063 0.2362, -2.7362 3.5063 0.2362, -2.7352 3.5063 0.3253, -2.7352 3.5063 0.2362, -1.7657 3.5063 0.3253, -1.7657 3.5063 0.2362, -0.7795 3.5063 0.3253, -0.7795 3.5063 0.2362, 0.0492 3.5063 0.2362, 1.1909 3.5063 0.3253, 0.8366 3.5063 0.2362, 1.1909 3.5063 0.2362, 2.1752 3.5063 0.2362, 4.5866 3.5063 0.3253, 4.3729 3.5063 0.2362, 4.5866 3.5063 0.2362, -3.7638 3.5063 0.4538, -3.7638 3.5063 0.4144, -4.0 3.5063 0.4144, -4.0 3.5063 0.4538, -3.3307 3.5063 0.4538, -3.0945 3.5063 0.4538, -3.0945 3.5063 0.4144, -3.3307 3.5063 0.4144, -2.376 3.5063 0.4144, -2.1398 3.5063 0.4144, -2.1398 3.5063 0.4538, -2.376 3.5063 0.4538, -1.3917 3.5063 0.4144, -1.1555 3.5063 0.4144, -1.1555 3.5063 0.4538, -1.3917 3.5063 0.4538, -0.4035 3.5063 0.4144, -0.1673 3.5063 0.4144, -0.1673 3.5063 0.4538, -0.4035 3.5063 0.4538, 2.5492 3.5063 0.4538, 2.7854 3.5063 0.4538, 2.7854 3.5063 0.4144, 2.5492 3.5063 0.4144, 4.5866 2.0127 0.2362, 4.5866 2.7431 0.2362, 4.5866 -6.9976 0.2362, 4.5866 0.8558 0.2362, 4.5866 0.9714 0.2362, -4.311 -6.9976 0.2362, -4.311 -5.3052 0.2362, -4.2965 -5.1205 0.2362, -4.2532 -4.9403 0.2362, -3.5492 -2.7736 0.2362, -3.5492 0.8558 0.2362, -3.687 0.9472 0.2362, -4.0807 0.9472 0.2362, -3.5492 2.0127 0.2362, -3.687 2.1283 0.2362, -4.0807 2.1283 0.2362, -3.687 2.7431 0.2362, -3.5492 2.7431 0.2362, -3.687 3.3095 0.2362, -4.0807 3.3095 0.2362, -4.0807 2.7431 0.2362, 4.3729 2.7431 0.2362, 4.3729 2.0127 0.2362, 4.3729 0.9714 0.2362, 4.3729 0.8558 0.2362, 4.3729 -7.1382 0.2362, 3.1573 -1.9522 0.2362, 4.1745 -5.0826 0.2362, 3.8442 -0.1855 0.2362, 4.2177 -5.2628 0.2362, 4.2323 -5.4476 0.2362, 3.4505 -0.1855 0.2362, 3.4505 0.7644 0.2362, 3.1573 0.8558 0.2362, 3.8442 0.7644 0.2362, 4.2323 -6.9976 0.2362, 3.0623 -1.6598 0.2362, 2.9363 -1.3919 0.2362, 2.1752 -0.8735 0.2362, 2.2328 -0.8808 0.2362, 2.508 -0.9897 0.2362, 2.7476 -1.1638 0.2362, 0.0492 0.8558 0.2362, 0.0492 -0.8436 0.2362, 0.8366 0.8558 0.2362, 0.8366 -0.8436 0.2362, 2.1752 0.8558 0.2362, 1.939 -0.8436 0.2362, -0.7795 -0.8436 0.2362, -0.7795 0.8558 0.2362, -1.7657 -0.8436 0.2362, -1.7657 0.8558 0.2362, -2.633 -0.9897 0.2362, -2.3578 -0.8808 0.2362, -2.7362 0.8558 0.2362, -2.064 -0.8436 0.2362, -3.1873 -1.6598 0.2362, -3.0613 -1.3919 0.2362, -2.8725 -1.1638 0.2362, -2.7362 -1.0647 0.2362, -3.687 0.9714 0.2362, -3.5492 0.9714 0.2362, -3.687 1.8971 0.2362, -4.0807 1.8971 0.2362, -4.0807 0.9714 0.2362, 0.5807 1.8971 0.2362, 0.8366 2.0127 0.2362, 0.187 1.8971 0.2362, 0.0492 2.0127 0.2362, 0.187 0.9714 0.2362, 0.0492 0.9714 0.2362, 0.187 0.9472 0.2362, 0.5807 0.9472 0.2362, 0.5807 0.9714 0.2362, 0.8366 0.9714 0.2362, -0.4823 2.1283 0.2362, -0.7795 2.0127 0.2362, -0.0886 2.1283 0.2362, -0.0886 2.7431 0.2362, 0.0492 2.7431 0.2362, -0.0886 3.3095 0.2362, -0.4823 3.3095 0.2362, -0.4823 2.7431 0.2362, -0.7795 2.7431 0.2362, 2.8642 0.9714 0.2362, 2.8642 0.9472 0.2362, 2.4705 0.9472 0.2362, 2.1752 0.9714 0.2362, 2.4705 0.9714 0.2362, 2.1752 2.0127 0.2362, 2.4705 1.8971 0.2362, 3.1573 2.0127 0.2362, 2.8642 1.8971 0.2362, 3.1573 0.9714 0.2362, 2.4705 2.1283 0.2362, 2.8642 2.1283 0.2362, 2.8642 2.7431 0.2362, 3.1573 2.7431 0.2362, 2.8642 3.3095 0.2362, 2.4705 3.3095 0.2362, 2.4705 2.7431 0.2362, 2.1752 2.7431 0.2362, -0.0886 0.9472 0.2362, -0.4823 0.9472 0.2362, -0.0886 0.9714 0.2362, -0.0886 1.8971 0.2362, -0.4823 1.8971 0.2362, -0.4823 0.9714 0.2362, -0.7795 0.9714 0.2362, 1.8799 1.8971 0.2362, 1.0925 1.8971 0.2362, 1.0925 0.9714 0.2362, 1.0925 0.9472 0.2362, 1.8799 0.9472 0.2362, 1.8799 0.9714 0.2362, 1.0925 3.3095 0.2362, 1.0925 2.7431 0.2362, 0.8366 2.7431 0.2362, 1.0925 2.1283 0.2362, 1.8799 2.1283 0.2362, 1.8799 2.7431 0.2362, 1.8799 3.3095 0.2362, 0.187 2.1283 0.2362, 0.5807 2.1283 0.2362, 0.5807 2.7431 0.2362, 0.5807 3.3095 0.2362, 0.187 3.3095 0.2362, 0.187 2.7431 0.2362, -2.7362 2.7431 0.2362, -2.4547 3.3095 0.2362, -2.061 3.3095 0.2362, -1.7657 2.7431 0.2362, -2.061 2.7431 0.2362, -1.7657 2.0127 0.2362, -2.061 2.1283 0.2362, -2.7362 2.0127 0.2362, -2.4547 2.1283 0.2362, -2.4547 2.7431 0.2362, -3.0177 1.8971 0.2362, -3.4114 1.8971 0.2362, -3.4114 0.9714 0.2362, -3.4114 0.9472 0.2362, -3.0177 0.9472 0.2362, -3.0177 0.9714 0.2362, -2.7362 0.9714 0.2362, -3.4114 3.3095 0.2362, -3.4114 2.7431 0.2362, -3.4114 2.1283 0.2362, -3.0177 2.1283 0.2362, -3.0177 2.7431 0.2362, -3.0177 3.3095 0.2362, 3.4505 0.9956 0.2362, 3.8442 0.9956 0.2362, 3.8442 2.0127 0.2362, 3.8442 2.1767 0.2362, 3.4505 2.1767 0.2362, 3.4505 2.0127 0.2362, -1.0768 1.8971 0.2362, -1.4705 1.8971 0.2362, -1.4705 0.9714 0.2362, -1.7657 0.9714 0.2362, -1.4705 0.9472 0.2362, -1.0768 0.9472 0.2362, -1.0768 0.9714 0.2362, -1.4705 2.1283 0.2362, -1.0768 2.1283 0.2362, -1.0768 2.7431 0.2362, -1.0768 3.3095 0.2362, -1.4705 3.3095 0.2362, -1.4705 2.7431 0.2362, -2.061 1.8971 0.2362, -2.4547 1.8971 0.2362, -2.4547 0.9714 0.2362, -2.4547 0.9472 0.2362, -2.061 0.9472 0.2362, -2.061 0.9714 0.2362
            ]
        }
        coordIndex [
            0,1,2,-1,3,4,5,-1,6,7,8,-1,7,9,10,-1,11,12,13,-1,12,14,15,-1,16,17,18,-1,19,20,21,-1,22,23,24,-1,19,21,25,-1,25,21,26,-1,25,26,18,-1,20,27,21,-1,21,27,28,-1,21,28,29,-1,29,28,30,-1,29,30,31,-1,24,32,22,-1,22,32,33,-1,22,33,18,-1,18,33,34,-1,18,34,25,-1,31,35,29,-1,29,35,36,-1,29,36,37,-1,38,39,40,-1,40,39,41,-1,42,43,44,-1,44,43,45,-1,44,45,46,-1,46,45,40,-1,46,40,47,-1,47,40,41,-1,42,48,43,-1,43,48,49,-1,43,49,23,-1,23,49,50,-1,23,50,24,-1,17,51,18,-1,18,51,52,-1,18,52,22,-1,53,54,55,-1,55,54,56,-1,55,56,57,-1,57,56,58,-1,57,58,59,-1,53,55,60,-1,60,55,61,-1,60,61,62,-1,62,61,63,-1,63,61,64,-1,63,64,65,-1,65,64,66,-1,65,66,67,-1,67,66,68,-1,67,68,69,-1,15,14,70,-1,11,4,71,-1,71,4,3,-1,71,3,72,-1,73,74,75,-1,75,74,76,-1,73,77,74,-1,74,77,78,-1,74,78,79,-1,79,78,80,-1,79,80,81,-1,82,83,84,-1,85,86,83,-1,83,86,87,-1,83,87,84,-1,84,87,76,-1,84,76,88,-1,88,76,74,-1,88,74,89,-1,90,91,83,-1,83,91,92,-1,93,94,95,-1,93,95,96,-1,92,97,83,-1,83,97,98,-1,83,98,85,-1,85,98,96,-1,85,96,99,-1,99,96,95,-1,100,101,102,-1,102,101,103,-1,104,105,106,-1,107,108,109,-1,110,111,104,-1,104,111,107,-1,112,113,103,-1,103,113,114,-1,109,115,116,-1,108,117,109,-1,109,117,118,-1,109,118,115,-1,116,119,109,-1,109,119,120,-1,109,120,121,-1,114,122,103,-1,103,122,123,-1,103,123,124,-1,125,126,102,-1,124,127,103,-1,103,127,128,-1,103,128,102,-1,102,128,129,-1,102,129,125,-1,126,130,102,-1,102,130,131,-1,102,131,106,-1,106,131,132,-1,106,132,104,-1,104,132,133,-1,104,133,110,-1,59,134,57,-1,57,134,16,-1,57,16,135,-1,135,16,18,-1,135,18,6,-1,6,18,26,-1,136,137,40,-1,40,137,29,-1,40,29,38,-1,38,29,37,-1,138,139,140,-1,140,139,141,-1,140,141,142,-1,142,141,143,-1,142,143,144,-1,144,143,145,-1,144,145,146,-1,146,145,147,-1,148,149,150,-1,150,149,151,-1,150,151,152,-1,152,151,153,-1,154,155,156,-1,155,154,157,-1,157,154,158,-1,157,158,159,-1,159,158,160,-1,159,160,161,-1,161,160,162,-1,161,162,163,-1,163,162,164,-1,163,164,156,-1,156,164,165,-1,156,165,154,-1,166,167,168,-1,169,170,171,-1,171,170,160,-1,168,172,166,-1,166,172,82,-1,166,82,173,-1,173,82,84,-1,174,2,175,-1,175,2,1,-1,175,1,176,-1,176,1,177,-1,176,177,178,-1,178,177,179,-1,178,179,180,-1,180,179,181,-1,180,181,182,-1,182,181,183,-1,182,183,184,-1,184,183,139,-1,184,139,148,-1,148,139,138,-1,148,138,149,-1,152,185,150,-1,150,185,186,-1,150,186,148,-1,148,186,187,-1,148,187,184,-1,188,189,190,-1,189,188,191,-1,191,188,192,-1,191,192,193,-1,193,192,194,-1,193,194,195,-1,195,194,165,-1,195,165,196,-1,196,165,164,-1,196,164,190,-1,190,164,162,-1,190,162,188,-1,197,198,199,-1,200,201,202,-1,202,201,203,-1,203,201,204,-1,203,204,205,-1,205,204,206,-1,205,206,207,-1,199,198,208,-1,208,198,209,-1,208,209,210,-1,210,209,211,-1,210,211,194,-1,212,213,214,-1,213,212,215,-1,215,212,216,-1,215,216,217,-1,217,216,218,-1,217,218,219,-1,219,218,220,-1,219,220,221,-1,221,220,222,-1,221,222,214,-1,214,222,223,-1,214,223,212,-1,224,212,225,-1,225,212,226,-1,225,226,227,-1,227,226,228,-1,227,228,229,-1,229,228,230,-1,229,230,231,-1,231,230,218,-1,231,218,232,-1,232,218,216,-1,232,216,224,-1,224,216,212,-1,158,233,234,-1,235,236,237,-1,233,158,238,-1,238,158,154,-1,238,154,239,-1,239,154,240,-1,239,240,237,-1,237,240,241,-1,237,241,235,-1,242,243,244,-1,243,242,245,-1,245,242,246,-1,245,246,247,-1,247,246,248,-1,247,248,249,-1,249,248,139,-1,249,139,250,-1,250,139,183,-1,250,183,244,-1,244,183,181,-1,244,181,242,-1,223,251,252,-1,251,223,253,-1,253,223,222,-1,253,222,254,-1,254,222,220,-1,254,220,255,-1,255,220,248,-1,255,248,256,-1,256,248,246,-1,256,246,252,-1,252,246,242,-1,252,242,223,-1,257,258,103,-1,103,258,259,-1,103,259,260,-1,261,262,263,-1,263,262,264,-1,263,264,265,-1,266,267,101,-1,101,267,268,-1,101,268,103,-1,103,268,269,-1,103,269,257,-1,261,270,262,-1,262,270,271,-1,262,271,101,-1,271,272,101,-1,101,272,273,-1,101,273,274,-1,274,275,101,-1,101,275,276,-1,101,276,266,-1,94,277,95,-1,95,277,278,-1,95,278,279,-1,279,278,280,-1,279,280,281,-1,281,280,282,-1,281,282,283,-1,283,282,284,-1,283,284,264,-1,264,284,285,-1,264,285,265,-1,286,287,0,-1,0,287,288,-1,0,288,289,-1,289,288,290,-1,288,291,290,-1,290,291,292,-1,290,292,293,-1,293,292,294,-1,293,294,295,-1,295,296,293,-1,293,296,297,-1,293,297,298,-1,299,300,293,-1,293,300,301,-1,302,303,304,-1,304,303,305,-1,301,306,293,-1,293,306,305,-1,293,305,307,-1,307,305,303,-1,298,308,293,-1,293,308,309,-1,293,309,299,-1,310,311,312,-1,312,311,313,-1,312,313,314,-1,315,316,317,-1,317,316,318,-1,314,319,312,-1,312,319,320,-1,312,320,317,-1,317,320,321,-1,317,321,315,-1,318,322,317,-1,317,322,323,-1,317,323,324,-1,324,323,325,-1,324,325,326,-1,327,328,15,-1,15,328,329,-1,15,329,330,-1,12,15,13,-1,13,15,330,-1,13,330,312,-1,312,330,331,-1,312,331,310,-1,332,333,334,-1,334,333,335,-1,334,335,336,-1,260,90,103,-1,103,90,337,-1,103,337,112,-1,112,337,338,-1,338,337,339,-1,339,337,340,-1,339,340,121,-1,169,89,170,-1,170,89,74,-1,170,74,341,-1,341,74,79,-1,341,79,342,-1,336,327,334,-1,334,327,15,-1,334,15,332,-1,332,15,70,-1,332,70,343,-1,135,344,57,-1,57,344,345,-1,57,345,55,-1,55,345,346,-1,55,346,61,-1,61,346,347,-1,61,347,64,-1,64,347,348,-1,64,348,66,-1,66,348,349,-1,66,349,68,-1,160,170,162,-1,162,170,341,-1,162,341,188,-1,188,341,342,-1,188,342,350,-1,317,351,312,-1,312,351,352,-1,312,352,353,-1,11,13,4,-1,4,13,312,-1,4,312,5,-1,5,312,353,-1,5,353,354,-1,355,351,356,-1,356,351,317,-1,356,317,354,-1,354,317,350,-1,354,350,5,-1,5,350,342,-1,5,342,3,-1,3,342,79,-1,3,79,72,-1,72,79,81,-1,357,358,343,-1,343,358,359,-1,343,359,332,-1,332,359,360,-1,361,357,362,-1,362,357,1,-1,362,1,360,-1,360,1,0,-1,360,0,332,-1,332,0,289,-1,332,289,333,-1,363,364,365,-1,365,364,357,-1,365,357,366,-1,366,357,361,-1,366,361,367,-1,367,361,368,-1,369,370,343,-1,343,370,371,-1,372,373,374,-1,374,375,372,-1,372,375,376,-1,372,376,377,-1,378,379,177,-1,177,379,380,-1,357,343,1,-1,1,343,371,-1,1,371,177,-1,177,371,381,-1,177,381,378,-1,380,382,177,-1,177,382,383,-1,177,383,384,-1,377,369,372,-1,372,369,343,-1,372,343,385,-1,385,343,70,-1,385,70,386,-1,386,70,14,-1,384,387,177,-1,177,387,388,-1,177,388,372,-1,372,388,389,-1,372,389,373,-1,390,391,372,-1,372,391,177,-1,177,391,392,-1,177,392,179,-1,393,394,349,-1,349,394,395,-1,396,397,395,-1,395,397,390,-1,395,390,349,-1,349,390,372,-1,349,372,68,-1,68,372,385,-1,68,385,69,-1,69,385,386,-1,344,226,345,-1,345,226,212,-1,345,212,346,-1,346,212,223,-1,346,223,347,-1,347,223,242,-1,347,242,348,-1,348,242,181,-1,348,181,349,-1,349,181,179,-1,349,179,393,-1,393,179,392,-1,236,235,234,-1,234,235,398,-1,234,398,158,-1,158,398,168,-1,158,168,160,-1,160,168,167,-1,160,167,171,-1,326,286,324,-1,324,286,0,-1,324,0,399,-1,399,0,2,-1,399,2,152,-1,152,2,174,-1,152,174,185,-1,107,109,104,-1,104,109,400,-1,104,400,401,-1,401,400,402,-1,401,402,403,-1,403,402,404,-1,403,404,405,-1,405,404,406,-1,405,406,407,-1,408,199,409,-1,152,408,399,-1,399,408,409,-1,399,409,324,-1,324,409,410,-1,324,410,317,-1,317,410,411,-1,317,411,350,-1,350,411,412,-1,350,412,188,-1,188,412,413,-1,188,413,192,-1,192,413,414,-1,192,414,194,-1,194,414,415,-1,194,415,210,-1,210,415,416,-1,210,416,208,-1,208,416,417,-1,208,417,199,-1,199,417,418,-1,199,418,409,-1,409,418,419,-1,409,419,410,-1,420,421,422,-1,422,421,423,-1,422,423,424,-1,424,423,407,-1,424,407,425,-1,425,407,406,-1,425,406,420,-1,420,406,421,-1,121,340,109,-1,109,340,426,-1,109,426,400,-1,400,426,427,-1,400,427,402,-1,402,427,428,-1,402,428,404,-1,404,428,429,-1,404,429,406,-1,406,429,430,-1,406,430,421,-1,90,83,337,-1,337,83,82,-1,337,82,340,-1,340,82,172,-1,340,172,426,-1,426,172,168,-1,426,168,427,-1,427,168,398,-1,427,398,428,-1,428,398,235,-1,428,235,429,-1,429,235,241,-1,429,241,430,-1,431,432,433,-1,433,432,240,-1,433,240,434,-1,434,240,154,-1,434,154,435,-1,435,154,165,-1,435,165,431,-1,431,165,432,-1,211,207,194,-1,194,207,206,-1,194,206,436,-1,436,206,437,-1,436,437,438,-1,438,437,432,-1,438,432,439,-1,439,432,165,-1,439,165,440,-1,440,165,194,-1,440,194,436,-1,153,146,152,-1,152,146,147,-1,152,147,408,-1,408,147,441,-1,408,441,199,-1,199,441,200,-1,199,200,197,-1,197,200,202,-1,442,443,444,-1,444,443,141,-1,444,141,445,-1,445,141,139,-1,445,139,446,-1,446,139,248,-1,446,248,442,-1,442,248,443,-1,447,443,448,-1,448,443,248,-1,448,248,449,-1,449,248,220,-1,449,220,450,-1,450,220,451,-1,450,451,447,-1,447,451,452,-1,447,452,443,-1,453,454,455,-1,218,456,220,-1,220,456,457,-1,220,457,451,-1,451,457,453,-1,451,453,458,-1,458,453,455,-1,218,459,460,-1,459,218,461,-1,461,218,230,-1,461,230,462,-1,462,230,463,-1,462,463,460,-1,460,463,455,-1,460,455,218,-1,218,455,454,-1,218,454,456,-1,464,465,466,-1,6,8,135,-1,135,8,467,-1,135,467,344,-1,344,467,468,-1,344,468,226,-1,226,468,469,-1,226,469,228,-1,228,469,464,-1,228,464,230,-1,230,464,466,-1,230,466,463,-1,470,471,472,-1,7,10,8,-1,8,10,473,-1,8,473,467,-1,467,473,474,-1,467,474,468,-1,468,474,475,-1,468,475,469,-1,469,475,470,-1,469,470,464,-1,464,470,472,-1,464,472,465,-1,281,283,476,-1,476,283,264,-1,476,264,477,-1,477,264,262,-1,477,262,478,-1,478,262,479,-1,480,475,474,-1,481,482,136,-1,136,482,483,-1,136,483,137,-1,137,483,484,-1,137,484,485,-1,485,484,486,-1,485,486,487,-1,487,486,488,-1,487,488,9,-1,480,474,489,-1,475,480,470,-1,470,480,490,-1,470,490,471,-1,471,490,491,-1,471,491,492,-1,492,491,493,-1,492,493,494,-1,494,493,480,-1,494,480,486,-1,486,480,489,-1,486,489,488,-1,474,473,489,-1,489,473,10,-1,489,10,495,-1,495,10,9,-1,495,9,496,-1,496,9,488,-1,101,100,497,-1,262,101,479,-1,479,101,498,-1,479,498,499,-1,101,497,498,-1,498,497,500,-1,498,500,501,-1,501,500,105,-1,501,105,104,-1,104,401,501,-1,501,401,403,-1,501,403,502,-1,502,403,405,-1,502,405,503,-1,503,405,407,-1,503,407,504,-1,504,407,423,-1,505,506,507,-1,492,494,508,-1,507,506,509,-1,509,506,510,-1,509,510,511,-1,511,505,466,-1,466,465,511,-1,511,465,472,-1,511,472,509,-1,509,472,471,-1,509,471,492,-1,507,512,513,-1,505,507,466,-1,466,507,513,-1,466,513,463,-1,512,507,514,-1,514,507,515,-1,514,515,516,-1,516,515,458,-1,516,458,513,-1,513,458,455,-1,513,455,463,-1,517,458,518,-1,518,458,515,-1,518,515,519,-1,519,515,520,-1,519,520,521,-1,521,520,452,-1,521,452,517,-1,517,452,451,-1,517,451,458,-1,522,443,523,-1,523,443,452,-1,523,452,524,-1,524,452,520,-1,524,520,525,-1,525,520,526,-1,525,526,522,-1,522,526,443,-1,527,141,528,-1,528,141,443,-1,528,443,529,-1,529,443,526,-1,529,526,530,-1,530,526,531,-1,530,531,527,-1,527,531,141,-1,532,441,147,-1,206,204,533,-1,533,204,201,-1,147,145,532,-1,532,145,143,-1,532,143,534,-1,534,143,141,-1,534,141,535,-1,535,141,531,-1,535,531,536,-1,531,533,536,-1,536,533,201,-1,536,201,532,-1,532,201,200,-1,532,200,441,-1,537,538,533,-1,533,538,539,-1,423,421,504,-1,504,421,430,-1,504,430,241,-1,533,504,537,-1,537,504,241,-1,537,241,540,-1,540,241,240,-1,540,240,539,-1,539,240,432,-1,539,432,533,-1,533,432,437,-1,533,437,206,-1,492,508,509,-1,509,508,541,-1,509,541,507,-1,507,541,542,-1,507,542,515,-1,515,542,543,-1,515,543,520,-1,520,543,544,-1,520,544,526,-1,526,544,545,-1,526,545,531,-1,531,545,546,-1,531,546,533,-1,533,546,503,-1,533,503,504,-1,547,548,481,-1,45,549,40,-1,40,549,547,-1,40,547,136,-1,136,547,481,-1,550,502,503,-1,508,494,551,-1,478,479,499,-1,481,548,482,-1,482,548,552,-1,551,494,552,-1,552,494,486,-1,552,486,482,-1,482,486,553,-1,482,553,554,-1,478,499,555,-1,499,556,555,-1,555,556,550,-1,555,550,557,-1,557,550,503,-1,557,503,558,-1,558,503,546,-1,558,546,559,-1,559,546,560,-1,560,546,545,-1,560,545,561,-1,561,545,544,-1,561,544,562,-1,562,544,543,-1,562,543,563,-1,563,543,542,-1,563,542,551,-1,551,542,541,-1,551,541,508,-1,552,564,551,-1,551,564,565,-1,551,565,566,-1,566,567,551,-1,551,567,568,-1,551,568,569,-1,569,568,570,-1,571,572,573,-1,569,570,574,-1,575,576,577,-1,575,577,578,-1,578,577,579,-1,578,579,580,-1,580,579,581,-1,580,581,582,-1,581,583,582,-1,582,583,584,-1,582,584,585,-1,584,586,585,-1,585,586,587,-1,585,587,588,-1,573,572,589,-1,589,572,590,-1,589,590,591,-1,592,593,575,-1,575,593,594,-1,592,563,595,-1,595,563,551,-1,595,551,594,-1,594,551,569,-1,594,569,575,-1,575,569,574,-1,575,574,576,-1,592,575,563,-1,563,575,596,-1,563,596,562,-1,562,596,597,-1,562,597,578,-1,578,597,598,-1,578,598,575,-1,575,598,599,-1,575,599,596,-1,600,578,601,-1,601,578,580,-1,601,580,602,-1,602,580,561,-1,602,561,603,-1,603,561,562,-1,603,562,600,-1,600,562,578,-1,604,580,605,-1,605,580,582,-1,605,582,606,-1,606,582,560,-1,606,560,607,-1,607,560,561,-1,607,561,604,-1,604,561,580,-1,608,582,609,-1,609,582,585,-1,609,585,610,-1,610,585,559,-1,610,559,611,-1,611,559,560,-1,611,560,608,-1,608,560,582,-1,558,559,612,-1,613,614,573,-1,573,614,615,-1,612,559,615,-1,615,559,585,-1,615,585,573,-1,573,585,588,-1,573,588,571,-1,589,557,573,-1,573,557,558,-1,573,558,613,-1,613,558,612,-1,616,557,617,-1,617,557,589,-1,617,589,591,-1,618,555,619,-1,619,555,557,-1,619,557,620,-1,620,557,616,-1,547,549,564,-1,564,549,621,-1,621,622,564,-1,564,622,623,-1,564,623,565,-1,565,623,624,-1,565,624,625,-1,626,627,628,-1,629,630,631,-1,630,629,632,-1,632,629,633,-1,632,633,634,-1,634,633,574,-1,634,574,635,-1,635,574,570,-1,635,570,636,-1,636,570,568,-1,636,568,631,-1,631,568,567,-1,631,567,629,-1,617,637,638,-1,617,638,616,-1,616,638,639,-1,616,639,620,-1,619,640,618,-1,618,640,641,-1,618,641,477,-1,477,641,476,-1,642,643,644,-1,644,643,645,-1,644,645,646,-1,647,648,649,-1,649,648,650,-1,649,650,640,-1,640,650,644,-1,640,644,641,-1,641,644,646,-1,641,646,651,-1,644,647,642,-1,642,647,649,-1,642,649,652,-1,652,649,653,-1,654,655,649,-1,655,656,649,-1,649,656,657,-1,649,657,653,-1,658,659,660,-1,660,659,661,-1,660,661,662,-1,662,661,663,-1,662,663,654,-1,664,665,666,-1,666,665,667,-1,668,669,670,-1,670,669,667,-1,667,669,671,-1,667,671,666,-1,672,673,626,-1,626,673,674,-1,626,674,670,-1,670,674,675,-1,670,675,668,-1,627,626,676,-1,676,626,677,-1,676,677,678,-1,678,677,629,-1,678,629,679,-1,679,629,567,-1,679,567,680,-1,680,567,566,-1,680,566,628,-1,628,566,565,-1,628,565,626,-1,626,565,625,-1,626,625,672,-1,681,682,683,-1,683,682,684,-1,683,684,685,-1,685,684,686,-1,685,686,687,-1,687,686,658,-1,687,658,688,-1,688,658,660,-1,688,660,689,-1,689,660,690,-1,689,690,681,-1,681,690,682,-1,691,692,693,-1,693,692,684,-1,693,684,694,-1,694,684,695,-1,694,695,696,-1,696,695,584,-1,696,584,697,-1,697,584,583,-1,697,583,698,-1,698,583,699,-1,698,699,691,-1,691,699,692,-1,700,701,649,-1,649,701,702,-1,654,649,662,-1,662,649,702,-1,662,702,703,-1,703,702,704,-1,703,704,705,-1,705,704,706,-1,705,706,707,-1,707,706,708,-1,707,708,709,-1,710,705,711,-1,711,705,707,-1,711,707,712,-1,712,707,713,-1,712,713,714,-1,714,713,571,-1,714,571,715,-1,715,571,588,-1,715,588,716,-1,716,588,717,-1,716,717,710,-1,710,717,705,-1,658,718,719,-1,718,658,720,-1,720,658,686,-1,720,686,721,-1,721,686,684,-1,721,684,722,-1,722,684,692,-1,722,692,723,-1,723,692,724,-1,723,724,719,-1,719,724,665,-1,719,665,658,-1,658,665,664,-1,658,664,659,-1,725,705,726,-1,726,705,682,-1,726,682,727,-1,727,682,690,-1,727,690,728,-1,728,690,660,-1,728,660,729,-1,729,660,662,-1,729,662,730,-1,730,662,703,-1,730,703,725,-1,725,703,705,-1,588,587,731,-1,731,587,586,-1,731,586,732,-1,732,586,733,-1,732,733,734,-1,734,733,682,-1,734,682,735,-1,735,682,705,-1,735,705,736,-1,736,705,717,-1,736,717,737,-1,737,717,588,-1,737,588,731,-1,738,684,739,-1,739,684,682,-1,739,682,740,-1,740,682,733,-1,740,733,741,-1,741,733,586,-1,741,586,742,-1,742,586,584,-1,742,584,743,-1,743,584,695,-1,743,695,738,-1,738,695,684,-1,577,744,579,-1,579,744,745,-1,579,745,581,-1,581,745,746,-1,581,746,747,-1,747,746,748,-1,747,748,749,-1,749,748,750,-1,749,750,751,-1,751,750,752,-1,751,752,744,-1,744,752,753,-1,744,753,745,-1,754,751,755,-1,755,751,629,-1,755,629,756,-1,756,629,677,-1,756,677,757,-1,757,677,626,-1,757,626,758,-1,758,626,670,-1,758,670,759,-1,759,670,760,-1,759,760,754,-1,754,760,751,-1,577,576,761,-1,761,576,574,-1,761,574,762,-1,762,574,633,-1,762,633,763,-1,763,633,629,-1,763,629,764,-1,764,629,751,-1,764,751,765,-1,765,751,744,-1,765,744,766,-1,766,744,577,-1,766,577,761,-1,767,709,768,-1,768,709,639,-1,768,639,769,-1,769,639,638,-1,769,638,770,-1,770,638,637,-1,770,637,771,-1,771,637,713,-1,771,713,772,-1,772,713,707,-1,772,707,767,-1,767,707,709,-1,773,692,774,-1,774,692,749,-1,774,749,775,-1,775,749,776,-1,775,776,777,-1,777,776,667,-1,777,667,778,-1,778,667,665,-1,778,665,779,-1,779,665,724,-1,779,724,773,-1,773,724,692,-1,780,749,781,-1,781,749,692,-1,781,692,782,-1,782,692,699,-1,782,699,783,-1,783,699,583,-1,783,583,784,-1,784,583,581,-1,784,581,785,-1,785,581,747,-1,785,747,780,-1,780,747,749,-1,786,749,787,-1,787,749,751,-1,787,751,788,-1,788,751,760,-1,788,760,789,-1,789,760,670,-1,789,670,790,-1,790,670,667,-1,790,667,791,-1,791,667,776,-1,791,776,786,-1,786,776,749,-1,619,620,640,-1,640,620,639,-1,640,639,649,-1,649,639,709,-1,649,709,700,-1,700,709,708,-1,617,591,637,-1,637,591,590,-1,637,590,713,-1,713,590,572,-1,713,572,571,-1,418,683,419,-1,419,683,685,-1,419,685,410,-1,410,685,687,-1,688,413,412,-1,688,412,687,-1,687,412,411,-1,687,411,410,-1,413,688,414,-1,414,688,689,-1,414,689,415,-1,415,689,681,-1,683,418,417,-1,683,417,681,-1,681,417,416,-1,681,416,415,-1,459,630,460,-1,460,630,632,-1,460,632,634,-1,460,634,462,-1,462,634,635,-1,631,461,636,-1,636,461,462,-1,636,462,635,-1,461,631,459,-1,459,631,630,-1,153,693,146,-1,146,693,694,-1,146,694,696,-1,146,696,144,-1,144,696,697,-1,144,697,142,-1,142,697,140,-1,691,138,698,-1,698,138,140,-1,698,140,697,-1,138,691,149,-1,149,691,693,-1,149,693,151,-1,151,693,153,-1,156,706,163,-1,163,706,704,-1,163,704,161,-1,161,704,702,-1,161,702,159,-1,159,702,701,-1,159,701,157,-1,157,701,700,-1,157,700,155,-1,155,700,708,-1,155,708,156,-1,156,708,706,-1,434,711,433,-1,433,711,712,-1,433,712,714,-1,433,714,431,-1,431,714,715,-1,710,435,716,-1,716,435,431,-1,716,431,715,-1,435,710,434,-1,434,710,711,-1,171,648,169,-1,169,648,647,-1,169,647,89,-1,89,647,88,-1,88,647,84,-1,84,647,644,-1,644,650,167,-1,167,166,644,-1,644,166,173,-1,644,173,84,-1,167,650,171,-1,171,650,648,-1,184,722,182,-1,182,722,723,-1,182,723,180,-1,180,723,719,-1,180,719,178,-1,178,719,718,-1,178,718,176,-1,176,718,175,-1,175,718,174,-1,174,718,720,-1,174,720,185,-1,185,720,721,-1,185,721,186,-1,186,721,722,-1,186,722,187,-1,187,722,184,-1,193,726,191,-1,191,726,727,-1,191,727,189,-1,189,727,728,-1,189,728,190,-1,190,728,729,-1,190,729,196,-1,196,729,730,-1,196,730,195,-1,195,730,725,-1,195,725,193,-1,193,725,726,-1,440,734,439,-1,439,734,735,-1,439,735,438,-1,438,735,736,-1,438,736,737,-1,438,737,436,-1,436,737,731,-1,734,440,732,-1,732,440,436,-1,732,436,731,-1,207,739,205,-1,205,739,740,-1,205,740,741,-1,742,197,202,-1,742,202,741,-1,741,202,203,-1,741,203,205,-1,738,198,743,-1,743,198,197,-1,743,197,742,-1,739,207,211,-1,739,211,738,-1,738,211,209,-1,738,209,198,-1,448,750,447,-1,447,750,748,-1,447,748,746,-1,447,746,450,-1,450,746,745,-1,752,449,753,-1,753,449,450,-1,753,450,745,-1,449,752,448,-1,448,752,750,-1,217,755,215,-1,215,755,756,-1,215,756,213,-1,213,756,757,-1,213,757,214,-1,214,757,758,-1,214,758,221,-1,221,758,759,-1,221,759,219,-1,219,759,754,-1,219,754,217,-1,217,754,755,-1,457,764,453,-1,453,764,765,-1,453,765,766,-1,453,766,454,-1,454,766,761,-1,763,456,762,-1,762,456,454,-1,762,454,761,-1,456,763,457,-1,457,763,764,-1,229,679,227,-1,227,679,680,-1,227,680,225,-1,225,680,628,-1,225,628,224,-1,224,628,627,-1,224,627,232,-1,232,627,676,-1,232,676,231,-1,231,676,678,-1,231,678,229,-1,229,678,679,-1,234,768,236,-1,236,768,769,-1,236,769,237,-1,237,769,770,-1,237,770,239,-1,239,770,771,-1,239,771,238,-1,238,771,772,-1,238,772,233,-1,233,772,767,-1,233,767,234,-1,234,767,768,-1,247,774,245,-1,245,774,775,-1,245,775,243,-1,243,775,777,-1,243,777,244,-1,244,777,778,-1,244,778,250,-1,250,778,779,-1,250,779,249,-1,249,779,773,-1,249,773,247,-1,247,773,774,-1,445,781,444,-1,444,781,782,-1,444,782,783,-1,444,783,442,-1,442,783,784,-1,780,446,785,-1,785,446,442,-1,785,442,784,-1,446,780,445,-1,445,780,781,-1,254,787,253,-1,253,787,788,-1,253,788,251,-1,251,788,789,-1,251,789,252,-1,252,789,790,-1,252,790,256,-1,256,790,791,-1,256,791,255,-1,255,791,786,-1,255,786,254,-1,254,786,787,-1,
        ]
    }
}
Shape{
    appearance Appearance {
        material  Material 	{
            diffuseColor 0.6666666666666666 0.6980392156862745 0.7686274509803922
            specularColor 0.3333333333333333 0.34901960784313724 0.3843137254901961
            ambientIntensity 0.6967
            transparency 0.0
            shininess 0.5
        }
    }
    geometry IndexedFaceSet {
        ccw TRUE
        solid FALSE
        coord DEF co Coordinate {
            point [
                2.7854 2.2984 0.4538, 2.5492 2.2984 0.4538, 2.7854 2.2928 0.4542, 2.5492 2.2928 0.4542, 2.7854 1.5347 0.5633, 2.5492 1.5347 0.5633, 2.5492 1.51 0.5642, 2.7854 1.51 0.5642, 2.5492 1.4857 0.56, 2.7854 1.4857 0.56, 2.5492 1.4627 0.5509, 2.7854 1.4627 0.5509, 2.7854 1.055 0.3356, 2.5492 1.055 0.3356, 2.7854 1.0734 0.3008, 2.5492 1.0734 0.3008, 2.7854 1.4811 0.516, 2.5492 1.4811 0.516, 2.7854 1.4964 0.5222, 2.5492 1.4964 0.5222, 2.7854 1.5126 0.525, 2.5492 1.5126 0.525, 2.7854 1.5291 0.5243, 2.5492 1.5291 0.5243, 2.7854 2.2872 0.4152, 2.5492 2.2872 0.4152, 2.5492 2.2984 0.4144, 2.7854 2.2984 0.4144, 2.7854 3.5063 0.4538, 2.7854 3.5063 0.4144, 2.5492 3.5063 0.4538, 2.5492 3.5063 0.4144, 2.7854 4.1534 0.3977, 2.5492 4.1534 0.3977, 2.5492 4.1381 0.4175, 2.7854 4.1381 0.4175, 2.5492 4.119 0.4336, 2.7854 4.119 0.4336, 2.5492 4.0969 0.4453, 2.7854 4.0969 0.4453, 2.7854 4.0969 0.401, 2.5492 4.0969 0.401, 2.7854 4.1097 0.3902, 2.5492 4.1097 0.3902, 2.7854 4.1199 0.377, 2.5492 4.1199 0.377, 2.7854 4.648 0.0315, 2.7854 4.648 0.0709, 2.7854 4.377 0.0315, 2.7854 4.377 0.0709, 2.7854 4.3572 0.034, 2.7854 4.3671 0.0721, 2.7854 4.3386 0.0415, 2.7854 4.3578 0.0759, 2.7854 4.3226 0.0534, 2.7854 4.3498 0.0818, 2.7854 4.31 0.0689, 2.7854 4.3435 0.0896, 2.5492 4.648 0.0709, 2.5492 4.648 0.0315, 2.5492 4.377 0.0709, 2.5492 4.377 0.0315, 2.5492 4.3671 0.0721, 2.5492 4.3572 0.034, 2.5492 4.3578 0.0759, 2.5492 4.3386 0.0415, 2.5492 4.3498 0.0818, 2.5492 4.3226 0.0534, 2.5492 4.3435 0.0896, 2.5492 4.31 0.0689, -0.1673 2.2984 0.4538, -0.4035 2.2984 0.4538, -0.1673 2.2928 0.4542, -0.4035 2.2928 0.4542, -0.1673 1.5347 0.5633, -0.4035 1.5347 0.5633, -0.4035 1.51 0.5642, -0.1673 1.51 0.5642, -0.4035 1.4857 0.56, -0.1673 1.4857 0.56, -0.4035 1.4627 0.5509, -0.1673 1.4627 0.5509, -0.1673 1.055 0.3356, -0.4035 1.055 0.3356, -0.1673 1.0734 0.3008, -0.4035 1.0734 0.3008, -0.1673 1.4811 0.516, -0.4035 1.4811 0.516, -0.1673 1.4964 0.5222, -0.4035 1.4964 0.5222, -0.1673 1.5126 0.525, -0.4035 1.5126 0.525, -0.1673 1.5291 0.5243, -0.4035 1.5291 0.5243, -0.1673 2.2872 0.4152, -0.4035 2.2872 0.4152, -0.4035 2.2984 0.4144, -0.1673 2.2984 0.4144, -0.1673 3.5063 0.4538, -0.1673 3.5063 0.4144, -0.4035 3.5063 0.4538, -0.4035 3.5063 0.4144, -0.1673 4.1534 0.3977, -0.4035 4.1534 0.3977, -0.4035 4.1381 0.4175, -0.1673 4.1381 0.4175, -0.4035 4.119 0.4336, -0.1673 4.119 0.4336, -0.4035 4.0969 0.4453, -0.1673 4.0969 0.4453, -0.1673 4.0969 0.401, -0.4035 4.0969 0.401, -0.1673 4.1097 0.3902, -0.4035 4.1097 0.3902, -0.1673 4.1199 0.377, -0.4035 4.1199 0.377, -0.1673 4.648 0.0315, -0.1673 4.648 0.0709, -0.1673 4.377 0.0315, -0.1673 4.377 0.0709, -0.1673 4.3572 0.034, -0.1673 4.3671 0.0721, -0.1673 4.3386 0.0415, -0.1673 4.3578 0.0759, -0.1673 4.3226 0.0534, -0.1673 4.3498 0.0818, -0.1673 4.31 0.0689, -0.1673 4.3435 0.0896, -0.4035 4.648 0.0709, -0.4035 4.648 0.0315, -0.4035 4.377 0.0709, -0.4035 4.377 0.0315, -0.4035 4.3671 0.0721, -0.4035 4.3572 0.034, -0.4035 4.3578 0.0759, -0.4035 4.3386 0.0415, -0.4035 4.3498 0.0818, -0.4035 4.3226 0.0534, -0.4035 4.3435 0.0896, -0.4035 4.31 0.0689, -1.1555 2.2984 0.4538, -1.3917 2.2984 0.4538, -1.1555 2.2928 0.4542, -1.3917 2.2928 0.4542, -1.1555 1.5347 0.5633, -1.3917 1.5347 0.5633, -1.3917 1.51 0.5642, -1.1555 1.51 0.5642, -1.3917 1.4857 0.56, -1.1555 1.4857 0.56, -1.3917 1.4627 0.5509, -1.1555 1.4627 0.5509, -1.1555 1.055 0.3356, -1.3917 1.055 0.3356, -1.1555 1.0734 0.3008, -1.3917 1.0734 0.3008, -1.1555 1.4811 0.516, -1.3917 1.4811 0.516, -1.1555 1.4964 0.5222, -1.3917 1.4964 0.5222, -1.1555 1.5126 0.525, -1.3917 1.5126 0.525, -1.1555 1.5291 0.5243, -1.3917 1.5291 0.5243, -1.1555 2.2872 0.4152, -1.3917 2.2872 0.4152, -1.3917 2.2984 0.4144, -1.1555 2.2984 0.4144, -1.1555 3.5063 0.4538, -1.1555 3.5063 0.4144, -1.3917 3.5063 0.4538, -1.3917 3.5063 0.4144, -1.1555 4.1534 0.3977, -1.3917 4.1534 0.3977, -1.3917 4.1381 0.4175, -1.1555 4.1381 0.4175, -1.3917 4.119 0.4336, -1.1555 4.119 0.4336, -1.3917 4.0969 0.4453, -1.1555 4.0969 0.4453, -1.1555 4.0969 0.401, -1.3917 4.0969 0.401, -1.1555 4.1097 0.3902, -1.3917 4.1097 0.3902, -1.1555 4.1199 0.377, -1.3917 4.1199 0.377, -1.1555 4.648 0.0315, -1.1555 4.648 0.0709, -1.1555 4.377 0.0315, -1.1555 4.377 0.0709, -1.1555 4.3572 0.034, -1.1555 4.3671 0.0721, -1.1555 4.3386 0.0415, -1.1555 4.3578 0.0759, -1.1555 4.3226 0.0534, -1.1555 4.3498 0.0818, -1.1555 4.31 0.0689, -1.1555 4.3435 0.0896, -1.3917 4.648 0.0709, -1.3917 4.648 0.0315, -1.3917 4.377 0.0709, -1.3917 4.377 0.0315, -1.3917 4.3671 0.0721, -1.3917 4.3572 0.034, -1.3917 4.3578 0.0759, -1.3917 4.3386 0.0415, -1.3917 4.3498 0.0818, -1.3917 4.3226 0.0534, -1.3917 4.3435 0.0896, -1.3917 4.31 0.0689, -2.1398 2.2984 0.4538, -2.376 2.2984 0.4538, -2.1398 2.2928 0.4542, -2.376 2.2928 0.4542, -2.1398 1.5347 0.5633, -2.376 1.5347 0.5633, -2.376 1.51 0.5642, -2.1398 1.51 0.5642, -2.376 1.4857 0.56, -2.1398 1.4857 0.56, -2.376 1.4627 0.5509, -2.1398 1.4627 0.5509, -2.1398 1.055 0.3356, -2.376 1.055 0.3356, -2.1398 1.0734 0.3008, -2.376 1.0734 0.3008, -2.1398 1.4811 0.516, -2.376 1.4811 0.516, -2.1398 1.4964 0.5222, -2.376 1.4964 0.5222, -2.1398 1.5126 0.525, -2.376 1.5126 0.525, -2.1398 1.5291 0.5243, -2.376 1.5291 0.5243, -2.1398 2.2872 0.4152, -2.376 2.2872 0.4152, -2.376 2.2984 0.4144, -2.1398 2.2984 0.4144, -2.1398 3.5063 0.4538, -2.1398 3.5063 0.4144, -2.376 3.5063 0.4538, -2.376 3.5063 0.4144, -2.1398 4.1534 0.3977, -2.376 4.1534 0.3977, -2.376 4.1381 0.4175, -2.1398 4.1381 0.4175, -2.376 4.119 0.4336, -2.1398 4.119 0.4336, -2.376 4.0969 0.4453, -2.1398 4.0969 0.4453, -2.1398 4.0969 0.401, -2.376 4.0969 0.401, -2.1398 4.1097 0.3902, -2.376 4.1097 0.3902, -2.1398 4.1199 0.377, -2.376 4.1199 0.377, -2.1398 4.648 0.0315, -2.1398 4.648 0.0709, -2.1398 4.377 0.0315, -2.1398 4.377 0.0709, -2.1398 4.3572 0.034, -2.1398 4.3671 0.0721, -2.1398 4.3386 0.0415, -2.1398 4.3578 0.0759, -2.1398 4.3226 0.0534, -2.1398 4.3498 0.0818, -2.1398 4.31 0.0689, -2.1398 4.3435 0.0896, -2.376 4.648 0.0709, -2.376 4.648 0.0315, -2.376 4.377 0.0709, -2.376 4.377 0.0315, -2.376 4.3671 0.0721, -2.376 4.3572 0.034, -2.376 4.3578 0.0759, -2.376 4.3386 0.0415, -2.376 4.3498 0.0818, -2.376 4.3226 0.0534, -2.376 4.3435 0.0896, -2.376 4.31 0.0689, -3.0945 2.2984 0.4538, -3.3307 2.2984 0.4538, -3.0945 2.2928 0.4542, -3.3307 2.2928 0.4542, -3.0945 1.5347 0.5633, -3.3307 1.5347 0.5633, -3.3307 1.51 0.5642, -3.0945 1.51 0.5642, -3.3307 1.4857 0.56, -3.0945 1.4857 0.56, -3.3307 1.4627 0.5509, -3.0945 1.4627 0.5509, -3.0945 1.055 0.3356, -3.3307 1.055 0.3356, -3.0945 1.0734 0.3008, -3.3307 1.0734 0.3008, -3.0945 1.4811 0.516, -3.3307 1.4811 0.516, -3.0945 1.4964 0.5222, -3.3307 1.4964 0.5222, -3.0945 1.5126 0.525, -3.3307 1.5126 0.525, -3.0945 1.5291 0.5243, -3.3307 1.5291 0.5243, -3.0945 2.2872 0.4152, -3.3307 2.2872 0.4152, -3.3307 2.2984 0.4144, -3.0945 2.2984 0.4144, -3.0945 3.5063 0.4538, -3.0945 3.5063 0.4144, -3.3307 3.5063 0.4538, -3.3307 3.5063 0.4144, -3.0945 4.1534 0.3977, -3.3307 4.1534 0.3977, -3.3307 4.1381 0.4175, -3.0945 4.1381 0.4175, -3.3307 4.119 0.4336, -3.0945 4.119 0.4336, -3.3307 4.0969 0.4453, -3.0945 4.0969 0.4453, -3.0945 4.0969 0.401, -3.3307 4.0969 0.401, -3.0945 4.1097 0.3902, -3.3307 4.1097 0.3902, -3.0945 4.1199 0.377, -3.3307 4.1199 0.377, -3.0945 4.648 0.0315, -3.0945 4.648 0.0709, -3.0945 4.377 0.0315, -3.0945 4.377 0.0709, -3.0945 4.3572 0.034, -3.0945 4.3671 0.0721, -3.0945 4.3386 0.0415, -3.0945 4.3578 0.0759, -3.0945 4.3226 0.0534, -3.0945 4.3498 0.0818, -3.0945 4.31 0.0689, -3.0945 4.3435 0.0896, -3.3307 4.648 0.0709, -3.3307 4.648 0.0315, -3.3307 4.377 0.0709, -3.3307 4.377 0.0315, -3.3307 4.3671 0.0721, -3.3307 4.3572 0.034, -3.3307 4.3578 0.0759, -3.3307 4.3386 0.0415, -3.3307 4.3498 0.0818, -3.3307 4.3226 0.0534, -3.3307 4.3435 0.0896, -3.3307 4.31 0.0689, -3.7638 2.2984 0.4538, -4.0 2.2984 0.4538, -3.7638 2.2928 0.4542, -4.0 2.2928 0.4542, -3.7638 1.5347 0.5633, -4.0 1.5347 0.5633, -4.0 1.51 0.5642, -3.7638 1.51 0.5642, -4.0 1.4857 0.56, -3.7638 1.4857 0.56, -4.0 1.4627 0.5509, -3.7638 1.4627 0.5509, -3.7638 1.055 0.3356, -4.0 1.055 0.3356, -3.7638 1.0734 0.3008, -4.0 1.0734 0.3008, -3.7638 1.4811 0.516, -4.0 1.4811 0.516, -3.7638 1.4964 0.5222, -4.0 1.4964 0.5222, -3.7638 1.5126 0.525, -4.0 1.5126 0.525, -3.7638 1.5291 0.5243, -4.0 1.5291 0.5243, -3.7638 2.2872 0.4152, -4.0 2.2872 0.4152, -4.0 2.2984 0.4144, -3.7638 2.2984 0.4144, -3.7638 3.5063 0.4538, -3.7638 3.5063 0.4144, -4.0 3.5063 0.4538, -4.0 3.5063 0.4144, -3.7638 4.1534 0.3977, -4.0 4.1534 0.3977, -4.0 4.1381 0.4175, -3.7638 4.1381 0.4175, -4.0 4.119 0.4336, -3.7638 4.119 0.4336, -4.0 4.0969 0.4453, -3.7638 4.0969 0.4453, -3.7638 4.0969 0.401, -4.0 4.0969 0.401, -3.7638 4.1097 0.3902, -4.0 4.1097 0.3902, -3.7638 4.1199 0.377, -4.0 4.1199 0.377, -3.7638 4.648 0.0315, -3.7638 4.648 0.0709, -3.7638 4.377 0.0315, -3.7638 4.377 0.0709, -3.7638 4.3572 0.034, -3.7638 4.3671 0.0721, -3.7638 4.3386 0.0415, -3.7638 4.3578 0.0759, -3.7638 4.3226 0.0534, -3.7638 4.3498 0.0818, -3.7638 4.31 0.0689, -3.7638 4.3435 0.0896, -4.0 4.648 0.0709, -4.0 4.648 0.0315, -4.0 4.377 0.0709, -4.0 4.377 0.0315, -4.0 4.3671 0.0721, -4.0 4.3572 0.034, -4.0 4.3578 0.0759, -4.0 4.3386 0.0415, -4.0 4.3498 0.0818, -4.0 4.3226 0.0534, -4.0 4.3435 0.0896, -4.0 4.31 0.0689
            ]
        }
        coordIndex [
            0,1,2,-1,2,1,3,-1,4,2,5,-1,5,2,3,-1,4,5,6,-1,4,6,7,-1,7,6,8,-1,7,8,9,-1,9,8,10,-1,9,10,11,-1,12,11,13,-1,13,11,10,-1,14,12,15,-1,15,12,13,-1,16,14,17,-1,17,14,15,-1,16,17,18,-1,18,17,19,-1,18,19,20,-1,20,19,21,-1,20,21,22,-1,22,21,23,-1,24,22,25,-1,25,22,23,-1,25,26,24,-1,24,26,27,-1,12,14,11,-1,11,14,16,-1,11,16,9,-1,9,16,18,-1,9,18,7,-1,7,18,20,-1,7,20,4,-1,4,20,22,-1,4,22,2,-1,2,22,24,-1,2,24,0,-1,0,24,27,-1,0,27,28,-1,28,27,29,-1,30,31,1,-1,1,31,26,-1,1,26,3,-1,3,26,25,-1,3,25,5,-1,5,25,23,-1,5,23,6,-1,6,23,21,-1,6,21,8,-1,8,21,19,-1,8,19,10,-1,10,19,17,-1,10,17,13,-1,13,17,15,-1,29,27,31,-1,31,27,26,-1,1,0,30,-1,30,0,28,-1,32,33,34,-1,32,34,35,-1,35,34,36,-1,35,36,37,-1,37,36,38,-1,37,38,39,-1,40,41,42,-1,42,41,43,-1,42,43,44,-1,44,43,45,-1,39,40,37,-1,37,40,42,-1,46,47,48,-1,48,47,49,-1,48,49,50,-1,50,49,51,-1,50,51,52,-1,52,51,53,-1,52,53,54,-1,54,53,55,-1,54,55,56,-1,56,55,57,-1,56,57,44,-1,44,57,32,-1,44,32,42,-1,42,32,35,-1,42,35,37,-1,58,59,60,-1,60,59,61,-1,60,61,62,-1,62,61,63,-1,62,63,64,-1,64,63,65,-1,64,65,66,-1,66,65,67,-1,66,67,68,-1,68,67,69,-1,68,69,33,-1,33,69,45,-1,33,45,34,-1,34,45,43,-1,34,43,36,-1,36,43,41,-1,36,41,38,-1,46,48,59,-1,59,48,61,-1,47,46,58,-1,58,46,59,-1,49,47,60,-1,60,47,58,-1,49,60,51,-1,51,60,62,-1,51,62,53,-1,53,62,64,-1,53,64,55,-1,55,64,66,-1,55,66,57,-1,57,66,68,-1,32,57,33,-1,33,57,68,-1,56,44,69,-1,69,44,45,-1,56,69,67,-1,56,67,54,-1,54,67,65,-1,54,65,52,-1,52,65,63,-1,52,63,50,-1,50,63,61,-1,50,61,48,-1,70,71,72,-1,72,71,73,-1,74,72,75,-1,75,72,73,-1,74,75,76,-1,74,76,77,-1,77,76,78,-1,77,78,79,-1,79,78,80,-1,79,80,81,-1,82,81,83,-1,83,81,80,-1,84,82,85,-1,85,82,83,-1,86,84,87,-1,87,84,85,-1,86,87,88,-1,88,87,89,-1,88,89,90,-1,90,89,91,-1,90,91,92,-1,92,91,93,-1,94,92,95,-1,95,92,93,-1,95,96,94,-1,94,96,97,-1,82,84,81,-1,81,84,86,-1,81,86,79,-1,79,86,88,-1,79,88,77,-1,77,88,90,-1,77,90,74,-1,74,90,92,-1,74,92,72,-1,72,92,94,-1,72,94,70,-1,70,94,97,-1,70,97,98,-1,98,97,99,-1,100,101,71,-1,71,101,96,-1,71,96,73,-1,73,96,95,-1,73,95,75,-1,75,95,93,-1,75,93,76,-1,76,93,91,-1,76,91,78,-1,78,91,89,-1,78,89,80,-1,80,89,87,-1,80,87,83,-1,83,87,85,-1,99,97,101,-1,101,97,96,-1,71,70,100,-1,100,70,98,-1,102,103,104,-1,102,104,105,-1,105,104,106,-1,105,106,107,-1,107,106,108,-1,107,108,109,-1,110,111,112,-1,112,111,113,-1,112,113,114,-1,114,113,115,-1,109,110,107,-1,107,110,112,-1,116,117,118,-1,118,117,119,-1,118,119,120,-1,120,119,121,-1,120,121,122,-1,122,121,123,-1,122,123,124,-1,124,123,125,-1,124,125,126,-1,126,125,127,-1,126,127,114,-1,114,127,102,-1,114,102,112,-1,112,102,105,-1,112,105,107,-1,128,129,130,-1,130,129,131,-1,130,131,132,-1,132,131,133,-1,132,133,134,-1,134,133,135,-1,134,135,136,-1,136,135,137,-1,136,137,138,-1,138,137,139,-1,138,139,103,-1,103,139,115,-1,103,115,104,-1,104,115,113,-1,104,113,106,-1,106,113,111,-1,106,111,108,-1,116,118,129,-1,129,118,131,-1,117,116,128,-1,128,116,129,-1,119,117,130,-1,130,117,128,-1,119,130,121,-1,121,130,132,-1,121,132,123,-1,123,132,134,-1,123,134,125,-1,125,134,136,-1,125,136,127,-1,127,136,138,-1,102,127,103,-1,103,127,138,-1,126,114,139,-1,139,114,115,-1,126,139,137,-1,126,137,124,-1,124,137,135,-1,124,135,122,-1,122,135,133,-1,122,133,120,-1,120,133,131,-1,120,131,118,-1,140,141,142,-1,142,141,143,-1,144,142,145,-1,145,142,143,-1,144,145,146,-1,144,146,147,-1,147,146,148,-1,147,148,149,-1,149,148,150,-1,149,150,151,-1,152,151,153,-1,153,151,150,-1,154,152,155,-1,155,152,153,-1,156,154,157,-1,157,154,155,-1,156,157,158,-1,158,157,159,-1,158,159,160,-1,160,159,161,-1,160,161,162,-1,162,161,163,-1,164,162,165,-1,165,162,163,-1,165,166,164,-1,164,166,167,-1,152,154,151,-1,151,154,156,-1,151,156,149,-1,149,156,158,-1,149,158,147,-1,147,158,160,-1,147,160,144,-1,144,160,162,-1,144,162,142,-1,142,162,164,-1,142,164,140,-1,140,164,167,-1,140,167,168,-1,168,167,169,-1,170,171,141,-1,141,171,166,-1,141,166,143,-1,143,166,165,-1,143,165,145,-1,145,165,163,-1,145,163,146,-1,146,163,161,-1,146,161,148,-1,148,161,159,-1,148,159,150,-1,150,159,157,-1,150,157,153,-1,153,157,155,-1,169,167,171,-1,171,167,166,-1,141,140,170,-1,170,140,168,-1,172,173,174,-1,172,174,175,-1,175,174,176,-1,175,176,177,-1,177,176,178,-1,177,178,179,-1,180,181,182,-1,182,181,183,-1,182,183,184,-1,184,183,185,-1,179,180,177,-1,177,180,182,-1,186,187,188,-1,188,187,189,-1,188,189,190,-1,190,189,191,-1,190,191,192,-1,192,191,193,-1,192,193,194,-1,194,193,195,-1,194,195,196,-1,196,195,197,-1,196,197,184,-1,184,197,172,-1,184,172,182,-1,182,172,175,-1,182,175,177,-1,198,199,200,-1,200,199,201,-1,200,201,202,-1,202,201,203,-1,202,203,204,-1,204,203,205,-1,204,205,206,-1,206,205,207,-1,206,207,208,-1,208,207,209,-1,208,209,173,-1,173,209,185,-1,173,185,174,-1,174,185,183,-1,174,183,176,-1,176,183,181,-1,176,181,178,-1,186,188,199,-1,199,188,201,-1,187,186,198,-1,198,186,199,-1,189,187,200,-1,200,187,198,-1,189,200,191,-1,191,200,202,-1,191,202,193,-1,193,202,204,-1,193,204,195,-1,195,204,206,-1,195,206,197,-1,197,206,208,-1,172,197,173,-1,173,197,208,-1,196,184,209,-1,209,184,185,-1,196,209,207,-1,196,207,194,-1,194,207,205,-1,194,205,192,-1,192,205,203,-1,192,203,190,-1,190,203,201,-1,190,201,188,-1,210,211,212,-1,212,211,213,-1,214,212,215,-1,215,212,213,-1,214,215,216,-1,214,216,217,-1,217,216,218,-1,217,218,219,-1,219,218,220,-1,219,220,221,-1,222,221,223,-1,223,221,220,-1,224,222,225,-1,225,222,223,-1,226,224,227,-1,227,224,225,-1,226,227,228,-1,228,227,229,-1,228,229,230,-1,230,229,231,-1,230,231,232,-1,232,231,233,-1,234,232,235,-1,235,232,233,-1,235,236,234,-1,234,236,237,-1,222,224,221,-1,221,224,226,-1,221,226,219,-1,219,226,228,-1,219,228,217,-1,217,228,230,-1,217,230,214,-1,214,230,232,-1,214,232,212,-1,212,232,234,-1,212,234,210,-1,210,234,237,-1,210,237,238,-1,238,237,239,-1,240,241,211,-1,211,241,236,-1,211,236,213,-1,213,236,235,-1,213,235,215,-1,215,235,233,-1,215,233,216,-1,216,233,231,-1,216,231,218,-1,218,231,229,-1,218,229,220,-1,220,229,227,-1,220,227,223,-1,223,227,225,-1,239,237,241,-1,241,237,236,-1,211,210,240,-1,240,210,238,-1,242,243,244,-1,242,244,245,-1,245,244,246,-1,245,246,247,-1,247,246,248,-1,247,248,249,-1,250,251,252,-1,252,251,253,-1,252,253,254,-1,254,253,255,-1,249,250,247,-1,247,250,252,-1,256,257,258,-1,258,257,259,-1,258,259,260,-1,260,259,261,-1,260,261,262,-1,262,261,263,-1,262,263,264,-1,264,263,265,-1,264,265,266,-1,266,265,267,-1,266,267,254,-1,254,267,242,-1,254,242,252,-1,252,242,245,-1,252,245,247,-1,268,269,270,-1,270,269,271,-1,270,271,272,-1,272,271,273,-1,272,273,274,-1,274,273,275,-1,274,275,276,-1,276,275,277,-1,276,277,278,-1,278,277,279,-1,278,279,243,-1,243,279,255,-1,243,255,244,-1,244,255,253,-1,244,253,246,-1,246,253,251,-1,246,251,248,-1,256,258,269,-1,269,258,271,-1,257,256,268,-1,268,256,269,-1,259,257,270,-1,270,257,268,-1,259,270,261,-1,261,270,272,-1,261,272,263,-1,263,272,274,-1,263,274,265,-1,265,274,276,-1,265,276,267,-1,267,276,278,-1,242,267,243,-1,243,267,278,-1,266,254,279,-1,279,254,255,-1,266,279,277,-1,266,277,264,-1,264,277,275,-1,264,275,262,-1,262,275,273,-1,262,273,260,-1,260,273,271,-1,260,271,258,-1,280,281,282,-1,282,281,283,-1,284,282,285,-1,285,282,283,-1,284,285,286,-1,284,286,287,-1,287,286,288,-1,287,288,289,-1,289,288,290,-1,289,290,291,-1,292,291,293,-1,293,291,290,-1,294,292,295,-1,295,292,293,-1,296,294,297,-1,297,294,295,-1,296,297,298,-1,298,297,299,-1,298,299,300,-1,300,299,301,-1,300,301,302,-1,302,301,303,-1,304,302,305,-1,305,302,303,-1,305,306,304,-1,304,306,307,-1,292,294,291,-1,291,294,296,-1,291,296,289,-1,289,296,298,-1,289,298,287,-1,287,298,300,-1,287,300,284,-1,284,300,302,-1,284,302,282,-1,282,302,304,-1,282,304,280,-1,280,304,307,-1,280,307,308,-1,308,307,309,-1,310,311,281,-1,281,311,306,-1,281,306,283,-1,283,306,305,-1,283,305,285,-1,285,305,303,-1,285,303,286,-1,286,303,301,-1,286,301,288,-1,288,301,299,-1,288,299,290,-1,290,299,297,-1,290,297,293,-1,293,297,295,-1,309,307,311,-1,311,307,306,-1,281,280,310,-1,310,280,308,-1,312,313,314,-1,312,314,315,-1,315,314,316,-1,315,316,317,-1,317,316,318,-1,317,318,319,-1,320,321,322,-1,322,321,323,-1,322,323,324,-1,324,323,325,-1,319,320,317,-1,317,320,322,-1,326,327,328,-1,328,327,329,-1,328,329,330,-1,330,329,331,-1,330,331,332,-1,332,331,333,-1,332,333,334,-1,334,333,335,-1,334,335,336,-1,336,335,337,-1,336,337,324,-1,324,337,312,-1,324,312,322,-1,322,312,315,-1,322,315,317,-1,338,339,340,-1,340,339,341,-1,340,341,342,-1,342,341,343,-1,342,343,344,-1,344,343,345,-1,344,345,346,-1,346,345,347,-1,346,347,348,-1,348,347,349,-1,348,349,313,-1,313,349,325,-1,313,325,314,-1,314,325,323,-1,314,323,316,-1,316,323,321,-1,316,321,318,-1,326,328,339,-1,339,328,341,-1,327,326,338,-1,338,326,339,-1,329,327,340,-1,340,327,338,-1,329,340,331,-1,331,340,342,-1,331,342,333,-1,333,342,344,-1,333,344,335,-1,335,344,346,-1,335,346,337,-1,337,346,348,-1,312,337,313,-1,313,337,348,-1,336,324,349,-1,349,324,325,-1,336,349,347,-1,336,347,334,-1,334,347,345,-1,334,345,332,-1,332,345,343,-1,332,343,330,-1,330,343,341,-1,330,341,328,-1,350,351,352,-1,352,351,353,-1,354,352,355,-1,355,352,353,-1,354,355,356,-1,354,356,357,-1,357,356,358,-1,357,358,359,-1,359,358,360,-1,359,360,361,-1,362,361,363,-1,363,361,360,-1,364,362,365,-1,365,362,363,-1,366,364,367,-1,367,364,365,-1,366,367,368,-1,368,367,369,-1,368,369,370,-1,370,369,371,-1,370,371,372,-1,372,371,373,-1,374,372,375,-1,375,372,373,-1,375,376,374,-1,374,376,377,-1,362,364,361,-1,361,364,366,-1,361,366,359,-1,359,366,368,-1,359,368,357,-1,357,368,370,-1,357,370,354,-1,354,370,372,-1,354,372,352,-1,352,372,374,-1,352,374,350,-1,350,374,377,-1,350,377,378,-1,378,377,379,-1,380,381,351,-1,351,381,376,-1,351,376,353,-1,353,376,375,-1,353,375,355,-1,355,375,373,-1,355,373,356,-1,356,373,371,-1,356,371,358,-1,358,371,369,-1,358,369,360,-1,360,369,367,-1,360,367,363,-1,363,367,365,-1,379,377,381,-1,381,377,376,-1,351,350,380,-1,380,350,378,-1,382,383,384,-1,382,384,385,-1,385,384,386,-1,385,386,387,-1,387,386,388,-1,387,388,389,-1,390,391,392,-1,392,391,393,-1,392,393,394,-1,394,393,395,-1,389,390,387,-1,387,390,392,-1,396,397,398,-1,398,397,399,-1,398,399,400,-1,400,399,401,-1,400,401,402,-1,402,401,403,-1,402,403,404,-1,404,403,405,-1,404,405,406,-1,406,405,407,-1,406,407,394,-1,394,407,382,-1,394,382,392,-1,392,382,385,-1,392,385,387,-1,408,409,410,-1,410,409,411,-1,410,411,412,-1,412,411,413,-1,412,413,414,-1,414,413,415,-1,414,415,416,-1,416,415,417,-1,416,417,418,-1,418,417,419,-1,418,419,383,-1,383,419,395,-1,383,395,384,-1,384,395,393,-1,384,393,386,-1,386,393,391,-1,386,391,388,-1,396,398,409,-1,409,398,411,-1,397,396,408,-1,408,396,409,-1,399,397,410,-1,410,397,408,-1,399,410,401,-1,401,410,412,-1,401,412,403,-1,403,412,414,-1,403,414,405,-1,405,414,416,-1,405,416,407,-1,407,416,418,-1,382,407,383,-1,383,407,418,-1,406,394,419,-1,419,394,395,-1,406,419,417,-1,406,417,404,-1,404,417,415,-1,404,415,402,-1,402,415,413,-1,402,413,400,-1,400,413,411,-1,400,411,398,-1,
        ]
    }
}
Shape{
    appearance Appearance {
        material  Material 	{
            diffuseColor 0.2980392156862745 0.2980392156862745 0.2980392156862745
            specularColor 0.09019607843137255 0.09019607843137255 0.09019607843137255
            ambientIntensity 0.298
            transparency 0.0
            shininess 0.5
        }
    }
    geometry IndexedFaceSet {
        ccw TRUE
        solid FALSE
        coord DEF co Coordinate {
            point [
                -5.5315 -2.5912 0.4164, -5.5315 -1.766 0.4164, -5.4921 -2.5912 0.4164, -5.4921 -1.766 0.4164, -5.5315 -2.5912 0.799, -5.4921 -2.5912 0.799, -5.5315 -1.766 0.799, -5.4921 -1.766 0.799, -5.5315 2.5297 0.4164, -5.5315 3.37 0.4164, -5.4921 2.5297 0.4164, -5.4921 3.37 0.4164, -5.5315 2.5297 0.799, -5.4921 2.5297 0.799, -5.5315 3.37 0.799, -5.4921 3.37 0.799, -5.5315 -7.0625 0.4164, -5.5315 -5.5874 0.4164, -5.4921 -7.0625 0.4164, -5.4921 -5.5874 0.4164, -5.5315 -7.0625 1.1417, -5.4921 -7.0625 1.1417, -5.5315 -5.5874 1.1417, -5.4921 -5.5874 1.1417, -4.5374 -5.2457 0.0394, -4.5465 -5.1769 -0.1575, -4.5465 -5.1769 0.0394, -4.573 -5.1128 -0.1575, -4.573 -5.1128 0.0394, -4.6152 -5.0578 -0.1575, -4.6152 -5.0578 0.0394, -4.6703 -5.0155 -0.1575, -4.6703 -5.0155 0.0394, -4.7344 -4.989 -0.1575, -4.7344 -4.989 0.0394, -4.8031 -4.9799 -0.1575, -4.8031 -4.9799 0.0394, -4.8719 -4.989 -0.1575, -4.8719 -4.989 0.0394, -4.936 -5.0155 -0.1575, -4.936 -5.0155 0.0394, -4.9911 -5.0578 -0.1575, -4.9911 -5.0578 0.0394, -5.0333 -5.1128 -0.1575, -5.0333 -5.1128 0.0394, -5.0598 -5.1769 -0.1575, -5.0598 -5.1769 0.0394, -5.0689 -5.2457 -0.1575, -5.0689 -5.2457 0.0394, -5.0598 -5.3144 -0.1575, -5.0598 -5.3144 0.0394, -5.0333 -5.3785 -0.1575, -5.0333 -5.3785 0.0394, -4.9911 -5.4336 -0.1575, -4.9911 -5.4336 0.0394, -4.936 -5.4758 -0.1575, -4.936 -5.4758 0.0394, -4.8719 -5.5024 -0.1575, -4.8719 -5.5024 0.0394, -4.8031 -5.5114 -0.1575, -4.8031 -5.5114 0.0394, -4.7344 -5.5024 -0.1575, -4.7344 -5.5024 0.0394, -4.6703 -5.4758 -0.1575, -4.6703 -5.4758 0.0394, -4.6152 -5.4336 -0.1575, -4.6152 -5.4336 0.0394, -4.573 -5.3785 -0.1575, -4.573 -5.3785 0.0394, -4.5465 -5.3144 -0.1575, -4.5465 -5.3144 0.0394, -4.5374 -5.2457 -0.1575, -4.9992 -5.3589 -0.1968, -5.0218 -5.3043 -0.1968, -4.8031 -5.2457 -0.1968, -5.0295 -5.2457 -0.1968, -5.0218 -5.1871 -0.1968, -4.8617 -5.4643 -0.1968, -4.9163 -5.4417 -0.1968, -4.9632 -5.4057 -0.1968, -4.69 -5.4417 -0.1968, -4.7446 -5.4643 -0.1968, -4.8031 -5.472 -0.1968, -4.5845 -5.3043 -0.1968, -4.6071 -5.3589 -0.1968, -4.6431 -5.4057 -0.1968, -4.6071 -5.1325 -0.1968, -4.5845 -5.1871 -0.1968, -4.5768 -5.2457 -0.1968, -4.7446 -5.027 -0.1968, -4.69 -5.0496 -0.1968, -4.6431 -5.0856 -0.1968, -4.9163 -5.0496 -0.1968, -4.8617 -5.027 -0.1968, -4.8031 -5.0193 -0.1968, -4.9992 -5.1325 -0.1968, -4.9632 -5.0856 -0.1968, 4.582 -5.1015 -0.1575, 4.582 -5.1015 0.0394, 4.5831 -5.0923 0.0394, 4.5831 -5.0923 -0.1575, 4.5864 -5.0835 0.0394, 4.5864 -5.0835 -0.1575, 4.5916 -5.0758 0.0394, 4.5916 -5.0758 -0.1575, 4.5985 -5.0695 0.0394, 4.5985 -5.0695 -0.1575, 4.6019 -5.0677 0.0394, 4.6227 -5.0564 0.0394, 4.6456 -5.044 -0.1575, 4.6456 -5.044 0.0394, 4.6976 -5.0308 0.0394, 4.6976 -5.0308 -0.1575, 4.7512 -5.0308 0.0394, 4.7512 -5.0308 -0.1575, 4.8032 -5.044 0.0394, 4.8032 -5.044 -0.1575, 4.8504 -5.0695 0.0394, 4.8504 -5.0695 -0.1575, 4.8572 -5.0758 0.0394, 4.8572 -5.0758 -0.1575, 4.8625 -5.0835 0.0394, 4.8625 -5.0835 -0.1575, 4.8657 -5.0923 0.0394, 4.8657 -5.0923 -0.1575, 4.8668 -5.1015 0.0394, 4.8668 -5.1015 -0.1575, 4.8668 -5.3898 -0.1575, 4.8668 -5.3898 0.0394, 4.8657 -5.399 0.0394, 4.8657 -5.399 -0.1575, 4.8625 -5.4078 0.0394, 4.8625 -5.4078 -0.1575, 4.8572 -5.4155 0.0394, 4.8572 -5.4155 -0.1575, 4.8504 -5.4218 0.0394, 4.8504 -5.4218 -0.1575, 4.8032 -5.4474 0.0394, 4.8032 -5.4474 -0.1575, 4.7512 -5.4605 0.0394, 4.7512 -5.4605 -0.1575, 4.6976 -5.4605 0.0394, 4.6976 -5.4605 -0.1575, 4.6456 -5.4474 0.0394, 4.6456 -5.4474 -0.1575, 4.5985 -5.4218 0.0394, 4.5985 -5.4218 -0.1575, 4.6019 -5.4236 0.0394, 4.6227 -5.435 0.0394, 4.5916 -5.4155 0.0394, 4.5916 -5.4155 -0.1575, 4.5864 -5.4078 0.0394, 4.5864 -5.4078 -0.1575, 4.5831 -5.399 0.0394, 4.5831 -5.399 -0.1575, 4.582 -5.3898 0.0394, 4.582 -5.3898 -0.1575, 4.6599 -5.0806 -0.1968, 4.7889 -5.4107 -0.1968, 4.7464 -5.4215 -0.1968, 4.8275 -5.1015 -0.1968, 4.8275 -5.3898 -0.1968, 4.7889 -5.0806 -0.1968, 4.7025 -5.0699 -0.1968, 4.7464 -5.0699 -0.1968, 4.6214 -5.3898 -0.1968, 4.6214 -5.1015 -0.1968, 4.6599 -5.4107 -0.1968, 4.7025 -5.4215 -0.1968, 5.7677 -4.1673 0.748, 4.6448 -4.1673 0.748, 5.7677 -4.1673 1.1417, 4.6448 -4.1673 1.1417, 4.6448 -0.3557 0.748, 4.6448 -0.3557 1.1417, 5.7677 -0.3557 0.748, 5.7677 -0.3557 1.1417, 4.2323 -6.9976 0.2362, 4.2323 -5.4476 0.2362, 4.2323 -6.9976 0.0394, 4.2323 -5.4476 0.0394, 4.2177 -5.2628 0.0394, 4.2177 -5.2628 0.2362, 4.2131 -5.2435 0.0394, 4.1745 -5.0826 0.2362, 4.1745 -5.0826 0.0394, 3.0623 -1.6598 0.2362, 3.0623 -1.6598 0.0394, 3.1573 -1.9522 0.2362, 3.1573 -1.9522 0.0394, 4.0394 -4.6669 0.0394, 1.939 -0.8436 0.2362, 1.939 -0.8436 0.0394, 2.1752 -0.8735 0.2362, 2.1752 -0.8735 0.0394, 2.2328 -0.8808 0.2362, 2.2328 -0.8808 0.0394, 2.508 -0.9897 0.2362, 2.508 -0.9897 0.0394, 2.7476 -1.1638 0.2362, 2.7476 -1.1638 0.0394, 2.9363 -1.3919 0.2362, 2.9363 -1.3919 0.0394, -2.064 -0.8436 0.2362, -2.064 -0.8436 0.0394, -1.7657 -0.8436 0.2362, -1.7657 -0.8436 0.0394, -0.7795 -0.8436 0.2362, -0.7795 -0.8436 0.0394, -0.4175 -0.8436 0.0394, 0.0492 -0.8436 0.2362, -0.168 -0.8436 0.0394, 0.0169 -0.8436 0.0394, 0.1609 -0.8436 0.0394, 0.1836 -0.8436 0.0394, 0.335 -0.8436 0.0394, 0.8366 -0.8436 0.2362, 0.8366 -0.8436 0.0394, 0.5125 -0.8436 0.0394, -3.1873 -1.6598 0.2362, -3.1873 -1.6598 0.0394, -3.0613 -1.3919 0.2362, -3.0613 -1.3919 0.0394, -2.8725 -1.1638 0.2362, -2.8725 -1.1638 0.0394, -2.7362 -1.0647 0.2362, -2.7362 -1.0647 0.0394, -2.633 -0.9897 0.2362, -2.633 -0.9897 0.0394, -2.3578 -0.8808 0.2362, -2.3578 -0.8808 0.0394, -3.5492 -2.7736 0.0394, -3.5492 -2.7736 0.2362, -4.1644 -4.6669 0.0394, -4.2532 -4.9403 0.2362, -4.2532 -4.9403 0.0394, -4.2965 -5.1205 0.0394, -4.2965 -5.1205 0.2362, -4.3091 -5.2802 0.0394, -4.311 -5.3052 0.2362, -4.311 -5.3052 0.0394, -4.311 -6.9976 0.0394, -4.311 -6.9976 0.2362, 5.5998 2.0553 0.8268, 5.5998 3.6596 0.8268, 5.5998 2.0553 0.0394, 5.5998 3.6596 0.0394, 4.6238 3.6596 0.0394, 4.858 3.6596 0.6782, 4.7907 3.6596 0.7183, 5.1916 3.6596 0.7551, 5.202 3.6596 0.7447, 5.1732 3.6596 0.7313, 5.1684 3.6596 0.7325, 5.1394 3.6596 0.7391, 5.1078 3.6596 0.7462, 5.095 3.6596 0.7491, 5.1979 3.6596 0.7251, 5.1128 3.6596 0.8007, 5.1463 3.6596 0.7867, 5.1532 3.6596 0.7822, 5.2076 3.6596 0.7363, 5.2083 3.6596 0.7348, 5.2093 3.6596 0.7314, 5.2091 3.6596 0.7282, 5.209 3.6596 0.7278, 5.2085 3.6596 0.727, 5.1797 3.6596 0.7297, 4.8569 3.6596 0.7703, 4.9106 3.6596 0.7975, 4.6238 3.6596 0.8268, 5.1809 3.6596 0.7642, 5.1855 3.6596 0.7612, 5.2094 3.6596 0.7296, 5.2094 3.6596 0.7293, 5.2081 3.6596 0.7265, 5.2071 3.6596 0.7259, 5.207 3.6596 0.7258, 5.2052 3.6596 0.7251, 4.8491 3.6596 0.7664, 4.943 3.6596 0.8074, 5.0075 3.6596 0.8157, 5.0133 3.6596 0.8165, 5.0239 3.6596 0.816, 5.0477 3.6596 0.8149, 5.0913 3.6596 0.8054, 5.1071 3.6596 0.802, 4.8466 3.6596 0.7651, 4.9269 3.6596 0.8025, 4.937 3.6596 0.8056, 4.8863 3.6596 0.7001, 5.2047 3.6596 0.725, 5.2049 3.6596 0.7251, 5.0882 3.6596 0.7495, 5.0485 3.6596 0.7515, 5.0418 3.6596 0.7506, 4.9525 3.6596 0.7338, 4.9489 3.6596 0.7326, 5.1999 3.6596 0.7249, 4.9127 3.6596 0.714, 4.8877 3.6596 0.7012, 5.02 3.6596 0.7476, 4.9785 3.6596 0.7419, 4.9746 3.6596 0.7407, 4.6238 2.0553 0.8268, 4.6238 2.0553 0.0394, 4.786 2.0553 0.654, 4.7864 2.0553 0.6538, 4.7853 2.0553 0.6546, 4.792 2.0553 0.6854, 4.7981 2.0553 0.6942, 4.8183 2.0553 0.7232, 5.0329 2.0553 0.8212, 4.9981 2.0553 0.8184, 4.9758 2.0553 0.8126, 4.8437 2.0553 0.7488, 4.8304 2.0553 0.7355, 4.8297 2.0553 0.7347, 5.3377 2.0553 0.4863, 5.3381 2.0553 0.4867, 4.9543 2.0553 0.8071, 4.93 2.0553 0.8008, 4.8978 2.0553 0.7861, 4.8951 2.0553 0.7842, 4.8846 2.0553 0.777, 4.7865 2.0553 0.6721, 4.7853 2.0553 0.6693, 4.7842 2.0553 0.6647, 5.3351 2.0553 0.4849, 5.3361 2.0553 0.4853, 5.3363 2.0553 0.4854, 5.3398 2.0553 0.489, 5.3403 2.0553 0.4897, 5.3407 2.0553 0.4903, 5.135 2.0553 0.8069, 5.1044 2.0553 0.8148, 4.7874 2.0553 0.6534, 4.7876 2.0553 0.6534, 4.7894 2.0553 0.6534, 5.3283 2.0553 0.4895, 5.33 2.0553 0.4872, 5.3315 2.0553 0.4859, 5.3322 2.0553 0.4855, 5.3333 2.0553 0.485, 5.2195 2.0553 0.7656, 5.2011 2.0553 0.7776, 4.784 2.0553 0.6638, 4.7837 2.0553 0.6593, 4.7838 2.0553 0.658, 4.7842 2.0553 0.6563, 4.7845 2.0553 0.6558, 4.785 2.0553 0.6549, 5.3336 2.0553 0.485, 5.3345 2.0553 0.4849, 5.326 2.0553 0.6375, 5.2907 2.0553 0.6979, 5.0609 2.0553 0.8187, 5.0427 2.0553 0.8203, 4.7956 2.0553 0.6555, 4.7939 2.0553 0.6547, 4.7899 2.0553 0.6535, 5.3456 2.0553 0.564, 5.3345 2.0553 0.6154, 5.1539 2.0553 0.7985, 5.1425 2.0553 0.8035, 5.3193 2.0553 0.5099, 5.3198 2.0553 0.5084, 5.3248 2.0553 0.4959, 5.2779 2.0553 0.7137, 5.2308 2.0553 0.7567, 5.2253 2.0553 0.7618, 5.3295 2.0553 0.6283, 5.3283 2.0553 0.6315, 5.2891 2.0553 0.6999, 5.2841 2.0553 0.706, 5.3055 2.0553 0.5472, 5.3092 2.0553 0.5381, 5.311 2.0553 0.5329, 5.3485 2.0553 0.5421, 5.348 2.0553 0.5511, 5.3479 2.0553 0.5532, 4.804 2.0553 0.6611, 5.282 2.0553 0.5925, 5.2985 2.0553 0.5644, 5.3449 2.0553 0.5017, 5.3456 2.0553 0.5044, 5.3465 2.0553 0.5167, 5.244 2.0553 0.6485, 5.2608 2.0553 0.6283, 4.9357 2.0553 0.7319, 5.28 2.0553 0.5958, 4.8071 2.0553 0.6632, 4.818 2.0553 0.6704, 4.8353 2.0553 0.6816, 5.193 2.0553 0.6934, 4.9789 2.0553 0.7438, 5.2409 2.0553 0.6523, 5.2417 2.0553 0.6513, 4.8698 2.0553 0.7039, 4.8772 2.0553 0.7086, 4.8828 2.0553 0.7122, 4.9104 2.0553 0.7249, 4.9356 2.0553 0.7318, 4.9975 2.0553 0.7456, 5.0046 2.0553 0.7462, 5.0164 2.0553 0.7473, 5.122 2.0553 0.7311, 5.1347 2.0553 0.7247, 5.0853 2.0553 0.7413, 5.0727 2.0553 0.7424, 5.0646 2.0553 0.7431, 5.1899 2.0553 0.6959, 5.1872 2.0553 0.6983
            ]
        }
        coordIndex [
            0,1,2,-1,2,1,3,-1,4,0,5,-1,5,0,2,-1,6,4,7,-1,7,4,5,-1,1,6,3,-1,3,6,7,-1,4,6,0,-1,0,6,1,-1,8,9,10,-1,10,9,11,-1,12,8,13,-1,13,8,10,-1,14,12,15,-1,15,12,13,-1,9,14,11,-1,11,14,15,-1,12,14,8,-1,8,14,9,-1,16,17,18,-1,18,17,19,-1,20,16,21,-1,21,16,18,-1,17,22,19,-1,19,22,23,-1,20,22,16,-1,16,22,17,-1,24,25,26,-1,26,25,27,-1,26,27,28,-1,28,27,29,-1,28,29,30,-1,30,29,31,-1,30,31,32,-1,32,31,33,-1,32,33,34,-1,34,33,35,-1,34,35,36,-1,36,35,37,-1,36,37,38,-1,38,37,39,-1,38,39,40,-1,40,39,41,-1,40,41,42,-1,42,41,43,-1,42,43,44,-1,44,43,45,-1,44,45,46,-1,46,45,47,-1,46,47,48,-1,48,47,49,-1,48,49,50,-1,50,49,51,-1,50,51,52,-1,52,51,53,-1,52,53,54,-1,54,53,55,-1,54,55,56,-1,56,55,57,-1,56,57,58,-1,58,57,59,-1,58,59,60,-1,60,59,61,-1,60,61,62,-1,62,61,63,-1,62,63,64,-1,64,63,65,-1,64,65,66,-1,66,65,67,-1,66,67,68,-1,68,67,69,-1,68,69,70,-1,70,69,71,-1,70,71,24,-1,24,71,25,-1,72,73,74,-1,74,73,75,-1,74,75,76,-1,77,78,74,-1,74,78,79,-1,74,79,72,-1,80,81,74,-1,74,81,82,-1,74,82,77,-1,83,84,74,-1,74,84,85,-1,74,85,80,-1,86,87,74,-1,74,87,88,-1,74,88,83,-1,89,90,74,-1,74,90,91,-1,74,91,86,-1,92,93,74,-1,74,93,94,-1,74,94,89,-1,76,95,74,-1,74,95,96,-1,74,96,92,-1,97,98,99,-1,97,99,100,-1,100,99,101,-1,100,101,102,-1,102,101,103,-1,102,103,104,-1,104,103,105,-1,104,105,106,-1,105,107,106,-1,106,107,108,-1,106,108,109,-1,108,110,109,-1,109,110,111,-1,109,111,112,-1,112,111,113,-1,112,113,114,-1,114,113,115,-1,114,115,116,-1,116,115,117,-1,116,117,118,-1,118,117,119,-1,118,119,120,-1,120,119,121,-1,120,121,122,-1,122,121,123,-1,122,123,124,-1,124,123,125,-1,124,125,126,-1,126,125,127,-1,127,125,128,-1,127,128,129,-1,127,129,130,-1,130,129,131,-1,130,131,132,-1,132,131,133,-1,132,133,134,-1,134,133,135,-1,134,135,136,-1,136,135,137,-1,136,137,138,-1,138,137,139,-1,138,139,140,-1,140,139,141,-1,140,141,142,-1,142,141,143,-1,142,143,144,-1,145,146,147,-1,147,146,144,-1,147,144,148,-1,148,144,143,-1,146,145,149,-1,146,149,150,-1,150,149,151,-1,150,151,152,-1,152,151,153,-1,152,153,154,-1,154,153,155,-1,154,155,156,-1,156,155,97,-1,97,155,98,-1,157,158,159,-1,160,161,162,-1,162,161,158,-1,157,163,158,-1,158,163,164,-1,158,164,162,-1,165,166,167,-1,167,166,157,-1,167,157,168,-1,168,157,159,-1,169,170,171,-1,171,170,172,-1,170,173,172,-1,172,173,174,-1,173,175,174,-1,174,175,176,-1,173,170,175,-1,175,170,169,-1,177,178,179,-1,179,178,180,-1,180,178,181,-1,181,178,182,-1,181,182,183,-1,183,182,184,-1,183,184,185,-1,186,187,188,-1,188,187,189,-1,188,189,184,-1,184,189,190,-1,184,190,185,-1,191,192,193,-1,193,192,194,-1,193,194,195,-1,195,194,196,-1,195,196,197,-1,197,196,198,-1,197,198,199,-1,199,198,200,-1,199,200,201,-1,201,200,202,-1,201,202,186,-1,186,202,187,-1,203,204,205,-1,205,204,206,-1,205,206,207,-1,206,208,207,-1,207,208,209,-1,207,209,210,-1,209,211,210,-1,210,211,212,-1,210,212,213,-1,213,214,210,-1,210,214,215,-1,210,215,216,-1,192,191,217,-1,217,191,216,-1,217,216,218,-1,218,216,215,-1,219,220,221,-1,221,220,222,-1,221,222,223,-1,223,222,224,-1,223,224,225,-1,225,224,226,-1,225,226,227,-1,227,226,228,-1,227,228,229,-1,229,228,230,-1,229,230,203,-1,203,230,204,-1,220,219,231,-1,231,219,232,-1,231,232,233,-1,233,232,234,-1,233,234,235,-1,235,234,236,-1,236,234,237,-1,236,237,238,-1,238,237,239,-1,238,239,240,-1,241,240,242,-1,242,240,239,-1,243,244,245,-1,245,244,246,-1,247,248,249,-1,250,251,244,-1,252,253,254,-1,255,256,257,-1,258,259,244,-1,244,259,260,-1,251,261,244,-1,244,261,262,-1,244,262,263,-1,244,264,246,-1,246,264,265,-1,246,265,266,-1,255,257,254,-1,254,257,267,-1,254,267,252,-1,268,269,270,-1,260,271,244,-1,244,271,272,-1,244,272,250,-1,263,273,244,-1,244,273,274,-1,244,274,264,-1,266,275,246,-1,246,275,276,-1,246,276,247,-1,247,276,277,-1,247,277,278,-1,268,270,279,-1,280,281,270,-1,270,281,282,-1,270,282,244,-1,244,282,283,-1,244,283,284,-1,284,285,244,-1,244,285,286,-1,244,286,258,-1,247,249,270,-1,270,249,287,-1,270,287,279,-1,269,288,270,-1,270,288,289,-1,270,289,280,-1,290,248,291,-1,291,248,247,-1,291,247,292,-1,292,247,278,-1,256,293,257,-1,257,293,294,-1,257,294,295,-1,296,297,298,-1,298,297,299,-1,298,299,291,-1,291,299,300,-1,291,300,290,-1,295,301,257,-1,257,301,302,-1,257,302,298,-1,298,302,303,-1,298,303,296,-1,270,304,247,-1,247,304,305,-1,306,307,305,-1,306,305,308,-1,309,304,310,-1,310,304,311,-1,243,312,304,-1,304,312,313,-1,304,313,314,-1,315,316,304,-1,304,316,317,-1,304,317,311,-1,318,319,245,-1,314,320,304,-1,304,320,321,-1,304,321,322,-1,322,323,304,-1,304,323,324,-1,304,324,315,-1,309,325,304,-1,304,325,326,-1,304,326,327,-1,328,329,245,-1,245,329,330,-1,245,330,318,-1,319,331,245,-1,245,331,332,-1,245,332,333,-1,243,334,335,-1,307,336,305,-1,305,336,337,-1,305,337,338,-1,339,340,305,-1,305,340,341,-1,305,341,245,-1,245,341,342,-1,245,342,343,-1,344,345,243,-1,327,346,304,-1,304,346,347,-1,304,347,305,-1,305,347,348,-1,305,348,349,-1,349,350,305,-1,305,350,351,-1,305,351,308,-1,343,352,245,-1,245,352,353,-1,245,353,328,-1,243,354,355,-1,335,356,243,-1,243,356,357,-1,243,357,312,-1,358,339,359,-1,359,339,305,-1,359,305,360,-1,360,305,338,-1,361,362,243,-1,345,363,243,-1,243,363,364,-1,243,364,334,-1,365,366,358,-1,358,366,367,-1,358,367,339,-1,368,369,243,-1,243,369,370,-1,243,370,344,-1,362,371,243,-1,243,371,372,-1,243,372,354,-1,355,373,243,-1,243,373,374,-1,243,374,368,-1,375,376,358,-1,358,376,377,-1,358,377,365,-1,378,379,243,-1,243,379,380,-1,243,380,361,-1,381,382,358,-1,358,382,383,-1,358,383,375,-1,333,384,245,-1,245,384,385,-1,245,385,243,-1,243,385,386,-1,243,386,378,-1,387,388,389,-1,389,388,390,-1,389,390,382,-1,381,391,382,-1,382,391,392,-1,382,392,393,-1,394,389,395,-1,394,396,389,-1,389,396,397,-1,389,397,387,-1,393,398,382,-1,382,398,399,-1,382,399,400,-1,400,401,382,-1,382,401,402,-1,382,402,389,-1,395,403,394,-1,394,403,404,-1,394,404,405,-1,406,407,408,-1,408,407,409,-1,405,410,394,-1,394,410,409,-1,394,409,411,-1,411,409,407,-1,411,407,412,-1,304,270,243,-1,243,270,244,-1,
        ]
    }
}
Shape{
    appearance Appearance {
        material  Material 	{
            diffuseColor 0.6666666666666666 0.6980392156862745 0.7686274509803922
            specularColor 0.3333333333333333 0.34901960784313724 0.3843137254901961
            ambientIntensity 0.6967
            transparency 0.0
            shininess 0.5
        }
    }
    geometry IndexedFaceSet {
        ccw TRUE
        solid FALSE
        coord DEF co Coordinate {
            point [
                4.7907 3.6596 0.7183, 4.858 3.6596 0.6782, 4.8577 3.657 0.6784, 4.7911 3.6563 0.7181, 4.8557 3.6489 0.6796, 4.7935 3.6476 0.7167, 4.8094 3.6283 0.7072, 4.8027 3.6334 0.7112, 4.7973 3.64 0.7144, 4.8402 3.6289 0.6888, 4.8326 3.6255 0.6933, 4.8244 3.6243 0.6983, 4.8169 3.6252 0.7027, 4.8522 3.6413 0.6817, 4.8467 3.6341 0.6849, 4.8568 3.6487 0.771, 4.8909 3.6179 0.7367, 4.8698 2.0553 0.7039, 4.8704 2.056 0.7035, 4.8772 2.0553 0.7086, 4.792 2.0553 0.6854, 4.7981 2.0553 0.6942, 4.7809 2.0576 0.6744, 4.8437 2.0553 0.7488, 4.8846 2.0553 0.777, 4.8241 2.062 0.7391, 4.8951 2.0553 0.7842, 4.8927 2.0616 0.7873, 4.9543 2.0553 0.8071, 4.9758 2.0553 0.8126, 4.9746 2.0618 0.8161, 5.1684 3.6596 0.7325, 5.1732 3.6596 0.7313, 5.1719 3.6562 0.7255, 5.2093 3.6596 0.7314, 5.2083 3.6596 0.7348, 5.2423 3.655 0.7068, 5.1532 3.6596 0.7822, 5.1824 3.6567 0.7695, 5.1809 3.6596 0.7642, 4.943 3.6596 0.8074, 4.937 3.6596 0.8056, 4.937 3.6585 0.8057, 4.9269 3.6596 0.8025, 4.9106 3.6596 0.7975, 4.8569 3.6596 0.7703, 4.8569 3.6583 0.7704, 4.8491 3.6596 0.7664, 4.8466 3.6596 0.7651, 5.0237 3.658 0.8173, 5.0239 3.6596 0.816, 5.0133 3.6596 0.8165, 5.1072 3.6582 0.8039, 5.0913 3.6596 0.8054, 5.0477 3.6596 0.8149, 5.1463 3.6596 0.7867, 5.1128 3.6596 0.8007, 5.1071 3.6596 0.802, 5.2076 3.6596 0.7363, 5.202 3.6596 0.7447, 5.2467 3.6527 0.715, 5.1916 3.6596 0.7551, 5.1855 3.6596 0.7612, 5.2377 3.655 0.6983, 5.2049 3.6596 0.7251, 5.2052 3.6596 0.7251, 5.207 3.6596 0.7258, 5.2071 3.6596 0.7259, 5.2081 3.6596 0.7265, 5.2085 3.6596 0.727, 5.209 3.6596 0.7278, 5.2091 3.6596 0.7282, 5.2094 3.6596 0.7293, 5.2094 3.6596 0.7296, 5.2047 3.6596 0.725, 5.233 3.6523 0.6896, 5.1999 3.6596 0.7249, 5.1979 3.6596 0.7251, 5.095 3.6596 0.7491, 5.1078 3.6596 0.7462, 5.1081 3.6574 0.7451, 5.0485 3.6596 0.7515, 5.0882 3.6596 0.7495, 5.1082 3.6492 0.7396, 4.9785 3.6596 0.7419, 5.02 3.6596 0.7476, 5.0429 3.6483 0.7469, 4.9755 3.6477 0.7393, 4.9489 3.6596 0.7326, 4.9525 3.6596 0.7338, 4.8877 3.6596 0.7012, 4.9127 3.6596 0.714, 4.9124 3.6559 0.7145, 4.8863 3.6596 0.7001, 4.9115 3.6495 0.7161, 5.1355 2.0627 0.727, 5.1899 2.0553 0.6959, 5.1872 2.0553 0.6983, 5.1945 2.0633 0.6967, 5.2417 2.0553 0.6513, 5.2409 2.0553 0.6523, 5.2466 2.0625 0.6528, 5.28 2.0553 0.5958, 5.2608 2.0553 0.6283, 5.2886 2.061 0.5976, 5.3055 2.0553 0.5472, 5.2985 2.0553 0.5644, 5.311 2.0553 0.5329, 5.3162 2.0581 0.5354, 5.3193 2.0553 0.5099, 5.3198 2.0553 0.5084, 5.3283 2.0553 0.4895, 5.3248 2.0553 0.4959, 5.325 2.0607 0.5398, 5.3398 2.0553 0.489, 5.3381 2.0553 0.4867, 5.3377 2.0553 0.4863, 5.3363 2.0553 0.4854, 5.3361 2.0553 0.4853, 5.3351 2.0553 0.4849, 5.3345 2.0553 0.4849, 5.3336 2.0553 0.485, 5.3333 2.0553 0.485, 5.3322 2.0553 0.4855, 5.3315 2.0553 0.4859, 5.33 2.0553 0.4872, 5.3465 2.0553 0.5167, 5.3456 2.0553 0.5044, 5.3337 2.0608 0.544, 5.3449 2.0553 0.5017, 5.3407 2.0553 0.4903, 5.3403 2.0553 0.4897, 5.3456 2.0553 0.564, 5.3479 2.0553 0.5532, 5.3421 2.0585 0.5482, 5.348 2.0553 0.5511, 5.3485 2.0553 0.5421, 5.3231 2.0615 0.6269, 5.3345 2.0553 0.6154, 5.3295 2.0553 0.6283, 5.3283 2.0553 0.6315, 5.3281 2.0555 0.6313, 5.326 2.0553 0.6375, 5.2808 2.0638 0.7013, 5.2907 2.0553 0.6979, 5.2891 2.0553 0.6999, 5.2841 2.0553 0.706, 5.284 2.056 0.7058, 5.2779 2.0553 0.7137, 5.2184 2.0645 0.7624, 5.2308 2.0553 0.7567, 5.1427 2.0645 0.8028, 5.2011 2.0553 0.7776, 5.2195 2.0566 0.7654, 5.2195 2.0553 0.7656, 5.2253 2.0553 0.7618, 5.061 2.0636 0.821, 5.1237 2.0553 0.8101, 5.1425 2.0565 0.8032, 5.1425 2.0553 0.8035, 5.1539 2.0553 0.7985, 5.0427 2.0553 0.8203, 5.0609 2.0553 0.8187, 5.1044 2.0553 0.8148, 5.135 2.0553 0.8069, 4.9981 2.0553 0.8184, 5.0329 2.0553 0.8212, 4.8978 2.0553 0.7861, 4.93 2.0553 0.8008, 4.8304 2.0553 0.7355, 4.8297 2.0553 0.7347, 4.8294 2.0556 0.7349, 4.8183 2.0553 0.7232, 4.7738 2.0626 0.6774, 4.7842 2.0553 0.6647, 4.7853 2.0553 0.6693, 4.7865 2.0553 0.6721, 4.7864 2.0553 0.6538, 4.786 2.0553 0.654, 4.7494 2.0626 0.6028, 4.7853 2.0553 0.6546, 4.785 2.0553 0.6549, 4.7845 2.0553 0.6558, 4.7842 2.0553 0.6563, 4.7838 2.0553 0.658, 4.7837 2.0553 0.6593, 4.784 2.0553 0.6638, 4.7676 2.0628 0.6001, 4.804 2.0553 0.6611, 4.7956 2.0553 0.6555, 4.7939 2.0553 0.6547, 4.7899 2.0553 0.6535, 4.7894 2.0553 0.6534, 4.7876 2.0553 0.6534, 4.7874 2.0553 0.6534, 4.758 2.0616 0.6015, 4.814 2.0581 0.6604, 4.8353 2.0553 0.6816, 4.818 2.0553 0.6704, 4.821 2.0633 0.6575, 4.8828 2.0553 0.7122, 4.8751 2.0633 0.7005, 4.9104 2.0553 0.7249, 4.9356 2.0553 0.7318, 4.9376 2.0629 0.7304, 4.9975 2.0553 0.7456, 4.9789 2.0553 0.7438, 5.0054 2.0625 0.7449, 5.0646 2.0553 0.7431, 5.0164 2.0553 0.7473, 5.0729 2.0609 0.7432, 5.122 2.0553 0.7311, 5.0853 2.0553 0.7413, 5.0727 2.0553 0.7424, 5.0056 2.0691 0.7444, 4.9394 2.0776 0.7282, 4.939 2.071 0.7286, 4.8807 2.0856 0.6963, 4.8802 2.079 0.6966, 4.8332 2.0929 0.6523, 4.8327 2.0862 0.6525, 4.797 2.1009 0.5958, 4.7964 2.0943 0.5959, 4.776 2.1095 0.531, 4.7754 2.1028 0.5309, 4.7722 2.1176 0.464, 4.7717 2.1109 0.4638, 4.7848 2.1248 0.4005, 4.7844 2.1182 0.4002, 4.8137 2.1328 0.3402, 4.8133 2.1262 0.3398, 4.8578 2.1413 0.2883, 4.8576 2.1347 0.2878, 4.9131 2.1495 0.2498, 4.913 2.1428 0.2492, 4.9738 2.1567 0.2271, 4.9738 2.1501 0.2266, 5.0399 2.1646 0.2201, 5.0401 2.158 0.2196, 5.1073 2.1731 0.2303, 5.1076 2.1665 0.2298, 5.1693 2.1814 0.2572, 5.1697 2.1748 0.2568, 5.2205 2.1887 0.2971, 5.221 2.1821 0.2968, 5.2611 2.1965 0.3494, 5.2616 2.1899 0.3493, 5.2878 2.2049 0.412, 5.2883 2.1983 0.412, 5.2975 2.2133 0.479, 5.2981 2.2066 0.4792, 5.2904 2.2207 0.5439, 5.2909 2.2141 0.5442, 5.2673 2.2283 0.6055, 5.2677 2.2217 0.6059, 5.2281 2.2368 0.6611, 5.2284 2.2301 0.6615, 5.1761 2.2451 0.7047, 5.1763 2.2385 0.7052, 5.1168 2.2527 0.7328, 5.1168 2.2461 0.7334, 5.0526 2.2602 0.7454, 5.0525 2.2536 0.7459, 4.9849 2.2686 0.7413, 4.9846 2.262 0.7418, 4.9204 2.277 0.7199, 4.92 2.2704 0.7203, 4.865 2.2847 0.6841, 4.8645 2.2781 0.6844, 4.8208 2.2921 0.6362, 4.8202 2.2855 0.6364, 4.7888 2.3004 0.5766, 4.7882 2.2938 0.5767, 4.773 2.3089 0.5104, 4.7724 2.3022 0.5103, 4.7745 2.3167 0.4441, 4.774 2.3101 0.4438, 4.7919 2.324 0.3816, 4.7915 2.3174 0.3812, 4.8257 2.3322 0.3232, 4.8254 2.3256 0.3227, 4.8738 2.3407 0.2749, 4.8736 2.3341 0.2744, 4.9313 2.3486 0.2412, 4.9312 2.342 0.2406, 4.9935 2.3559 0.2233, 4.9936 2.3493 0.2227, 5.0607 2.364 0.2213, 5.0609 2.3574 0.2208, 5.1271 2.3726 0.2369, 5.1275 2.3659 0.2364, 5.1862 2.3806 0.2682, 5.1867 2.374 0.2678, 5.2341 2.3878 0.3117, 5.2346 2.3812 0.3115, 5.2709 2.3959 0.3677, 5.2715 2.3893 0.3676, 5.2926 2.4044 0.4323, 5.2932 2.3978 0.4324, 5.297 2.4125 0.4994, 5.2976 2.4059 0.4996, 5.2851 2.4198 0.563, 5.2856 2.4131 0.5633, 5.2569 2.4277 0.6235, 5.2573 2.4211 0.6239, 5.2134 2.4362 0.6759, 5.2136 2.4296 0.6764, 5.1585 2.4444 0.715, 5.1586 2.4378 0.7156, 5.0979 2.4517 0.7383, 5.0979 2.4451 0.7388, 5.032 2.4596 0.746, 5.0318 2.4529 0.7465, 4.9645 2.468 0.7365, 4.9642 2.4614 0.737, 4.9022 2.4763 0.7103, 4.9018 2.4697 0.7107, 4.8505 2.4837 0.6708, 4.85 2.4771 0.6711, 4.8095 2.4914 0.619, 4.8089 2.4848 0.6192, 4.7821 2.4999 0.5568, 4.7815 2.4932 0.5568, 4.7716 2.5082 0.4898, 4.7711 2.5016 0.4896, 4.7781 2.5157 0.4247, 4.7776 2.5091 0.4245, 4.8005 2.5233 0.363, 4.8001 2.5167 0.3626, 4.8391 2.5317 0.3071, 4.8388 2.5251 0.3066, 4.8907 2.5401 0.2629, 4.8905 2.5335 0.2624, 4.9498 2.5477 0.2341, 4.9497 2.5411 0.2335, 5.0137 2.5552 0.2209, 5.0139 2.5485 0.2203, 5.0814 2.5635 0.2242, 5.0817 2.5569 0.2237, 5.1462 2.5719 0.2449, 5.1466 2.5653 0.2445, 5.2021 2.5797 0.2803, 5.2025 2.5731 0.28, 5.2467 2.587 0.3276, 5.2472 2.5804 0.3274, 5.2793 2.5953 0.3868, 5.2799 2.5887 0.3868, 5.2958 2.6038 0.4529, 5.2964 2.5972 0.453, 5.295 2.6117 0.5193, 5.2955 2.605 0.5196, 5.2782 2.6189 0.582, 5.2787 2.6123 0.5823, 5.2451 2.6271 0.6406, 5.2454 2.6205 0.6411, 5.1975 2.6356 0.6894, 5.1977 2.629 0.69, 5.1403 2.6436 0.7238, 5.1404 2.637 0.7244, 5.0783 2.6509 0.7424, 5.0782 2.6442 0.7429, 5.0112 2.659 0.745, 5.011 2.6524 0.7455, 4.9446 2.6675 0.7302, 4.9443 2.6609 0.7306, 4.8851 2.6755 0.6994, 4.8846 2.6689 0.6998, 4.8368 2.6828 0.6564, 4.8363 2.6762 0.6566, 4.7994 2.6908 0.6009, 4.7989 2.6842 0.601, 4.777 2.6993 0.5365, 4.7765 2.6927 0.5364, 4.7719 2.7075 0.4694, 4.7714 2.7008 0.4692, 4.7832 2.7147 0.4056, 4.7827 2.7081 0.4053, 4.8107 2.7226 0.345, 4.8103 2.716 0.3446, 4.8537 2.7311 0.2921, 4.8534 2.7245 0.2916, 4.9082 2.7394 0.2524, 4.9081 2.7328 0.2518, 4.9686 2.7467 0.2284, 4.9686 2.7401 0.2279, 5.0343 2.7545 0.22, 5.0345 2.7479 0.2195, 5.1019 2.763 0.2288, 5.1021 2.7563 0.2283, 5.1645 2.7713 0.2544, 5.1649 2.7647 0.254, 5.2167 2.7787 0.2934, 5.2172 2.7721 0.2931, 5.2582 2.7864 0.3446, 5.2587 2.7797 0.3445, 5.2862 2.7948 0.4066, 5.2867 2.7882 0.4066, 5.2974 2.8032 0.4735, 5.2979 2.7965 0.4736, 5.2916 2.8107 0.5387, 5.2921 2.8041 0.539, 5.2698 2.8182 0.6006, 5.2702 2.8116 0.601, 5.2319 2.8266 0.6569, 5.2322 2.82 0.6573, 5.1808 2.835 0.7016, 5.1809 2.8284 0.7022, 5.1218 2.8427 0.7311, 5.1219 2.8361 0.7317, 5.0581 2.8501 0.745, 5.058 2.8435 0.7455, 4.9905 2.8584 0.7423, 4.9902 2.8518 0.7428, 4.9254 2.8669 0.7223, 4.925 2.8603 0.7227, 4.8691 2.8747 0.6875, 4.8686 2.868 0.6878, 4.824 2.882 0.6407, 4.8235 2.8754 0.6408, 4.7908 2.8902 0.5819, 4.7903 2.8836 0.5819, 4.7736 2.8987 0.5159, 4.7731 2.8921 0.5158, 4.7737 2.9066 0.4494, 4.7732 2.9 0.4492, 4.7899 2.9139 0.3866, 4.7894 2.9073 0.3863, 4.8223 2.9221 0.3277, 4.822 2.9154 0.3272, 4.8694 2.9306 0.2784, 4.8692 2.924 0.2778, 4.9263 2.9386 0.2433, 4.9263 2.932 0.2428, 4.9881 2.9458 0.2242, 4.9882 2.9392 0.2236, 5.0551 2.9539 0.2208, 5.0553 2.9473 0.2203, 5.1218 2.9624 0.2349, 5.1222 2.9558 0.2345, 5.1818 2.9705 0.2651, 5.1822 2.9639 0.2647, 5.2305 2.9778 0.3077, 5.231 2.9711 0.3074, 5.2684 2.9857 0.3627, 5.2689 2.9791 0.3626, 5.2915 2.9942 0.4268, 5.292 2.9876 0.4269, 5.2973 3.0024 0.4939, 5.2978 2.9958 0.4941, 5.2867 3.0097 0.5579, 5.2871 3.0031 0.5582, 5.2599 3.0176 0.6187, 5.2602 3.011 0.6191, 5.2175 3.0261 0.672, 5.2177 3.0194 0.6725, 5.1633 3.0343 0.7124, 5.1634 3.0277 0.7129, 5.1031 3.0417 0.7369, 5.1031 3.0351 0.7375, 5.0376 3.0494 0.746, 5.0374 3.0428 0.7465, 4.97 3.0579 0.738, 4.9697 3.0513 0.7385, 4.907 3.0662 0.713, 5.0046 2.0553 0.7462, 4.8784 2.0709 0.698, 4.8306 2.0782 0.6534, 4.7942 2.0862 0.5962, 4.7731 2.0947 0.5306, 4.7696 2.1028 0.4629, 4.7825 2.1101 0.3988, 4.8119 2.1181 0.3381, 4.8566 2.1266 0.2857, 4.9125 2.1348 0.247, 4.974 2.142 0.2243, 5.0408 2.1499 0.2174, 5.1089 2.1584 0.2279, 5.1714 2.1667 0.2552, 5.2231 2.174 0.2958, 5.2638 2.1818 0.3487, 5.2906 2.1902 0.4121, 5.3003 2.1986 0.4798, 5.2929 2.206 0.5453, 5.2693 2.2136 0.6075, 5.2296 2.222 0.6635, 5.1769 2.2304 0.7074, 5.1169 2.238 0.7357, 5.052 2.2455 0.7482, 4.9836 2.2539 0.7438, 4.9184 2.2623 0.722, 4.8626 2.27 0.6856, 4.8181 2.2774 0.6371, 4.7859 2.2857 0.5768, 4.7702 2.2942 0.5098, 4.7719 2.302 0.4428, 4.7897 2.3093 0.3797, 4.8241 2.3175 0.3209, 4.8728 2.326 0.2722, 4.931 2.3339 0.2383, 4.9939 2.3412 0.2204, 5.0618 2.3493 0.2187, 5.1289 2.3578 0.2346, 5.1885 2.3659 0.2664, 5.2367 2.3731 0.3106, 5.2737 2.3812 0.3672, 5.2954 2.3897 0.4326, 5.2997 2.3978 0.5004, 5.2874 2.4051 0.5646, 5.2588 2.413 0.6256, 5.2146 2.4215 0.6785, 5.159 2.4297 0.7178, 5.0978 2.437 0.7411, 5.0311 2.4449 0.7487, 4.963 2.4533 0.7389, 4.9001 2.4616 0.7122, 4.8479 2.469 0.6722, 4.8067 2.4767 0.6197, 4.7793 2.4851 0.5567, 4.7689 2.4935 0.489, 4.7756 2.501 0.4233, 4.7985 2.5086 0.361, 4.8376 2.517 0.3046, 4.8899 2.5254 0.2601, 4.9497 2.533 0.2312, 5.0144 2.5404 0.2181, 5.0827 2.5488 0.2217, 5.1481 2.5572 0.2428, 5.2045 2.565 0.2787, 5.2494 2.5723 0.3267, 5.2822 2.5806 0.3866, 5.2986 2.5891 0.4534, 5.2976 2.5969 0.5205, 5.2804 2.6042 0.5838, 5.2468 2.6124 0.6429, 5.1985 2.6209 0.6921, 5.1406 2.6289 0.7267, 5.0779 2.6361 0.7452, 5.0101 2.6443 0.7476, 4.9429 2.6528 0.7324, 4.8829 2.6608 0.7012, 4.8342 2.6681 0.6575, 4.7966 2.6761 0.6014, 4.7742 2.6846 0.5362, 4.7692 2.6928 0.4684, 4.7808 2.7 0.404, 4.8088 2.7079 0.3428, 4.8524 2.7164 0.2895, 4.9077 2.7247 0.2496, 4.9687 2.732 0.2256, 5.0352 2.7398 0.2173, 5.1034 2.7482 0.2264, 5.1666 2.7566 0.2524, 5.2192 2.764 0.292, 5.2609 2.7716 0.3439, 5.289 2.7801 0.4066, 5.3001 2.7884 0.4742, 5.2941 2.796 0.5401, 5.2719 2.8035 0.6026, 5.2334 2.8119 0.6593, 5.1816 2.8203 0.7044, 5.122 2.828 0.734, 5.0575 2.8354 0.7478, 4.9892 2.8437 0.7448, 4.9235 2.8522 0.7244, 4.8667 2.86 0.689, 4.8213 2.8673 0.6416, 4.788 2.8755 0.5821, 4.7708 2.884 0.5154, 4.7711 2.8919 0.4482, 4.7876 2.8992 0.3849, 4.8206 2.9074 0.3254, 4.8683 2.9159 0.2757, 4.926 2.9239 0.2405, 4.9885 2.9311 0.2213, 5.0561 2.9392 0.2182, 5.1235 2.9477 0.2326, 5.184 2.9558 0.2633, 5.2331 2.963 0.3065, 5.2712 2.971 0.3622, 5.2943 2.9795 0.4271, 5.3 2.9877 0.4949, 5.2891 2.995 0.5594, 5.2618 3.0029 0.6208, 5.2187 3.0114 0.6745, 5.1639 3.0196 0.7152, 5.103 3.027 0.7398, 5.0368 3.0347 0.7487, 4.9357 2.0553 0.7319, 4.8268 2.0705 0.655, 4.7901 2.0786 0.5968, 4.7691 2.0871 0.5302, 4.7658 2.0952 0.4615, 4.7792 2.1025 0.3965, 4.8092 2.1105 0.3349, 4.8549 2.119 0.282, 4.9118 2.1271 0.2429, 4.9743 2.1344 0.2202, 5.0421 2.1423 0.2135, 5.1111 2.1508 0.2245, 5.1744 2.1591 0.2525, 5.2267 2.1664 0.2938, 5.2678 2.1742 0.3478, 5.2947 2.1826 0.4122, 5.3042 2.1909 0.481, 5.2964 2.1984 0.5474, 5.2722 2.206 0.6104, 5.2316 2.2144 0.6671, 5.178 2.2228 0.7114, 5.117 2.2304 0.7398, 5.051 2.2379 0.7522, 4.9817 2.2463 0.7474, 4.9156 2.2547 0.725, 4.8591 2.2624 0.6878, 4.8142 2.2698 0.6384, 4.7818 2.2781 0.5771, 4.7662 2.2865 0.509, 4.7682 2.2944 0.4411, 4.7866 2.3017 0.3771, 4.8217 2.3099 0.3175, 4.8714 2.3184 0.2684, 4.9305 2.3263 0.2343, 4.9945 2.3336 0.2164, 5.0634 2.3417 0.2149, 5.1314 2.3502 0.2314, 5.1917 2.3583 0.2639, 5.2405 2.3655 0.309, 5.2778 2.3736 0.3666, 5.2995 2.3821 0.4331, 5.3035 2.3902 0.5018, 5.2908 2.3974 0.567, 5.2614 2.4054 0.6287, 5.2164 2.4139 0.6821, 5.1598 2.4221 0.7218, 5.0975 2.4294 0.7452, 5.0299 2.4372 0.7526, 4.9608 2.4457 0.7424, 4.8971 2.454 0.715, 4.8444 2.4614 0.6742, 4.8027 2.4691 0.6207, 4.7752 2.4775 0.5567, 4.765 2.4859 0.4879, 4.7721 2.4934 0.4213, 4.7956 2.501 0.3582, 4.8355 2.5094 0.3011, 4.8887 2.5178 0.2562, 4.9496 2.5254 0.2271, 5.0152 2.5328 0.2141, 5.0846 2.5412 0.2181, 5.1509 2.5496 0.2398, 5.2079 2.5574 0.2765, 5.2533 2.5647 0.3253, 5.2862 2.573 0.3863, 5.3026 2.5815 0.4542, 5.3013 2.5893 0.5223, 5.2836 2.5966 0.5863, 5.2492 2.6048 0.6462, 5.2 2.6133 0.6959, 5.1411 2.6213 0.7307, 5.0774 2.6285 0.7492, 5.0086 2.6366 0.7514, 4.9404 2.6452 0.7357, 4.8796 2.6532 0.7037, 4.8304 2.6605 0.6592, 4.7926 2.6685 0.602, 4.7701 2.677 0.5358, 4.7654 2.6851 0.467, 4.7775 2.6924 0.4017, 4.8061 2.7003 0.3398, 4.8506 2.7088 0.2859, 4.9068 2.7171 0.2456, 4.9689 2.7244 0.2215, 5.0364 2.7322 0.2134, 5.1055 2.7406 0.2229, 5.1695 2.7489 0.2496, 5.2228 2.7564 0.29, 5.2649 2.764 0.3429, 5.2931 2.7725 0.4066, 5.3041 2.7808 0.4753, 5.2976 2.7884 0.5421, 5.2748 2.7959 0.6054, 5.2355 2.8043 0.6628, 5.1828 2.8127 0.7083, 5.1221 2.8204 0.738, 5.0567 2.8278 0.7518, 4.9873 2.8361 0.7485, 4.9208 2.8446 0.7275, 4.8633 2.8523 0.6913, 4.8175 2.8597 0.643, 4.7839 2.8679 0.5825, 4.7668 2.8764 0.5147, 4.7674 2.8843 0.4465, 4.7844 2.8916 0.3823, 4.8182 2.8997 0.3221, 4.8668 2.9082 0.2719, 4.9254 2.9163 0.2365, 4.989 2.9235 0.2173, 5.0576 2.9316 0.2144, 5.1259 2.9401 0.2294, 5.1872 2.9482 0.2607, 5.2368 2.9554 0.3048, 5.2752 2.9634 0.3614, 5.2984 2.9719 0.4274, 5.3039 2.9801 0.4962, 5.2925 2.9874 0.5617, 5.2645 2.9953 0.6239, 5.2206 3.0037 0.6782, 5.1647 3.012 0.7191, 5.1028 3.0194 0.7439, 4.7838 2.0714 0.5978, 4.7627 2.0799 0.5294, 4.7598 2.088 0.4591, 4.774 2.0953 0.3928, 4.8051 2.1033 0.33, 4.8522 2.1118 0.2762, 4.9107 2.1199 0.2367, 4.9747 2.1272 0.2138, 5.0441 2.1351 0.2074, 5.1146 2.1436 0.2191, 5.1791 2.1518 0.2482, 5.2323 2.1592 0.2908, 5.274 2.167 0.3463, 5.3011 2.1754 0.4123, 5.3103 2.1837 0.4827, 5.3019 2.1912 0.5507, 5.2767 2.1988 0.6149, 5.2349 2.2072 0.6726, 5.1797 2.2156 0.7175, 5.1171 2.2232 0.7461, 5.0496 2.2307 0.7584, 4.9787 2.239 0.7531, 4.9113 2.2475 0.7297, 4.8538 2.2552 0.6913, 4.8081 2.2626 0.6405, 4.7755 2.2709 0.5775, 4.7599 2.2793 0.5078, 4.7624 2.2872 0.4383, 4.7817 2.2945 0.373, 4.818 2.3027 0.3123, 4.8691 2.3112 0.2624, 4.9299 2.3191 0.2279, 4.9954 2.3264 0.2101, 5.0659 2.3345 0.209, 5.1353 2.343 0.2263, 5.1968 2.3511 0.26, 5.2463 2.3583 0.3064, 5.2841 2.3663 0.3656, 5.3059 2.3749 0.4337, 5.3095 2.383 0.5041, 5.296 2.3902 0.5706, 5.2656 2.3982 0.6336, 5.2191 2.4067 0.6879, 5.161 2.4149 0.7281, 5.0972 2.4222 0.7516, 5.0279 2.43 0.7587, 4.9574 2.4385 0.7478, 4.8924 2.4468 0.7193, 4.8387 2.4542 0.6772, 4.7965 2.4619 0.6223, 4.7688 2.4703 0.5566, 4.7588 2.4787 0.4862, 4.7665 2.4862 0.4181, 4.791 2.4938 0.3537, 4.8322 2.5021 0.2957, 4.887 2.5106 0.2501, 4.9494 2.5182 0.2208, 5.0166 2.5256 0.2078, 5.0875 2.534 0.2124, 5.1552 2.5424 0.2351, 5.2132 2.5502 0.273, 5.2593 2.5575 0.3232, 5.2926 2.5658 0.3858, 5.3089 2.5743 0.4553, 5.3071 2.5821 0.525, 5.2886 2.5894 0.5904, 5.253 2.5976 0.6514, 5.2023 2.6061 0.7019, 5.1419 2.6141 0.7371, 5.0765 2.6213 0.7556, 5.0062 2.6294 0.7573, 4.9366 2.638 0.7408, 4.8746 2.646 0.7077, 4.8246 2.6533 0.6618, 4.7863 2.6613 0.6031, 4.7638 2.6698 0.5352, 4.7594 2.6779 0.4648, 4.7722 2.6852 0.3981, 4.8019 2.6931 0.335, 4.8478 2.7016 0.2802, 4.9055 2.7098 0.2393, 4.9692 2.7172 0.2151, 5.0382 2.725 0.2073, 5.1089 2.7334 0.2175, 5.1742 2.7417 0.2452, 5.2284 2.7491 0.2869, 5.2711 2.7568 0.3413, 5.2995 2.7653 0.4066, 5.3102 2.7736 0.4769, 5.3032 2.7811 0.5453, 5.2795 2.7887 0.6098, 5.2389 2.7971 0.6682, 5.1846 2.8055 0.7144, 5.1224 2.8132 0.7444, 5.0554 2.8206 0.758, 4.9845 2.8289 0.7542, 4.9166 2.8374 0.7323, 4.858 2.8451 0.6949, 4.8115 2.8525 0.6452, 4.7776 2.8607 0.583, 4.7605 2.8692 0.5136, 4.7616 2.8771 0.4439, 4.7794 2.8844 0.3783, 4.8144 2.8925 0.317, 4.8644 2.901 0.266, 4.9246 2.909 0.2301, 4.9897 2.9163 0.2109, 5.06 2.9244 0.2084, 5.1297 2.9329 0.2242, 5.1921 2.941 0.2567, 5.2426 2.9482 0.3021, 5.2815 2.9562 0.3603, 5.3048 2.9647 0.4279, 5.3099 2.9729 0.4983, 5.2978 2.9802 0.5652, 5.2688 2.9881 0.6286, 5.2235 2.9965 0.6839, 5.1661 3.0048 0.7254, 4.7763 2.0662 0.5989, 4.7552 2.0747 0.5286, 4.7528 2.0828 0.4564, 4.7678 2.09 0.3884, 4.8003 2.098 0.3242, 4.849 2.1065 0.2694, 4.9093 2.1147 0.2292, 4.9752 2.122 0.2063, 5.0465 2.1299 0.2003, 5.1187 2.1384 0.2128, 5.1848 2.1466 0.2431, 5.239 2.154 0.2873, 5.2814 2.1617 0.3445, 5.3087 2.1702 0.4125, 5.3176 2.1785 0.4848, 5.3084 2.1859 0.5545, 5.2821 2.1936 0.6203, 5.2387 2.202 0.6791, 5.1817 2.2104 0.7248, 5.1173 2.2179 0.7537, 5.0479 2.2254 0.7657, 4.9751 2.2338 0.7597, 4.9062 2.2422 0.7353, 4.8474 2.2499 0.6954, 4.801 2.2573 0.6429, 4.7679 2.2656 0.578, 4.7525 2.2741 0.5064, 4.7556 2.2819 0.4351, 4.7759 2.2892 0.3682, 4.8136 2.2975 0.3062, 4.8664 2.3059 0.2553, 4.9291 2.3139 0.2204, 4.9964 2.3211 0.2026, 5.0688 2.3293 0.2021, 5.1399 2.3378 0.2203, 5.2028 2.3458 0.2554, 5.2533 2.3531 0.3034, 5.2915 2.3611 0.3644, 5.3134 2.3696 0.4345, 5.3166 2.3777 0.5067, 5.3022 2.385 0.5749, 5.2705 2.393 0.6393, 5.2224 2.4015 0.6947, 5.1625 2.4097 0.7355, 5.0968 2.417 0.7591, 5.0256 2.4248 0.7659, 4.9533 2.4333 0.7541, 4.8869 2.4416 0.7245, 4.8321 2.4489 0.6808, 4.7892 2.4567 0.6241, 4.7612 2.4651 0.5565, 4.7515 2.4734 0.4842, 4.76 2.4809 0.4143, 4.7856 2.4885 0.3484, 4.8283 2.4969 0.2892, 4.8849 2.5053 0.2428, 4.9491 2.5129 0.2132, 5.0183 2.5204 0.2005, 5.091 2.5287 0.2057, 5.1603 2.5372 0.2295, 5.2195 2.5449 0.2688, 5.2664 2.5523 0.3208, 5.3001 2.5606 0.3852, 5.3164 2.569 0.4567, 5.314 2.5769 0.5282, 5.2944 2.5842 0.5952, 5.2574 2.5924 0.6575, 5.2051 2.6009 0.7089, 5.1427 2.6088 0.7446, 5.0756 2.6161 0.7631, 5.0033 2.6242 0.7643, 4.932 2.6327 0.7468, 4.8687 2.6408 0.7124, 4.8177 2.648 0.6649, 4.7788 2.656 0.6043, 4.7563 2.6645 0.5345, 4.7523 2.6727 0.4623, 4.7659 2.68 0.3939, 4.7969 2.6879 0.3293, 4.8444 2.6964 0.2734, 4.904 2.7046 0.2319, 4.9695 2.7119 0.2076, 5.0404 2.7197 0.2001, 5.1129 2.7282 0.2111, 5.1797 2.7365 0.2401, 5.235 2.7439 0.2832, 5.2784 2.7516 0.3393, 5.3071 2.76 0.4066, 5.3175 2.7684 0.4789, 5.3098 2.7759 0.549, 5.2849 2.7835 0.615, 5.2428 2.7918 0.6747, 5.1868 2.8003 0.7216, 5.1227 2.8079 0.752, 5.0538 2.8153 0.7654, 4.9811 2.8237 0.761, 4.9115 2.8321 0.7379, 4.8518 2.8399 0.6991, 4.8044 2.8472 0.6477, 4.77 2.8555 0.5837, 4.753 2.864 0.5123, 4.7547 2.8719 0.4408, 4.7735 2.8791 0.3736, 4.8098 2.8873 0.311, 4.8616 2.8958 0.259, 4.9237 2.9038 0.2226, 4.9906 2.9111 0.2034, 5.0628 2.9191 0.2014, 5.1342 2.9276 0.2181, 5.198 2.9357 0.252, 5.2495 2.943 0.2989, 5.2889 2.951 0.359, 5.3123 2.9595 0.4285, 5.317 2.9677 0.5009, 5.3041 2.9749 0.5694, 5.2738 2.9828 0.6342, 5.2269 2.9913 0.6906, 4.8071 2.0553 0.6632, 4.7464 2.0713 0.5275, 4.7445 2.0794 0.4532, 4.7606 2.0866 0.3833, 4.7946 2.0946 0.3175, 4.8452 2.1031 0.2614, 4.9077 2.1113 0.2205, 4.9757 2.1186 0.1975, 5.0492 2.1265 0.1919, 5.1235 2.1349 0.2054, 5.1913 2.1432 0.2372, 5.2468 2.1505 0.2832, 5.29 2.1583 0.3425, 5.3175 2.1668 0.4127, 5.3261 2.1751 0.4873, 5.316 2.1825 0.559, 5.2883 2.1902 0.6265, 5.2431 2.1986 0.6867, 5.184 2.207 0.7333, 5.1174 2.2145 0.7625, 5.0458 2.222 0.7743, 4.971 2.2304 0.7675, 4.9002 2.2388 0.7417, 4.84 2.2465 0.7001, 4.7926 2.2539 0.6457, 4.7591 2.2622 0.5786, 4.7438 2.2707 0.5047, 4.7477 2.2785 0.4312, 4.7691 2.2858 0.3626, 4.8085 2.294 0.299, 4.8633 2.3025 0.2471, 4.9281 2.3105 0.2116, 4.9977 2.3177 0.1938, 5.0722 2.3259 0.1939, 5.1453 2.3344 0.2133, 5.2098 2.3424 0.25, 5.2613 2.3497 0.2999, 5.3003 2.3577 0.3631, 5.3222 2.3662 0.4354, 5.3248 2.3743 0.5098, 5.3095 2.3816 0.58, 5.2763 2.3895 0.646, 5.2263 2.398 0.7027, 5.1641 2.4063 0.7442, 5.0963 2.4136 0.7679, 5.023 2.4214 0.7743, 4.9486 2.4299 0.7616, 4.8804 2.4382 0.7305, 4.8243 2.4455 0.685, 4.7806 2.4532 0.6263, 4.7524 2.4617 0.5564, 4.743 2.47 0.4818, 4.7523 2.4775 0.4099, 4.7793 2.4851 0.3423, 4.8238 2.4935 0.2816, 4.8824 2.5019 0.2343, 4.9489 2.5095 0.2044, 5.0202 2.517 0.1919, 5.0951 2.5253 0.1978, 5.1662 2.5338 0.2229, 5.2269 2.5415 0.264, 5.2748 2.5489 0.3179, 5.3089 2.5572 0.3845, 5.325 2.5656 0.4583, 5.322 2.5735 0.5319, 5.3013 2.5808 0.6007, 5.2626 2.589 0.6646, 5.2083 2.5975 0.7172, 5.1437 2.6054 0.7533, 5.0744 2.6127 0.7718, 5.0 2.6208 0.7725, 4.9267 2.6293 0.7539, 4.8618 2.6374 0.7178, 4.8097 2.6446 0.6685, 4.7701 2.6526 0.6058, 4.7475 2.6611 0.5337, 4.744 2.6693 0.4592, 4.7586 2.6766 0.3889, 4.7911 2.6845 0.3226, 4.8405 2.693 0.2655, 4.9022 2.7012 0.2233, 4.9699 2.7085 0.1988, 5.043 2.7163 0.1916, 5.1176 2.7248 0.2036, 5.1861 2.7331 0.234, 5.2427 2.7405 0.2789, 5.2869 2.7482 0.3371, 5.3159 2.7566 0.4067, 5.3261 2.765 0.4812, 5.3175 2.7725 0.5533, 5.2913 2.7801 0.6211, 5.2475 2.7884 0.6822, 5.1893 2.7969 0.7301, 5.123 2.8045 0.7608, 5.052 2.8119 0.774, 4.9771 2.8203 0.7688, 4.9057 2.8287 0.7445, 4.8444 2.8365 0.704, 4.7961 2.8438 0.6507, 4.7612 2.8521 0.5845, 4.7443 2.8606 0.5108, 4.7467 2.8685 0.4371, 4.7666 2.8757 0.3681, 4.8046 2.8839 0.3039, 4.8583 2.8924 0.2508, 4.9226 2.9004 0.2139, 4.9917 2.9077 0.1947, 5.066 2.9157 0.1932, 5.1395 2.9242 0.211, 5.2049 2.9323 0.2464, 5.2575 2.9396 0.2952, 5.2976 2.9476 0.3574, 5.3211 2.9561 0.4293, 5.3253 2.9643 0.5038, 5.3114 2.9715 0.5743, 5.2797 2.9794 0.6408, 4.7368 2.0701 0.5264, 4.7356 2.0782 0.4497, 4.7527 2.0854 0.3777, 4.7884 2.0934 0.3101, 4.8411 2.1019 0.2526, 4.9059 2.1101 0.2111, 4.9764 2.1174 0.1879, 5.0523 2.1253 0.1827, 5.1288 2.1337 0.1973, 5.1985 2.142 0.2308, 5.2553 2.1493 0.2787, 5.2994 2.1571 0.3402, 5.3271 2.1656 0.413, 5.3353 2.1739 0.49, 5.3243 2.1813 0.5639, 5.2952 2.189 0.6333, 5.248 2.1974 0.695, 5.1866 2.2058 0.7426, 5.1176 2.2133 0.7722, 5.0437 2.2208 0.7837, 4.9665 2.2292 0.7761, 4.8936 2.2376 0.7488, 4.8319 2.2453 0.7054, 4.7835 2.2527 0.6487, 4.7495 2.261 0.5792, 4.7344 2.2695 0.5028, 4.739 2.2773 0.4271, 4.7617 2.2846 0.3564, 4.8028 2.2928 0.2911, 4.8599 2.3013 0.238, 4.9271 2.3093 0.202, 4.9991 2.3165 0.1843, 5.076 2.3247 0.185, 5.1512 2.3332 0.2057, 5.2174 2.3412 0.2441, 5.2702 2.3485 0.296, 5.3098 2.3565 0.3616, 5.3318 2.365 0.4364, 5.3339 2.3731 0.5132, 5.3174 2.3804 0.5855, 5.2826 2.3883 0.6533, 5.2305 2.3968 0.7113, 5.166 2.4051 0.7536, 5.0958 2.4124 0.7776, 5.02 2.4202 0.7835, 4.9434 2.4287 0.7697, 4.8733 2.437 0.737, 4.8159 2.4443 0.6896, 4.7713 2.452 0.6286, 4.7427 2.4605 0.5562, 4.7337 2.4688 0.4792, 4.744 2.4763 0.4051, 4.7723 2.4839 0.3355, 4.8188 2.4923 0.2733, 4.8797 2.5007 0.2251, 4.9486 2.5083 0.1947, 5.0223 2.5158 0.1824, 5.0995 2.5241 0.1893, 5.1727 2.5326 0.2158, 5.235 2.5403 0.2586, 5.2839 2.5477 0.3147, 5.3186 2.5559 0.3838, 5.3345 2.5644 0.4601, 5.3307 2.5723 0.536, 5.3087 2.5796 0.6068, 5.2683 2.5878 0.6724, 5.2118 2.5963 0.7261, 5.1449 2.6042 0.7629, 5.0731 2.6115 0.7814, 4.9963 2.6196 0.7814, 4.9209 2.6281 0.7616, 4.8542 2.6362 0.7238, 4.8008 2.6434 0.6725, 4.7606 2.6514 0.6074, 4.7378 2.6599 0.5328, 4.7349 2.6681 0.4559, 4.7506 2.6754 0.3835, 4.7847 2.6833 0.3154, 4.8362 2.6918 0.2568, 4.9003 2.7 0.2138, 4.9704 2.7073 0.1891, 5.0459 2.7151 0.1824, 5.1227 2.7236 0.1954, 5.1931 2.7319 0.2274, 5.2511 2.7393 0.2742, 5.2963 2.747 0.3347, 5.3256 2.7554 0.4067, 5.3354 2.7638 0.4837, 5.3259 2.7713 0.558, 5.2983 2.7789 0.6277, 5.2525 2.7872 0.6904, 5.1921 2.7957 0.7393, 5.1234 2.8033 0.7704, 5.05 2.8107 0.7835, 4.9728 2.8191 0.7775, 4.8993 2.8275 0.7517, 4.8364 2.8353 0.7094, 4.787 2.8426 0.654, 4.7516 2.8509 0.5853, 4.7348 2.8594 0.5092, 4.7379 2.8673 0.4331, 4.7591 2.8745 0.3621, 4.7988 2.8827 0.2961, 4.8548 2.8912 0.2418, 4.9214 2.8992 0.2043, 4.9929 2.9064 0.1851, 5.0696 2.9145 0.1842, 5.1452 2.923 0.2033, 5.2124 2.9311 0.2404, 5.2663 2.9384 0.2912, 5.3071 2.9464 0.3557, 5.3307 2.9549 0.4301, 5.3344 2.9631 0.507, 5.3195 2.9703 0.5796, 4.7282 2.0711 0.5254, 4.7274 2.0792 0.4466, 4.7456 2.0864 0.3726, 4.7828 2.0944 0.3034, 4.8374 2.1029 0.2447, 4.9044 2.1111 0.2025, 4.9769 2.1184 0.1791, 5.055 2.1262 0.1744, 5.1336 2.1347 0.19, 5.2049 2.143 0.2249, 5.263 2.1503 0.2746, 5.3078 2.1581 0.3382, 5.3359 2.1665 0.4132, 5.3437 2.1749 0.4924, 5.3319 2.1823 0.5683, 5.3014 2.1899 0.6394, 5.2524 2.1984 0.7026, 5.189 2.2068 0.751, 5.1178 2.2143 0.7809, 5.0417 2.2218 0.7922, 4.9624 2.2302 0.7838, 4.8877 2.2386 0.7552, 4.8245 2.2463 0.7101, 4.7752 2.2537 0.6515, 4.7408 2.262 0.5798, 4.7258 2.2705 0.5011, 4.7311 2.2783 0.4233, 4.7549 2.2856 0.3508, 4.7978 2.2938 0.284, 4.8569 2.3023 0.2299, 4.9262 2.3102 0.1933, 5.0003 2.3175 0.1756, 5.0793 2.3257 0.177, 5.1565 2.3342 0.1988, 5.2243 2.3422 0.2388, 5.2782 2.3494 0.2925, 5.3184 2.3575 0.3602, 5.3405 2.366 0.4373, 5.342 2.3741 0.5163, 5.3246 2.3814 0.5904, 5.2883 2.3893 0.6599, 5.2343 2.3978 0.7192, 5.1677 2.406 0.7622, 5.0953 2.4133 0.7863, 5.0174 2.4212 0.7918, 4.9387 2.4296 0.7771, 4.8669 2.4379 0.7429, 4.8082 2.4453 0.6938, 4.7628 2.453 0.6307, 4.734 2.4615 0.5561, 4.7253 2.4698 0.4769, 4.7364 2.4773 0.4008, 4.7661 2.4849 0.3294, 4.8144 2.4933 0.2658, 4.8773 2.5017 0.2167, 4.9483 2.5093 0.186, 5.0242 2.5168 0.1739, 5.1035 2.5251 0.1815, 5.1785 2.5336 0.2093, 5.2423 2.5413 0.2538, 5.2921 2.5487 0.3118, 5.3273 2.5569 0.3831, 5.3431 2.5654 0.4617, 5.3386 2.5733 0.5397, 5.3155 2.5806 0.6123, 5.2734 2.5888 0.6795, 5.2149 2.5973 0.7343, 5.1459 2.6052 0.7716, 5.072 2.6125 0.79, 4.993 2.6206 0.7895, 4.9156 2.6291 0.7686, 4.8473 2.6372 0.7292, 4.7929 2.6444 0.6761, 4.752 2.6524 0.6089, 4.7292 2.6609 0.532, 4.7267 2.6691 0.4529, 4.7434 2.6763 0.3786, 4.779 2.6843 0.3088, 4.8323 2.6927 0.249, 4.8985 2.701 0.2052, 4.9707 2.7083 0.1804, 5.0484 2.7161 0.174, 5.1273 2.7246 0.188, 5.1995 2.7329 0.2214, 5.2588 2.7403 0.27, 5.3047 2.748 0.3324, 5.3343 2.7564 0.4067, 5.3438 2.7648 0.4859, 5.3335 2.7723 0.5623, 5.3046 2.7798 0.6338, 5.2571 2.7882 0.6979, 5.1946 2.7966 0.7477, 5.1238 2.8043 0.7792, 5.0482 2.8117 0.792, 4.9688 2.82 0.7853, 4.8935 2.8285 0.7583, 4.8292 2.8363 0.7143, 4.7788 2.8436 0.6569, 4.7429 2.8519 0.5861, 4.7262 2.8603 0.5077, 4.7299 2.8682 0.4295, 4.7523 2.8755 0.3566, 4.7936 2.8837 0.2891, 4.8515 2.8922 0.2337, 4.9203 2.9002 0.1956, 4.9939 2.9074 0.1764, 5.0728 2.9155 0.1761, 5.1504 2.924 0.1963, 5.2192 2.9321 0.2349, 5.2742 2.9394 0.2875, 5.3157 2.9473 0.3542, 5.3394 2.9558 0.4308, 5.3427 2.964 0.5099, 4.7408 2.0656 0.6041, 4.7195 2.0742 0.5244, 4.7193 2.0823 0.4434, 4.7385 2.0895 0.3676, 4.7772 2.0975 0.2968, 4.8337 2.106 0.2368, 4.9028 2.1142 0.1939, 4.9775 2.1214 0.1705, 5.0577 2.1293 0.1661, 5.1383 2.1378 0.1827, 5.2114 2.1461 0.2191, 5.2707 2.1534 0.2705, 5.3163 2.1612 0.3362, 5.3446 2.1696 0.4134, 5.3521 2.178 0.4949, 5.3394 2.1854 0.5727, 5.3076 2.193 0.6456, 5.2568 2.2015 0.7101, 5.1913 2.2098 0.7594, 5.118 2.2174 0.7896, 5.0397 2.2249 0.8007, 4.9583 2.2333 0.7915, 4.8817 2.2417 0.7616, 4.8172 2.2494 0.7148, 4.7669 2.2568 0.6543, 4.7321 2.2651 0.5804, 4.7172 2.2736 0.4994, 4.7232 2.2814 0.4195, 4.7483 2.2887 0.3452, 4.7927 2.2969 0.2769, 4.8538 2.3054 0.2217, 4.9253 2.3133 0.1847, 5.0015 2.3206 0.167, 5.0827 2.3287 0.169, 5.1618 2.3373 0.1919, 5.2312 2.3453 0.2334, 5.2862 2.3525 0.289, 5.327 2.3606 0.3589, 5.3491 2.3691 0.4382, 5.3502 2.3772 0.5194, 5.3317 2.3845 0.5954, 5.2939 2.3924 0.6665, 5.238 2.4009 0.727, 5.1693 2.4091 0.7708, 5.0948 2.4164 0.795, 5.0148 2.4243 0.8001, 4.934 2.4327 0.7844, 4.8605 2.441 0.7488, 4.8005 2.4484 0.6979, 4.7544 2.4561 0.6329, 4.7253 2.4646 0.556, 4.7169 2.4729 0.4745, 4.7288 2.4804 0.3964, 4.7598 2.488 0.3234, 4.8099 2.4964 0.2584, 4.8749 2.5048 0.2083, 4.948 2.5124 0.1773, 5.0261 2.5199 0.1654, 5.1075 2.5282 0.1738, 5.1844 2.5366 0.2028, 5.2495 2.5444 0.2491, 5.3004 2.5517 0.309, 5.3359 2.56 0.3825, 5.3517 2.5685 0.4632, 5.3465 2.5764 0.5433, 5.3223 2.5836 0.6178, 5.2786 2.5918 0.6865, 5.2181 2.6003 0.7424, 5.1469 2.6083 0.7802, 5.0709 2.6156 0.7987, 4.9898 2.6237 0.7976, 4.9104 2.6322 0.7755, 4.8405 2.6402 0.7346, 4.7849 2.6475 0.6796, 4.7434 2.6555 0.6103, 4.7205 2.664 0.5312, 4.7185 2.6722 0.4499, 4.7362 2.6794 0.3737, 4.7732 2.6873 0.3023, 4.8285 2.6958 0.2412, 4.8968 2.7041 0.1967, 4.9711 2.7114 0.1717, 5.051 2.7192 0.1657, 5.1319 2.7277 0.1806, 5.2058 2.736 0.2154, 5.2664 2.7434 0.2658, 5.3131 2.7511 0.3302, 5.343 2.7595 0.4068, 5.3522 2.7679 0.4882, 5.3411 2.7754 0.5665, 5.3109 2.7829 0.6398, 5.2616 2.7913 0.7053, 5.1971 2.7997 0.756, 5.1241 2.8074 0.7879, 5.0464 2.8148 0.8005, 4.9649 2.8231 0.793, 4.8877 2.8316 0.7648, 4.822 2.8394 0.7192, 4.7706 2.8467 0.6599, 4.7342 2.8549 0.5868, 4.7177 2.8634 0.5062, 4.722 2.8713 0.4259, 4.7454 2.8786 0.3512, 4.7884 2.8868 0.2822, 4.8483 2.8953 0.2256, 4.9192 2.9033 0.187, 4.995 2.9105 0.1678, 5.076 2.9186 0.168, 5.1556 2.9271 0.1892, 5.226 2.9352 0.2294, 5.2821 2.9425 0.2839, 5.3243 2.9504 0.3526, 5.3481 2.9589 0.4315, 4.7331 2.0707 0.6052, 4.7119 2.0792 0.5236, 4.7121 2.0873 0.4406, 4.7322 2.0945 0.3631, 4.7722 2.1025 0.2908, 4.8304 2.111 0.2298, 4.9014 2.1192 0.1863, 4.978 2.1265 0.1627, 5.0601 2.1343 0.1588, 5.1426 2.1428 0.1763, 5.2171 2.1511 0.2139, 5.2776 2.1584 0.2669, 5.3238 2.1662 0.3344, 5.3523 2.1747 0.4136, 5.3595 2.183 0.497, 5.346 2.1904 0.5766, 5.313 2.1981 0.651, 5.2607 2.2065 0.7168, 5.1933 2.2149 0.7669, 5.1181 2.2224 0.7973, 5.0379 2.2299 0.8082, 4.9547 2.2383 0.7983, 4.8765 2.2467 0.7673, 4.8107 2.2544 0.719, 4.7596 2.2618 0.6567, 4.7244 2.2701 0.5809, 4.7097 2.2786 0.4979, 4.7163 2.2864 0.4162, 4.7423 2.2937 0.3403, 4.7882 2.3019 0.2706, 4.8511 2.3104 0.2145, 4.9245 2.3184 0.177, 5.0026 2.3256 0.1594, 5.0857 2.3338 0.1618, 5.1666 2.3423 0.1858, 5.2373 2.3503 0.2287, 5.2933 2.3575 0.2859, 5.3347 2.3656 0.3577, 5.3568 2.3741 0.439, 5.3574 2.3822 0.5221, 5.3381 2.3895 0.5998, 5.299 2.3974 0.6724, 5.2414 2.4059 0.734, 5.1708 2.4141 0.7783, 5.0944 2.4214 0.8027, 5.0124 2.4293 0.8075, 4.9298 2.4378 0.7909, 4.8548 2.446 0.7541, 4.7937 2.4534 0.7016, 4.7469 2.4611 0.6347, 4.7176 2.4696 0.5559, 4.7095 2.4779 0.4724, 4.7221 2.4854 0.3926, 4.7543 2.493 0.318, 4.8059 2.5014 0.2517, 4.8728 2.5098 0.2009, 4.9478 2.5174 0.1696, 5.0277 2.5249 0.1579, 5.1111 2.5332 0.1669, 5.1896 2.5417 0.1971, 5.256 2.5494 0.2448, 5.3077 2.5568 0.3064, 5.3437 2.565 0.3819, 5.3593 2.5735 0.4647, 5.3535 2.5814 0.5466, 5.3283 2.5887 0.6227, 5.2831 2.5969 0.6928, 5.2209 2.6054 0.7496, 5.1478 2.6133 0.7879, 5.0699 2.6206 0.8063, 4.9868 2.6287 0.8047, 4.9057 2.6372 0.7817, 4.8344 2.6453 0.7394, 4.7779 2.6525 0.6828, 4.7358 2.6605 0.6116, 4.7128 2.669 0.5305, 4.7113 2.6772 0.4473, 4.7298 2.6845 0.3694, 4.7681 2.6924 0.2965, 4.825 2.7009 0.2343, 4.8952 2.7091 0.1892, 4.9715 2.7164 0.164, 5.0532 2.7242 0.1583, 5.136 2.7327 0.174, 5.2115 2.741 0.2101, 5.2731 2.7484 0.262, 5.3206 2.7561 0.3283, 5.3507 2.7645 0.4068, 5.3597 2.7729 0.4902, 5.3479 2.7804 0.5703, 5.3165 2.7879 0.6451, 5.2657 2.7963 0.7119, 5.1993 2.8047 0.7634, 5.1244 2.8124 0.7956, 5.0448 2.8198 0.8081, 4.9615 2.8281 0.7999, 4.8826 2.8366 0.7706, 4.8156 2.8444 0.7235, 4.7633 2.8517 0.6625, 4.7265 2.86 0.5875, 4.71 2.8685 0.5049, 4.715 2.8763 0.4227, 4.7394 2.8836 0.3464, 4.7837 2.8918 0.276, 4.8454 2.9003 0.2185, 4.9182 2.9083 0.1793, 4.9959 2.9155 0.1601, 5.0788 2.9236 0.1608, 5.1602 2.9321 0.183, 5.232 2.9402 0.2246, 5.2891 2.9475 0.2806, 5.3319 2.9555 0.3513, 4.768 2.0692 0.6799, 4.7269 2.0773 0.6061, 4.7056 2.0858 0.5228, 4.7062 2.0939 0.4383, 4.7271 2.1012 0.3595, 4.7681 2.1092 0.286, 4.8277 2.1177 0.2241, 4.9002 2.1258 0.1801, 4.9784 2.1331 0.1564, 5.0621 2.141 0.1528, 5.146 2.1495 0.1709, 5.2218 2.1578 0.2096, 5.2832 2.1651 0.2639, 5.33 2.1729 0.3329, 5.3586 2.1813 0.4137, 5.3656 2.1896 0.4988, 5.3515 2.1971 0.5798, 5.3175 2.2047 0.6555, 5.2639 2.2131 0.7222, 5.195 2.2215 0.773, 5.1183 2.2291 0.8037, 5.0365 2.2366 0.8144, 4.9517 2.245 0.8039, 4.8722 2.2534 0.7719, 4.8054 2.2611 0.7224, 4.7536 2.2685 0.6588, 4.7181 2.2768 0.5813, 4.7034 2.2852 0.4967, 4.7105 2.2931 0.4135, 4.7375 2.3004 0.3362, 4.7846 2.3086 0.2655, 4.8489 2.3171 0.2085, 4.9238 2.325 0.1707, 5.0035 2.3323 0.1531, 5.0881 2.3404 0.156, 5.1704 2.3489 0.1808, 5.2423 2.357 0.2249, 5.2991 2.3642 0.2834, 5.3409 2.3723 0.3567, 5.3631 2.3808 0.4397, 5.3634 2.3889 0.5243, 5.3433 2.3961 0.6034, 5.3031 2.4041 0.6772, 5.2442 2.4126 0.7397, 5.172 2.4208 0.7846, 5.094 2.4281 0.809, 5.0105 2.4359 0.8135, 4.9264 2.4444 0.7963, 4.8501 2.4527 0.7584, 4.7882 2.4601 0.7047, 4.7407 2.4678 0.6363, 4.7112 2.4762 0.5558, 4.7034 2.4846 0.4707, 4.7167 2.4921 0.3894, 4.7498 2.4997 0.3136, 4.8026 2.5081 0.2463, 4.871 2.5165 0.1948, 4.9476 2.5241 0.1632, 5.0291 2.5315 0.1517, 5.114 2.5399 0.1613, 5.1938 2.5483 0.1924, 5.2613 2.5561 0.2413, 5.3137 2.5634 0.3044, 5.35 2.5717 0.3814, 5.3655 2.5802 0.4658, 5.3593 2.588 0.5493, 5.3332 2.5953 0.6267, 5.2869 2.6035 0.6979, 5.2232 2.612 0.7555, 5.1485 2.62 0.7942, 5.069 2.6272 0.8126, 4.9845 2.6353 0.8106, 4.9019 2.6439 0.7867, 4.8295 2.6519 0.7433, 4.7721 2.6592 0.6854, 4.7296 2.6672 0.6126, 4.7065 2.6757 0.5299, 4.7053 2.6838 0.4451, 4.7246 2.6911 0.3658, 4.764 2.699 0.2917, 4.8222 2.7075 0.2286, 4.8939 2.7158 0.1829, 4.9718 2.7231 0.1576, 5.0551 2.7309 0.1523, 5.1393 2.7393 0.1686, 5.2161 2.7476 0.2058, 5.2787 2.7551 0.2589, 5.3267 2.7627 0.3267, 5.3571 2.7712 0.4068, 5.3658 2.7795 0.4918, 5.3534 2.7871 0.5734, 5.3211 2.7946 0.6495, 5.269 2.803 0.7173, 5.2011 2.8114 0.7695, 5.1247 2.8191 0.8019, 5.0435 2.8265 0.8143, 4.9586 2.8348 0.8056, 4.8784 2.8433 0.7753, 4.8103 2.851 0.727, 4.7573 2.8584 0.6646, 4.7202 2.8666 0.588, 4.7038 2.8751 0.5038, 4.7092 2.883 0.4201, 4.7345 2.8903 0.3424, 4.78 2.8984 0.2709, 4.843 2.907 0.2126, 4.9174 2.915 0.173, 4.9967 2.9222 0.1538, 5.0811 2.9303 0.1549, 5.1639 2.9388 0.1779, 5.2369 2.9469 0.2206, 5.2949 2.9541 0.278, 4.8206 2.0696 0.7418, 4.7639 2.0769 0.6817, 4.7224 2.0849 0.6067, 4.7011 2.0934 0.5223, 4.702 2.1015 0.4367, 4.7234 2.1088 0.3569, 4.7652 2.1168 0.2826, 4.8258 2.1253 0.2201, 4.8994 2.1335 0.1757, 4.9787 2.1407 0.152, 5.0635 2.1486 0.1485, 5.1485 2.1571 0.1672, 5.2251 2.1654 0.2066, 5.2871 2.1727 0.2618, 5.3343 2.1805 0.3319, 5.3631 2.1889 0.4139, 5.3699 2.1973 0.5, 5.3553 2.2047 0.5821, 5.3207 2.2123 0.6586, 5.2662 2.2207 0.7261, 5.1962 2.2291 0.7773, 5.1184 2.2367 0.8081, 5.0355 2.2442 0.8188, 4.9496 2.2526 0.8078, 4.8692 2.261 0.7752, 4.8016 2.2687 0.7248, 4.7494 2.2761 0.6602, 4.7136 2.2844 0.5816, 4.6991 2.2929 0.4959, 4.7065 2.3007 0.4115, 4.734 2.308 0.3334, 4.782 2.3162 0.2618, 4.8473 2.3247 0.2044, 4.9233 2.3326 0.1662, 5.0041 2.3399 0.1487, 5.0899 2.348 0.1519, 5.1732 2.3565 0.1772, 5.2458 2.3646 0.2221, 5.3032 2.3718 0.2816, 5.3453 2.3799 0.356, 5.3675 2.3884 0.4402, 5.3675 2.3965 0.5259, 5.347 2.4038 0.606, 5.306 2.4117 0.6806, 5.2461 2.4202 0.7437, 5.1729 2.4284 0.7889, 5.0938 2.4357 0.8135, 5.0091 2.4436 0.8178, 4.924 2.452 0.8001, 4.8469 2.4603 0.7614, 4.7842 2.4677 0.7068, 4.7364 2.4754 0.6374, 4.7068 2.4838 0.5557, 4.6991 2.4922 0.4695, 4.7128 2.4997 0.3872, 4.7466 2.5073 0.3104, 4.8004 2.5157 0.2425, 4.8698 2.5241 0.1905, 4.9475 2.5317 0.1588, 5.0301 2.5391 0.1473, 5.116 2.5475 0.1573, 5.1968 2.5559 0.1891, 5.265 2.5637 0.2389, 5.3179 2.571 0.3029, 5.3544 2.5793 0.381, 5.3699 2.5878 0.4666, 5.3633 2.5956 0.5512, 5.3366 2.6029 0.6295, 5.2895 2.6111 0.7015, 5.2248 2.6196 0.7597, 5.149 2.6276 0.7987, 5.0685 2.6348 0.8171, 4.9828 2.643 0.8148, 4.8992 2.6515 0.7903, 4.826 2.6595 0.7461, 4.768 2.6668 0.6872, 4.7251 2.6748 0.6134, 4.702 2.6833 0.5295, 4.7011 2.6915 0.4436, 4.7209 2.6987 0.3633, 4.761 2.7066 0.2884, 4.8202 2.7151 0.2246, 4.893 2.7234 0.1786, 4.972 2.7307 0.1532, 5.0564 2.7385 0.148, 5.1417 2.7469 0.1648, 5.2193 2.7553 0.2027, 5.2826 2.7627 0.2567, 5.3311 2.7703 0.3255, 5.3615 2.7788 0.4068, 5.3701 2.7871 0.493, 5.3573 2.7947 0.5756, 5.3243 2.8022 0.6526, 5.2713 2.8106 0.7211, 5.2024 2.819 0.7738, 5.1249 2.8267 0.8064, 5.0425 2.8341 0.8187, 4.9566 2.8424 0.8096, 4.8754 2.8509 0.7786, 4.8066 2.8587 0.7295, 4.7531 2.866 0.6661, 4.7158 2.8742 0.5884, 4.6994 2.8827 0.503, 4.7051 2.8906 0.4182, 4.731 2.8979 0.3397, 4.7773 2.9061 0.2673, 4.8414 2.9146 0.2084, 4.9168 2.9226 0.1686, 4.9972 2.9298 0.1494, 5.0828 2.9379 0.1508, 5.1666 2.9464 0.1743, 5.2404 2.9545 0.2178, 4.891 2.0703 0.7894, 4.8184 2.0783 0.7434, 4.7614 2.0855 0.6827, 4.7198 2.0936 0.6071, 4.6984 2.1021 0.522, 4.6995 2.1102 0.4357, 4.7212 2.1174 0.3553, 4.7635 2.1254 0.2805, 4.8247 2.1339 0.2176, 4.8989 2.1421 0.173, 4.9789 2.1494 0.1493, 5.0644 2.1573 0.146, 5.15 2.1657 0.1649, 5.2272 2.174 0.2048, 5.2895 2.1814 0.2605, 5.337 2.1891 0.3312, 5.3658 2.1976 0.4139, 5.3725 2.2059 0.5008, 5.3577 2.2133 0.5835, 5.3226 2.221 0.6606, 5.2675 2.2294 0.7284, 5.197 2.2378 0.7799, 5.1184 2.2453 0.8108, 5.0349 2.2528 0.8214, 4.9483 2.2612 0.8102, 4.8673 2.2696 0.7772, 4.7994 2.2773 0.7263, 4.7468 2.2847 0.661, 4.7109 2.293 0.5817, 4.6964 2.3015 0.4953, 4.7041 2.3093 0.4104, 4.7319 2.3166 0.3316, 4.7804 2.3249 0.2596, 4.8463 2.3333 0.2018, 4.923 2.3413 0.1636, 5.0045 2.3485 0.146, 5.0909 2.3567 0.1494, 5.1748 2.3652 0.1751, 5.248 2.3732 0.2205, 5.3056 2.3805 0.2805, 5.348 2.3885 0.3556, 5.3702 2.397 0.4404, 5.3701 2.4051 0.5269, 5.3492 2.4124 0.6075, 5.3078 2.4204 0.6827, 5.2473 2.4288 0.7462, 5.1734 2.4371 0.7916, 5.0936 2.4444 0.8162, 5.0083 2.4522 0.8204, 4.9226 2.4607 0.8023, 4.8449 2.469 0.7632, 4.7819 2.4763 0.7081, 4.7338 2.4841 0.638, 4.7041 2.4925 0.5557, 4.6965 2.5008 0.4688, 4.7104 2.5083 0.3859, 4.7446 2.5159 0.3086, 4.799 2.5243 0.2401, 4.869 2.5327 0.1879, 4.9474 2.5403 0.1561, 5.0307 2.5478 0.1447, 5.1173 2.5561 0.1549, 5.1987 2.5646 0.1871, 5.2673 2.5723 0.2374, 5.3204 2.5797 0.302, 5.3571 2.588 0.3808, 5.3726 2.5964 0.4671, 5.3658 2.6043 0.5523, 5.3387 2.6116 0.6313, 5.2911 2.6198 0.7037, 5.2258 2.6283 0.7622, 5.1493 2.6362 0.8013, 5.0681 2.6435 0.8197, 4.9817 2.6516 0.8173, 4.8976 2.6601 0.7924, 4.8238 2.6682 0.7478, 4.7656 2.6754 0.6883, 4.7225 2.6834 0.6138, 4.6993 2.6919 0.5292, 4.6986 2.7001 0.4427, 4.7186 2.7074 0.3618, 4.7592 2.7153 0.2863, 4.819 2.7238 0.2222, 4.8925 2.732 0.1759, 4.9721 2.7393 0.1505, 5.0572 2.7471 0.1454, 5.1431 2.7556 0.1625, 5.2213 2.7639 0.2008, 5.2849 2.7713 0.2554, 5.3337 2.779 0.3249, 5.3642 2.7874 0.4068, 5.3728 2.7958 0.4937, 5.3596 2.8033 0.5769, 5.3263 2.8109 0.6544, 5.2727 2.8192 0.7234, 5.2032 2.8277 0.7764, 5.125 2.8353 0.8091, 5.042 2.8427 0.8213, 4.9554 2.8511 0.812, 4.8736 2.8595 0.7807, 4.8043 2.8673 0.731, 4.7506 2.8746 0.667, 4.7131 2.8829 0.5887, 4.6967 2.8914 0.5025, 4.7027 2.8993 0.4171, 4.7288 2.9065 0.338, 4.7757 2.9147 0.2651, 4.8404 2.9232 0.2059, 4.9165 2.9312 0.1659, 4.9975 2.9385 0.1467, 5.0838 2.9465 0.1483, 5.1682 2.955 0.1722, 4.9744 2.0718 0.8166, 4.8906 2.0803 0.7899, 4.8179 2.0883 0.7437, 4.7608 2.0956 0.683, 4.7192 2.1036 0.6072, 4.6978 2.1121 0.5219, 4.6989 2.1202 0.4355, 4.7207 2.1275 0.355, 4.7631 2.1355 0.28, 4.8244 2.144 0.2171, 4.8988 2.1522 0.1724, 4.9789 2.1594 0.1487, 5.0646 2.1673 0.1454, 5.1503 2.1758 0.1644, 5.2276 2.1841 0.2044, 5.29 2.1914 0.2603, 5.3376 2.1992 0.3311, 5.3664 2.2076 0.4139, 5.373 2.216 0.501, 5.3582 2.2234 0.5838, 5.323 2.231 0.661, 5.2678 2.2394 0.729, 5.1971 2.2478 0.7805, 5.1184 2.2554 0.8115, 5.0347 2.2629 0.822, 4.948 2.2713 0.8108, 4.8669 2.2797 0.7776, 4.7989 2.2874 0.7266, 4.7462 2.2948 0.6612, 4.7103 2.3031 0.5818, 4.6958 2.3116 0.4952, 4.7035 2.3194 0.4101, 4.7315 2.3267 0.3312, 4.78 2.3349 0.2592, 4.8461 2.3434 0.2013, 4.923 2.3513 0.163, 5.0046 2.3586 0.1454, 5.0912 2.3667 0.1488, 5.1752 2.3752 0.1746, 5.2485 2.3833 0.2201, 5.3062 2.3905 0.2803, 5.3486 2.3986 0.3555, 5.3708 2.4071 0.4405, 5.3706 2.4152 0.5271, 5.3497 2.4225 0.6079, 5.3082 2.4304 0.6831, 5.2475 2.4389 0.7467, 5.1735 2.4471 0.7922, 5.0936 2.4544 0.8168, 5.0081 2.4623 0.821, 4.9222 2.4707 0.8028, 4.8444 2.479 0.7636, 4.7813 2.4864 0.7084, 4.7332 2.4941 0.6382, 4.7035 2.5025 0.5557, 4.6959 2.5109 0.4687, 4.7099 2.5184 0.3856, 4.7442 2.526 0.3081, 4.7986 2.5344 0.2396, 4.8689 2.5428 0.1873, 4.9474 2.5504 0.1555, 5.0308 2.5578 0.1441, 5.1175 2.5662 0.1544, 5.1991 2.5746 0.1867, 5.2678 2.5824 0.2371, 5.321 2.5897 0.3018, 5.3577 2.598 0.3808, 5.3731 2.6065 0.4672, 5.3663 2.6143 0.5526, 5.3392 2.6216 0.6316, 5.2914 2.6298 0.7042, 5.226 2.6383 0.7628, 5.1494 2.6463 0.8019, 5.068 2.6535 0.8203, 4.9815 2.6617 0.8178, 4.8972 2.6702 0.7929, 4.8234 2.6782 0.7482, 4.765 2.6855 0.6886, 4.7219 2.6935 0.6139, 4.6987 2.702 0.5291, 4.698 2.7102 0.4425, 4.7182 2.7174 0.3614, 4.7588 2.7253 0.2859, 4.8188 2.7338 0.2216, 4.8924 2.7421 0.1753, 4.9721 2.7494 0.1499, 5.0574 2.7572 0.1448, 5.1434 2.7657 0.162, 5.2217 2.774 0.2004, 5.2855 2.7814 0.2551, 5.3343 2.789 0.3247, 5.3648 2.7975 0.4068, 5.3733 2.8058 0.4938, 5.3602 2.8134 0.5772, 5.3267 2.8209 0.6548, 5.2731 2.8293 0.7239, 5.2034 2.8377 0.777, 5.125 2.8454 0.8097, 5.0419 2.8528 0.8219, 4.9551 2.8611 0.8125, 4.8732 2.8696 0.7811, 4.8038 2.8774 0.7314, 4.75 2.8847 0.6672, 4.7125 2.8929 0.5887, 4.6961 2.9014 0.5024, 4.7021 2.9093 0.4169, 4.7284 2.9166 0.3376, 4.7753 2.9248 0.2647, 4.8402 2.9333 0.2054, 4.9164 2.9413 0.1653, 4.9976 2.9485 0.1461, 5.084 2.9566 0.1477, 4.9361 3.6504 0.8074, 5.0612 2.0718 0.8195, 4.9749 2.08 0.8153, 4.8915 2.0885 0.7888, 4.8191 2.0965 0.7429, 4.7621 2.1037 0.6824, 4.7206 2.1118 0.607, 4.6993 2.1203 0.5221, 4.7003 2.1284 0.436, 4.7219 2.1356 0.3558, 4.764 2.1436 0.2811, 4.825 2.1521 0.2184, 4.8991 2.1603 0.1738, 4.9788 2.1676 0.1501, 5.0641 2.1755 0.1468, 5.1495 2.184 0.1656, 5.2265 2.1922 0.2054, 5.2888 2.1996 0.2609, 5.3362 2.2073 0.3314, 5.365 2.2158 0.4139, 5.3717 2.2241 0.5006, 5.357 2.2316 0.583, 5.322 2.2392 0.66, 5.2671 2.2476 0.7277, 5.1967 2.256 0.7791, 5.1184 2.2636 0.81, 5.035 2.2711 0.8206, 4.9487 2.2794 0.8095, 4.8679 2.2879 0.7766, 4.8001 2.2956 0.7259, 4.7476 2.3029 0.6608, 4.7117 2.3112 0.5817, 4.6972 2.3197 0.4955, 4.7048 2.3275 0.4107, 4.7326 2.3348 0.3322, 4.7809 2.3431 0.2603, 4.8466 2.3516 0.2026, 4.9231 2.3595 0.1644, 5.0044 2.3668 0.1468, 5.0906 2.3749 0.1501, 5.1743 2.3834 0.1757, 5.2473 2.3914 0.221, 5.3049 2.3987 0.2809, 5.3472 2.4067 0.3557, 5.3694 2.4152 0.4404, 5.3693 2.4234 0.5266, 5.3485 2.4306 0.607, 5.3072 2.4386 0.682, 5.2469 2.4471 0.7454, 5.1732 2.4553 0.7908, 5.0937 2.4626 0.8154, 5.0086 2.4704 0.8196, 4.923 2.4789 0.8016, 4.8455 2.4872 0.7627, 4.7826 2.4945 0.7077, 4.7346 2.5023 0.6378, 4.7049 2.5107 0.5557, 4.6973 2.5191 0.469, 4.7111 2.5265 0.3863, 4.7452 2.5341 0.3091, 4.7994 2.5425 0.2409, 4.8693 2.5509 0.1887, 4.9474 2.5585 0.1569, 5.0305 2.566 0.1455, 5.1169 2.5743 0.1557, 5.1981 2.5828 0.1877, 5.2666 2.5905 0.2378, 5.3197 2.5979 0.3023, 5.3563 2.6062 0.3809, 5.3717 2.6146 0.467, 5.365 2.6225 0.552, 5.3381 2.6298 0.6307, 5.2906 2.638 0.703, 5.2255 2.6465 0.7614, 5.1492 2.6545 0.8005, 5.0682 2.6617 0.8189, 4.9821 2.6698 0.8165, 4.8981 2.6783 0.7918, 4.8245 2.6864 0.7473, 4.7663 2.6936 0.688, 4.7233 2.7017 0.6137, 4.7002 2.7102 0.5293, 4.6994 2.7183 0.443, 4.7193 2.7256 0.3622, 4.7598 2.7335 0.2869, 4.8194 2.742 0.2229, 4.8927 2.7502 0.1767, 4.972 2.7575 0.1513, 5.0569 2.7653 0.1462, 5.1427 2.7738 0.1632, 5.2207 2.7821 0.2014, 5.2842 2.7895 0.2558, 5.3329 2.7972 0.3251, 5.3634 2.8056 0.4068, 5.372 2.814 0.4935, 5.3589 2.8215 0.5765, 5.3257 2.8291 0.6539, 5.2723 2.8375 0.7227, 5.203 2.8459 0.7756, 5.125 2.8535 0.8083, 5.0421 2.861 0.8205, 4.9557 2.8693 0.8113, 4.8741 2.8777 0.78, 4.805 2.8855 0.7306, 4.7514 2.8928 0.6667, 4.7139 2.9011 0.5886, 4.6976 2.9096 0.5027, 4.7034 2.9175 0.4175, 4.7295 2.9247 0.3385, 4.7762 2.9329 0.2658, 4.8407 2.9414 0.2067, 4.9166 2.9494 0.1667, 4.9974 2.9567 0.1475, 5.0075 3.6596 0.8157, 5.0229 3.6502 0.8204, 5.1424 2.0724 0.7996, 5.0617 2.0797 0.8164, 4.9762 2.0879 0.8123, 4.8935 2.0964 0.7863, 4.8216 2.1044 0.7409, 4.7651 2.1116 0.6811, 4.7238 2.1197 0.6065, 4.7024 2.1282 0.5225, 4.7033 2.1363 0.4372, 4.7245 2.1435 0.3577, 4.7661 2.1515 0.2836, 4.8264 2.16 0.2213, 4.8997 2.1682 0.177, 4.9786 2.1755 0.1533, 5.0631 2.1834 0.1498, 5.1477 2.1918 0.1683, 5.2242 2.2001 0.2075, 5.2859 2.2074 0.2624, 5.333 2.2152 0.3322, 5.3617 2.2237 0.4138, 5.3686 2.232 0.4997, 5.3542 2.2394 0.5814, 5.3197 2.2471 0.6577, 5.2655 2.2555 0.7249, 5.1959 2.2639 0.776, 5.1183 2.2714 0.8068, 5.0358 2.2789 0.8175, 4.9502 2.2873 0.8067, 4.8701 2.2957 0.7742, 4.8028 2.3034 0.7241, 4.7506 2.3108 0.6598, 4.7149 2.3191 0.5815, 4.7004 2.3276 0.4961, 4.7077 2.3354 0.4121, 4.735 2.3427 0.3342, 4.7827 2.351 0.2629, 4.8478 2.3594 0.2056, 4.9235 2.3674 0.1676, 5.0039 2.3746 0.15, 5.0894 2.3828 0.1531, 5.1723 2.3913 0.1783, 5.2448 2.3993 0.2229, 5.3019 2.4066 0.2821, 5.344 2.4146 0.3562, 5.3662 2.4231 0.44, 5.3663 2.4312 0.5254, 5.3459 2.4385 0.6052, 5.3051 2.4464 0.6796, 5.2455 2.4549 0.7425, 5.1726 2.4632 0.7876, 5.0939 2.4705 0.8122, 5.0096 2.4783 0.8165, 4.9247 2.4868 0.7989, 4.8478 2.4951 0.7605, 4.7854 2.5024 0.7062, 4.7377 2.5101 0.637, 4.7081 2.5186 0.5557, 4.7004 2.5269 0.4699, 4.7139 2.5344 0.3879, 4.7475 2.542 0.3114, 4.801 2.5504 0.2436, 4.8701 2.5588 0.1918, 4.9475 2.5664 0.1601, 5.0298 2.5739 0.1486, 5.1154 2.5822 0.1585, 5.1959 2.5907 0.1901, 5.2639 2.5984 0.2396, 5.3166 2.6058 0.3033, 5.3531 2.6141 0.3811, 5.3686 2.6225 0.4664, 5.3621 2.6304 0.5506, 5.3356 2.6377 0.6287, 5.2887 2.6459 0.7004, 5.2243 2.6544 0.7584, 5.1489 2.6623 0.7973, 5.0686 2.6696 0.8157, 4.9833 2.6777 0.8135, 4.9 2.6862 0.7892, 4.827 2.6943 0.7453, 4.7693 2.7015 0.6867, 4.7265 2.7095 0.6132, 4.7034 2.718 0.5296, 4.7024 2.7262 0.4441, 4.722 2.7335 0.364, 4.7619 2.7414 0.2894, 4.8208 2.7499 0.2258, 4.8933 2.7581 0.1799, 4.9719 2.7654 0.1545, 5.056 2.7732 0.1493, 5.141 2.7817 0.166, 5.2183 2.79 0.2036, 5.2814 2.7974 0.2574, 5.3298 2.8051 0.3259, 5.3602 2.8135 0.4068, 5.3688 2.8219 0.4926, 5.3561 2.8294 0.575, 5.3234 2.837 0.6516, 5.2706 2.8453 0.7199, 5.202 2.8538 0.7725, 5.1248 2.8614 0.805, 5.0428 2.8688 0.8174, 4.9572 2.8772 0.8084, 4.8763 2.8856 0.7776, 4.8077 2.8934 0.7288, 4.7544 2.9007 0.6657, 4.7171 2.909 0.5883, 4.7007 2.9175 0.5032, 4.7063 2.9254 0.4188, 4.732 2.9326 0.3405, 4.7781 2.9408 0.2684, 4.8419 2.9493 0.2097, 4.917 2.9573 0.1699, 5.1072 3.6504 0.8095, 5.2165 2.0723 0.7572, 5.1419 2.0802 0.7941, 5.0625 2.0875 0.8109, 4.9784 2.0957 0.8073, 4.8969 2.1042 0.7819, 4.8261 2.1122 0.7376, 4.7702 2.1194 0.679, 4.7292 2.1275 0.6057, 4.708 2.136 0.5231, 4.7084 2.1441 0.4392, 4.729 2.1513 0.3609, 4.7697 2.1593 0.2878, 4.8287 2.1678 0.2263, 4.9007 2.176 0.1825, 4.9782 2.1833 0.1588, 5.0614 2.1912 0.1551, 5.1447 2.1996 0.173, 5.22 2.2079 0.2112, 5.281 2.2152 0.265, 5.3276 2.223 0.3335, 5.3562 2.2315 0.4137, 5.3633 2.2398 0.4981, 5.3494 2.2472 0.5786, 5.3158 2.2549 0.6538, 5.2627 2.2633 0.7202, 5.1944 2.2717 0.7706, 5.1182 2.2792 0.8013, 5.037 2.2867 0.8121, 4.9528 2.2951 0.8018, 4.8738 2.3035 0.7702, 4.8074 2.3112 0.7211, 4.7559 2.3186 0.658, 4.7205 2.3269 0.5811, 4.7058 2.3354 0.4972, 4.7127 2.3432 0.4145, 4.7393 2.3505 0.3378, 4.786 2.3588 0.2674, 4.8497 2.3672 0.2108, 4.9241 2.3752 0.1731, 5.0031 2.3824 0.1555, 5.0872 2.3906 0.1582, 5.169 2.3991 0.1827, 5.2404 2.4071 0.2263, 5.2969 2.4144 0.2844, 5.3385 2.4224 0.3571, 5.3607 2.4309 0.4395, 5.3611 2.439 0.5235, 5.3413 2.4463 0.6021, 5.3015 2.4542 0.6754, 5.2431 2.4627 0.7375, 5.1716 2.471 0.7822, 5.0942 2.4783 0.8066, 5.0112 2.4861 0.8112, 4.9277 2.4946 0.7943, 4.8519 2.5029 0.7567, 4.7903 2.5102 0.7035, 4.7431 2.5179 0.6357, 4.7137 2.5264 0.5558, 4.7057 2.5347 0.4714, 4.7187 2.5422 0.3906, 4.7515 2.5498 0.3152, 4.8039 2.5582 0.2484, 4.8717 2.5666 0.1971, 4.9477 2.5742 0.1657, 5.0286 2.5817 0.154, 5.1129 2.59 0.1634, 5.1922 2.5985 0.1942, 5.2593 2.6062 0.2427, 5.3114 2.6136 0.3052, 5.3476 2.6219 0.3816, 5.3631 2.6303 0.4654, 5.3571 2.6382 0.5483, 5.3313 2.6455 0.6252, 5.2854 2.6537 0.6959, 5.2223 2.6622 0.7533, 5.1482 2.6701 0.7918, 5.0693 2.6774 0.8102, 4.9854 2.6855 0.8084, 4.9034 2.694 0.7848, 4.8314 2.7021 0.7418, 4.7743 2.7093 0.6844, 4.7319 2.7173 0.6122, 4.7089 2.7258 0.5301, 4.7076 2.734 0.446, 4.7266 2.7413 0.3672, 4.7656 2.7492 0.2935, 4.8233 2.7577 0.2308, 4.8944 2.7659 0.1853, 4.9716 2.7732 0.16, 5.0544 2.781 0.1546, 5.138 2.7895 0.1707, 5.2143 2.7978 0.2074, 5.2766 2.8052 0.2601, 5.3244 2.8129 0.3273, 5.3546 2.8213 0.4068, 5.3635 2.8297 0.4912, 5.3513 2.8372 0.5722, 5.3194 2.8448 0.6478, 5.2677 2.8531 0.7152, 5.2004 2.8616 0.7672, 5.1246 2.8692 0.7995, 5.044 2.8766 0.8119, 4.9597 2.885 0.8034, 4.88 2.8934 0.7735, 4.8123 2.9012 0.7257, 4.7596 2.9085 0.6638, 4.7226 2.9168 0.5878, 4.7062 2.9253 0.5042, 4.7114 2.9332 0.4211, 4.7363 2.9404 0.344, 4.7814 2.9486 0.2728, 4.8439 2.9571 0.2148, 5.184 3.6508 0.7762, 5.2769 2.0698 0.6956, 5.2141 2.0783 0.7508, 5.1412 2.0862 0.7873, 5.0636 2.0934 0.8041, 4.9811 2.1016 0.801, 4.9012 2.1101 0.7766, 4.8315 2.1181 0.7335, 4.7765 2.1253 0.6763, 4.736 2.1334 0.6048, 4.7148 2.1419 0.5239, 4.7148 2.15 0.4417, 4.7346 2.1573 0.3648, 4.7741 2.1653 0.2931, 4.8316 2.1738 0.2325, 4.9019 2.182 0.1892, 4.9778 2.1892 0.1657, 5.0592 2.1971 0.1616, 5.141 2.2056 0.1787, 5.215 2.2139 0.2158, 5.275 2.2212 0.2682, 5.321 2.229 0.3351, 5.3494 2.2374 0.4135, 5.3567 2.2457 0.4962, 5.3435 2.2532 0.5751, 5.311 2.2608 0.649, 5.2592 2.2692 0.7142, 5.1926 2.2776 0.7641, 5.1181 2.2852 0.7944, 5.0386 2.2927 0.8054, 4.956 2.3011 0.7957, 4.8785 2.3095 0.7651, 4.8132 2.3172 0.7174, 4.7624 2.3246 0.6558, 4.7273 2.3329 0.5807, 4.7125 2.3413 0.4985, 4.7189 2.3492 0.4175, 4.7446 2.3565 0.3421, 4.7899 2.3647 0.273, 4.8521 2.3732 0.2172, 4.9248 2.3811 0.1799, 5.0022 2.3884 0.1623, 5.0846 2.3965 0.1645, 5.1648 2.405 0.1881, 5.235 2.4131 0.2305, 5.2906 2.4203 0.2871, 5.3318 2.4284 0.3581, 5.3539 2.4369 0.4387, 5.3547 2.445 0.5211, 5.3357 2.4522 0.5981, 5.2971 2.4602 0.6702, 5.2401 2.4687 0.7314, 5.1703 2.4769 0.7755, 5.0945 2.4842 0.7998, 5.0133 2.492 0.8047, 4.9314 2.5005 0.7885, 4.8569 2.5088 0.7521, 4.7963 2.5162 0.7002, 4.7497 2.5239 0.634, 4.7205 2.5323 0.5559, 4.7123 2.5407 0.4732, 4.7247 2.5482 0.394, 4.7564 2.5558 0.32, 4.8074 2.5642 0.2542, 4.8736 2.5726 0.2037, 4.9479 2.5802 0.1725, 5.0271 2.5876 0.1607, 5.1097 2.596 0.1695, 5.1876 2.6044 0.1993, 5.2535 2.6122 0.2464, 5.3049 2.6195 0.3074, 5.3407 2.6278 0.3821, 5.3564 2.6363 0.4641, 5.3509 2.6441 0.5454, 5.326 2.6514 0.6209, 5.2814 2.6596 0.6904, 5.2198 2.6681 0.7469, 5.1474 2.6761 0.785, 5.0702 2.6833 0.8034, 4.9879 2.6915 0.802, 4.9075 2.7 0.7793, 4.8367 2.708 0.7376, 4.7806 2.7153 0.6816, 4.7387 2.7233 0.6111, 4.7157 2.7318 0.5307, 4.714 2.74 0.4483, 4.7322 2.7472 0.371, 4.7701 2.7551 0.2987, 4.8263 2.7636 0.2369, 4.8958 2.7719 0.192, 4.9713 2.7792 0.1669, 5.0524 2.787 0.1611, 5.1344 2.7954 0.1765, 5.2093 2.8038 0.2121, 5.2706 2.8112 0.2634, 5.3178 2.8188 0.329, 5.3478 2.8273 0.4068, 5.3569 2.8356 0.4894, 5.3453 2.8432 0.5689, 5.3144 2.8507 0.6431, 5.2641 2.8591 0.7094, 5.1985 2.8675 0.7606, 5.1243 2.8752 0.7927, 5.0454 2.8826 0.8052, 4.9628 2.8909 0.7973, 4.8845 2.8994 0.7684, 4.818 2.9071 0.7219, 4.766 2.9145 0.6615, 4.7295 2.9227 0.5872, 4.7129 2.9312 0.5054, 4.7176 2.9391 0.4239, 4.7417 2.9464 0.3482, 4.7855 2.9546 0.2783, 5.3168 2.0658 0.6216, 5.2722 2.0741 0.6889, 5.2113 2.0826 0.743, 5.1404 2.0905 0.779, 5.0648 2.0977 0.7959, 4.9844 2.1059 0.7934, 4.9063 2.1144 0.7701, 4.8381 2.1224 0.7285, 4.7841 2.1297 0.6731, 4.7442 2.1378 0.6036, 4.723 2.1463 0.5248, 4.7225 2.1544 0.4447, 4.7413 2.1616 0.3696, 4.7794 2.1696 0.2994, 4.8352 2.1781 0.24, 4.9034 2.1863 0.1973, 4.9773 2.1936 0.1739, 5.0566 2.2014 0.1694, 5.1364 2.2099 0.1856, 5.2088 2.2182 0.2214, 5.2677 2.2255 0.2721, 5.3129 2.2333 0.337, 5.3411 2.2417 0.4133, 5.3487 2.2501 0.4939, 5.3364 2.2575 0.5709, 5.3051 2.2651 0.6431, 5.2551 2.2736 0.7071, 5.1904 2.2819 0.7561, 5.1179 2.2895 0.7862, 5.0405 2.297 0.7973, 4.9599 2.3054 0.7884, 4.8841 2.3138 0.7591, 4.8201 2.3215 0.7129, 4.7702 2.3289 0.6532, 4.7355 2.3372 0.5801, 4.7206 2.3457 0.5001, 4.7263 2.3535 0.421, 4.7509 2.3608 0.3474, 4.7947 2.369 0.2798, 4.855 2.3775 0.225, 4.9256 2.3854 0.1881, 5.001 2.3927 0.1704, 5.0814 2.4009 0.1722, 5.1597 2.4094 0.1946, 5.2284 2.4174 0.2356, 5.283 2.4246 0.2904, 5.3236 2.4327 0.3594, 5.3457 2.4412 0.4379, 5.347 2.4493 0.5182, 5.3289 2.4566 0.5934, 5.2917 2.4645 0.6639, 5.2365 2.473 0.7239, 5.1687 2.4812 0.7674, 5.095 2.4885 0.7915, 5.0158 2.4964 0.7968, 4.9359 2.5048 0.7815, 4.863 2.5131 0.7465, 4.8036 2.5205 0.6963, 4.7577 2.5282 0.632, 4.7288 2.5367 0.556, 4.7203 2.545 0.4755, 4.7318 2.5525 0.3982, 4.7623 2.5601 0.3258, 4.8117 2.5685 0.2613, 4.8759 2.5769 0.2116, 4.9481 2.5845 0.1808, 5.0253 2.592 0.1688, 5.1059 2.6003 0.1769, 5.1821 2.6088 0.2054, 5.2466 2.6165 0.251, 5.2971 2.6238 0.3101, 5.3325 2.6321 0.3827, 5.3483 2.6406 0.4626, 5.3434 2.6485 0.5419, 5.3196 2.6558 0.6157, 5.2765 2.664 0.6837, 5.2168 2.6724 0.7392, 5.1465 2.6804 0.7768, 5.0713 2.6877 0.7952, 4.9911 2.6958 0.7944, 4.9125 2.7043 0.7727, 4.8432 2.7124 0.7325, 4.7881 2.7196 0.6782, 4.7468 2.7276 0.6097, 4.7239 2.7361 0.5315, 4.7218 2.7443 0.4511, 4.7391 2.7515 0.3756, 4.7755 2.7595 0.3049, 4.83 2.7679 0.2443, 4.8975 2.7762 0.2001, 4.971 2.7835 0.1751, 5.05 2.7913 0.169, 5.13 2.7998 0.1835, 5.2033 2.8081 0.2178, 5.2634 2.8155 0.2674, 5.3098 2.8232 0.3311, 5.3395 2.8316 0.4067, 5.3489 2.84 0.4873, 5.3381 2.8475 0.5648, 5.3084 2.855 0.6374, 5.2598 2.8634 0.7023, 5.1961 2.8718 0.7527, 5.124 2.8795 0.7844, 5.0471 2.8869 0.7972, 4.9665 2.8952 0.7899, 4.89 2.9037 0.7622, 4.8248 2.9115 0.7172, 4.7738 2.9188 0.6587, 4.7377 2.9271 0.5865, 4.7211 2.9355 0.5068, 4.7251 2.9434 0.4273, 4.7482 2.9507 0.3534, 5.3096 2.0681 0.6155, 5.2668 2.0764 0.6812, 5.2081 2.0849 0.7342, 5.1395 2.0928 0.7697, 5.0662 2.1 0.7867, 4.9881 2.1082 0.7848, 4.9121 2.1167 0.7627, 4.8456 2.1247 0.7228, 4.7927 2.132 0.6694, 4.7534 2.14 0.6022, 4.7322 2.1486 0.5259, 4.7312 2.1566 0.448, 4.749 2.1639 0.375, 4.7854 2.1719 0.3065, 4.8391 2.1804 0.2484, 4.9051 2.1886 0.2065, 4.9767 2.1958 0.1832, 5.0537 2.2037 0.1783, 5.1313 2.2122 0.1934, 5.2019 2.2205 0.2276, 5.2594 2.2278 0.2765, 5.3039 2.2356 0.3392, 5.3318 2.244 0.4131, 5.3398 2.2524 0.4913, 5.3283 2.2598 0.5662, 5.2985 2.2674 0.6366, 5.2503 2.2759 0.699, 5.1879 2.2842 0.7471, 5.1177 2.2918 0.7768, 5.0426 2.2993 0.7883, 4.9643 2.3077 0.7802, 4.8904 2.3161 0.7522, 4.828 2.3238 0.7079, 4.7791 2.3312 0.6502, 4.7449 2.3395 0.5795, 4.7298 2.348 0.5019, 4.7348 2.3558 0.4251, 4.7581 2.3631 0.3534, 4.8002 2.3713 0.2874, 4.8583 2.3798 0.2337, 4.9266 2.3877 0.1974, 4.9997 2.395 0.1797, 5.0777 2.4031 0.1808, 5.154 2.4116 0.202, 5.2211 2.4197 0.2413, 5.2744 2.4269 0.2941, 5.3144 2.435 0.3609, 5.3364 2.4435 0.4369, 5.3382 2.4516 0.5149, 5.3212 2.4589 0.5881, 5.2856 2.4668 0.6568, 5.2325 2.4753 0.7155, 5.1669 2.4835 0.7582, 5.0955 2.4908 0.7822, 5.0186 2.4987 0.7879, 4.9409 2.5071 0.7736, 4.8699 2.5154 0.7402, 4.8118 2.5228 0.6918, 4.7668 2.5305 0.6297, 4.7381 2.539 0.5562, 4.7293 2.5473 0.478, 4.7399 2.5548 0.4028, 4.769 2.5624 0.3323, 4.8165 2.5708 0.2693, 4.8785 2.5792 0.2206, 4.9484 2.5868 0.1901, 5.0233 2.5943 0.1779, 5.1016 2.6026 0.1852, 5.1758 2.611 0.2123, 5.2388 2.6188 0.2561, 5.2883 2.6261 0.3132, 5.3232 2.6344 0.3834, 5.3391 2.6429 0.4609, 5.3349 2.6508 0.5379, 5.3123 2.658 0.6098, 5.271 2.6662 0.6762, 5.2134 2.6747 0.7305, 5.1454 2.6827 0.7675, 5.0725 2.69 0.786, 4.9946 2.6981 0.7857, 4.9181 2.7066 0.7653, 4.8506 2.7146 0.7267, 4.7966 2.7219 0.6744, 4.756 2.7299 0.6082, 4.7332 2.7384 0.5324, 4.7306 2.7466 0.4543, 4.7468 2.7538 0.3809, 4.7817 2.7617 0.3119, 4.8341 2.7702 0.2527, 4.8994 2.7785 0.2093, 4.9706 2.7858 0.1845, 5.0472 2.7936 0.178, 5.1251 2.8021 0.1914, 5.1965 2.8104 0.2242, 5.2552 2.8178 0.272, 5.3008 2.8254 0.3335, 5.3302 2.8339 0.4067, 5.3399 2.8422 0.4849, 5.33 2.8498 0.5603, 5.3017 2.8573 0.6309, 5.2549 2.8657 0.6944, 5.1934 2.8741 0.7438, 5.1236 2.8818 0.7751, 5.049 2.8892 0.788, 4.9707 2.8975 0.7816, 4.8962 2.906 0.7552, 4.8326 2.9138 0.712, 4.7826 2.9211 0.6555, 4.747 2.9293 0.5857, 4.7303 2.9378 0.5084, 4.7336 2.9457 0.4312, 5.3023 2.0681 0.6093, 5.2613 2.0763 0.6733, 5.2048 2.0848 0.7251, 5.1386 2.0927 0.7601, 5.0677 2.1 0.7771, 4.992 2.1082 0.7759, 4.9181 2.1167 0.7551, 4.8533 2.1247 0.717, 4.8016 2.1319 0.6656, 4.763 2.14 0.6008, 4.7419 2.1485 0.527, 4.7403 2.1566 0.4515, 4.7569 2.1638 0.3806, 4.7916 2.1718 0.314, 4.8432 2.1803 0.2572, 4.9068 2.1885 0.216, 4.976 2.1958 0.1929, 5.0507 2.2037 0.1875, 5.1261 2.2122 0.2016, 5.1947 2.2204 0.2341, 5.2509 2.2278 0.281, 5.2944 2.2355 0.3414, 5.3221 2.244 0.4128, 5.3305 2.2523 0.4886, 5.32 2.2597 0.5613, 5.2916 2.2674 0.6297, 5.2454 2.2758 0.6907, 5.1853 2.2842 0.7378, 5.1175 2.2918 0.7671, 5.0448 2.2993 0.7788, 4.9688 2.3076 0.7716, 4.897 2.3161 0.7451, 4.8361 2.3237 0.7026, 4.7882 2.3311 0.6471, 4.7545 2.3394 0.5789, 4.7393 2.3479 0.5038, 4.7435 2.3557 0.4292, 4.7655 2.363 0.3596, 4.8058 2.3713 0.2952, 4.8617 2.3798 0.2428, 4.9277 2.3877 0.207, 4.9983 2.3949 0.1893, 5.074 2.4031 0.1897, 5.1481 2.4116 0.2097, 5.2134 2.4196 0.2472, 5.2656 2.4269 0.298, 5.3048 2.4349 0.3624, 5.3268 2.4434 0.4359, 5.3292 2.4516 0.5115, 5.3133 2.4588 0.5826, 5.2793 2.4668 0.6495, 5.2283 2.4753 0.7068, 5.165 2.4835 0.7487, 5.096 2.4908 0.7725, 5.0216 2.4986 0.7787, 4.9461 2.5071 0.7655, 4.877 2.5154 0.7336, 4.8203 2.5227 0.6872, 4.7762 2.5305 0.6274, 4.7478 2.5389 0.5563, 4.7386 2.5473 0.4806, 4.7483 2.5547 0.4076, 4.776 2.5623 0.3391, 4.8214 2.5707 0.2776, 4.8811 2.5791 0.2299, 4.9487 2.5867 0.1998, 5.0212 2.5942 0.1874, 5.0972 2.6025 0.1938, 5.1693 2.611 0.2195, 5.2307 2.6187 0.2614, 5.2791 2.6261 0.3164, 5.3135 2.6344 0.3842, 5.3296 2.6428 0.4592, 5.3261 2.6507 0.5338, 5.3048 2.658 0.6036, 5.2653 2.6662 0.6684, 5.2099 2.6747 0.7214, 5.1443 2.6827 0.7579, 5.0738 2.6899 0.7764, 4.9982 2.698 0.7768, 4.9239 2.7065 0.7576, 4.8582 2.7146 0.7207, 4.8055 2.7218 0.6704, 4.7656 2.7299 0.6066, 4.7429 2.7384 0.5333, 4.7397 2.7465 0.4577, 4.7548 2.7538 0.3863, 4.7881 2.7617 0.3192, 4.8384 2.7702 0.2613, 4.9013 2.7784 0.2187, 4.9701 2.7857 0.1941, 5.0444 2.7935 0.1872, 5.12 2.802 0.1997, 5.1895 2.8103 0.2308, 5.2467 2.8177 0.2767, 5.2914 2.8254 0.3359, 5.3205 2.8338 0.4067, 5.3305 2.8422 0.4824, 5.3215 2.8497 0.5555, 5.2947 2.8573 0.6243, 5.2499 2.8656 0.6861, 5.1906 2.8741 0.7345, 5.1232 2.8817 0.7654, 5.051 2.8891 0.7785, 4.975 2.8975 0.773, 4.9026 2.9059 0.748, 4.8406 2.9137 0.7066, 4.7917 2.921 0.6523, 4.7566 2.9293 0.5849, 4.7398 2.9378 0.51, 5.2947 2.0655 0.6029, 5.2556 2.0737 0.6652, 5.2014 2.0822 0.7158, 5.1377 2.0901 0.7503, 5.0692 2.0974 0.7674, 4.9959 2.1055 0.7669, 4.9242 2.1141 0.7474, 4.8612 2.122 0.711, 4.8107 2.1293 0.6618, 4.7728 2.1374 0.5994, 4.7517 2.1459 0.5282, 4.7495 2.154 0.4551, 4.7649 2.1612 0.3863, 4.798 2.1692 0.3215, 4.8474 2.1777 0.2661, 4.9086 2.1859 0.2257, 4.9754 2.1932 0.2028, 5.0476 2.2011 0.1969, 5.1207 2.2095 0.2098, 5.1874 2.2178 0.2408, 5.2421 2.2251 0.2856, 5.2848 2.2329 0.3437, 5.3122 2.2414 0.4126, 5.321 2.2497 0.4858, 5.3115 2.2571 0.5563, 5.2846 2.2648 0.6228, 5.2405 2.2732 0.6822, 5.1826 2.2816 0.7282, 5.1173 2.2891 0.7573, 5.047 2.2966 0.7692, 4.9735 2.305 0.7629, 4.9037 2.3134 0.7379, 4.8444 2.3211 0.6973, 4.7976 2.3285 0.644, 4.7644 2.3368 0.5782, 4.749 2.3453 0.5057, 4.7524 2.3531 0.4335, 4.7731 2.3604 0.3659, 4.8115 2.3686 0.3033, 4.8652 2.3771 0.252, 4.9287 2.3851 0.2169, 4.997 2.3923 0.1991, 5.0702 2.4005 0.1988, 5.1421 2.409 0.2175, 5.2056 2.417 0.2532, 5.2565 2.4243 0.302, 5.2951 2.4323 0.3639, 5.3169 2.4408 0.4349, 5.3199 2.4489 0.508, 5.3052 2.4562 0.5769, 5.2728 2.4641 0.642, 5.224 2.4726 0.6979, 5.1631 2.4809 0.739, 5.0966 2.4882 0.7627, 5.0246 2.496 0.7693, 4.9514 2.5045 0.7571, 4.8843 2.5128 0.7269, 4.829 2.5201 0.6825, 4.7858 2.5278 0.625, 4.7577 2.5363 0.5564, 4.7481 2.5446 0.4832, 4.7569 2.5521 0.4126, 4.783 2.5597 0.3459, 4.8265 2.5681 0.2861, 4.8839 2.5765 0.2394, 4.949 2.5841 0.2096, 5.019 2.5916 0.197, 5.0926 2.5999 0.2025, 5.1627 2.6084 0.2268, 5.2225 2.6161 0.2669, 5.2698 2.6235 0.3196, 5.3037 2.6317 0.3849, 5.3198 2.6402 0.4574, 5.3172 2.6481 0.5297, 5.2972 2.6554 0.5974, 5.2595 2.6636 0.6604, 5.2064 2.6721 0.7122, 5.1431 2.68 0.7481, 5.0751 2.6873 0.7666, 5.002 2.6954 0.7676, 4.9299 2.7039 0.7497, 4.8659 2.712 0.7146, 4.8145 2.7192 0.6664, 4.7753 2.7272 0.6049, 4.7527 2.7357 0.5342, 4.7489 2.7439 0.461, 4.763 2.7512 0.3919, 4.7946 2.7591 0.3266, 4.8428 2.7676 0.2702, 4.9033 2.7758 0.2284, 4.9697 2.7831 0.204, 5.0415 2.7909 0.1967, 5.1148 2.7994 0.208, 5.1823 2.8077 0.2376, 5.2381 2.8151 0.2815, 5.2818 2.8228 0.3384, 5.3106 2.8312 0.4067, 5.321 2.8396 0.4798, 5.3129 2.8471 0.5507, 5.2875 2.8547 0.6174, 5.2447 2.863 0.6777, 5.1878 2.8715 0.725, 5.1228 2.8791 0.7555, 5.0531 2.8865 0.7689, 4.9795 2.8949 0.7641, 4.9092 2.9033 0.7406, 4.8488 2.9111 0.7011, 4.801 2.9184 0.6489, 4.7665 2.9267 0.584, 5.3092 2.0553 0.5381, 5.251 2.0693 0.6585, 5.1987 2.0777 0.7083, 5.1369 2.0856 0.7422, 5.0704 2.0929 0.7594, 4.9991 2.1011 0.7595, 4.9292 2.1096 0.741, 4.8676 2.1176 0.7062, 4.8182 2.1248 0.6586, 4.7808 2.1329 0.5982, 4.7597 2.1414 0.5291, 4.757 2.1495 0.458, 4.7715 2.1568 0.391, 4.8032 2.1647 0.3277, 4.8509 2.1732 0.2734, 4.9101 2.1814 0.2337, 4.9749 2.1887 0.2108, 5.0451 2.1966 0.2045, 5.1162 2.2051 0.2166, 5.1814 2.2133 0.2462, 5.235 2.2207 0.2894, 5.277 2.2284 0.3456, 5.3041 2.2369 0.4124, 5.3132 2.2452 0.4836, 5.3045 2.2527 0.5522, 5.2789 2.2603 0.6171, 5.2364 2.2687 0.6752, 5.1805 2.2771 0.7205, 5.1172 2.2847 0.7492, 5.0489 2.2922 0.7613, 4.9772 2.3005 0.7558, 4.9092 2.309 0.7319, 4.8512 2.3167 0.6929, 4.8053 2.3241 0.6414, 4.7724 2.3324 0.5777, 4.7569 2.3408 0.5072, 4.7597 2.3486 0.437, 4.7793 2.3559 0.3711, 4.8162 2.3642 0.3099, 4.868 2.3727 0.2596, 4.9295 2.3806 0.2249, 4.9958 2.3879 0.207, 5.067 2.396 0.2062, 5.1371 2.4045 0.2239, 5.1992 2.4125 0.2582, 5.2491 2.4198 0.3052, 5.2871 2.4278 0.3651, 5.3089 2.4363 0.434, 5.3124 2.4445 0.5051, 5.2985 2.4517 0.5723, 5.2676 2.4597 0.6359, 5.2205 2.4682 0.6906, 5.1616 2.4764 0.7311, 5.097 2.4837 0.7546, 5.027 2.4915 0.7616, 4.9557 2.5 0.7503, 4.8902 2.5083 0.7214, 4.8361 2.5157 0.6787, 4.7936 2.5234 0.623, 4.7657 2.5318 0.5565, 4.7559 2.5402 0.4854, 4.7639 2.5476 0.4166, 4.7888 2.5552 0.3516, 4.8307 2.5636 0.293, 4.8861 2.572 0.2472, 4.9493 2.5796 0.2177, 5.0173 2.5871 0.2049, 5.0889 2.5955 0.2097, 5.1572 2.6039 0.2328, 5.2158 2.6116 0.2713, 5.2622 2.619 0.3222, 5.2956 2.6273 0.3856, 5.3119 2.6358 0.4559, 5.3099 2.6436 0.5263, 5.2909 2.6509 0.5923, 5.2547 2.6591 0.6539, 5.2034 2.6676 0.7047, 5.1422 2.6756 0.7401, 5.0761 2.6828 0.7586, 5.005 2.6909 0.7601, 4.9348 2.6994 0.7432, 4.8722 2.7075 0.7096, 4.8218 2.7147 0.6631, 4.7833 2.7228 0.6036, 4.7607 2.7313 0.535, 4.7565 2.7394 0.4638, 4.7697 2.7467 0.3964, 4.7999 2.7546 0.3327, 4.8464 2.7631 0.2774, 4.9049 2.7713 0.2363, 4.9693 2.7787 0.2121, 5.0391 2.7865 0.2044, 5.1105 2.7949 0.2149, 5.1764 2.8032 0.2431, 5.231 2.8106 0.2854, 5.274 2.8183 0.3405, 5.3026 2.8267 0.4066, 5.3132 2.8351 0.4777, 5.3059 2.8426 0.5468, 5.2817 2.8502 0.6119, 5.2405 2.8586 0.6708, 5.1855 2.867 0.7173, 5.1225 2.8746 0.7475, 5.0547 2.8821 0.761, 4.9831 2.8904 0.7569, 4.9145 2.8988 0.7345, 4.8555 2.9066 0.6966, 4.8086 2.9139 0.6462, 5.282 2.0553 0.5925, 5.1964 2.0715 0.7019, 5.1363 2.0794 0.7355, 5.0714 2.0867 0.7527, 5.0018 2.0949 0.7532, 4.9334 2.1034 0.7357, 4.873 2.1114 0.7021, 4.8244 2.1186 0.656, 4.7875 2.1267 0.5972, 4.7664 2.1352 0.5299, 4.7633 2.1433 0.4605, 4.777 2.1505 0.3949, 4.8075 2.1585 0.3329, 4.8538 2.167 0.2796, 4.9113 2.1752 0.2403, 4.9744 2.1825 0.2176, 5.0429 2.1904 0.211, 5.1125 2.1989 0.2223, 5.1764 2.2071 0.2507, 5.229 2.2145 0.2926, 5.2704 2.2222 0.3472, 5.2974 2.2307 0.4122, 5.3067 2.239 0.4817, 5.2987 2.2465 0.5488, 5.2741 2.2541 0.6123, 5.233 2.2625 0.6693, 5.1787 2.2709 0.7139, 5.117 2.2785 0.7424, 5.0504 2.286 0.7547, 4.9804 2.2943 0.7498, 4.9138 2.3028 0.727, 4.8569 2.3105 0.6892, 4.8117 2.3178 0.6393, 4.7792 2.3261 0.5772, 4.7636 2.3346 0.5085, 4.7658 2.3424 0.4399, 4.7845 2.3497 0.3754, 4.8201 2.358 0.3154, 4.8704 2.3665 0.2659, 4.9303 2.3744 0.2316, 4.9949 2.3817 0.2138, 5.0644 2.3898 0.2125, 5.133 2.3983 0.2293, 5.1938 2.4063 0.2623, 5.2429 2.4136 0.3079, 5.2804 2.4216 0.3662, 5.3022 2.4301 0.4333, 5.306 2.4383 0.5027, 5.293 2.4455 0.5685, 5.2632 2.4535 0.6307, 5.2175 2.462 0.6845, 5.1603 2.4702 0.7244, 5.0974 2.4775 0.7479, 5.0291 2.4853 0.7551, 4.9594 2.4938 0.7446, 4.8952 2.5021 0.7168, 4.842 2.5094 0.6754, 4.8002 2.5172 0.6214, 4.7725 2.5256 0.5566, 4.7624 2.534 0.4872, 4.7698 2.5414 0.42, 4.7937 2.549 0.3563, 4.8341 2.5574 0.2989, 4.888 2.5658 0.2537, 4.9495 2.5734 0.2245, 5.0158 2.5809 0.2115, 5.0858 2.5892 0.2157, 5.1527 2.5977 0.2378, 5.2101 2.6054 0.275, 5.2558 2.6128 0.3245, 5.2889 2.6211 0.3861, 5.3052 2.6295 0.4546, 5.3037 2.6374 0.5234, 5.2857 2.6447 0.588, 5.2507 2.6529 0.6484, 5.201 2.6614 0.6984, 5.1414 2.6694 0.7333, 5.077 2.6766 0.7519, 5.0076 2.6847 0.7539, 4.9388 2.6932 0.7378, 4.8776 2.7013 0.7054, 4.828 2.7085 0.6603, 4.79 2.7166 0.6025, 4.7675 2.7251 0.5356, 4.7629 2.7332 0.4661, 4.7753 2.7405 0.4002, 4.8044 2.7484 0.3378, 4.8494 2.7569 0.2835, 4.9063 2.7651 0.243, 4.969 2.7724 0.2189, 5.0371 2.7802 0.2109, 5.1069 2.7887 0.2207, 5.1715 2.797 0.2478, 5.2251 2.8044 0.2887, 5.2675 2.8121 0.3422, 5.2958 2.8205 0.4066, 5.3066 2.8289 0.476, 5.2999 2.8364 0.5434, 5.2768 2.844 0.6072, 5.2369 2.8524 0.665, 5.1835 2.8608 0.7108, 5.1222 2.8684 0.7407, 5.0561 2.8759 0.7543, 4.9862 2.8842 0.7509, 4.919 2.8926 0.7295, 4.8611 2.9004 0.6928, 5.244 2.0553 0.6485, 5.1357 2.0712 0.73, 5.0723 2.0785 0.7473, 5.004 2.0866 0.7482, 4.9368 2.0951 0.7314, 4.8774 2.1031 0.6988, 4.8294 2.1104 0.6539, 4.7929 2.1185 0.5964, 4.7719 2.127 0.5305, 4.7684 2.1351 0.4625, 4.7815 2.1423 0.3981, 4.811 2.1503 0.3371, 4.8561 2.1588 0.2845, 4.9123 2.167 0.2457, 4.9741 2.1743 0.223, 5.0412 2.1822 0.2162, 5.1095 2.1906 0.2268, 5.1723 2.1989 0.2544, 5.2242 2.2062 0.2952, 5.2651 2.214 0.3484, 5.2919 2.2225 0.4121, 5.3015 2.2308 0.4802, 5.294 2.2382 0.546, 5.2702 2.2459 0.6084, 5.2302 2.2543 0.6646, 5.1772 2.2627 0.7086, 5.1169 2.2702 0.7369, 5.0517 2.2777 0.7494, 4.983 2.2861 0.7449, 4.9176 2.2945 0.723, 4.8615 2.3022 0.6863, 4.8169 2.3096 0.6375, 4.7847 2.3179 0.5769, 4.7689 2.3264 0.5096, 4.7707 2.3342 0.4423, 4.7888 2.3415 0.3789, 4.8233 2.3497 0.3198, 4.8724 2.3582 0.271, 4.9308 2.3662 0.2371, 4.9941 2.3734 0.2192, 5.0623 2.3816 0.2175, 5.1296 2.3901 0.2336, 5.1895 2.3981 0.2657, 5.2379 2.4053 0.3101, 5.275 2.4134 0.3671, 5.2967 2.4219 0.4328, 5.3009 2.43 0.5008, 5.2885 2.4373 0.5654, 5.2596 2.4452 0.6266, 5.2151 2.4537 0.6796, 5.1592 2.4619 0.719, 5.0977 2.4692 0.7424, 5.0307 2.4771 0.7499, 4.9623 2.4856 0.74, 4.8992 2.4938 0.7131, 4.8468 2.5012 0.6728, 4.8055 2.5089 0.62, 4.778 2.5174 0.5567, 4.7677 2.5257 0.4887, 4.7745 2.5332 0.4227, 4.7976 2.5408 0.3601, 4.837 2.5492 0.3036, 4.8895 2.5576 0.2589, 4.9496 2.5652 0.23, 5.0146 2.5727 0.2168, 5.0833 2.581 0.2206, 5.149 2.5895 0.2419, 5.2055 2.5972 0.278, 5.2506 2.6046 0.3263, 5.2834 2.6128 0.3865, 5.2999 2.6213 0.4536, 5.2988 2.6292 0.5211, 5.2814 2.6365 0.5846, 5.2475 2.6447 0.6439, 5.199 2.6532 0.6933, 5.1408 2.6611 0.7279, 5.0777 2.6684 0.7464, 5.0096 2.6765 0.7488, 4.9421 2.685 0.7335, 4.8819 2.6931 0.702, 4.833 2.7003 0.6581, 4.7954 2.7083 0.6016, 4.7729 2.7168 0.5361, 4.768 2.725 0.468, 4.7798 2.7323 0.4033, 4.808 2.7402 0.3419, 4.8519 2.7487 0.2884, 4.9074 2.7569 0.2483, 4.9688 2.7642 0.2243, 5.0355 2.772 0.2161, 5.104 2.7805 0.2253, 5.1675 2.7888 0.2516, 5.2203 2.7962 0.2914, 5.2622 2.8039 0.3436, 5.2903 2.8123 0.4066, 5.3013 2.8207 0.4746, 5.2952 2.8282 0.5408, 5.2728 2.8357 0.6034, 5.2341 2.8441 0.6604, 5.1819 2.8525 0.7056, 5.122 2.8602 0.7352, 5.0573 2.8676 0.749, 4.9886 2.8759 0.746, 4.9227 2.8844 0.7254, 5.193 2.0553 0.6934, 5.0727 2.0699 0.7442, 5.0052 2.0781 0.7454, 4.9387 2.0866 0.729, 4.8798 2.0946 0.6969, 4.8323 2.1018 0.6527, 4.7959 2.1099 0.596, 4.7749 2.1184 0.5308, 4.7713 2.1265 0.4636, 4.784 2.1338 0.3999, 4.813 2.1418 0.3394, 4.8574 2.1503 0.2873, 4.9129 2.1585 0.2488, 4.9739 2.1657 0.2261, 5.0403 2.1736 0.2191, 5.1079 2.1821 0.2294, 5.17 2.1904 0.2565, 5.2215 2.1977 0.2966, 5.2621 2.2055 0.3492, 5.2888 2.2139 0.412, 5.2985 2.2222 0.4793, 5.2913 2.2297 0.5444, 5.268 2.2373 0.6063, 5.2286 2.2457 0.662, 5.1764 2.2541 0.7057, 5.1169 2.2617 0.7339, 5.0524 2.2692 0.7464, 4.9844 2.2776 0.7422, 4.9196 2.286 0.7207, 4.8641 2.2937 0.6846, 4.8198 2.3011 0.6365, 4.7877 2.3094 0.5767, 4.772 2.3178 0.5102, 4.7735 2.3257 0.4436, 4.7911 2.333 0.3809, 4.8251 2.3412 0.3223, 4.8734 2.3497 0.2739, 4.9312 2.3576 0.2401, 4.9937 2.3649 0.2222, 5.0611 2.373 0.2204, 5.1277 2.3815 0.236, 5.1871 2.3896 0.2676, 5.2351 2.3968 0.3113, 5.2719 2.4049 0.3675, 5.2936 2.4134 0.4324, 5.298 2.4215 0.4997, 5.2859 2.4287 0.5636, 5.2576 2.4367 0.6242, 5.2138 2.4452 0.6768, 5.1587 2.4534 0.716, 5.0979 2.4607 0.7393, 5.0317 2.4685 0.747, 4.964 2.477 0.7374, 4.9014 2.4853 0.711, 4.8495 2.4927 0.6713, 4.8085 2.5004 0.6193, 4.7811 2.5088 0.5568, 4.7706 2.5172 0.4895, 4.7772 2.5247 0.4242, 4.7998 2.5323 0.3623, 4.8385 2.5407 0.3062, 4.8904 2.5491 0.2619, 4.9497 2.5567 0.233, 5.014 2.5641 0.2198, 5.0819 2.5725 0.2233, 5.1469 2.5809 0.2442, 5.2029 2.5887 0.2797, 5.2477 2.596 0.3273, 5.2803 2.6043 0.3867, 5.2968 2.6128 0.4531, 5.296 2.6206 0.5198, 5.279 2.6279 0.5826, 5.2457 2.6361 0.6415, 5.1979 2.6446 0.6904, 5.1404 2.6526 0.7249, 5.0782 2.6598 0.7434, 5.0108 2.668 0.7459, 4.944 2.6765 0.731, 4.8843 2.6845 0.7001, 4.8358 2.6918 0.6568, 4.7984 2.6998 0.6011, 4.776 2.7083 0.5364, 4.7709 2.7165 0.4691, 4.7823 2.7237 0.405, 4.81 2.7316 0.3442, 4.8532 2.7401 0.2912, 4.908 2.7484 0.2513, 4.9686 2.7557 0.2274, 5.0346 2.7635 0.219, 5.1024 2.7719 0.2279, 5.1653 2.7803 0.2537, 5.2176 2.7877 0.2929, 5.2592 2.7953 0.3444, 5.2872 2.8038 0.4066, 5.2984 2.8121 0.4738, 5.2925 2.8197 0.5392, 5.2706 2.8272 0.6013, 5.2324 2.8356 0.6577, 5.1811 2.844 0.7026, 5.1219 2.8517 0.7321, 5.0579 2.8591 0.746, 4.99 2.8674 0.7432, 4.9752 3.6411 0.7398, 5.043 3.6327 0.7464, 5.0424 3.6246 0.7486, 5.1082 3.6169 0.7383, 5.1081 3.6093 0.7424, 5.1697 3.6019 0.7164, 5.1712 3.5947 0.7226, 5.2278 3.5864 0.6798, 5.2313 3.5811 0.6864, 5.277 3.5727 0.6291, 5.283 3.5693 0.6356, 5.3132 3.5615 0.5686, 5.3214 3.5603 0.5738, 5.3349 3.553 0.5008, 5.3432 3.5539 0.5035, 5.3382 3.5457 0.4243, 5.3469 3.5488 0.4248, 5.3215 3.5403 0.3465, 5.329 3.5453 0.345, 5.2849 3.5374 0.2755, 5.2906 3.5441 0.2727, 5.2314 3.5368 0.2165, 5.2349 3.5444 0.2136, 5.1599 3.5363 0.1716, 5.1615 3.5449 0.1694, 5.0766 3.5364 0.1473, 5.0768 3.5464 0.1467, 4.9906 3.5384 0.1469, 4.9905 3.5466 0.1483, 4.9101 3.5394 0.1692, 4.9106 3.5472 0.1724, 4.8361 3.5392 0.2138, 4.8383 3.547 0.2189, 4.777 3.5385 0.2783, 4.7812 3.5444 0.2837, 4.739 3.5363 0.3543, 4.7455 3.5406 0.3593, 4.7241 3.5334 0.4337, 4.7326 3.5357 0.4374, 4.7309 3.5277 0.5149, 4.7405 3.5276 0.5163, 4.7589 3.5191 0.5908, 4.7687 3.5165 0.5897, 4.8045 3.5083 0.6538, 4.8121 3.5039 0.6509, 4.8599 3.4966 0.7002, 4.8654 3.4904 0.6963, 4.9243 3.4825 0.7319, 4.9278 3.4743 0.7277, 4.9943 3.4658 0.7469, 4.9956 3.4573 0.7441, 5.0634 3.449 0.7454, 5.0636 3.44 0.7444, 5.1268 3.4326 0.7293, 5.1269 3.426 0.7299, 5.1855 3.4183 0.699, 5.1862 3.4102 0.7012, 5.2371 3.4017 0.655, 5.2393 3.3941 0.6584, 5.2774 3.3858 0.6003, 5.2821 3.3786 0.6046, 5.3044 3.3711 0.5399, 5.3111 3.3659 0.5434, 5.3174 3.3583 0.4729, 5.326 3.3549 0.475, 5.3142 3.3465 0.4006, 5.3239 3.3453 0.4005, 5.2931 3.3369 0.3292, 5.3015 3.3378 0.3268, 5.2544 3.3303 0.2655, 5.262 3.3334 0.2611, 5.2002 3.3259 0.2119, 5.2057 3.3309 0.2065, 5.1293 3.3225 0.1719, 5.1325 3.3292 0.1665, 5.0481 3.3207 0.1519, 5.0493 3.3284 0.1476, 4.9653 3.3206 0.1545, 4.9653 3.3293 0.1518, 4.8861 3.3219 0.179, 4.886 3.332 0.1784, 4.8132 3.3237 0.2263, 4.8139 3.3318 0.2276, 4.7557 3.3234 0.2928, 4.7578 3.3312 0.2952, 4.7196 3.3234 0.3705, 4.7243 3.3312 0.3735, 4.7069 3.3239 0.4528, 4.7134 3.3299 0.455, 4.7168 3.3216 0.5376, 4.725 3.326 0.5382, 4.7496 3.3175 0.6158, 4.7588 3.3198 0.6141, 4.8006 3.3118 0.6792, 4.8094 3.3118 0.6751, 4.8631 3.3045 0.7243, 4.8707 3.3019 0.718, 4.9356 3.2938 0.7519, 4.9403 3.2893 0.7453, 5.011 3.2808 0.7607, 5.0134 3.2746 0.7544, 5.0826 3.2665 0.7509, 5.0832 3.2583 0.7455, 5.1458 3.2511 0.7257, 5.1454 3.2425 0.7226, 5.2023 3.2345 0.6869, 5.2019 3.2255 0.6859, 5.2484 3.217 0.6361, 5.2488 3.2104 0.6365, 5.2807 3.2022 0.5772, 5.2825 3.1941 0.5786, 5.2983 3.1869 0.5151, 5.3021 3.1793 0.5168, 5.302 3.1713 0.4485, 5.3083 3.1641 0.4495, 5.2905 3.1556 0.3803, 5.298 3.1504 0.3795, 5.263 3.1422 0.3159, 5.2713 3.1388 0.3129, 5.2224 3.1315 0.2601, 5.2304 3.1303 0.2546, 5.167 3.1224 0.2129, 5.1727 3.1234 0.2063, 5.097 3.115 0.1801, 5.1008 3.118 0.1723, 5.0194 3.1097 0.1657, 5.0209 3.1148 0.1581, 4.9415 3.1074 0.1714, 4.9412 3.114 0.1651, 4.865 3.1063 0.1983, 4.8636 3.114 0.1941, 4.7952 3.1055 0.2476, 4.7938 3.1142 0.2453, 4.741 3.1058 0.3147, 4.7406 3.1159 0.3143, 4.708 3.1084 0.3921, 4.7093 3.1165 0.3928, 4.6971 3.1089 0.4762, 4.7002 3.1168 0.4769, 4.7098 3.1084 0.5627, 4.7153 3.1162 0.5627, 4.7464 3.1078 0.6418, 4.753 3.1138 0.64, 4.8007 3.1061 0.705, 4.8079 3.1105 0.7009, 4.8686 3.103 0.75, 4.8753 3.1053 0.7435, 4.9471 3.097 0.7756, 4.9522 3.0969 0.7673, 5.0279 3.0885 0.7789, 5.0307 3.0859 0.7695, 5.1022 3.0781 0.7614, 5.1025 3.0736 0.7533, 5.1667 3.0663 0.7284, 5.1653 3.0601 0.7217, 5.2218 3.0518 0.6806, 5.2193 3.0436 0.6757, 5.2626 3.0351 0.6217, 5.2606 3.0266 0.6195, 5.2875 3.0187 0.5584, 5.2179 3.035 0.6729, 5.1641 3.0519 0.7164, 5.1028 3.0674 0.7465, 5.0329 3.0814 0.7617, 4.9573 3.0943 0.7589, 4.8823 3.1053 0.7368, 4.816 3.1128 0.6963, 4.7609 3.1181 0.6378, 4.7221 3.1222 0.5626, 4.7055 3.1246 0.4783, 4.7121 3.1244 0.3943, 4.7416 3.124 0.3153, 4.7935 3.1242 0.2447, 4.8628 3.1226 0.1915, 4.941 3.1217 0.1606, 5.0222 3.1214 0.1519, 5.1042 3.1231 0.1653, 5.1784 3.1265 0.1997, 5.2376 3.1312 0.2497, 5.2803 3.1376 0.3095, 5.3068 3.147 0.3787, 5.3157 3.1589 0.4507, 5.3079 3.1721 0.5194, 5.2857 3.1865 0.5811, 5.2502 3.2023 0.6383, 5.2021 3.2189 0.6864, 5.1452 3.2335 0.7216, 5.0835 3.2498 0.7424, 5.0153 3.2664 0.7493, 4.9443 3.2831 0.7398, 4.877 3.2974 0.7129, 4.8183 3.3092 0.6709, 4.7683 3.3197 0.6123, 4.7344 3.3283 0.5388, 4.7212 3.3342 0.4577, 4.73 3.3372 0.3772, 4.7616 3.339 0.2993, 4.8153 3.3397 0.2304, 4.8863 3.3401 0.1798, 4.9653 3.3393 0.1512, 5.05 3.337 0.145, 5.1348 3.3368 0.1626, 5.2102 3.3375 0.202, 5.2686 3.3384 0.2572, 5.3098 3.3409 0.3244, 5.3326 3.3462 0.4003, 5.3353 3.3537 0.4773, 5.3188 3.3625 0.5476, 5.2877 3.3733 0.6097, 5.2428 3.3869 0.6638, 5.1875 3.4026 0.7051, 5.127 3.4179 0.7321, 5.0635 3.4334 0.745, 4.996 3.4483 0.7432, 4.9298 3.4657 0.7254, 4.8699 3.4821 0.6931, 4.8184 3.4976 0.6484, 4.7767 3.5121 0.5889, 4.7502 3.525 0.5178, 4.7415 3.5356 0.4412, 4.7529 3.5429 0.365, 4.7862 3.5487 0.2902, 4.8409 3.5529 0.2252, 4.9114 3.555 0.1779, 4.9902 3.5545 0.1515, 5.0763 3.5546 0.1481, 5.1619 3.555 0.1689, 5.2369 3.5531 0.2118, 5.2947 3.5517 0.2707, 5.3352 3.552 0.3437, 5.3546 3.5538 0.4253, 5.3514 3.557 0.5062, 5.3287 3.5613 0.5785, 5.2896 3.5681 0.6426, 5.2355 3.5777 0.6942, 5.1729 3.5895 0.7299, 5.108 3.6021 0.7488, 5.0413 3.617 0.7526, 4.974 3.633 0.7418, 5.1635 3.0433 0.7134, 5.1029 3.0592 0.741, 5.0349 3.0752 0.7552, 4.9615 3.0898 0.752, 4.8894 3.1026 0.73, 4.8245 3.1127 0.6915, 4.7699 3.1204 0.6354, 4.7304 3.1265 0.5626, 4.7122 3.1306 0.48, 4.717 3.1322 0.397, 4.744 3.1319 0.3175, 4.7942 3.1324 0.246, 4.8626 3.1327 0.1909, 4.9408 3.1303 0.1579, 5.023 3.129 0.1475, 5.107 3.1297 0.1597, 5.1835 3.1315 0.1939, 5.2447 3.1343 0.2447, 5.2885 3.1386 0.3065, 5.3164 3.1458 0.3777, 5.3244 3.1555 0.4521, 5.3148 3.1668 0.5224, 5.2907 3.1793 0.5851, 5.2526 3.1947 0.6416, 5.203 3.2108 0.6886, 5.1453 3.2269 0.7221, 5.0836 3.2408 0.7414, 5.0164 3.2578 0.7464, 4.9475 3.2749 0.7354, 4.8822 3.2912 0.7086, 4.8256 3.3047 0.6674, 4.778 3.3171 0.6104, 4.744 3.3282 0.5395, 4.73 3.3365 0.4607, 4.7369 3.3415 0.3817, 4.7662 3.345 0.3043, 4.8179 3.3475 0.2354, 4.887 3.348 0.1829, 4.9653 3.3475 0.1526, 5.0502 3.3471 0.1444, 5.1362 3.3454 0.1603, 5.2134 3.3452 0.1989, 5.2741 3.345 0.254, 5.3173 3.346 0.3223, 5.3413 3.3493 0.4001, 5.3438 3.3546 0.4794, 5.3274 3.3613 0.5521, 5.2942 3.3699 0.6156, 5.2469 3.3817 0.6701, 5.1895 3.3954 0.7112, 5.1273 3.4103 0.7362, 5.0631 3.4253 0.7472, 4.9958 3.4416 0.7437, 4.9305 3.4567 0.7246, 4.8724 3.4736 0.6914, 4.8235 3.4894 0.6465, 4.7835 3.5058 0.5881, 4.7582 3.5205 0.519, 4.7506 3.533 0.4451, 4.7606 3.5429 0.3709, 4.792 3.551 0.2976, 4.8442 3.5572 0.2329, 4.9124 3.561 0.1847, 4.9896 3.5623 0.1571, 5.0752 3.5625 0.1511, 5.161 3.5631 0.1701, 5.2374 3.5631 0.2115, 5.2971 3.5603 0.2696, 5.3396 3.5596 0.3428, 5.3609 3.5605 0.4257, 5.3588 3.5621 0.5086, 5.3361 3.5644 0.5832, 5.2956 3.5691 0.649, 5.2401 3.5765 0.7027, 5.175 3.5861 0.7385, 5.1079 3.5969 0.7564, 5.0396 3.6098 0.7587, 4.972 3.6254 0.7453, 4.9099 3.6414 0.7177, 5.1031 3.0507 0.738, 5.0364 3.067 0.75, 4.965 3.0836 0.7462, 4.8952 3.0982 0.7244, 4.833 3.1101 0.6866, 4.7793 3.1203 0.6328, 4.7397 3.1288 0.5625, 4.7202 3.1349 0.4821, 4.7229 3.1382 0.4003, 4.748 3.1397 0.3213, 4.7959 3.1403 0.2487, 4.8631 3.1408 0.1923, 4.9408 3.1404 0.1573, 5.0236 3.1377 0.1448, 5.109 3.1373 0.1556, 5.1876 3.1382 0.1891, 5.2511 3.1394 0.2404, 5.2967 3.1416 0.3035, 5.3251 3.1468 0.3769, 5.334 3.1543 0.4537, 5.3229 3.1634 0.526, 5.2967 3.1741 0.5897, 5.2565 3.1875 0.6467, 5.2045 3.2032 0.6923, 5.1456 3.2188 0.7244, 5.0836 3.2342 0.742, 5.0168 3.2488 0.7454, 4.9493 3.2663 0.7329, 4.8864 3.283 0.7051, 4.8317 3.2985 0.6645, 4.7859 3.3126 0.6089, 4.7539 3.3256 0.5402, 4.7392 3.3364 0.4638, 4.7448 3.3438 0.3868, 4.7718 3.3493 0.3104, 4.8211 3.3535 0.2414, 4.8882 3.3558 0.1883, 4.9652 3.3554 0.1559, 5.0498 3.3552 0.1458, 5.1365 3.3555 0.1598, 5.2153 3.3538 0.197, 5.278 3.3526 0.2518, 5.3234 3.3526 0.3205, 5.349 3.3543 0.4, 5.3523 3.3577 0.4815, 5.3351 3.3623 0.5563, 5.3013 3.3687 0.6222, 5.2517 3.3783 0.6776, 5.1918 3.3901 0.7184, 5.1277 3.4031 0.7426, 5.0623 3.4177 0.7512, 4.9948 3.4336 0.7458, 4.9302 3.4501 0.725, 4.8733 3.4646 0.6908, 4.8264 3.4809 0.6454, 4.7889 3.4976 0.5875, 4.7649 3.5143 0.52, 4.758 3.5285 0.4483, 4.7685 3.5402 0.3769, 4.7979 3.551 0.3052, 4.8478 3.5595 0.2414, 4.9136 3.5653 0.1929, 4.9889 3.5682 0.1639, 5.0733 3.5703 0.1563, 5.1592 3.571 0.1727, 5.2363 3.5713 0.2124, 5.2976 3.5704 0.2693, 5.3423 3.5682 0.3423, 5.3654 3.5681 0.4259, 5.3648 3.5687 0.5106, 5.3426 3.5694 0.5873, 5.3015 3.5721 0.6553, 5.2442 3.5775 0.7104, 5.1772 3.5849 0.7479, 5.1078 3.5935 0.7652, 5.0377 3.6045 0.766, 4.9688 3.6182 0.7508, 4.907 3.6338 0.7206, 5.0373 3.0584 0.747, 4.9678 3.0754 0.7415, 4.9001 3.092 0.7197, 4.8401 3.1056 0.6826, 4.7888 3.1177 0.6302, 4.7494 3.1287 0.5624, 4.7292 3.1372 0.4844, 4.7302 3.1425 0.4043, 4.753 3.1456 0.3259, 4.7989 3.1481 0.2534, 4.864 3.1487 0.1953, 4.9409 3.1485 0.1587, 5.0237 3.1477 0.1442, 5.1102 3.146 0.1532, 5.1906 3.1458 0.1857, 5.2563 3.146 0.2368, 5.3039 3.1467 0.3008, 5.3337 3.1499 0.376, 5.3426 3.1553 0.4551, 5.3317 3.1622 0.5299, 5.3037 3.1707 0.5952, 5.2611 3.1822 0.6527, 5.207 3.196 0.6982, 5.1462 3.2112 0.7285, 5.0833 3.2261 0.7442, 5.0166 3.2422 0.7459, 4.9499 3.2573 0.732, 4.8888 3.2745 0.7031, 4.8367 3.2902 0.6622, 4.7926 3.3064 0.6077, 4.7619 3.3211 0.5408, 4.7486 3.3338 0.467, 4.7529 3.3437 0.3921, 4.7781 3.3516 0.3173, 4.8249 3.3578 0.2488, 4.8897 3.3618 0.195, 4.9651 3.3632 0.1614, 5.0489 3.3631 0.1489, 5.1358 3.3637 0.161, 5.2157 3.3639 0.1966, 5.2803 3.3613 0.2504, 5.3277 3.3602 0.3193, 5.3553 3.361 0.3999, 5.3598 3.3628 0.4833, 5.3427 3.3654 0.5604, 5.3077 3.3697 0.628, 5.2569 3.3771 0.6857, 5.1945 3.3867 0.7268, 5.1281 3.3979 0.7501, 5.0611 3.4105 0.7575, 4.9931 3.4259 0.7495, 4.9287 3.442 0.7267, 4.8728 3.458 0.6911, 4.8274 3.4719 0.645, 4.792 3.4891 0.5872, 4.7703 3.5061 0.5209, 4.7643 3.5223 0.451, 4.7749 3.5358 0.3818, 4.804 3.5484 0.313, 4.8516 3.5595 0.2504, 4.915 3.5676 0.2021, 4.9881 3.5726 0.1721, 5.0709 3.5762 0.1627, 5.156 3.5788 0.1772, 5.2338 3.5792 0.2145, 5.2963 3.5785 0.2699, 5.3429 3.5783 0.3422, 5.3681 3.5767 0.4261, 5.369 3.5763 0.512, 5.348 3.576 0.5907, 5.3068 3.5772 0.661, 5.2483 3.5806 0.7181, 5.1792 3.5858 0.7564, 5.1077 3.5923 0.7749, 5.0353 3.6011 0.7746, 4.965 3.613 0.7574, 4.9025 3.6266 0.7251, 4.9694 3.0669 0.7389, 4.904 3.0837 0.7159, 4.846 3.0994 0.6793, 4.7966 3.1132 0.6281, 4.7593 3.1261 0.5624, 4.7386 3.1371 0.4868, 4.7384 3.1448 0.4087, 4.7591 3.15 0.3316, 4.8025 3.154 0.2592, 4.8657 3.1565 0.2006, 4.941 3.1564 0.1619, 5.0234 3.1559 0.1456, 5.1105 3.156 0.1527, 5.1923 3.1545 0.1837, 5.26 3.1536 0.2342, 5.3099 3.1533 0.2986, 5.3414 3.1549 0.3753, 5.3512 3.1584 0.4565, 5.3397 3.1632 0.5334, 5.3113 3.1695 0.6011, 5.2664 3.1788 0.6597, 5.2099 3.1907 0.7052, 5.1471 3.204 0.7348, 5.0829 3.2185 0.7483, 5.0158 3.2341 0.7481, 4.9496 3.2507 0.7325, 4.8896 3.2655 0.7025, 4.8394 3.2817 0.6608, 4.798 3.2982 0.6066, 4.7687 3.3149 0.5413, 4.7562 3.3293 0.4696, 4.7612 3.3411 0.3975, 4.7846 3.3516 0.3245, 4.8292 3.3601 0.257, 4.8916 3.3661 0.203, 4.9649 3.3691 0.1682, 5.0474 3.3709 0.1542, 5.1341 3.3715 0.1638, 5.2147 3.372 0.1976, 5.2808 3.3713 0.2501, 5.3303 3.3689 0.3186, 5.3598 3.3686 0.3998, 5.3659 3.3694 0.4848, 5.3495 3.3704 0.564, 5.3142 3.3728 0.6339, 5.2616 3.3781 0.693, 5.1975 3.3855 0.7359, 5.1286 3.3945 0.759, 5.0597 3.4052 0.7649, 4.9903 3.4187 0.7552, 4.926 3.4344 0.7299, 4.871 3.4499 0.6924, 4.8268 3.4653 0.6452, 4.793 3.4801 0.5871, 4.7734 3.4976 0.5213, 4.7693 3.5141 0.4531, 4.7803 3.5296 0.3859, 4.809 3.5439 0.3194, 4.8555 3.5569 0.2594, 4.9164 3.5675 0.2117, 4.9872 3.5748 0.1814, 5.068 3.5806 0.1704, 5.152 3.5847 0.1828, 5.2296 3.587 0.218, 5.2934 3.5864 0.2713, 5.3415 3.5864 0.3425, 5.3687 3.5868 0.4261, 5.3716 3.585 0.5129, 5.3517 3.5836 0.5931, 5.3111 3.5838 0.6656, 5.252 3.5856 0.7249, 5.1813 3.5889 0.7649, 5.1075 3.5932 0.7836, 5.0328 3.5999 0.7839, 4.9606 3.6096 0.765, 4.8971 3.6213 0.7305, 4.9063 3.0752 0.7137, 4.8507 3.0912 0.6766, 4.8031 3.107 0.6263, 4.7674 3.1217 0.5623, 4.7482 3.1345 0.4893, 4.7469 3.1447 0.4134, 4.7659 3.1523 0.3379, 4.8069 3.1583 0.2662, 4.8677 3.1624 0.2072, 4.9413 3.1642 0.1675, 5.0228 3.1638 0.1488, 5.1098 3.1642 0.154, 5.1927 3.1645 0.1832, 5.2622 3.1623 0.2327, 5.3141 3.1609 0.297, 5.3477 3.1615 0.3746, 5.3588 3.1634 0.4577, 5.3477 3.1663 0.5369, 5.3181 3.1705 0.6065, 5.2723 3.1776 0.6674, 5.2132 3.1873 0.7134, 5.1481 3.1988 0.7423, 5.0822 3.2113 0.7546, 5.0143 3.2265 0.7519, 4.9483 3.2426 0.7344, 4.8892 3.2588 0.7028, 4.8404 3.2727 0.6604, 4.801 3.2897 0.6061, 4.7741 3.3067 0.5417, 4.7626 3.3231 0.4718, 4.7679 3.3366 0.4019, 4.7913 3.3489 0.3318, 4.8337 3.36 0.2656, 4.8937 3.3684 0.2121, 4.9647 3.3735 0.1765, 5.0455 3.3769 0.1608, 5.1313 3.3793 0.1685, 5.2124 3.3799 0.1998, 5.2796 3.3795 0.2508, 5.3309 3.3789 0.3184, 5.3625 3.3773 0.3998, 5.3703 3.377 0.4859, 5.3551 3.377 0.567, 5.3199 3.3778 0.6391, 5.2663 3.3811 0.7003, 5.2002 3.3865 0.7443, 5.1292 3.3933 0.7686, 5.0581 3.4018 0.7736, 4.9871 3.4135 0.762, 4.9219 3.4272 0.7347, 4.8676 3.4423 0.6948, 4.8247 3.4572 0.646, 4.7925 3.4735 0.5871, 4.7744 3.4886 0.5215, 4.7721 3.5056 0.4543, 4.7846 3.5213 0.3892, 4.8132 3.5377 0.3247, 4.8586 3.5524 0.2669, 4.9178 3.5649 0.2214, 4.9862 3.5748 0.191, 5.0648 3.5829 0.1792, 5.1473 3.5891 0.1896, 5.2244 3.5929 0.2224, 5.2885 3.5942 0.2737, 5.3383 3.5943 0.3431, 5.3673 3.5949 0.426, 5.3722 3.595 0.5131, 5.354 3.5923 0.5946, 5.3142 3.5914 0.6689, 5.255 3.5923 0.7305, 5.183 3.5939 0.7724, 5.1074 3.5963 0.7923, 5.0305 3.6009 0.7923, 4.9558 3.6084 0.7734, 4.8841 3.6167 0.7436, 4.9514 3.6093 0.7809, 5.0282 3.604 0.8007, 5.1073 3.6014 0.8, 5.1845 3.6006 0.7785, 5.2571 3.5999 0.7344, 5.316 3.6001 0.6709, 5.3545 3.6023 0.5949, 5.3708 3.6032 0.5126, 5.3641 3.6028 0.4259, 5.3329 3.6021 0.3442, 5.2823 3.6002 0.2767, 5.218 3.5972 0.2277, 5.1419 3.5914 0.1972, 5.0614 3.5828 0.1883, 4.9852 3.5722 0.2009, 4.919 3.5605 0.2294, 4.8613 3.5462 0.2731, 4.8165 3.5294 0.329, 4.7871 3.5128 0.3911, 4.7731 3.4966 0.4547, 4.7738 3.482 0.5214, 4.7902 3.4654 0.5874, 4.8209 3.4496 0.6475, 4.8624 3.4351 0.6984, 4.917 3.422 0.7405, 4.9833 3.4101 0.77, 5.0563 3.4006 0.7831, 5.1298 3.3943 0.7773, 5.2028 3.3896 0.7525, 5.2705 3.3862 0.7068, 5.3245 3.3845 0.6434, 5.3591 3.3846 0.5691, 5.3729 3.3857 0.4865, 5.3631 3.3873 0.3997, 5.3295 3.3871 0.3188, 5.2768 3.3874 0.2525, 5.2085 3.3877 0.2037, 5.1278 3.3853 0.1744, 5.0433 3.3812 0.1688, 4.9645 3.3758 0.1858, 4.8958 3.3683 0.2216, 4.8383 3.3574 0.2744, 4.7968 3.3445 0.3377, 4.7736 3.3304 0.4056, 4.7678 3.3149 0.4736, 4.7772 3.2981 0.5419, 4.802 3.2807 0.6059, 4.8399 3.2661 0.6606, 4.8874 3.2508 0.7043, 4.9459 3.235 0.7377, 5.012 3.2193 0.7579, 5.0813 3.206 0.7622, 5.1493 3.1954 0.751, 5.2169 3.1861 0.7223, 5.2776 3.1786 0.6743, 5.325 3.1736 0.6118, 5.3547 3.1713 0.5401, 5.3651 3.17 0.4588, 5.3522 3.1692 0.3742, 5.3166 3.1696 0.2961, 5.2627 3.1723 0.2324, 5.1918 3.1727 0.1843, 5.1084 3.1721 0.1568, 5.0217 3.1716 0.1542, 4.9416 3.1701 0.1743, 4.8702 3.1668 0.2151, 4.8119 3.1606 0.2741, 4.773 3.1522 0.3445, 4.7555 3.1421 0.4181, 4.756 3.1301 0.4913, 4.7742 3.1155 0.5622, 4.8084 3.0988 0.6249, 4.8534 3.0826 0.675, 4.9247 2.8759 0.7231, 4.8657 2.8922 0.6897, 4.815 2.9077 0.6439, 4.7745 2.9222 0.5833, 4.7495 2.9352 0.5117, 4.7425 2.9457 0.4352, 4.7555 2.953 0.3592, 4.7904 2.9589 0.2849, 4.8465 2.9631 0.2212, 4.9177 2.9651 0.1754, 4.997 2.9646 0.1507, 5.0835 2.9648 0.149, 5.1686 2.9651 0.1717, 5.2425 2.9631 0.2161, 5.299 2.9617 0.2761, 5.3381 2.9621 0.3502, 5.3558 2.964 0.4321, 5.3509 2.9671 0.5128, 5.3267 2.9713 0.5845, 5.2861 2.9782 0.648, 5.2309 2.9879 0.6985, 5.1677 2.9996 0.7328, 5.1026 3.0121 0.7503, 5.0356 3.0271 0.7527, 4.9685 3.0432 0.7404, 4.9066 3.0596 0.7134, 4.8543 3.0737 0.6745, 4.8114 3.0903 0.6241, 4.7796 3.1072 0.5622, 4.7626 3.1238 0.493, 4.7626 3.1376 0.422, 4.7802 3.1496 0.3513, 4.8171 3.1606 0.2823, 4.8729 3.1691 0.224, 4.9421 3.1745 0.1826, 5.0203 3.1775 0.1609, 5.106 3.1799 0.1618, 5.1897 3.1805 0.1867, 5.2615 3.1805 0.2332, 5.3172 3.1796 0.2959, 5.3549 3.1778 0.3739, 5.3695 3.1777 0.4595, 5.3605 3.178 0.5426, 5.3311 3.1786 0.6166, 5.2829 3.1817 0.6812, 5.2202 3.1871 0.7304, 5.1506 3.1942 0.7606, 5.0804 3.2026 0.7709, 5.0093 3.2141 0.7649, 4.9421 3.2278 0.7428, 4.8842 3.2431 0.7069, 4.8378 3.258 0.6616, 4.8015 3.274 0.606, 4.7783 3.2892 0.542, 4.7707 3.3064 0.4745, 4.7782 3.3222 0.4085, 4.8013 3.3383 0.3427, 4.842 3.3529 0.2815, 4.898 3.3657 0.2312, 4.9643 3.3757 0.1955, 5.0407 3.3835 0.1778, 5.1236 3.3896 0.1815, 5.2036 3.3936 0.2085, 5.272 3.3952 0.2553, 5.3264 3.395 0.3197, 5.3617 3.3955 0.3998, 5.3735 3.3957 0.4867, 5.3615 3.3933 0.5704, 5.3279 3.3921 0.6464, 5.274 3.3928 0.7122, 5.2052 3.3946 0.7599, 5.1303 3.3973 0.786, 5.0546 3.4016 0.7917, 4.9791 3.4089 0.7787, 4.9113 3.4186 0.7472, 4.8562 3.4299 0.7028, 4.8149 3.4424 0.6498, 4.7861 3.4578 0.5878, 4.7716 3.4739 0.5211, 4.7726 3.4899 0.4545, 4.7879 3.5038 0.3917, 4.8184 3.5209 0.3315, 4.8634 3.538 0.2782, 4.92 3.5543 0.2361, 4.9844 3.5677 0.2089, 5.058 3.5802 0.1975, 5.1363 3.5913 0.2051, 5.2109 3.5995 0.2338, 5.2749 3.6045 0.2804, 5.3262 3.6081 0.3455, 5.3585 3.6106 0.4255, 5.3678 3.6111 0.5116, 5.3533 3.6105 0.5941, 5.3164 3.6101 0.6713, 5.2584 3.6085 0.7368, 5.1856 3.6082 0.7829, 5.1072 3.608 0.8064, 5.0262 3.609 0.8082, 4.947 3.6124 0.7885, 4.8779 3.6177 0.7497, 4.8682 2.8836 0.688, 4.8202 2.8995 0.642, 4.7813 2.916 0.5827, 4.7575 2.9307 0.5131, 4.7515 2.9431 0.4393, 4.763 2.9529 0.3652, 4.796 2.9612 0.2924, 4.8496 2.9674 0.2288, 4.9186 2.9711 0.1822, 4.9964 2.9724 0.1562, 5.0823 2.9726 0.152, 5.1677 2.9733 0.1728, 5.243 2.9732 0.2157, 5.3014 2.9704 0.275, 5.3425 2.9697 0.3494, 5.3621 2.9706 0.4327, 5.3582 2.9721 0.5154, 5.334 2.9744 0.5893, 5.292 2.9792 0.6545, 5.2353 2.9867 0.7071, 5.1696 2.9962 0.7414, 5.1024 3.0069 0.7578, 5.0338 3.0199 0.7588, 4.9664 3.0356 0.7439, 4.905 3.0515 0.715, 4.8538 3.067 0.6748, 4.8124 3.0813 0.6238, 4.7827 3.0987 0.5622, 4.7679 3.1156 0.4943, 4.7686 3.1314 0.4253, 4.7861 3.1451 0.3568, 4.8223 3.158 0.2906, 4.8758 3.169 0.2332, 4.9425 3.1768 0.1919, 5.0187 3.1819 0.1691, 5.103 3.1858 0.168, 5.1861 3.1883 0.1909, 5.2589 3.1884 0.235, 5.3158 3.1878 0.2964, 5.3555 3.1879 0.3739, 5.3721 3.1863 0.4599, 5.3646 3.1856 0.5444, 5.3361 3.1852 0.6205, 5.2876 3.1867 0.6874, 5.2236 3.1902 0.7384, 5.1518 3.1952 0.7692, 5.0793 3.2014 0.7805, 5.0062 3.2107 0.7732, 4.9377 3.2226 0.749, 4.8793 3.2359 0.7109, 4.8341 3.2504 0.6634, 4.7992 3.266 0.6064, 4.7777 3.2825 0.5419, 4.7717 3.2974 0.4749, 4.7808 3.3137 0.4102, 4.805 3.33 0.3467, 4.8452 3.3467 0.2875, 4.8998 3.3612 0.2391, 4.964 3.3731 0.2054, 5.0381 3.3834 0.1871, 5.1188 3.3919 0.1896, 5.1977 3.398 0.2143, 5.2661 3.4011 0.2587, 5.321 3.4028 0.3212, 5.3585 3.4034 0.3998, 5.3721 3.4039 0.4863, 5.362 3.4033 0.5707, 5.3298 3.4007 0.6482, 5.2764 3.4004 0.7159, 5.2072 3.4013 0.7659, 5.1308 3.4024 0.7937, 5.053 3.4047 0.8002, 4.9753 3.4099 0.7866, 4.905 3.4174 0.7546, 4.849 3.4264 0.7079, 4.8079 3.4371 0.6525, 4.7798 3.4506 0.5885, 4.7675 3.4663 0.5204, 4.7705 3.4819 0.4536, 4.7875 3.4972 0.3914, 4.8191 3.5119 0.3323, 4.8647 3.5294 0.281, 4.9208 3.546 0.2416, 4.9838 3.5615 0.2156, 5.0552 3.5757 0.2051, 5.1306 3.5887 0.2132, 5.2035 3.5995 0.24, 5.2665 3.6068 0.2844, 5.3181 3.6124 0.3472, 5.3517 3.6166 0.4251, 5.3625 3.6189 0.5099, 5.3506 3.6184 0.5924, 5.3154 3.6183 0.6702, 5.2587 3.6186 0.7373, 5.1862 3.6169 0.7855, 5.1072 3.6156 0.8108, 5.0245 3.6157 0.8143, 4.9432 3.6175 0.7952, 4.8718 3.6208 0.7559, 4.8231 2.891 0.641, 4.7867 2.9078 0.5822, 4.7642 2.9245 0.5143, 4.7588 2.9386 0.4426, 4.7707 2.9503 0.3714, 4.8018 2.9611 0.3002, 4.853 2.9697 0.2375, 4.9196 2.9754 0.1904, 4.9955 2.9783 0.163, 5.0803 2.9804 0.1572, 5.1658 2.9811 0.1754, 5.2419 2.9814 0.2166, 5.302 2.9804 0.2747, 5.3452 2.9784 0.3489, 5.3665 2.9782 0.433, 5.3641 2.9788 0.5175, 5.3404 2.9794 0.5936, 5.2978 2.9823 0.661, 5.2393 2.9877 0.7149, 5.1716 2.995 0.7508, 5.1021 3.0035 0.7666, 5.0317 3.0147 0.766, 4.9631 3.0284 0.7494, 4.902 3.0439 0.7178, 4.8518 3.059 0.6759, 4.8119 3.0747 0.6239, 4.7837 3.0897 0.5622, 4.7708 3.1071 0.4951, 4.7734 3.1232 0.4279, 4.7911 3.1389 0.3614, 4.8266 3.1535 0.2975, 4.8788 3.1664 0.2426, 4.943 3.1767 0.2016, 5.0169 3.1841 0.1782, 5.0993 3.1902 0.1754, 5.1816 3.1943 0.1961, 5.2543 3.1962 0.2381, 5.3128 3.1957 0.2975, 5.354 3.196 0.374, 5.3727 3.1964 0.46, 5.3671 3.1942 0.5455, 5.3396 3.1928 0.6232, 5.2914 3.1934 0.6924, 5.2265 3.1952 0.7456, 5.153 3.1982 0.7779, 5.0783 3.2024 0.7892, 5.0027 3.2095 0.7822, 4.9325 3.2192 0.7561, 4.8735 3.2307 0.7158, 4.8283 3.2432 0.6661, 4.7952 3.2583 0.6072, 4.7754 3.2745 0.5418, 4.7712 3.2908 0.4747, 4.7817 3.3047 0.4108, 4.8071 3.3215 0.349, 4.8477 3.3385 0.2924, 4.9013 3.355 0.2457, 4.9638 3.3686 0.2135, 5.0354 3.3808 0.1966, 5.1139 3.3919 0.1979, 5.191 3.4003 0.2208, 5.259 3.4055 0.2629, 5.3145 3.4087 0.3231, 5.3529 3.4112 0.3999, 5.369 3.4118 0.4856, 5.3607 3.4115 0.57, 5.3303 3.4108 0.6487, 5.2778 3.4091 0.7182, 5.2085 3.4089 0.7702, 5.1311 3.409 0.8, 5.0516 3.4097 0.8078, 4.9716 3.413 0.7945, 4.8994 3.4184 0.7612, 4.8411 3.4252 0.7134, 4.7996 3.4337 0.6556, 4.7723 3.4453 0.5893, 4.7612 3.4591 0.5195, 4.7667 3.4742 0.452, 4.7856 3.4891 0.39, 4.8187 3.5053 0.3318, 4.8651 3.5204 0.2819, 4.9212 3.5375 0.2446, 4.9832 3.5533 0.2211, 5.0528 3.5695 0.2115, 5.1259 3.5842 0.2197, 5.1959 3.5969 0.2464, 5.2578 3.6067 0.2887, 5.3089 3.6147 0.349, 5.3434 3.6209 0.4246, 5.356 3.6248 0.5077, 5.3459 3.6262 0.5894, 5.3132 3.6262 0.6679, 5.258 3.6268 0.7361, 5.1863 3.6269 0.7861, 5.1071 3.6243 0.8135, 5.0234 3.6233 0.8186, 4.94 3.6241 0.8006, 4.8663 3.6258 0.7614, 4.7898 2.8992 0.582, 4.7696 2.9163 0.5152, 4.765 2.9324 0.4454, 4.7771 2.9459 0.3764, 4.8077 2.9585 0.3081, 4.8566 2.9696 0.2465, 4.9208 2.9777 0.1997, 4.9945 2.9826 0.1712, 5.0777 2.9864 0.1635, 5.1625 2.9889 0.1799, 5.2394 2.9892 0.2186, 5.3007 2.9886 0.2753, 5.3458 2.9884 0.3488, 5.3692 2.9869 0.4333, 5.3684 2.9864 0.519, 5.3457 2.9861 0.5971, 5.3029 2.9873 0.6667, 5.2432 2.9908 0.7226, 5.1735 2.9959 0.7594, 5.1017 3.0023 0.7763, 5.0292 3.0113 0.7745, 4.9591 3.0231 0.7558, 4.8974 3.0367 0.7223, 4.8483 3.0513 0.678, 4.8096 3.0666 0.6245, 4.7832 3.0831 0.5622, 4.7718 3.0981 0.4953, 4.7761 3.1147 0.4294, 4.7951 3.1307 0.3652, 4.8302 3.1473 0.3032, 4.8812 3.1619 0.2504, 4.9435 3.1741 0.2114, 5.015 3.1841 0.1877, 5.0952 3.1924 0.1838, 5.1761 3.1986 0.2023, 5.2487 3.2021 0.242, 5.3076 3.2035 0.2994, 5.3508 3.2039 0.3743, 5.3713 3.2045 0.4598, 5.3677 3.2043 0.5458, 5.3417 3.2015 0.6249, 5.2941 3.201 0.696, 5.2289 3.2019 0.7514, 5.154 3.2033 0.7855, 5.0774 3.2055 0.7979, 4.9996 3.2104 0.7903, 4.9269 3.218 0.764, 4.8667 3.2273 0.7214, 4.8215 3.238 0.6693, 4.7889 3.2511 0.6084, 4.7713 3.2668 0.5415, 4.769 3.2827 0.474, 4.7812 3.2981 0.4105, 4.8078 3.3125 0.3498, 4.8492 3.33 0.2951, 4.9025 3.3468 0.251, 4.9637 3.3624 0.2202, 5.0332 3.3763 0.2043, 5.1088 3.3892 0.2064, 5.1841 3.4002 0.2276, 5.2509 3.4077 0.2676, 5.3065 3.413 0.3253, 5.3461 3.4171 0.4001, 5.3636 3.4196 0.4843, 5.3579 3.4194 0.5685, 5.3292 3.419 0.6477, 5.2782 3.4191 0.7187, 5.2094 3.4175 0.7727, 5.1314 3.4166 0.8045, 5.0504 3.4164 0.814, 4.9683 3.418 0.8014, 4.8937 3.4214 0.7678, 4.8339 3.4262 0.7184, 4.7906 3.4325 0.6591, 4.7635 3.4419 0.5903, 4.7537 3.4538 0.5183, 4.7608 3.467 0.4495, 4.7824 3.4815 0.3875, 4.8173 3.4972 0.33, 4.8648 3.5138 0.2814, 4.9214 3.5285 0.2456, 4.9829 3.5447 0.2241, 5.0509 3.5613 0.2166, 5.122 3.578 0.2253, 5.1897 3.5924 0.2515, 5.2489 3.6041 0.293, 5.2994 3.6146 0.3509, 5.3341 3.6232 0.424, 5.3481 3.6291 0.5051, 5.3401 3.6321 0.5857, 5.3095 3.634 0.6639, 5.2565 3.6346 0.7332, 5.186 3.6351 0.7847, 5.1071 3.6343 0.8141, 5.0227 3.6319 0.8212, 4.9377 3.6317 0.8045, 4.8619 3.6325 0.7659, 4.7726 2.9077 0.5158, 4.77 2.9242 0.4477, 4.7824 2.9396 0.3807, 4.8125 2.954 0.3146, 4.8603 2.967 0.2557, 4.922 2.9776 0.2093, 4.9934 2.9849 0.1805, 5.0747 2.9907 0.1712, 5.1584 2.9949 0.1854, 5.2351 2.997 0.2221, 5.2977 2.9965 0.2767, 5.3444 2.9966 0.349, 5.3698 2.9969 0.4333, 5.3709 2.9951 0.5199, 5.3494 2.9937 0.5996, 5.3072 2.994 0.6715, 5.2467 2.9958 0.7295, 5.1753 2.999 0.7679, 5.1014 3.0033 0.785, 5.0264 3.0101 0.7838, 4.9546 3.0197 0.7634, 4.892 3.0315 0.7275, 4.8427 3.0441 0.6811, 4.8057 3.059 0.6256, 4.7809 3.075 0.5622, 4.7713 3.0915 0.4952, 4.777 3.1057 0.4299, 4.7973 3.1221 0.3673, 4.8332 3.139 0.3078, 4.8832 3.1557 0.2568, 4.9439 3.1696 0.2195, 5.013 3.1815 0.1974, 5.0909 3.1924 0.1925, 5.17 3.2009 0.2094, 5.2419 3.2064 0.2467, 5.3012 3.2094 0.3018, 5.3453 3.2117 0.3749, 5.3681 3.2124 0.4593, 5.3663 3.2124 0.5452, 5.3422 3.2115 0.6253, 5.2958 3.2096 0.6981, 5.2306 3.2095 0.7556, 5.1549 3.2099 0.7918, 5.0765 3.2105 0.8055, 4.9965 3.2135 0.7985, 4.9218 3.2189 0.771, 4.8592 3.2261 0.7275, 4.8135 3.2346 0.6731, 4.7815 3.2459 0.6098, 4.765 3.2596 0.541, 4.7651 3.2751 0.4726, 4.7793 3.29 0.4092, 4.8074 3.3059 0.3494, 4.8496 3.321 0.296, 4.9032 3.3383 0.254, 4.9635 3.3542 0.2257, 5.0314 3.3701 0.2109, 5.1047 3.3848 0.2133, 5.1771 3.3976 0.2346, 5.2425 3.4077 0.2724, 5.2975 3.4153 0.3279, 5.3378 3.4214 0.4002, 5.357 3.4255 0.4826, 5.353 3.4272 0.5659, 5.3269 3.4268 0.6455, 5.2774 3.4273 0.7175, 5.2096 3.4276 0.7733, 5.1316 3.4253 0.8072, 5.0496 3.424 0.8184, 4.9655 3.4246 0.8072, 4.8887 3.4265 0.7737, 4.8268 3.4293 0.7234, 4.7824 3.4335 0.6622, 4.7539 3.4407 0.5913, 4.745 3.4504 0.517, 4.7539 3.4618 0.4465, 4.7773 3.4743 0.3836, 4.8148 3.4896 0.3268, 4.8639 3.5057 0.2793, 4.9213 3.5219 0.2451, 4.9828 3.5357 0.2252, 5.0499 3.5527 0.2195, 5.1189 3.5698 0.2298, 5.1846 3.5862 0.2559, 5.2416 3.5996 0.2965, 5.2897 3.612 0.3529, 5.3245 3.6231 0.4234, 5.3393 3.6314 0.5022, 5.3332 3.6365 0.5813, 5.3048 3.6399 0.6589, 5.2538 3.6424 0.7284, 5.1852 3.643 0.7816, 5.1071 3.6425 0.8127, 5.0225 3.642 0.8218, 4.9364 3.6404 0.8069, 4.8587 3.6401 0.769, 4.7728 2.9156 0.449, 4.7866 2.9314 0.3841, 4.8166 2.9478 0.32, 4.8633 2.9625 0.2632, 4.9232 2.975 0.2191, 4.9923 2.9849 0.1901, 5.0713 2.993 0.1799, 5.1535 2.9992 0.192, 5.2297 3.003 0.2264, 5.2927 3.0043 0.279, 5.3412 3.0045 0.3496, 5.3684 3.0051 0.4332, 5.3715 3.0051 0.5201, 5.3517 3.0023 0.6011, 5.3101 3.0016 0.6748, 5.2496 3.0024 0.7352, 5.177 3.004 0.7754, 5.1011 3.0064 0.7937, 5.024 3.011 0.7921, 4.9495 3.0185 0.7716, 4.8856 3.028 0.7336, 4.8361 3.0389 0.6849, 4.7995 3.0518 0.6273, 4.7768 3.0674 0.5622, 4.7691 3.0834 0.4946, 4.7765 3.099 0.4296, 4.7981 3.1132 0.368, 4.8348 3.1305 0.3104, 4.8848 3.1475 0.2621, 4.9443 3.1634 0.2263, 5.0115 3.177 0.2053, 5.0866 3.1898 0.2013, 5.1637 3.2009 0.2167, 5.2342 3.2087 0.252, 5.2934 3.2138 0.3047, 5.3385 3.2177 0.3755, 5.3627 3.2202 0.4584, 5.3634 3.2203 0.5439, 5.3411 3.2197 0.6244, 5.2961 3.2197 0.6986, 5.2317 3.2181 0.7581, 5.1555 3.2175 0.7962, 5.0758 3.2172 0.8118, 4.9937 3.2185 0.8057, 4.9167 3.222 0.7781, 4.8525 3.2271 0.7331, 4.8048 3.2334 0.6773, 4.7728 3.2425 0.6114, 4.7574 3.2544 0.5405, 4.7591 3.2679 0.4706, 4.7759 3.2824 0.407, 4.8059 3.2978 0.3477, 4.8494 3.3144 0.2955, 4.9034 3.3293 0.2551, 4.9635 3.3456 0.2288, 5.0299 3.3619 0.2161, 5.1013 3.3786 0.2192, 5.1713 3.3931 0.2402, 5.234 3.4051 0.2774, 5.2882 3.4153 0.3305, 5.3285 3.4237 0.4004, 5.3489 3.4298 0.4807, 5.347 3.4331 0.5626, 5.3228 3.4346 0.6418, 5.2757 3.4352 0.7148, 5.2091 3.4357 0.772, 5.1316 3.4353 0.8078, 5.0491 3.4326 0.8211, 4.9636 3.4323 0.8112, 4.8846 3.4331 0.7786, 4.8205 3.4343 0.7279, 4.7743 3.4366 0.6653, 4.7452 3.4417 0.5923, 4.7355 3.4492 0.5156, 4.7458 3.4584 0.443, 4.7713 3.4691 0.3791, 4.8109 3.4824 0.3218, 4.8623 3.4981 0.2756, 4.921 3.5138 0.2428, 4.9829 3.5291 0.2246, 5.0495 3.5438 0.2205, 5.1171 3.5612 0.2323, 5.1804 3.5779 0.2594, 5.2355 3.5934 0.2995, 5.2818 3.6076 0.3545, 5.3146 3.6205 0.4228, 5.3301 3.6314 0.4992, 5.3253 3.6388 0.5763, 5.2991 3.6443 0.6528, 5.2506 3.6484 0.7223, 4.789 2.9229 0.386, 4.8199 2.9396 0.3244, 4.8658 2.9563 0.2695, 4.9243 2.9705 0.2271, 4.9911 2.9822 0.1999, 5.0677 2.9929 0.1889, 5.148 3.0015 0.1995, 5.2233 3.0073 0.2316, 5.2865 3.0102 0.2819, 5.3358 3.0123 0.3506, 5.3652 3.013 0.4329, 5.3701 3.0133 0.5196, 5.3522 3.0124 0.6014, 5.312 3.0102 0.6768, 5.2516 3.0101 0.7391, 5.1783 3.0107 0.7816, 5.1009 3.0114 0.8014, 5.0215 3.0141 0.8005, 4.945 3.0195 0.7791, 4.8787 3.0268 0.7403, 4.8285 3.0355 0.6892, 4.7922 3.0465 0.6293, 4.7704 3.0602 0.5623, 4.7651 3.0758 0.4936, 4.7745 3.091 0.4285, 4.7977 3.1065 0.3676, 4.8353 3.1215 0.3113, 4.8857 3.1389 0.265, 4.9445 3.1552 0.2317, 5.0101 3.1708 0.212, 5.0831 3.1853 0.2086, 5.1572 3.1982 0.2242, 5.2262 3.2087 0.2575, 5.2847 3.216 0.3079, 5.3303 3.222 0.3764, 5.3559 3.2261 0.4573, 5.3583 3.2281 0.5417, 5.3386 3.2276 0.6224, 5.2953 3.2278 0.6975, 5.2319 3.2282 0.7586, 5.1559 3.2262 0.7989, 5.0754 3.2248 0.8163, 4.9915 3.2252 0.8116, 4.9122 3.2271 0.7844, 4.8458 3.2302 0.7386, 4.7969 3.2343 0.681, 4.7633 3.2413 0.6132, 4.7486 3.251 0.5398, 4.7519 3.2626 0.4681, 4.7705 3.2752 0.4035, 4.8031 3.2902 0.3447, 4.8483 3.3063 0.2935, 4.9033 3.3227 0.2545, 4.9634 3.3367 0.2298, 5.029 3.3534 0.2191, 5.0985 3.3703 0.2239, 5.1665 3.3869 0.245, 5.227 3.4006 0.2815, 5.2787 3.4127 0.3332, 5.3188 3.4237 0.4006, 5.3398 3.4321 0.4784, 5.3397 3.4375 0.5587, 5.3177 3.4406 0.6372, 5.2727 3.443 0.7101, 5.2081 3.4436 0.7689, 5.1315 3.4435 0.8064, 5.049 3.4427 0.8217, 4.9625 3.4409 0.8136, 4.8817 3.4407 0.782, 4.8153 3.441 0.7315, 4.7671 3.4416 0.6681, 4.7365 3.4448 0.5932, 4.7268 3.4502 0.5142, 4.7369 3.4572 0.4392, 4.7643 3.4656 0.3737, 4.8062 3.4772 0.3158, 4.8598 3.4909 0.2697, 4.9204 3.5062 0.2388, 4.9831 3.521 0.2223, 5.0497 3.5371 0.2199, 5.1165 3.5523 0.2331, 5.178 3.5694 0.2614, 5.2306 3.5852 0.3019, 5.2752 3.6013 0.3558, 5.3065 3.616 0.4223, 5.3207 3.6288 0.4961, 5.3171 3.6387 0.5711, 5.2928 3.6465 0.646, 4.8217 2.9311 0.3269, 4.8679 2.9481 0.2745, 4.9251 2.9643 0.2338, 4.9901 2.9778 0.2079, 5.0641 2.9903 0.1981, 5.1422 3.0015 0.2073, 5.216 3.0096 0.2375, 5.279 3.0146 0.2853, 5.329 3.0182 0.3518, 5.3597 3.0208 0.4325, 5.3671 3.0212 0.5185, 5.351 3.0206 0.6006, 5.3124 3.0203 0.6772, 5.2529 3.0187 0.7416, 5.1792 3.0183 0.786, 5.1007 3.0181 0.8078, 5.0193 3.0192 0.8079, 4.9405 3.0226 0.7865, 4.8724 3.0278 0.7464, 4.8201 3.0343 0.694, 4.7837 3.0431 0.6316, 4.7629 3.0549 0.5623, 4.7589 3.0686 0.492, 4.7709 3.0833 0.4266, 4.796 3.0985 0.366, 4.835 3.1149 0.3108, 4.886 3.13 0.266, 4.9447 3.1466 0.2348, 5.009 3.1626 0.2173, 5.0801 3.1791 0.2147, 5.1519 3.1938 0.2302, 5.2181 3.2061 0.2631, 5.2756 3.216 0.3113, 5.321 3.2243 0.3773, 5.3478 3.2305 0.4559, 5.3521 3.2341 0.5389, 5.3342 3.2354 0.619, 5.2933 3.2357 0.6949, 5.2314 3.2364 0.7573, 5.1559 3.2362 0.7995, 5.0751 3.2334 0.819, 4.9899 3.2328 0.8158, 4.9084 3.2337 0.7895, 4.8398 3.2352 0.7435, 4.789 3.2374 0.6847, 4.7548 3.2423 0.6149, 4.739 3.2498 0.5392, 4.7436 3.2592 0.4653, 4.7642 3.2699 0.3994, 4.7988 3.283 0.3399, 4.8464 3.2987 0.2899, 4.9028 3.3146 0.2523, 4.9635 3.33 0.2293, 5.0288 3.3444 0.2201, 5.0969 3.3618 0.2265, 5.1626 3.3787 0.2488, 5.2212 3.3944 0.2849, 5.271 3.4082 0.3355, 5.3089 3.4211 0.4007, 5.3304 3.4321 0.4761, 5.3314 3.4398 0.5543, 5.3116 3.4449 0.6316, 5.269 3.4489 0.7044, 5.2064 3.4514 0.7636, 5.1313 3.4514 0.8032, 5.0492 3.4508 0.8203, 4.9622 3.451 0.8142, 4.88 3.4494 0.784, 4.8117 3.4486 0.7341, 4.7612 3.4483 0.6703, 4.7289 3.4498 0.5941, 4.7182 3.4533 0.5129, 4.7289 3.4582 0.4358, 4.7566 3.4644 0.3678, 4.8008 3.4738 0.3088, 4.8569 3.4857 0.2627, 4.9194 3.499 0.2324, 4.9835 3.5134 0.2183, 5.0505 3.529 0.2178, 5.1168 3.5456 0.2327, 5.1772 3.5604 0.2621, 5.2278 3.5767 0.3032, 5.2698 3.5931 0.3569, 5.2998 3.6098 0.4219, 5.313 3.6243 0.4936, 5.3088 3.6361 0.5658, 5.2861 3.6465 0.6389, 4.869 2.9396 0.2774, 4.9258 2.9561 0.2393, 4.9893 2.9716 0.2146, 5.0611 2.9859 0.2056, 5.1363 2.9988 0.2153, 5.2085 3.0096 0.2436, 5.2705 3.0169 0.2892, 5.3209 3.0225 0.3533, 5.3529 3.0267 0.4319, 5.3619 3.029 0.5167, 5.3483 3.0284 0.5988, 5.3114 3.0284 0.6762, 5.2531 3.0288 0.7421, 5.1798 3.027 0.7886, 5.1005 3.0257 0.8122, 5.0175 3.0258 0.814, 4.9365 3.0276 0.7931, 4.8661 3.0309 0.7524, 4.8125 3.0353 0.6983, 4.7744 3.0419 0.6342, 4.754 3.0515 0.5624, 4.7516 3.0633 0.4902, 4.7653 3.0761 0.4235, 4.793 3.0908 0.3632, 4.8338 3.1068 0.3089, 4.8859 3.1233 0.2654, 4.9448 3.1377 0.2358, 5.0084 3.154 0.2203, 5.0777 3.1709 0.2196, 5.1474 3.1876 0.2354, 5.2114 3.2016 0.2677, 5.2663 3.2134 0.3147, 5.3113 3.2242 0.3782, 5.3385 3.2328 0.4544, 5.3445 3.2384 0.5355, 5.3288 3.2413 0.6148, 5.2899 3.2435 0.6905, 5.2301 3.2442 0.7543, 5.1557 3.2444 0.7981, 5.075 3.2435 0.8196, 4.9889 3.2415 0.8183, 4.9058 3.2413 0.7931, 4.8349 3.2418 0.7475, 4.782 3.2424 0.688, 4.7462 3.2454 0.6165, 4.7303 3.2508 0.5385, 4.7344 3.258 0.4622, 4.7568 3.2665 0.3946, 4.7937 3.2778 0.3344, 4.8435 3.2915 0.2842, 4.9019 3.307 0.2483, 4.9635 3.3219 0.227, 5.0289 3.3377 0.2196, 5.0964 3.3528 0.2274, 5.1604 3.3701 0.251, 5.2164 3.3862 0.2877, 5.2644 3.402 0.3373, 5.3009 3.4166 0.4009, 5.3209 3.4295 0.4738, 5.3229 3.4397 0.5498, 5.3047 3.4472 0.6253, 5.2645 3.4533 0.6974, 5.2043 3.4574 0.7571, 5.131 3.4592 0.7976, 5.0498 3.4587 0.8171, 4.9628 3.4591 0.8129, 4.8796 3.4594 0.7845, 4.8094 3.4573 0.7357, 4.757 3.4559 0.6719, 4.7226 3.4565 0.5948, 4.7106 3.4583 0.5118, 4.7209 3.4613 0.4323, 4.7497 3.4654 0.3625, 4.7948 3.4726 0.3012, 4.8534 3.4823 0.2546, 4.9183 3.4937 0.225, 4.9841 3.5062 0.2119, 5.0519 3.5214 0.214, 5.1181 3.5376 0.2308, 5.1776 3.5538 0.2617, 5.2269 3.5677 0.3037, 5.2668 3.5846 0.3575, 5.2943 3.6016 0.4216, 5.3066 3.6181 0.4914, 5.302 3.6316 0.5615, 5.2794 3.6439 0.6317, 4.9262 2.9476 0.2423, 4.9886 2.9633 0.2201, 5.0586 2.9797 0.2119, 5.1316 2.9944 0.2218, 5.2008 3.0069 0.2498, 5.2617 3.0168 0.2933, 5.3117 3.0248 0.3549, 5.3446 3.031 0.4312, 5.3554 3.0349 0.5144, 5.3437 3.0362 0.5957, 5.3093 3.0363 0.6738, 5.2525 3.0369 0.7408, 5.1799 3.037 0.7892, 5.1004 3.0343 0.8149, 5.0163 3.0334 0.8183, 4.9332 3.0343 0.7985, 4.8605 3.0359 0.7578, 4.8049 3.0384 0.7026, 4.766 3.0429 0.6365, 4.7444 3.0503 0.5625, 4.7431 3.0599 0.488, 4.7587 3.0709 0.4199, 4.7883 3.0836 0.3589, 4.8316 3.0992 0.3054, 4.8852 3.1152 0.2633, 4.9447 3.131 0.2353, 5.0082 3.145 0.2214, 5.0763 3.1623 0.2224, 5.1438 3.1793 0.2395, 5.2058 3.1954 0.2715, 5.2588 3.2089 0.3175, 5.3015 3.2216 0.3792, 5.329 3.2327 0.4529, 5.336 3.2407 0.5318, 5.3223 3.2457 0.6097, 5.2858 3.2495 0.6851, 5.228 3.252 0.7492, 5.1553 3.2523 0.7949, 5.0751 3.2516 0.8181, 4.9887 3.2515 0.8189, 4.9042 3.25 0.7953, 4.8315 3.2495 0.7504, 4.7763 3.2491 0.6907, 4.7386 3.2504 0.6179, 4.7216 3.2539 0.5379, 4.7262 3.259 0.4593, 4.7487 3.2653 0.3893, 4.7877 3.2743 0.3279, 4.84 3.2862 0.2775, 4.9005 3.2997 0.2421, 4.9636 3.3143 0.2229, 5.0295 3.3297 0.2174, 5.0967 3.3462 0.2269, 5.1597 3.3612 0.2517, 5.2138 3.3776 0.2892, 5.2592 3.3938 0.3388, 5.2941 3.4104 0.401, 5.313 3.425 0.4718, 5.3142 3.4371 0.5451, 5.2976 3.4472 0.6188, 5.2594 3.4555 0.6896, 5.2018 3.4617 0.7492, 5.1306 3.4651 0.7908, 5.0509 3.4665 0.8117, 4.9642 3.467 0.81, 4.8805 3.4676 0.7834, 4.8089 3.4673 0.736, 4.7545 3.4645 0.6729, 4.7181 3.4641 0.5953, 4.7043 3.465 0.5108, 4.7138 3.4663 0.4293, 4.7428 3.4685 0.3572, 4.7895 3.4735 0.2944, 4.8496 3.4811 0.2457, 4.9171 3.4903 0.2162, 4.9849 3.501 0.2044, 5.0541 3.5142 0.208, 5.1205 3.5299 0.2275, 5.1794 3.5457 0.2603, 5.2274 3.5611 0.3034, 5.2658 3.5756 0.3577, 5.2912 3.5931 0.4214, 5.3014 3.6099 0.4897, 5.2962 3.6254 0.5578, 5.2739 3.6394 0.6258, 4.9883 2.9548 0.2231, 5.0566 2.9714 0.217, 5.1275 2.9882 0.2272, 5.1945 3.0025 0.2548, 5.2527 3.0142 0.2974, 5.3022 3.0248 0.3566, 5.3353 3.0333 0.4305, 5.3476 3.0392 0.5117, 5.338 3.0422 0.592, 5.3056 3.0441 0.6697, 5.251 3.0448 0.7379, 5.1796 3.0452 0.7878, 5.1004 3.0444 0.8155, 5.0155 3.0421 0.8209, 4.9309 3.0419 0.8024, 4.856 3.0426 0.7622, 4.7982 3.0434 0.7065, 4.7576 3.046 0.6388, 4.7357 3.0513 0.5625, 4.7337 3.0587 0.4856, 4.7509 3.0675 0.4156, 4.7828 3.0784 0.3537, 4.8282 3.092 0.3, 4.884 3.1076 0.2594, 4.9446 3.123 0.233, 5.0084 3.1384 0.2208, 5.0758 3.1533 0.2233, 5.1418 3.1708 0.2418, 5.2013 3.1872 0.2746, 5.2524 3.2027 0.3199, 5.2935 3.2171 0.38, 5.3192 3.2301 0.4513, 5.3271 3.2406 0.5279, 5.3149 3.248 0.604, 5.2808 3.2538 0.6785, 5.2254 3.258 0.7429, 5.1546 3.2601 0.7894, 5.0755 3.2595 0.8149, 4.9892 3.2597 0.8175, 4.9039 3.26 0.7958, 4.8294 3.2581 0.7521, 4.7723 3.2567 0.6926, 4.7324 3.257 0.6191, 4.7139 3.2589 0.5373, 4.7179 3.2621 0.4565, 4.7413 3.2663 0.3846, 4.7812 3.2731 0.3207, 4.8359 3.2828 0.2697, 4.8988 3.2945 0.2347, 4.9638 3.3071 0.2165, 5.0306 3.322 0.2134, 5.0978 3.3381 0.225, 5.1601 3.3545 0.2513, 5.2129 3.3687 0.2897, 5.2562 3.3852 0.3396, 5.2886 3.4021 0.4011, 5.3064 3.4188 0.4702, 5.3071 3.4326 0.5413, 5.2903 3.4445 0.6121, 5.2542 3.4555 0.6814, 5.1989 3.464 0.7404, 5.1301 3.4695 0.7825, 5.0521 3.4725 0.8049, 4.9666 3.4748 0.805, 4.8826 3.4755 0.7809, 4.8101 3.4755 0.7352, 4.7539 3.4746 0.6731, 4.7154 3.4727 0.5955, 4.6999 3.4726 0.5101, 4.708 3.4729 0.4268, 4.7366 3.4735 0.3526, 4.7841 3.4766 0.2875, 4.8462 3.482 0.2377, 4.9156 3.4891 0.2067, 4.9858 3.4976 0.1956, 5.0567 3.509 0.2009, 5.1242 3.5227 0.2222, 5.1825 3.5381 0.2576, 5.2295 3.553 0.3024, 5.2663 3.569 0.3576, 5.2902 3.5841 0.4213, 5.2985 3.6013 0.4888, 5.2916 3.6172 0.5549, 5.2692 3.6332 0.6209, 5.2292 3.6479 0.6825, 5.1797 3.6596 0.7297, 5.226 3.6417 0.6765, 5.2655 3.625 0.6169, 5.289 3.6086 0.5533, 5.2975 3.5923 0.4884, 5.2908 3.5775 0.4214, 5.2686 3.5609 0.3571, 5.2331 3.5454 0.3006, 5.1874 3.5309 0.2535, 5.1285 3.5175 0.2161, 5.0598 3.5056 0.1926, 4.9867 3.4964 0.186, 4.9144 3.4901 0.198, 4.8428 3.4851 0.2297, 4.7794 3.4816 0.2814, 4.7316 3.4802 0.3487, 4.7039 3.4806 0.425, 4.6972 3.4812 0.5097, 4.7148 3.4828 0.5956, 4.7553 3.4828 0.6726, 4.8128 3.4833 0.7333, 4.8862 3.4833 0.7767, 4.9695 3.4808 0.7988, 5.0537 3.4768 0.7968, 5.1295 3.4717 0.7732, 5.1959 3.4639 0.7311, 5.2488 3.4529 0.6731, 5.2843 3.4401 0.6066, 5.3011 3.4264 0.5381, 5.3011 3.4106 0.4689, 5.2855 3.3936 0.4012, 5.2552 3.3762 0.3399, 5.2134 3.362 0.2894, 5.1617 3.3465 0.2497, 5.0999 3.3305 0.2214, 5.0324 3.3148 0.2073, 4.964 3.3019 0.2089, 4.8968 3.2911 0.2261, 4.8314 3.2816 0.2611, 4.7753 3.2741 0.3143, 4.734 3.2694 0.3798, 4.7106 3.2671 0.454, 4.7076 3.2655 0.5369, 4.728 3.2647 0.62, 4.7698 3.2654 0.6938, 4.8289 3.2682 0.7525, 4.9047 3.2682 0.7946, 4.9904 3.2676 0.8145, 5.0761 3.2673 0.8094, 5.1536 3.266 0.7826, 5.2222 3.2623 0.7352, 5.2751 3.2561 0.6711, 5.3073 3.2479 0.598, 5.3181 3.238 0.5239, 5.3113 3.2256 0.45, 5.2867 3.2109 0.3806, 5.2473 3.1945 0.3218, 5.1988 3.1786 0.2763, 5.1412 3.1618 0.2426, 5.0761 3.1467 0.2228, 5.0088 3.1303 0.2186, 4.9444 3.1153 0.2289, 4.8821 3.1004 0.2533, 4.8242 3.0868 0.2936, 4.7763 3.075 0.3477, 4.7425 3.0663 0.411, 4.7253 3.0597 0.4834, 4.7269 3.0544 0.5626, 4.7501 3.051 0.6408, 4.7927 3.05 0.7096, 4.8527 3.0502 0.7653, 4.9295 3.0505 0.8047, 5.0153 3.0521 0.8214, 5.1004 3.0525 0.8141, 5.179 3.0531 0.7847, 5.2485 3.0526 0.733, 5.301 3.0501 0.6646, 5.3311 3.0465 0.5874, 5.3388 3.0415 0.5086, 5.3257 3.0333 0.4297, 5.2924 3.0222 0.3584, 5.2454 3.0097 0.3008, 5.1892 2.9963 0.2591, 5.1243 2.9799 0.2316, 5.0555 2.9629 0.2199, 5.1224 2.9714 0.2341, 5.185 2.988 0.2625, 5.2392 3.0035 0.3036, 5.2845 3.0177 0.3598, 5.3158 3.0307 0.4288, 5.3297 3.0415 0.5053, 5.3233 3.0488 0.5822, 5.2955 3.0544 0.6584, 5.2454 3.0585 0.7269, 5.1778 3.0609 0.7793, 5.1005 3.0604 0.8109, 5.0157 3.0603 0.8201, 4.9291 3.0606 0.8052, 4.8508 3.0589 0.7672, 4.7888 3.0577 0.7118, 4.744 3.0577 0.6425, 4.7192 3.0594 0.5627, 4.7168 3.0628 0.4812, 4.7348 3.0673 0.4068, 4.7693 3.0738 0.3411, 4.8195 3.0834 0.2862, 4.8798 3.0952 0.246, 4.9441 3.1081 0.2225, 5.0096 3.1227 0.2145, 5.0771 3.1386 0.2207, 5.1415 3.1552 0.2422, 5.1979 3.1696 0.2769, 5.2444 3.1859 0.3228, 5.2813 3.2027 0.3812, 5.3046 3.2194 0.4489, 5.3107 3.2336 0.5206, 5.2995 3.2453 0.5919, 5.2692 3.256 0.6634, 5.2187 3.2646 0.7266, 5.1525 3.2703 0.7744, 5.0769 3.2733 0.8026, 4.9923 3.2754 0.8094, 4.9066 3.2761 0.792, 4.83 3.2763 0.7516, 4.7693 3.2754 0.6941, 4.7253 3.2733 0.6205, 4.7031 3.2732 0.5366, 4.7046 3.2738 0.452, 4.7276 3.2744 0.3756, 4.7694 3.2772 0.3079, 4.8273 3.2826 0.2534, 4.8947 3.2899 0.2167, 4.9642 3.2985 0.2001, 5.0344 3.3096 0.2, 5.1032 3.3233 0.2159, 5.1646 3.3388 0.2468, 5.2153 3.3539 0.2883, 5.2557 3.3696 0.3398, 5.2845 3.3846 0.4012, 5.2981 3.402 0.4682, 5.2963 3.4182 0.5355, 5.2793 3.4339 0.6021, 5.2445 3.4484 0.6663, 5.1929 3.4613 0.7217, 5.1289 3.4717 0.7636, 5.0554 3.4791 0.7876, 4.9731 3.4851 0.7913, 4.8906 3.4892 0.7715, 4.8173 3.4911 0.7301, 4.7583 3.4906 0.6715, 4.7163 3.4909 0.5955, 4.6966 3.4913 0.5096, 4.7014 3.4892 0.4239, 4.728 3.4878 0.346, 4.7755 3.4883 0.2764, 4.8398 3.4902 0.2226, 4.9131 3.4932 0.1894, 4.9876 3.4974 0.1773, 5.0632 3.5044 0.1835, 5.1336 3.5141 0.2089, 5.1932 3.5257 0.2486, 5.2389 3.5382 0.2978, 5.2726 3.5533 0.3563, 5.2931 3.5694 0.4215, 5.298 3.5857 0.4886, 5.2881 3.5997 0.5527, 5.2634 3.6164 0.6146, 5.2234 3.6334 0.6717, 5.1703 3.65 0.7189, 5.1394 3.6596 0.7391, 5.169 3.6417 0.7136, 5.222 3.6249 0.669, 5.2627 3.6074 0.6139, 5.2886 3.593 0.553, 5.3002 3.5776 0.4893, 5.2971 3.5618 0.4218, 5.2788 3.5461 0.3551, 5.2457 3.5329 0.2945, 5.2 3.5223 0.243, 5.1392 3.5129 0.201, 5.0662 3.5054 0.1754, 4.9885 3.5004 0.1687, 4.912 3.4982 0.1818, 4.8373 3.4968 0.2167, 4.7727 3.4959 0.2729, 4.7259 3.4965 0.3444, 4.7008 3.4993 0.4237, 4.6981 3.4994 0.5099, 4.7195 3.4988 0.5951, 4.7634 3.4984 0.6695, 4.8229 3.4971 0.7262, 4.896 3.4936 0.7652, 4.9771 3.4874 0.7829, 5.0572 3.479 0.7781, 5.1283 3.4691 0.7537, 5.1904 3.4569 0.7141, 5.2408 3.4422 0.6606, 5.2753 3.4256 0.5984, 5.2936 3.4096 0.5341, 5.2971 3.393 0.4679, 5.285 3.378 0.4012, 5.258 3.3615 0.3392, 5.2189 3.3463 0.2862, 5.1692 3.3316 0.2424, 5.107 3.318 0.2094, 5.0368 3.3062 0.1915, 4.9644 3.2973 0.1905, 4.8927 3.2909 0.2082, 4.8233 3.2857 0.2457, 4.7642 3.2822 0.3022, 4.7223 3.2811 0.3722, 4.7004 3.2814 0.4505, 4.7004 3.2818 0.5364, 4.7248 3.2834 0.6206, 4.7706 3.2836 0.6934, 4.8325 3.2842 0.7495, 4.9099 3.2839 0.7875, 4.9948 3.2813 0.803, 5.0778 3.2776 0.7944, 5.1512 3.2726 0.7652, 5.215 3.2645 0.7176, 5.2632 3.2534 0.6555, 5.2931 3.2408 0.5869, 5.3045 3.2273 0.5179, 5.2992 3.2112 0.448, 5.2782 3.1942 0.3815, 5.2434 3.1769 0.3232, 5.1984 3.163 0.2766, 5.143 3.1471 0.2405, 5.0789 3.131 0.2171, 5.0109 3.1155 0.2083, 4.9437 3.1029 0.215, 4.8772 3.0918 0.2376, 4.8144 3.0822 0.278, 4.7629 3.0748 0.3351, 4.7272 3.0704 0.4026, 4.7093 3.0678 0.4793, 4.7129 3.0661 0.5627, 4.7397 3.0653 0.6436, 4.7865 3.0663 0.7131, 4.8504 3.0689 0.7676, 4.9299 3.0687 0.804, 5.0166 3.0682 0.817, 5.1007 3.0682 0.8054, 5.1763 3.0668 0.7726, 5.2417 3.0629 0.7195, 5.2892 3.0567 0.6515, 5.3153 3.0488 0.5769, 5.3204 3.0389 0.502, 5.3078 3.0262 0.4282, 5.2778 3.0115 0.361, 5.2343 2.9953 0.3059, 5.1826 2.9795 0.2644, 5.2315 2.9867 0.3072, 5.2724 3.0033 0.3619, 5.301 3.02 0.4276, 5.3128 3.0344 0.4994, 5.307 3.0461 0.5714, 5.2828 3.0566 0.6442, 5.2374 3.0652 0.7112, 5.1746 3.0711 0.7645, 5.101 3.0742 0.7985, 5.0182 3.076 0.8117, 4.9316 3.0766 0.8012, 4.8514 3.0771 0.7666, 4.7859 3.0764 0.7134, 4.7371 3.0739 0.6444, 4.7084 3.0737 0.5628, 4.7032 3.0745 0.4777, 4.7204 3.0754 0.3989, 4.7565 3.0779 0.3292, 4.8097 3.0831 0.2706, 4.8743 3.0906 0.2284, 4.9433 3.0995 0.2062, 5.0123 3.1103 0.2009, 5.0817 3.1238 0.2113, 5.1457 3.1395 0.2374, 5.2003 3.1549 0.2753, 5.2439 3.1703 0.323, 5.2772 3.1852 0.3816, 5.2961 3.2026 0.4475, 5.2995 3.2191 0.5157, 5.2878 3.2346 0.5828, 5.2584 3.249 0.6491, 5.2112 3.2619 0.7085, 5.1499 3.2726 0.7556, 5.0788 3.2799 0.7851, 4.9977 3.2856 0.7952, 4.9139 3.2898 0.782, 4.8368 3.292 0.746, 4.7735 3.2915 0.6921, 4.7262 3.2915 0.6203, 4.6998 3.2919 0.5363, 4.6978 3.29 0.4497, 4.7185 3.2887 0.3697, 4.76 3.2889 0.2975, 4.8197 3.2907 0.2388, 4.8908 3.294 0.1997, 4.9646 3.2983 0.1817, 5.0395 3.305 0.1822, 5.1115 3.3146 0.2018, 5.1746 3.3264 0.2371, 5.2244 3.3391 0.283, 5.2619 3.3539 0.338, 5.2873 3.3699 0.4011, 5.2977 3.3864 0.4681, 5.2926 3.4007 0.5336, 5.273 3.4171 0.5963, 5.2378 3.434 0.656, 5.1883 3.4506 0.7076, 5.1278 3.4646 0.7456, 5.0591 3.4764 0.7684, 4.9813 3.4873 0.7742, 4.902 3.4958 0.7581, 4.8297 3.5014 0.7215, 4.7698 3.5044 0.667, 4.725 3.5066 0.5945, 4.7012 3.5073 0.5103, 4.7021 3.5074 0.4243, 4.7254 3.5065 0.344, 4.7711 3.5046 0.2707, 4.8356 3.5044 0.2126, 4.911 3.5049 0.1755, 4.9892 3.5055 0.161, 5.0692 3.5085 0.1672, 5.1442 3.5139 0.1938, 5.2073 3.5211 0.2367, 5.2536 3.5295 0.2907, 5.2862 3.5408 0.3536, 5.3035 3.5546 0.4221, 5.3041 3.57 0.4906, 5.2906 3.5849 0.5542, 5.2631 3.6008 0.6143, 5.2215 3.6159 0.668, 5.1683 3.6332 0.7106, 5.0418 3.6596 0.7506, 5.0421 3.6568 0.7499, 5.1082 3.6406 0.7365, 5.1681 3.6242 0.7096, 5.2217 3.6093 0.6685, 5.2646 3.5927 0.6159, 5.294 3.5773 0.5564, 5.3101 3.5628 0.4926, 5.3111 3.5493 0.4226, 5.2949 3.5374 0.3518, 5.2623 3.5283 0.2865, 5.214 3.522 0.2311, 5.1493 3.517 0.1867, 5.0719 3.5135 0.1599, 4.9899 3.5121 0.1547, 4.9104 3.5125 0.1711, 4.8345 3.5131 0.2101, 4.7707 3.5146 0.2703, 4.7266 3.5147 0.3449, 4.7051 3.5153 0.4255, 4.7067 3.5151 0.5112, 4.7318 3.5126 0.5938, 4.7775 3.5087 0.6641, 4.8373 3.5037 0.7161, 4.9083 3.4958 0.7507, 4.9855 3.4847 0.7653, 5.0606 3.472 0.7605, 5.1274 3.4584 0.7389, 5.1866 3.4424 0.7024, 5.2362 3.4254 0.6535, 5.2722 3.4081 0.5956, 5.2931 3.394 0.5338, 5.2999 3.3783 0.4686, 5.2914 3.3623 0.4011, 5.268 3.3467 0.3363, 5.2309 3.3339 0.2792, 5.1809 3.323 0.2309, 5.1165 3.3134 0.1935, 5.0419 3.306 0.1738, 4.9648 3.3014 0.173, 4.8891 3.299 0.1921, 4.8168 3.2974 0.2332, 4.7569 3.2965 0.2942, 4.7162 3.2973 0.3682, 4.6973 3.3001 0.4495, 4.7012 3.3 0.5364, 4.7293 3.2994 0.6197, 4.7785 3.2993 0.6897, 4.842 3.298 0.7416, 4.9187 3.2941 0.7753, 5.0011 3.2879 0.7865, 5.0799 3.2798 0.7755, 5.1486 3.27 0.7458, 5.2081 3.2575 0.7011, 5.2542 3.2427 0.6437, 5.2835 3.2264 0.5794, 5.2967 3.2106 0.5144, 5.2951 3.1937 0.4473, 5.2777 3.1785 0.3815, 5.2461 3.1622 0.3222, 5.2036 3.1473 0.273, 5.1499 3.1323 0.2325, 5.085 3.1186 0.2045, 5.0141 3.1069 0.1922, 4.9428 3.0983 0.1965, 4.8717 3.0916 0.2201, 4.8051 3.0862 0.2632, 4.7509 3.0829 0.3239, 4.7148 3.082 0.3958, 4.6989 3.0821 0.4766, 4.7057 3.0823 0.5628, 4.7365 3.084 0.6445, 4.7872 3.0845 0.7127, 4.8537 3.085 0.7644, 4.9344 3.0844 0.7965, 5.0201 3.0819 0.8051, 5.1013 3.0785 0.7902, 5.1726 3.0734 0.7554, 5.233 3.0651 0.7026, 5.2762 3.054 0.6369, 5.3003 3.0417 0.5669, 5.3064 3.0282 0.4971, 5.2956 3.0118 0.4272, 5.2694 2.9947 0.3625, 5.2925 3.0032 0.4269, 5.3012 3.0199 0.4953, 5.2947 3.0355 0.5632, 5.2708 3.0495 0.6309, 5.2285 3.0625 0.6938, 5.1705 3.0734 0.7459, 5.1016 3.0808 0.7809, 5.0225 3.0862 0.7972, 4.938 3.0904 0.7906, 4.8577 3.0927 0.7605, 4.79 3.0924 0.7111, 4.7379 3.0921 0.6441, 4.7051 3.0924 0.5628, 4.6962 3.0907 0.4759, 4.7109 3.0897 0.3937, 4.7463 3.0895 0.3196, 4.801 3.0912 0.2567, 4.8691 3.0947 0.2118, 4.9423 3.0993 0.1878, 5.016 3.1057 0.1828, 5.0889 3.1152 0.1966, 5.1549 3.1271 0.2268, 5.2089 3.1401 0.2694, 5.2499 3.1546 0.3208, 5.28 3.1705 0.3813, 5.2957 3.187 0.4474, 5.2957 3.2016 0.514, 5.2811 3.2178 0.5775, 5.2509 3.2345 0.6393, 5.2055 3.2513 0.6948, 5.1475 3.2655 0.7378, 5.081 3.2772 0.7657, 5.0045 3.2879 0.7775, 4.9242 3.2964 0.7677, 4.8484 3.3023 0.7364, 4.7847 3.3052 0.6868, 4.7348 3.3072 0.6187, 4.7044 3.3079 0.5367, 4.6986 3.3082 0.4499, 4.7157 3.3074 0.3679, 4.7551 3.3052 0.2922, 4.8147 3.305 0.2293, 4.8877 3.3057 0.186, 4.965 3.3064 0.1653, 5.0442 3.3091 0.1654, 5.1209 3.3144 0.186, 5.1877 3.3218 0.2241, 5.2386 3.3305 0.2748, 5.2753 3.3415 0.3342, 5.2978 3.3551 0.4009, 5.3039 3.3707 0.4696, 5.2952 3.3859 0.5349, 5.2726 3.4015 0.596, 5.2356 3.4164 0.6526, 5.1857 3.4339 0.6995, 5.1271 3.4502 0.7334, 5.0618 3.4657 0.7538, 4.989 3.4802 0.758, 4.9147 3.4932 0.7432, 4.8452 3.5037 0.7105, 4.7863 3.511 0.6607, 4.74 3.5169 0.5929, 4.7135 3.5211 0.5122, 4.7102 3.5231 0.4277, 4.7291 3.5225 0.3468, 4.7716 3.5228 0.2714, 4.8343 3.5231 0.2096, 4.91 3.5211 0.1684, 4.9903 3.5197 0.1502, 5.0741 3.5201 0.154, 5.1537 3.522 0.1804, 5.2207 3.5251 0.2255, 5.2702 3.5293 0.2826, 5.3044 3.5362 0.3499, 5.3199 3.5459 0.4231, 5.3173 3.5576 0.495, 5.2994 3.5701 0.5599, 5.2674 3.5851 0.6189, 5.2228 3.6012 0.6706, 5.1682 3.6176 0.7102, 5.1082 3.6316 0.7355, 4.9746 3.6596 0.7407, 4.975 3.6567 0.7402, 5.0431 3.6393 0.7459, 5.1082 3.625 0.7361, 5.1687 3.6095 0.7124, 5.2247 3.5936 0.6742, 5.2718 3.5779 0.6236, 5.3058 3.5649 0.5639, 5.3257 3.5542 0.4977, 5.3295 3.5447 0.4237, 5.3129 3.5372 0.3482, 5.278 3.5324 0.2788, 5.2266 3.5301 0.2205, 5.1574 3.5286 0.1752, 5.0757 3.5277 0.1498, 4.9906 3.5284 0.1475, 4.9099 3.5312 0.1678, 4.8348 3.5313 0.2109, 4.7735 3.5307 0.2739, 4.7335 3.5303 0.3502, 4.7165 3.5291 0.4304, 4.7217 3.5254 0.5135, 4.7493 3.5192 0.5918, 4.7953 3.5109 0.6573, 4.8533 3.501 0.7048, 4.9199 3.4887 0.737, 4.9919 3.474 0.7518, 5.0628 3.4575 0.7485, 5.1269 3.4416 0.7303, 5.1854 3.4249 0.6985, 5.2359 3.4098 0.6531, 5.2743 3.3934 0.5975, 5.2988 3.3783 0.5368, 5.3101 3.3635 0.4711, 5.3054 3.3499 0.4008, 5.2838 3.3381 0.3318, 5.2469 3.3293 0.2699, 5.194 3.3228 0.218, 5.1254 3.3175 0.1785, 5.0463 3.3141 0.158, 4.9652 3.313 0.159, 4.8867 3.3133 0.1816, 4.8135 3.3136 0.2269, 4.7547 3.3152 0.2918, 4.7169 3.3155 0.3687, 4.7017 3.3161 0.451, 4.71 3.3157 0.5371, 4.7415 3.3131 0.6174, 4.7922 3.3095 0.6832, 4.8556 3.3046 0.7305, 4.9298 3.2964 0.7599, 5.0081 3.2853 0.7683, 5.0818 3.2727 0.7577, 5.1465 3.2593 0.7311, 5.2035 3.243 0.6897, 5.2491 3.226 0.6369, 5.2802 3.2089 0.5769, 5.2962 3.195 0.5142, 5.2979 3.179 0.4478, 5.2841 3.1628 0.3809, 5.2559 3.1474 0.3186, 5.2151 3.1349 0.2651, 5.1606 3.1236 0.2202, 5.0932 3.114 0.1879, 5.0177 3.1067 0.1742, 4.9419 3.1024 0.1791, 4.8668 3.0997 0.2044, 4.7976 3.0979 0.2513, 4.743 3.0972 0.3166, 4.7085 3.0983 0.3924, 4.6957 3.1008 0.4758, 4.7065 3.1006 0.5628, 4.741 3.1 0.6433, 4.7948 3.1002 0.7084, 4.8626 3.0987 0.7558, 4.9423 3.0947 0.7836, 5.0251 3.0885 0.7882, 5.1019 3.0807 0.7712, 5.1685 3.0708 0.7363, 5.2249 3.058 0.6866, 5.2663 3.0433 0.6258, 5.2901 3.0272 0.5601, 5.2983 3.0114 0.4943, 5.1347 2.0553 0.7247
            ]
        }
        coordIndex [
            0,1,2,-1,0,2,3,-1,3,2,4,-1,3,4,5,-1,6,7,4,-1,4,7,8,-1,4,8,5,-1,9,10,11,-1,6,4,12,-1,12,4,13,-1,12,13,11,-1,11,13,14,-1,11,14,9,-1,15,3,5,-1,16,10,9,-1,17,18,19,-1,20,21,22,-1,23,24,25,-1,24,26,27,-1,28,29,30,-1,31,32,33,-1,34,35,36,-1,37,38,39,-1,40,41,42,-1,42,41,43,-1,44,45,46,-1,46,45,47,-1,0,3,48,-1,48,3,15,-1,48,15,47,-1,49,50,51,-1,52,53,54,-1,55,56,52,-1,52,56,57,-1,52,57,53,-1,58,59,60,-1,60,59,61,-1,60,61,38,-1,38,61,62,-1,38,62,39,-1,63,64,65,-1,65,66,63,-1,63,66,67,-1,63,67,68,-1,69,70,36,-1,36,70,71,-1,71,72,36,-1,36,72,73,-1,36,73,34,-1,74,75,76,-1,76,75,77,-1,78,79,80,-1,81,82,83,-1,84,85,86,-1,87,88,89,-1,90,91,92,-1,1,93,94,-1,95,96,97,-1,98,99,100,-1,101,102,103,-1,104,105,106,-1,107,108,109,-1,109,108,110,-1,111,112,113,-1,114,115,113,-1,113,115,116,-1,113,116,117,-1,117,118,113,-1,113,118,119,-1,113,119,120,-1,120,121,113,-1,113,121,122,-1,113,122,123,-1,123,124,113,-1,113,124,125,-1,113,125,111,-1,126,127,128,-1,127,129,128,-1,128,129,130,-1,128,130,131,-1,132,133,134,-1,134,133,135,-1,134,135,136,-1,132,137,138,-1,138,137,139,-1,140,141,142,-1,142,141,143,-1,142,143,144,-1,144,143,145,-1,146,147,148,-1,148,147,149,-1,148,149,150,-1,151,152,153,-1,153,152,154,-1,153,154,155,-1,156,157,158,-1,158,157,159,-1,158,159,160,-1,161,162,156,-1,156,162,163,-1,156,163,157,-1,157,163,164,-1,157,164,159,-1,29,165,30,-1,30,165,166,-1,30,166,161,-1,26,167,27,-1,27,167,168,-1,27,168,28,-1,23,25,169,-1,170,171,172,-1,172,171,173,-1,174,175,22,-1,22,175,176,-1,22,176,20,-1,177,178,179,-1,179,178,180,-1,179,180,181,-1,181,182,179,-1,179,182,183,-1,179,183,184,-1,184,185,179,-1,179,185,186,-1,179,186,174,-1,187,188,189,-1,189,190,187,-1,187,190,191,-1,187,191,192,-1,193,194,195,-1,196,197,198,-1,18,17,199,-1,200,201,202,-1,202,201,203,-1,204,205,206,-1,207,208,209,-1,210,211,212,-1,212,213,210,-1,210,213,208,-1,210,208,214,-1,214,208,207,-1,214,207,215,-1,215,207,216,-1,215,216,217,-1,217,216,218,-1,217,218,219,-1,219,218,220,-1,219,220,221,-1,221,220,222,-1,221,222,223,-1,223,222,224,-1,223,224,225,-1,225,224,226,-1,225,226,227,-1,227,226,228,-1,227,228,229,-1,229,228,230,-1,229,230,231,-1,231,230,232,-1,231,232,233,-1,233,232,234,-1,233,234,235,-1,235,234,236,-1,235,236,237,-1,237,236,238,-1,237,238,239,-1,239,238,240,-1,239,240,241,-1,241,240,242,-1,241,242,243,-1,243,242,244,-1,243,244,245,-1,245,244,246,-1,245,246,247,-1,247,246,248,-1,247,248,249,-1,249,248,250,-1,249,250,251,-1,251,250,252,-1,251,252,253,-1,253,252,254,-1,253,254,255,-1,255,254,256,-1,255,256,257,-1,257,256,258,-1,257,258,259,-1,259,258,260,-1,259,260,261,-1,261,260,262,-1,261,262,263,-1,263,262,264,-1,263,264,265,-1,265,264,266,-1,265,266,267,-1,267,266,268,-1,267,268,269,-1,269,268,270,-1,269,270,271,-1,271,270,272,-1,271,272,273,-1,273,272,274,-1,273,274,275,-1,275,274,276,-1,275,276,277,-1,277,276,278,-1,277,278,279,-1,279,278,280,-1,279,280,281,-1,281,280,282,-1,281,282,283,-1,283,282,284,-1,283,284,285,-1,285,284,286,-1,285,286,287,-1,287,286,288,-1,287,288,289,-1,289,288,290,-1,289,290,291,-1,291,290,292,-1,291,292,293,-1,293,292,294,-1,293,294,295,-1,295,294,296,-1,295,296,297,-1,297,296,298,-1,297,298,299,-1,299,298,300,-1,299,300,301,-1,301,300,302,-1,301,302,303,-1,303,302,304,-1,303,304,305,-1,305,304,306,-1,305,306,307,-1,307,306,308,-1,307,308,309,-1,309,308,310,-1,309,310,311,-1,311,310,312,-1,311,312,313,-1,313,312,314,-1,313,314,315,-1,315,314,316,-1,315,316,317,-1,317,316,318,-1,317,318,319,-1,319,318,320,-1,319,320,321,-1,321,320,322,-1,321,322,323,-1,323,322,324,-1,323,324,325,-1,325,324,326,-1,325,326,327,-1,327,326,328,-1,327,328,329,-1,329,328,330,-1,329,330,331,-1,331,330,332,-1,331,332,333,-1,333,332,334,-1,333,334,335,-1,335,334,336,-1,335,336,337,-1,337,336,338,-1,337,338,339,-1,339,338,340,-1,339,340,341,-1,341,340,342,-1,341,342,343,-1,343,342,344,-1,343,344,345,-1,345,344,346,-1,345,346,347,-1,347,346,348,-1,347,348,349,-1,349,348,350,-1,349,350,351,-1,351,350,352,-1,351,352,353,-1,353,352,354,-1,353,354,355,-1,355,354,356,-1,355,356,357,-1,357,356,358,-1,357,358,359,-1,359,358,360,-1,359,360,361,-1,361,360,362,-1,361,362,363,-1,363,362,364,-1,363,364,365,-1,365,364,366,-1,365,366,367,-1,367,366,368,-1,367,368,369,-1,369,368,370,-1,369,370,371,-1,371,370,372,-1,371,372,373,-1,373,372,374,-1,373,374,375,-1,375,374,376,-1,375,376,377,-1,377,376,378,-1,377,378,379,-1,379,378,380,-1,379,380,381,-1,381,380,382,-1,381,382,383,-1,383,382,384,-1,383,384,385,-1,385,384,386,-1,385,386,387,-1,387,386,388,-1,387,388,389,-1,389,388,390,-1,389,390,391,-1,391,390,392,-1,391,392,393,-1,393,392,394,-1,393,394,395,-1,395,394,396,-1,395,396,397,-1,397,396,398,-1,397,398,399,-1,399,398,400,-1,399,400,401,-1,401,400,402,-1,401,402,403,-1,403,402,404,-1,403,404,405,-1,405,404,406,-1,405,406,407,-1,407,406,408,-1,407,408,409,-1,409,408,410,-1,409,410,411,-1,411,410,412,-1,411,412,413,-1,413,412,414,-1,413,414,415,-1,415,414,416,-1,415,416,417,-1,417,416,418,-1,417,418,419,-1,419,418,420,-1,419,420,421,-1,421,420,422,-1,421,422,423,-1,423,422,424,-1,423,424,425,-1,425,424,426,-1,425,426,427,-1,427,426,428,-1,427,428,429,-1,429,428,430,-1,429,430,431,-1,431,430,432,-1,431,432,433,-1,433,432,434,-1,433,434,435,-1,435,434,436,-1,435,436,437,-1,437,436,438,-1,437,438,439,-1,439,438,440,-1,439,440,441,-1,441,440,442,-1,441,442,443,-1,443,442,444,-1,443,444,445,-1,445,444,446,-1,445,446,447,-1,447,446,448,-1,447,448,449,-1,449,448,450,-1,449,450,451,-1,451,450,452,-1,451,452,453,-1,453,452,454,-1,453,454,455,-1,455,454,456,-1,455,456,457,-1,457,456,458,-1,457,458,459,-1,459,458,460,-1,459,460,461,-1,461,460,462,-1,461,462,463,-1,209,464,207,-1,207,464,205,-1,207,205,216,-1,216,205,204,-1,216,204,218,-1,218,204,465,-1,218,465,220,-1,220,465,466,-1,220,466,222,-1,222,466,467,-1,222,467,224,-1,224,467,468,-1,224,468,226,-1,226,468,469,-1,226,469,228,-1,228,469,470,-1,228,470,230,-1,230,470,471,-1,230,471,232,-1,232,471,472,-1,232,472,234,-1,234,472,473,-1,234,473,236,-1,236,473,474,-1,236,474,238,-1,238,474,475,-1,238,475,240,-1,240,475,476,-1,240,476,242,-1,242,476,477,-1,242,477,244,-1,244,477,478,-1,244,478,246,-1,246,478,479,-1,246,479,248,-1,248,479,480,-1,248,480,250,-1,250,480,481,-1,250,481,252,-1,252,481,482,-1,252,482,254,-1,254,482,483,-1,254,483,256,-1,256,483,484,-1,256,484,258,-1,258,484,485,-1,258,485,260,-1,260,485,486,-1,260,486,262,-1,262,486,487,-1,262,487,264,-1,264,487,488,-1,264,488,266,-1,266,488,489,-1,266,489,268,-1,268,489,490,-1,268,490,270,-1,270,490,491,-1,270,491,272,-1,272,491,492,-1,272,492,274,-1,274,492,493,-1,274,493,276,-1,276,493,494,-1,276,494,278,-1,278,494,495,-1,278,495,280,-1,280,495,496,-1,280,496,282,-1,282,496,497,-1,282,497,284,-1,284,497,498,-1,284,498,286,-1,286,498,499,-1,286,499,288,-1,288,499,500,-1,288,500,290,-1,290,500,501,-1,290,501,292,-1,292,501,502,-1,292,502,294,-1,294,502,503,-1,294,503,296,-1,296,503,504,-1,296,504,298,-1,298,504,505,-1,298,505,300,-1,300,505,506,-1,300,506,302,-1,302,506,507,-1,302,507,304,-1,304,507,508,-1,304,508,306,-1,306,508,509,-1,306,509,308,-1,308,509,510,-1,308,510,310,-1,310,510,511,-1,310,511,312,-1,312,511,512,-1,312,512,314,-1,314,512,513,-1,314,513,316,-1,316,513,514,-1,316,514,318,-1,318,514,515,-1,318,515,320,-1,320,515,516,-1,320,516,322,-1,322,516,517,-1,322,517,324,-1,324,517,518,-1,324,518,326,-1,326,518,519,-1,326,519,328,-1,328,519,520,-1,328,520,330,-1,330,520,521,-1,330,521,332,-1,332,521,522,-1,332,522,334,-1,334,522,523,-1,334,523,336,-1,336,523,524,-1,336,524,338,-1,338,524,525,-1,338,525,340,-1,340,525,526,-1,340,526,342,-1,342,526,527,-1,342,527,344,-1,344,527,528,-1,344,528,346,-1,346,528,529,-1,346,529,348,-1,348,529,530,-1,348,530,350,-1,350,530,531,-1,350,531,352,-1,352,531,532,-1,352,532,354,-1,354,532,533,-1,354,533,356,-1,356,533,534,-1,356,534,358,-1,358,534,535,-1,358,535,360,-1,360,535,536,-1,360,536,362,-1,362,536,537,-1,362,537,364,-1,364,537,538,-1,364,538,366,-1,366,538,539,-1,366,539,368,-1,368,539,540,-1,368,540,370,-1,370,540,541,-1,370,541,372,-1,372,541,542,-1,372,542,374,-1,374,542,543,-1,374,543,376,-1,376,543,544,-1,376,544,378,-1,378,544,545,-1,378,545,380,-1,380,545,546,-1,380,546,382,-1,382,546,547,-1,382,547,384,-1,384,547,548,-1,384,548,386,-1,386,548,549,-1,386,549,388,-1,388,549,550,-1,388,550,390,-1,390,550,551,-1,390,551,392,-1,392,551,552,-1,392,552,394,-1,394,552,553,-1,394,553,396,-1,396,553,554,-1,396,554,398,-1,398,554,555,-1,398,555,400,-1,400,555,556,-1,400,556,402,-1,402,556,557,-1,402,557,404,-1,404,557,558,-1,404,558,406,-1,406,558,559,-1,406,559,408,-1,408,559,560,-1,408,560,410,-1,410,560,561,-1,410,561,412,-1,412,561,562,-1,412,562,414,-1,414,562,563,-1,414,563,416,-1,416,563,564,-1,416,564,418,-1,418,564,565,-1,418,565,420,-1,420,565,566,-1,420,566,422,-1,422,566,567,-1,422,567,424,-1,424,567,568,-1,424,568,426,-1,426,568,569,-1,426,569,428,-1,428,569,570,-1,428,570,430,-1,430,570,571,-1,430,571,432,-1,432,571,572,-1,432,572,434,-1,434,572,573,-1,434,573,436,-1,436,573,574,-1,436,574,438,-1,438,574,575,-1,438,575,440,-1,440,575,576,-1,440,576,442,-1,442,576,577,-1,442,577,444,-1,444,577,578,-1,444,578,446,-1,446,578,579,-1,446,579,448,-1,448,579,580,-1,448,580,450,-1,450,580,581,-1,450,581,452,-1,452,581,582,-1,452,582,454,-1,454,582,583,-1,454,583,456,-1,456,583,584,-1,456,584,458,-1,458,584,585,-1,458,585,460,-1,460,585,586,-1,460,586,462,-1,206,587,204,-1,204,587,203,-1,204,203,465,-1,465,203,201,-1,465,201,466,-1,466,201,588,-1,466,588,467,-1,467,588,589,-1,467,589,468,-1,468,589,590,-1,468,590,469,-1,469,590,591,-1,469,591,470,-1,470,591,592,-1,470,592,471,-1,471,592,593,-1,471,593,472,-1,472,593,594,-1,472,594,473,-1,473,594,595,-1,473,595,474,-1,474,595,596,-1,474,596,475,-1,475,596,597,-1,475,597,476,-1,476,597,598,-1,476,598,477,-1,477,598,599,-1,477,599,478,-1,478,599,600,-1,478,600,479,-1,479,600,601,-1,479,601,480,-1,480,601,602,-1,480,602,481,-1,481,602,603,-1,481,603,482,-1,482,603,604,-1,482,604,483,-1,483,604,605,-1,483,605,484,-1,484,605,606,-1,484,606,485,-1,485,606,607,-1,485,607,486,-1,486,607,608,-1,486,608,487,-1,487,608,609,-1,487,609,488,-1,488,609,610,-1,488,610,489,-1,489,610,611,-1,489,611,490,-1,490,611,612,-1,490,612,491,-1,491,612,613,-1,491,613,492,-1,492,613,614,-1,492,614,493,-1,493,614,615,-1,493,615,494,-1,494,615,616,-1,494,616,495,-1,495,616,617,-1,495,617,496,-1,496,617,618,-1,496,618,497,-1,497,618,619,-1,497,619,498,-1,498,619,620,-1,498,620,499,-1,499,620,621,-1,499,621,500,-1,500,621,622,-1,500,622,501,-1,501,622,623,-1,501,623,502,-1,502,623,624,-1,502,624,503,-1,503,624,625,-1,503,625,504,-1,504,625,626,-1,504,626,505,-1,505,626,627,-1,505,627,506,-1,506,627,628,-1,506,628,507,-1,507,628,629,-1,507,629,508,-1,508,629,630,-1,508,630,509,-1,509,630,631,-1,509,631,510,-1,510,631,632,-1,510,632,511,-1,511,632,633,-1,511,633,512,-1,512,633,634,-1,512,634,513,-1,513,634,635,-1,513,635,514,-1,514,635,636,-1,514,636,515,-1,515,636,637,-1,515,637,516,-1,516,637,638,-1,516,638,517,-1,517,638,639,-1,517,639,518,-1,518,639,640,-1,518,640,519,-1,519,640,641,-1,519,641,520,-1,520,641,642,-1,520,642,521,-1,521,642,643,-1,521,643,522,-1,522,643,644,-1,522,644,523,-1,523,644,645,-1,523,645,524,-1,524,645,646,-1,524,646,525,-1,525,646,647,-1,525,647,526,-1,526,647,648,-1,526,648,527,-1,527,648,649,-1,527,649,528,-1,528,649,650,-1,528,650,529,-1,529,650,651,-1,529,651,530,-1,530,651,652,-1,530,652,531,-1,531,652,653,-1,531,653,532,-1,532,653,654,-1,532,654,533,-1,533,654,655,-1,533,655,534,-1,534,655,656,-1,534,656,535,-1,535,656,657,-1,535,657,536,-1,536,657,658,-1,536,658,537,-1,537,658,659,-1,537,659,538,-1,538,659,660,-1,538,660,539,-1,539,660,661,-1,539,661,540,-1,540,661,662,-1,540,662,541,-1,541,662,663,-1,541,663,542,-1,542,663,664,-1,542,664,543,-1,543,664,665,-1,543,665,544,-1,544,665,666,-1,544,666,545,-1,545,666,667,-1,545,667,546,-1,546,667,668,-1,546,668,547,-1,547,668,669,-1,547,669,548,-1,548,669,670,-1,548,670,549,-1,549,670,671,-1,549,671,550,-1,550,671,672,-1,550,672,551,-1,551,672,673,-1,551,673,552,-1,552,673,674,-1,552,674,553,-1,553,674,675,-1,553,675,554,-1,554,675,676,-1,554,676,555,-1,555,676,677,-1,555,677,556,-1,556,677,678,-1,556,678,557,-1,557,678,679,-1,557,679,558,-1,558,679,680,-1,558,680,559,-1,559,680,681,-1,559,681,560,-1,560,681,682,-1,560,682,561,-1,561,682,683,-1,561,683,562,-1,562,683,684,-1,562,684,563,-1,563,684,685,-1,563,685,564,-1,564,685,686,-1,564,686,565,-1,565,686,687,-1,565,687,566,-1,566,687,688,-1,566,688,567,-1,567,688,689,-1,567,689,568,-1,568,689,690,-1,568,690,569,-1,569,690,691,-1,569,691,570,-1,570,691,692,-1,570,692,571,-1,571,692,693,-1,571,693,572,-1,572,693,694,-1,572,694,573,-1,573,694,695,-1,573,695,574,-1,574,695,696,-1,574,696,575,-1,575,696,697,-1,575,697,576,-1,576,697,698,-1,576,698,577,-1,577,698,699,-1,577,699,578,-1,578,699,700,-1,578,700,579,-1,579,700,701,-1,579,701,580,-1,580,701,702,-1,580,702,581,-1,581,702,703,-1,581,703,582,-1,582,703,704,-1,582,704,583,-1,583,704,705,-1,583,705,584,-1,584,705,706,-1,584,706,585,-1,585,706,707,-1,585,707,586,-1,200,19,201,-1,201,19,18,-1,201,18,588,-1,588,18,199,-1,588,199,589,-1,589,199,708,-1,589,708,590,-1,590,708,709,-1,590,709,591,-1,591,709,710,-1,591,710,592,-1,592,710,711,-1,592,711,593,-1,593,711,712,-1,593,712,594,-1,594,712,713,-1,594,713,595,-1,595,713,714,-1,595,714,596,-1,596,714,715,-1,596,715,597,-1,597,715,716,-1,597,716,598,-1,598,716,717,-1,598,717,599,-1,599,717,718,-1,599,718,600,-1,600,718,719,-1,600,719,601,-1,601,719,720,-1,601,720,602,-1,602,720,721,-1,602,721,603,-1,603,721,722,-1,603,722,604,-1,604,722,723,-1,604,723,605,-1,605,723,724,-1,605,724,606,-1,606,724,725,-1,606,725,607,-1,607,725,726,-1,607,726,608,-1,608,726,727,-1,608,727,609,-1,609,727,728,-1,609,728,610,-1,610,728,729,-1,610,729,611,-1,611,729,730,-1,611,730,612,-1,612,730,731,-1,612,731,613,-1,613,731,732,-1,613,732,614,-1,614,732,733,-1,614,733,615,-1,615,733,734,-1,615,734,616,-1,616,734,735,-1,616,735,617,-1,617,735,736,-1,617,736,618,-1,618,736,737,-1,618,737,619,-1,619,737,738,-1,619,738,620,-1,620,738,739,-1,620,739,621,-1,621,739,740,-1,621,740,622,-1,622,740,741,-1,622,741,623,-1,623,741,742,-1,623,742,624,-1,624,742,743,-1,624,743,625,-1,625,743,744,-1,625,744,626,-1,626,744,745,-1,626,745,627,-1,627,745,746,-1,627,746,628,-1,628,746,747,-1,628,747,629,-1,629,747,748,-1,629,748,630,-1,630,748,749,-1,630,749,631,-1,631,749,750,-1,631,750,632,-1,632,750,751,-1,632,751,633,-1,633,751,752,-1,633,752,634,-1,634,752,753,-1,634,753,635,-1,635,753,754,-1,635,754,636,-1,636,754,755,-1,636,755,637,-1,637,755,756,-1,637,756,638,-1,638,756,757,-1,638,757,639,-1,639,757,758,-1,639,758,640,-1,640,758,759,-1,640,759,641,-1,641,759,760,-1,641,760,642,-1,642,760,761,-1,642,761,643,-1,643,761,762,-1,643,762,644,-1,644,762,763,-1,644,763,645,-1,645,763,764,-1,645,764,646,-1,646,764,765,-1,646,765,647,-1,647,765,766,-1,647,766,648,-1,648,766,767,-1,648,767,649,-1,649,767,768,-1,649,768,650,-1,650,768,769,-1,650,769,651,-1,651,769,770,-1,651,770,652,-1,652,770,771,-1,652,771,653,-1,653,771,772,-1,653,772,654,-1,654,772,773,-1,654,773,655,-1,655,773,774,-1,655,774,656,-1,656,774,775,-1,656,775,657,-1,657,775,776,-1,657,776,658,-1,658,776,777,-1,658,777,659,-1,659,777,778,-1,659,778,660,-1,660,778,779,-1,660,779,661,-1,661,779,780,-1,661,780,662,-1,662,780,781,-1,662,781,663,-1,663,781,782,-1,663,782,664,-1,664,782,783,-1,664,783,665,-1,665,783,784,-1,665,784,666,-1,666,784,785,-1,666,785,667,-1,667,785,786,-1,667,786,668,-1,668,786,787,-1,668,787,669,-1,669,787,788,-1,669,788,670,-1,670,788,789,-1,670,789,671,-1,671,789,790,-1,671,790,672,-1,672,790,791,-1,672,791,673,-1,673,791,792,-1,673,792,674,-1,674,792,793,-1,674,793,675,-1,675,793,794,-1,675,794,676,-1,676,794,795,-1,676,795,677,-1,677,795,796,-1,677,796,678,-1,678,796,797,-1,678,797,679,-1,679,797,798,-1,679,798,680,-1,680,798,799,-1,680,799,681,-1,681,799,800,-1,681,800,682,-1,682,800,801,-1,682,801,683,-1,683,801,802,-1,683,802,684,-1,684,802,803,-1,684,803,685,-1,685,803,804,-1,685,804,686,-1,686,804,805,-1,686,805,687,-1,687,805,806,-1,687,806,688,-1,688,806,807,-1,688,807,689,-1,689,807,808,-1,689,808,690,-1,690,808,809,-1,690,809,691,-1,691,809,810,-1,691,810,692,-1,692,810,811,-1,692,811,693,-1,693,811,812,-1,693,812,694,-1,694,812,813,-1,694,813,695,-1,695,813,814,-1,695,814,696,-1,696,814,815,-1,696,815,697,-1,697,815,816,-1,697,816,698,-1,698,816,817,-1,698,817,699,-1,699,817,818,-1,699,818,700,-1,700,818,819,-1,700,819,701,-1,701,819,820,-1,701,820,702,-1,702,820,821,-1,702,821,703,-1,703,821,822,-1,703,822,704,-1,704,822,823,-1,704,823,705,-1,705,823,824,-1,705,824,706,-1,706,824,825,-1,706,825,707,-1,17,197,199,-1,199,197,196,-1,199,196,708,-1,708,196,826,-1,708,826,709,-1,709,826,827,-1,709,827,710,-1,710,827,828,-1,710,828,711,-1,711,828,829,-1,711,829,712,-1,712,829,830,-1,712,830,713,-1,713,830,831,-1,713,831,714,-1,714,831,832,-1,714,832,715,-1,715,832,833,-1,715,833,716,-1,716,833,834,-1,716,834,717,-1,717,834,835,-1,717,835,718,-1,718,835,836,-1,718,836,719,-1,719,836,837,-1,719,837,720,-1,720,837,838,-1,720,838,721,-1,721,838,839,-1,721,839,722,-1,722,839,840,-1,722,840,723,-1,723,840,841,-1,723,841,724,-1,724,841,842,-1,724,842,725,-1,725,842,843,-1,725,843,726,-1,726,843,844,-1,726,844,727,-1,727,844,845,-1,727,845,728,-1,728,845,846,-1,728,846,729,-1,729,846,847,-1,729,847,730,-1,730,847,848,-1,730,848,731,-1,731,848,849,-1,731,849,732,-1,732,849,850,-1,732,850,733,-1,733,850,851,-1,733,851,734,-1,734,851,852,-1,734,852,735,-1,735,852,853,-1,735,853,736,-1,736,853,854,-1,736,854,737,-1,737,854,855,-1,737,855,738,-1,738,855,856,-1,738,856,739,-1,739,856,857,-1,739,857,740,-1,740,857,858,-1,740,858,741,-1,741,858,859,-1,741,859,742,-1,742,859,860,-1,742,860,743,-1,743,860,861,-1,743,861,744,-1,744,861,862,-1,744,862,745,-1,745,862,863,-1,745,863,746,-1,746,863,864,-1,746,864,747,-1,747,864,865,-1,747,865,748,-1,748,865,866,-1,748,866,749,-1,749,866,867,-1,749,867,750,-1,750,867,868,-1,750,868,751,-1,751,868,869,-1,751,869,752,-1,752,869,870,-1,752,870,753,-1,753,870,871,-1,753,871,754,-1,754,871,872,-1,754,872,755,-1,755,872,873,-1,755,873,756,-1,756,873,874,-1,756,874,757,-1,757,874,875,-1,757,875,758,-1,758,875,876,-1,758,876,759,-1,759,876,877,-1,759,877,760,-1,760,877,878,-1,760,878,761,-1,761,878,879,-1,761,879,762,-1,762,879,880,-1,762,880,763,-1,763,880,881,-1,763,881,764,-1,764,881,882,-1,764,882,765,-1,765,882,883,-1,765,883,766,-1,766,883,884,-1,766,884,767,-1,767,884,885,-1,767,885,768,-1,768,885,886,-1,768,886,769,-1,769,886,887,-1,769,887,770,-1,770,887,888,-1,770,888,771,-1,771,888,889,-1,771,889,772,-1,772,889,890,-1,772,890,773,-1,773,890,891,-1,773,891,774,-1,774,891,892,-1,774,892,775,-1,775,892,893,-1,775,893,776,-1,776,893,894,-1,776,894,777,-1,777,894,895,-1,777,895,778,-1,778,895,896,-1,778,896,779,-1,779,896,897,-1,779,897,780,-1,780,897,898,-1,780,898,781,-1,781,898,899,-1,781,899,782,-1,782,899,900,-1,782,900,783,-1,783,900,901,-1,783,901,784,-1,784,901,902,-1,784,902,785,-1,785,902,903,-1,785,903,786,-1,786,903,904,-1,786,904,787,-1,787,904,905,-1,787,905,788,-1,788,905,906,-1,788,906,789,-1,789,906,907,-1,789,907,790,-1,790,907,908,-1,790,908,791,-1,791,908,909,-1,791,909,792,-1,792,909,910,-1,792,910,793,-1,793,910,911,-1,793,911,794,-1,794,911,912,-1,794,912,795,-1,795,912,913,-1,795,913,796,-1,796,913,914,-1,796,914,797,-1,797,914,915,-1,797,915,798,-1,798,915,916,-1,798,916,799,-1,799,916,917,-1,799,917,800,-1,800,917,918,-1,800,918,801,-1,801,918,919,-1,801,919,802,-1,802,919,920,-1,802,920,803,-1,803,920,921,-1,803,921,804,-1,804,921,922,-1,804,922,805,-1,805,922,923,-1,805,923,806,-1,806,923,924,-1,806,924,807,-1,807,924,925,-1,807,925,808,-1,808,925,926,-1,808,926,809,-1,809,926,927,-1,809,927,810,-1,810,927,928,-1,810,928,811,-1,811,928,929,-1,811,929,812,-1,812,929,930,-1,812,930,813,-1,813,930,931,-1,813,931,814,-1,814,931,932,-1,814,932,815,-1,815,932,933,-1,815,933,816,-1,816,933,934,-1,816,934,817,-1,817,934,935,-1,817,935,818,-1,818,935,936,-1,818,936,819,-1,819,936,937,-1,819,937,820,-1,820,937,938,-1,820,938,821,-1,821,938,939,-1,821,939,822,-1,822,939,940,-1,822,940,823,-1,823,940,941,-1,823,941,824,-1,824,941,942,-1,824,942,825,-1,198,943,196,-1,196,943,188,-1,196,188,826,-1,826,188,187,-1,826,187,827,-1,827,187,944,-1,827,944,828,-1,828,944,945,-1,828,945,829,-1,829,945,946,-1,829,946,830,-1,830,946,947,-1,830,947,831,-1,831,947,948,-1,831,948,832,-1,832,948,949,-1,832,949,833,-1,833,949,950,-1,833,950,834,-1,834,950,951,-1,834,951,835,-1,835,951,952,-1,835,952,836,-1,836,952,953,-1,836,953,837,-1,837,953,954,-1,837,954,838,-1,838,954,955,-1,838,955,839,-1,839,955,956,-1,839,956,840,-1,840,956,957,-1,840,957,841,-1,841,957,958,-1,841,958,842,-1,842,958,959,-1,842,959,843,-1,843,959,960,-1,843,960,844,-1,844,960,961,-1,844,961,845,-1,845,961,962,-1,845,962,846,-1,846,962,963,-1,846,963,847,-1,847,963,964,-1,847,964,848,-1,848,964,965,-1,848,965,849,-1,849,965,966,-1,849,966,850,-1,850,966,967,-1,850,967,851,-1,851,967,968,-1,851,968,852,-1,852,968,969,-1,852,969,853,-1,853,969,970,-1,853,970,854,-1,854,970,971,-1,854,971,855,-1,855,971,972,-1,855,972,856,-1,856,972,973,-1,856,973,857,-1,857,973,974,-1,857,974,858,-1,858,974,975,-1,858,975,859,-1,859,975,976,-1,859,976,860,-1,860,976,977,-1,860,977,861,-1,861,977,978,-1,861,978,862,-1,862,978,979,-1,862,979,863,-1,863,979,980,-1,863,980,864,-1,864,980,981,-1,864,981,865,-1,865,981,982,-1,865,982,866,-1,866,982,983,-1,866,983,867,-1,867,983,984,-1,867,984,868,-1,868,984,985,-1,868,985,869,-1,869,985,986,-1,869,986,870,-1,870,986,987,-1,870,987,871,-1,871,987,988,-1,871,988,872,-1,872,988,989,-1,872,989,873,-1,873,989,990,-1,873,990,874,-1,874,990,991,-1,874,991,875,-1,875,991,992,-1,875,992,876,-1,876,992,993,-1,876,993,877,-1,877,993,994,-1,877,994,878,-1,878,994,995,-1,878,995,879,-1,879,995,996,-1,879,996,880,-1,880,996,997,-1,880,997,881,-1,881,997,998,-1,881,998,882,-1,882,998,999,-1,882,999,883,-1,883,999,1000,-1,883,1000,884,-1,884,1000,1001,-1,884,1001,885,-1,885,1001,1002,-1,885,1002,886,-1,886,1002,1003,-1,886,1003,887,-1,887,1003,1004,-1,887,1004,888,-1,888,1004,1005,-1,888,1005,889,-1,889,1005,1006,-1,889,1006,890,-1,890,1006,1007,-1,890,1007,891,-1,891,1007,1008,-1,891,1008,892,-1,892,1008,1009,-1,892,1009,893,-1,893,1009,1010,-1,893,1010,894,-1,894,1010,1011,-1,894,1011,895,-1,895,1011,1012,-1,895,1012,896,-1,896,1012,1013,-1,896,1013,897,-1,897,1013,1014,-1,897,1014,898,-1,898,1014,1015,-1,898,1015,899,-1,899,1015,1016,-1,899,1016,900,-1,900,1016,1017,-1,900,1017,901,-1,901,1017,1018,-1,901,1018,902,-1,902,1018,1019,-1,902,1019,903,-1,903,1019,1020,-1,903,1020,904,-1,904,1020,1021,-1,904,1021,905,-1,905,1021,1022,-1,905,1022,906,-1,906,1022,1023,-1,906,1023,907,-1,907,1023,1024,-1,907,1024,908,-1,908,1024,1025,-1,908,1025,909,-1,909,1025,1026,-1,909,1026,910,-1,910,1026,1027,-1,910,1027,911,-1,911,1027,1028,-1,911,1028,912,-1,912,1028,1029,-1,912,1029,913,-1,913,1029,1030,-1,913,1030,914,-1,914,1030,1031,-1,914,1031,915,-1,915,1031,1032,-1,915,1032,916,-1,916,1032,1033,-1,916,1033,917,-1,917,1033,1034,-1,917,1034,918,-1,918,1034,1035,-1,918,1035,919,-1,919,1035,1036,-1,919,1036,920,-1,920,1036,1037,-1,920,1037,921,-1,921,1037,1038,-1,921,1038,922,-1,922,1038,1039,-1,922,1039,923,-1,923,1039,1040,-1,923,1040,924,-1,924,1040,1041,-1,924,1041,925,-1,925,1041,1042,-1,925,1042,926,-1,926,1042,1043,-1,926,1043,927,-1,927,1043,1044,-1,927,1044,928,-1,928,1044,1045,-1,928,1045,929,-1,929,1045,1046,-1,929,1046,930,-1,930,1046,1047,-1,930,1047,931,-1,931,1047,1048,-1,931,1048,932,-1,932,1048,1049,-1,932,1049,933,-1,933,1049,1050,-1,933,1050,934,-1,934,1050,1051,-1,934,1051,935,-1,935,1051,1052,-1,935,1052,936,-1,936,1052,1053,-1,936,1053,937,-1,937,1053,1054,-1,937,1054,938,-1,938,1054,1055,-1,938,1055,939,-1,939,1055,1056,-1,939,1056,940,-1,940,1056,1057,-1,940,1057,941,-1,941,1057,1058,-1,941,1058,942,-1,192,193,187,-1,187,193,195,-1,187,195,944,-1,944,195,1059,-1,944,1059,945,-1,945,1059,1060,-1,945,1060,946,-1,946,1060,1061,-1,946,1061,947,-1,947,1061,1062,-1,947,1062,948,-1,948,1062,1063,-1,948,1063,949,-1,949,1063,1064,-1,949,1064,950,-1,950,1064,1065,-1,950,1065,951,-1,951,1065,1066,-1,951,1066,952,-1,952,1066,1067,-1,952,1067,953,-1,953,1067,1068,-1,953,1068,954,-1,954,1068,1069,-1,954,1069,955,-1,955,1069,1070,-1,955,1070,956,-1,956,1070,1071,-1,956,1071,957,-1,957,1071,1072,-1,957,1072,958,-1,958,1072,1073,-1,958,1073,959,-1,959,1073,1074,-1,959,1074,960,-1,960,1074,1075,-1,960,1075,961,-1,961,1075,1076,-1,961,1076,962,-1,962,1076,1077,-1,962,1077,963,-1,963,1077,1078,-1,963,1078,964,-1,964,1078,1079,-1,964,1079,965,-1,965,1079,1080,-1,965,1080,966,-1,966,1080,1081,-1,966,1081,967,-1,967,1081,1082,-1,967,1082,968,-1,968,1082,1083,-1,968,1083,969,-1,969,1083,1084,-1,969,1084,970,-1,970,1084,1085,-1,970,1085,971,-1,971,1085,1086,-1,971,1086,972,-1,972,1086,1087,-1,972,1087,973,-1,973,1087,1088,-1,973,1088,974,-1,974,1088,1089,-1,974,1089,975,-1,975,1089,1090,-1,975,1090,976,-1,976,1090,1091,-1,976,1091,977,-1,977,1091,1092,-1,977,1092,978,-1,978,1092,1093,-1,978,1093,979,-1,979,1093,1094,-1,979,1094,980,-1,980,1094,1095,-1,980,1095,981,-1,981,1095,1096,-1,981,1096,982,-1,982,1096,1097,-1,982,1097,983,-1,983,1097,1098,-1,983,1098,984,-1,984,1098,1099,-1,984,1099,985,-1,985,1099,1100,-1,985,1100,986,-1,986,1100,1101,-1,986,1101,987,-1,987,1101,1102,-1,987,1102,988,-1,988,1102,1103,-1,988,1103,989,-1,989,1103,1104,-1,989,1104,990,-1,990,1104,1105,-1,990,1105,991,-1,991,1105,1106,-1,991,1106,992,-1,992,1106,1107,-1,992,1107,993,-1,993,1107,1108,-1,993,1108,994,-1,994,1108,1109,-1,994,1109,995,-1,995,1109,1110,-1,995,1110,996,-1,996,1110,1111,-1,996,1111,997,-1,997,1111,1112,-1,997,1112,998,-1,998,1112,1113,-1,998,1113,999,-1,999,1113,1114,-1,999,1114,1000,-1,1000,1114,1115,-1,1000,1115,1001,-1,1001,1115,1116,-1,1001,1116,1002,-1,1002,1116,1117,-1,1002,1117,1003,-1,1003,1117,1118,-1,1003,1118,1004,-1,1004,1118,1119,-1,1004,1119,1005,-1,1005,1119,1120,-1,1005,1120,1006,-1,1006,1120,1121,-1,1006,1121,1007,-1,1007,1121,1122,-1,1007,1122,1008,-1,1008,1122,1123,-1,1008,1123,1009,-1,1009,1123,1124,-1,1009,1124,1010,-1,1010,1124,1125,-1,1010,1125,1011,-1,1011,1125,1126,-1,1011,1126,1012,-1,1012,1126,1127,-1,1012,1127,1013,-1,1013,1127,1128,-1,1013,1128,1014,-1,1014,1128,1129,-1,1014,1129,1015,-1,1015,1129,1130,-1,1015,1130,1016,-1,1016,1130,1131,-1,1016,1131,1017,-1,1017,1131,1132,-1,1017,1132,1018,-1,1018,1132,1133,-1,1018,1133,1019,-1,1019,1133,1134,-1,1019,1134,1020,-1,1020,1134,1135,-1,1020,1135,1021,-1,1021,1135,1136,-1,1021,1136,1022,-1,1022,1136,1137,-1,1022,1137,1023,-1,1023,1137,1138,-1,1023,1138,1024,-1,1024,1138,1139,-1,1024,1139,1025,-1,1025,1139,1140,-1,1025,1140,1026,-1,1026,1140,1141,-1,1026,1141,1027,-1,1027,1141,1142,-1,1027,1142,1028,-1,1028,1142,1143,-1,1028,1143,1029,-1,1029,1143,1144,-1,1029,1144,1030,-1,1030,1144,1145,-1,1030,1145,1031,-1,1031,1145,1146,-1,1031,1146,1032,-1,1032,1146,1147,-1,1032,1147,1033,-1,1033,1147,1148,-1,1033,1148,1034,-1,1034,1148,1149,-1,1034,1149,1035,-1,1035,1149,1150,-1,1035,1150,1036,-1,1036,1150,1151,-1,1036,1151,1037,-1,1037,1151,1152,-1,1037,1152,1038,-1,1038,1152,1153,-1,1038,1153,1039,-1,1039,1153,1154,-1,1039,1154,1040,-1,1040,1154,1155,-1,1040,1155,1041,-1,1041,1155,1156,-1,1041,1156,1042,-1,1042,1156,1157,-1,1042,1157,1043,-1,1043,1157,1158,-1,1043,1158,1044,-1,1044,1158,1159,-1,1044,1159,1045,-1,1045,1159,1160,-1,1045,1160,1046,-1,1046,1160,1161,-1,1046,1161,1047,-1,1047,1161,1162,-1,1047,1162,1048,-1,1048,1162,1163,-1,1048,1163,1049,-1,1049,1163,1164,-1,1049,1164,1050,-1,1050,1164,1165,-1,1050,1165,1051,-1,1051,1165,1166,-1,1051,1166,1052,-1,1052,1166,1167,-1,1052,1167,1053,-1,1053,1167,1168,-1,1053,1168,1054,-1,1054,1168,1169,-1,1054,1169,1055,-1,1055,1169,1170,-1,1055,1170,1056,-1,1056,1170,1171,-1,1056,1171,1057,-1,1057,1171,1172,-1,1057,1172,1058,-1,194,177,195,-1,195,177,179,-1,195,179,1059,-1,1059,179,1173,-1,1059,1173,1060,-1,1060,1173,1174,-1,1060,1174,1061,-1,1061,1174,1175,-1,1061,1175,1062,-1,1062,1175,1176,-1,1062,1176,1063,-1,1063,1176,1177,-1,1063,1177,1064,-1,1064,1177,1178,-1,1064,1178,1065,-1,1065,1178,1179,-1,1065,1179,1066,-1,1066,1179,1180,-1,1066,1180,1067,-1,1067,1180,1181,-1,1067,1181,1068,-1,1068,1181,1182,-1,1068,1182,1069,-1,1069,1182,1183,-1,1069,1183,1070,-1,1070,1183,1184,-1,1070,1184,1071,-1,1071,1184,1185,-1,1071,1185,1072,-1,1072,1185,1186,-1,1072,1186,1073,-1,1073,1186,1187,-1,1073,1187,1074,-1,1074,1187,1188,-1,1074,1188,1075,-1,1075,1188,1189,-1,1075,1189,1076,-1,1076,1189,1190,-1,1076,1190,1077,-1,1077,1190,1191,-1,1077,1191,1078,-1,1078,1191,1192,-1,1078,1192,1079,-1,1079,1192,1193,-1,1079,1193,1080,-1,1080,1193,1194,-1,1080,1194,1081,-1,1081,1194,1195,-1,1081,1195,1082,-1,1082,1195,1196,-1,1082,1196,1083,-1,1083,1196,1197,-1,1083,1197,1084,-1,1084,1197,1198,-1,1084,1198,1085,-1,1085,1198,1199,-1,1085,1199,1086,-1,1086,1199,1200,-1,1086,1200,1087,-1,1087,1200,1201,-1,1087,1201,1088,-1,1088,1201,1202,-1,1088,1202,1089,-1,1089,1202,1203,-1,1089,1203,1090,-1,1090,1203,1204,-1,1090,1204,1091,-1,1091,1204,1205,-1,1091,1205,1092,-1,1092,1205,1206,-1,1092,1206,1093,-1,1093,1206,1207,-1,1093,1207,1094,-1,1094,1207,1208,-1,1094,1208,1095,-1,1095,1208,1209,-1,1095,1209,1096,-1,1096,1209,1210,-1,1096,1210,1097,-1,1097,1210,1211,-1,1097,1211,1098,-1,1098,1211,1212,-1,1098,1212,1099,-1,1099,1212,1213,-1,1099,1213,1100,-1,1100,1213,1214,-1,1100,1214,1101,-1,1101,1214,1215,-1,1101,1215,1102,-1,1102,1215,1216,-1,1102,1216,1103,-1,1103,1216,1217,-1,1103,1217,1104,-1,1104,1217,1218,-1,1104,1218,1105,-1,1105,1218,1219,-1,1105,1219,1106,-1,1106,1219,1220,-1,1106,1220,1107,-1,1107,1220,1221,-1,1107,1221,1108,-1,1108,1221,1222,-1,1108,1222,1109,-1,1109,1222,1223,-1,1109,1223,1110,-1,1110,1223,1224,-1,1110,1224,1111,-1,1111,1224,1225,-1,1111,1225,1112,-1,1112,1225,1226,-1,1112,1226,1113,-1,1113,1226,1227,-1,1113,1227,1114,-1,1114,1227,1228,-1,1114,1228,1115,-1,1115,1228,1229,-1,1115,1229,1116,-1,1116,1229,1230,-1,1116,1230,1117,-1,1117,1230,1231,-1,1117,1231,1118,-1,1118,1231,1232,-1,1118,1232,1119,-1,1119,1232,1233,-1,1119,1233,1120,-1,1120,1233,1234,-1,1120,1234,1121,-1,1121,1234,1235,-1,1121,1235,1122,-1,1122,1235,1236,-1,1122,1236,1123,-1,1123,1236,1237,-1,1123,1237,1124,-1,1124,1237,1238,-1,1124,1238,1125,-1,1125,1238,1239,-1,1125,1239,1126,-1,1126,1239,1240,-1,1126,1240,1127,-1,1127,1240,1241,-1,1127,1241,1128,-1,1128,1241,1242,-1,1128,1242,1129,-1,1129,1242,1243,-1,1129,1243,1130,-1,1130,1243,1244,-1,1130,1244,1131,-1,1131,1244,1245,-1,1131,1245,1132,-1,1132,1245,1246,-1,1132,1246,1133,-1,1133,1246,1247,-1,1133,1247,1134,-1,1134,1247,1248,-1,1134,1248,1135,-1,1135,1248,1249,-1,1135,1249,1136,-1,1136,1249,1250,-1,1136,1250,1137,-1,1137,1250,1251,-1,1137,1251,1138,-1,1138,1251,1252,-1,1138,1252,1139,-1,1139,1252,1253,-1,1139,1253,1140,-1,1140,1253,1254,-1,1140,1254,1141,-1,1141,1254,1255,-1,1141,1255,1142,-1,1142,1255,1256,-1,1142,1256,1143,-1,1143,1256,1257,-1,1143,1257,1144,-1,1144,1257,1258,-1,1144,1258,1145,-1,1145,1258,1259,-1,1145,1259,1146,-1,1146,1259,1260,-1,1146,1260,1147,-1,1147,1260,1261,-1,1147,1261,1148,-1,1148,1261,1262,-1,1148,1262,1149,-1,1149,1262,1263,-1,1149,1263,1150,-1,1150,1263,1264,-1,1150,1264,1151,-1,1151,1264,1265,-1,1151,1265,1152,-1,1152,1265,1266,-1,1152,1266,1153,-1,1153,1266,1267,-1,1153,1267,1154,-1,1154,1267,1268,-1,1154,1268,1155,-1,1155,1268,1269,-1,1155,1269,1156,-1,1156,1269,1270,-1,1156,1270,1157,-1,1157,1270,1271,-1,1157,1271,1158,-1,1158,1271,1272,-1,1158,1272,1159,-1,1159,1272,1273,-1,1159,1273,1160,-1,1160,1273,1274,-1,1160,1274,1161,-1,1161,1274,1275,-1,1161,1275,1162,-1,1162,1275,1276,-1,1162,1276,1163,-1,1163,1276,1277,-1,1163,1277,1164,-1,1164,1277,1278,-1,1164,1278,1165,-1,1165,1278,1279,-1,1165,1279,1166,-1,1166,1279,1280,-1,1166,1280,1167,-1,1167,1280,1281,-1,1167,1281,1168,-1,1168,1281,1282,-1,1168,1282,1169,-1,1169,1282,1283,-1,1169,1283,1170,-1,1170,1283,1284,-1,1170,1284,1171,-1,1171,1284,1285,-1,1171,1285,1172,-1,174,22,179,-1,179,22,1286,-1,179,1286,1173,-1,1173,1286,1287,-1,1173,1287,1174,-1,1174,1287,1288,-1,1174,1288,1175,-1,1175,1288,1289,-1,1175,1289,1176,-1,1176,1289,1290,-1,1176,1290,1177,-1,1177,1290,1291,-1,1177,1291,1178,-1,1178,1291,1292,-1,1178,1292,1179,-1,1179,1292,1293,-1,1179,1293,1180,-1,1180,1293,1294,-1,1180,1294,1181,-1,1181,1294,1295,-1,1181,1295,1182,-1,1182,1295,1296,-1,1182,1296,1183,-1,1183,1296,1297,-1,1183,1297,1184,-1,1184,1297,1298,-1,1184,1298,1185,-1,1185,1298,1299,-1,1185,1299,1186,-1,1186,1299,1300,-1,1186,1300,1187,-1,1187,1300,1301,-1,1187,1301,1188,-1,1188,1301,1302,-1,1188,1302,1189,-1,1189,1302,1303,-1,1189,1303,1190,-1,1190,1303,1304,-1,1190,1304,1191,-1,1191,1304,1305,-1,1191,1305,1192,-1,1192,1305,1306,-1,1192,1306,1193,-1,1193,1306,1307,-1,1193,1307,1194,-1,1194,1307,1308,-1,1194,1308,1195,-1,1195,1308,1309,-1,1195,1309,1196,-1,1196,1309,1310,-1,1196,1310,1197,-1,1197,1310,1311,-1,1197,1311,1198,-1,1198,1311,1312,-1,1198,1312,1199,-1,1199,1312,1313,-1,1199,1313,1200,-1,1200,1313,1314,-1,1200,1314,1201,-1,1201,1314,1315,-1,1201,1315,1202,-1,1202,1315,1316,-1,1202,1316,1203,-1,1203,1316,1317,-1,1203,1317,1204,-1,1204,1317,1318,-1,1204,1318,1205,-1,1205,1318,1319,-1,1205,1319,1206,-1,1206,1319,1320,-1,1206,1320,1207,-1,1207,1320,1321,-1,1207,1321,1208,-1,1208,1321,1322,-1,1208,1322,1209,-1,1209,1322,1323,-1,1209,1323,1210,-1,1210,1323,1324,-1,1210,1324,1211,-1,1211,1324,1325,-1,1211,1325,1212,-1,1212,1325,1326,-1,1212,1326,1213,-1,1213,1326,1327,-1,1213,1327,1214,-1,1214,1327,1328,-1,1214,1328,1215,-1,1215,1328,1329,-1,1215,1329,1216,-1,1216,1329,1330,-1,1216,1330,1217,-1,1217,1330,1331,-1,1217,1331,1218,-1,1218,1331,1332,-1,1218,1332,1219,-1,1219,1332,1333,-1,1219,1333,1220,-1,1220,1333,1334,-1,1220,1334,1221,-1,1221,1334,1335,-1,1221,1335,1222,-1,1222,1335,1336,-1,1222,1336,1223,-1,1223,1336,1337,-1,1223,1337,1224,-1,1224,1337,1338,-1,1224,1338,1225,-1,1225,1338,1339,-1,1225,1339,1226,-1,1226,1339,1340,-1,1226,1340,1227,-1,1227,1340,1341,-1,1227,1341,1228,-1,1228,1341,1342,-1,1228,1342,1229,-1,1229,1342,1343,-1,1229,1343,1230,-1,1230,1343,1344,-1,1230,1344,1231,-1,1231,1344,1345,-1,1231,1345,1232,-1,1232,1345,1346,-1,1232,1346,1233,-1,1233,1346,1347,-1,1233,1347,1234,-1,1234,1347,1348,-1,1234,1348,1235,-1,1235,1348,1349,-1,1235,1349,1236,-1,1236,1349,1350,-1,1236,1350,1237,-1,1237,1350,1351,-1,1237,1351,1238,-1,1238,1351,1352,-1,1238,1352,1239,-1,1239,1352,1353,-1,1239,1353,1240,-1,1240,1353,1354,-1,1240,1354,1241,-1,1241,1354,1355,-1,1241,1355,1242,-1,1242,1355,1356,-1,1242,1356,1243,-1,1243,1356,1357,-1,1243,1357,1244,-1,1244,1357,1358,-1,1244,1358,1245,-1,1245,1358,1359,-1,1245,1359,1246,-1,1246,1359,1360,-1,1246,1360,1247,-1,1247,1360,1361,-1,1247,1361,1248,-1,1248,1361,1362,-1,1248,1362,1249,-1,1249,1362,1363,-1,1249,1363,1250,-1,1250,1363,1364,-1,1250,1364,1251,-1,1251,1364,1365,-1,1251,1365,1252,-1,1252,1365,1366,-1,1252,1366,1253,-1,1253,1366,1367,-1,1253,1367,1254,-1,1254,1367,1368,-1,1254,1368,1255,-1,1255,1368,1369,-1,1255,1369,1256,-1,1256,1369,1370,-1,1256,1370,1257,-1,1257,1370,1371,-1,1257,1371,1258,-1,1258,1371,1372,-1,1258,1372,1259,-1,1259,1372,1373,-1,1259,1373,1260,-1,1260,1373,1374,-1,1260,1374,1261,-1,1261,1374,1375,-1,1261,1375,1262,-1,1262,1375,1376,-1,1262,1376,1263,-1,1263,1376,1377,-1,1263,1377,1264,-1,1264,1377,1378,-1,1264,1378,1265,-1,1265,1378,1379,-1,1265,1379,1266,-1,1266,1379,1380,-1,1266,1380,1267,-1,1267,1380,1381,-1,1267,1381,1268,-1,1268,1381,1382,-1,1268,1382,1269,-1,1269,1382,1383,-1,1269,1383,1270,-1,1270,1383,1384,-1,1270,1384,1271,-1,1271,1384,1385,-1,1271,1385,1272,-1,1272,1385,1386,-1,1272,1386,1273,-1,1273,1386,1387,-1,1273,1387,1274,-1,1274,1387,1388,-1,1274,1388,1275,-1,1275,1388,1389,-1,1275,1389,1276,-1,1276,1389,1390,-1,1276,1390,1277,-1,1277,1390,1391,-1,1277,1391,1278,-1,1278,1391,1392,-1,1278,1392,1279,-1,1279,1392,1393,-1,1279,1393,1280,-1,1280,1393,1394,-1,1280,1394,1281,-1,1281,1394,1395,-1,1281,1395,1282,-1,1282,1395,1396,-1,1282,1396,1283,-1,1283,1396,1397,-1,1283,1397,1284,-1,1284,1397,1398,-1,1284,1398,1285,-1,21,172,22,-1,22,172,173,-1,22,173,1286,-1,1286,173,1399,-1,1286,1399,1287,-1,1287,1399,1400,-1,1287,1400,1288,-1,1288,1400,1401,-1,1288,1401,1289,-1,1289,1401,1402,-1,1289,1402,1290,-1,1290,1402,1403,-1,1290,1403,1291,-1,1291,1403,1404,-1,1291,1404,1292,-1,1292,1404,1405,-1,1292,1405,1293,-1,1293,1405,1406,-1,1293,1406,1294,-1,1294,1406,1407,-1,1294,1407,1295,-1,1295,1407,1408,-1,1295,1408,1296,-1,1296,1408,1409,-1,1296,1409,1297,-1,1297,1409,1410,-1,1297,1410,1298,-1,1298,1410,1411,-1,1298,1411,1299,-1,1299,1411,1412,-1,1299,1412,1300,-1,1300,1412,1413,-1,1300,1413,1301,-1,1301,1413,1414,-1,1301,1414,1302,-1,1302,1414,1415,-1,1302,1415,1303,-1,1303,1415,1416,-1,1303,1416,1304,-1,1304,1416,1417,-1,1304,1417,1305,-1,1305,1417,1418,-1,1305,1418,1306,-1,1306,1418,1419,-1,1306,1419,1307,-1,1307,1419,1420,-1,1307,1420,1308,-1,1308,1420,1421,-1,1308,1421,1309,-1,1309,1421,1422,-1,1309,1422,1310,-1,1310,1422,1423,-1,1310,1423,1311,-1,1311,1423,1424,-1,1311,1424,1312,-1,1312,1424,1425,-1,1312,1425,1313,-1,1313,1425,1426,-1,1313,1426,1314,-1,1314,1426,1427,-1,1314,1427,1315,-1,1315,1427,1428,-1,1315,1428,1316,-1,1316,1428,1429,-1,1316,1429,1317,-1,1317,1429,1430,-1,1317,1430,1318,-1,1318,1430,1431,-1,1318,1431,1319,-1,1319,1431,1432,-1,1319,1432,1320,-1,1320,1432,1433,-1,1320,1433,1321,-1,1321,1433,1434,-1,1321,1434,1322,-1,1322,1434,1435,-1,1322,1435,1323,-1,1323,1435,1436,-1,1323,1436,1324,-1,1324,1436,1437,-1,1324,1437,1325,-1,1325,1437,1438,-1,1325,1438,1326,-1,1326,1438,1439,-1,1326,1439,1327,-1,1327,1439,1440,-1,1327,1440,1328,-1,1328,1440,1441,-1,1328,1441,1329,-1,1329,1441,1442,-1,1329,1442,1330,-1,1330,1442,1443,-1,1330,1443,1331,-1,1331,1443,1444,-1,1331,1444,1332,-1,1332,1444,1445,-1,1332,1445,1333,-1,1333,1445,1446,-1,1333,1446,1334,-1,1334,1446,1447,-1,1334,1447,1335,-1,1335,1447,1448,-1,1335,1448,1336,-1,1336,1448,1449,-1,1336,1449,1337,-1,1337,1449,1450,-1,1337,1450,1338,-1,1338,1450,1451,-1,1338,1451,1339,-1,1339,1451,1452,-1,1339,1452,1340,-1,1340,1452,1453,-1,1340,1453,1341,-1,1341,1453,1454,-1,1341,1454,1342,-1,1342,1454,1455,-1,1342,1455,1343,-1,1343,1455,1456,-1,1343,1456,1344,-1,1344,1456,1457,-1,1344,1457,1345,-1,1345,1457,1458,-1,1345,1458,1346,-1,1346,1458,1459,-1,1346,1459,1347,-1,1347,1459,1460,-1,1347,1460,1348,-1,1348,1460,1461,-1,1348,1461,1349,-1,1349,1461,1462,-1,1349,1462,1350,-1,1350,1462,1463,-1,1350,1463,1351,-1,1351,1463,1464,-1,1351,1464,1352,-1,1352,1464,1465,-1,1352,1465,1353,-1,1353,1465,1466,-1,1353,1466,1354,-1,1354,1466,1467,-1,1354,1467,1355,-1,1355,1467,1468,-1,1355,1468,1356,-1,1356,1468,1469,-1,1356,1469,1357,-1,1357,1469,1470,-1,1357,1470,1358,-1,1358,1470,1471,-1,1358,1471,1359,-1,1359,1471,1472,-1,1359,1472,1360,-1,1360,1472,1473,-1,1360,1473,1361,-1,1361,1473,1474,-1,1361,1474,1362,-1,1362,1474,1475,-1,1362,1475,1363,-1,1363,1475,1476,-1,1363,1476,1364,-1,1364,1476,1477,-1,1364,1477,1365,-1,1365,1477,1478,-1,1365,1478,1366,-1,1366,1478,1479,-1,1366,1479,1367,-1,1367,1479,1480,-1,1367,1480,1368,-1,1368,1480,1481,-1,1368,1481,1369,-1,1369,1481,1482,-1,1369,1482,1370,-1,1370,1482,1483,-1,1370,1483,1371,-1,1371,1483,1484,-1,1371,1484,1372,-1,1372,1484,1485,-1,1372,1485,1373,-1,1373,1485,1486,-1,1373,1486,1374,-1,1374,1486,1487,-1,1374,1487,1375,-1,1375,1487,1488,-1,1375,1488,1376,-1,1376,1488,1489,-1,1376,1489,1377,-1,1377,1489,1490,-1,1377,1490,1378,-1,1378,1490,1491,-1,1378,1491,1379,-1,1379,1491,1492,-1,1379,1492,1380,-1,1380,1492,1493,-1,1380,1493,1381,-1,1381,1493,1494,-1,1381,1494,1382,-1,1382,1494,1495,-1,1382,1495,1383,-1,1383,1495,1496,-1,1383,1496,1384,-1,1384,1496,1497,-1,1384,1497,1385,-1,1385,1497,1498,-1,1385,1498,1386,-1,1386,1498,1499,-1,1386,1499,1387,-1,1387,1499,1500,-1,1387,1500,1388,-1,1388,1500,1501,-1,1388,1501,1389,-1,1389,1501,1502,-1,1389,1502,1390,-1,1390,1502,1503,-1,1390,1503,1391,-1,1391,1503,1504,-1,1391,1504,1392,-1,1392,1504,1505,-1,1392,1505,1393,-1,1393,1505,1506,-1,1393,1506,1394,-1,1394,1506,1507,-1,1394,1507,1395,-1,1395,1507,1508,-1,1395,1508,1396,-1,1396,1508,1509,-1,1396,1509,1397,-1,1397,1509,1510,-1,1397,1510,1398,-1,170,169,171,-1,171,169,25,-1,171,25,173,-1,173,25,1511,-1,173,1511,1399,-1,1399,1511,1512,-1,1399,1512,1400,-1,1400,1512,1513,-1,1400,1513,1401,-1,1401,1513,1514,-1,1401,1514,1402,-1,1402,1514,1515,-1,1402,1515,1403,-1,1403,1515,1516,-1,1403,1516,1404,-1,1404,1516,1517,-1,1404,1517,1405,-1,1405,1517,1518,-1,1405,1518,1406,-1,1406,1518,1519,-1,1406,1519,1407,-1,1407,1519,1520,-1,1407,1520,1408,-1,1408,1520,1521,-1,1408,1521,1409,-1,1409,1521,1522,-1,1409,1522,1410,-1,1410,1522,1523,-1,1410,1523,1411,-1,1411,1523,1524,-1,1411,1524,1412,-1,1412,1524,1525,-1,1412,1525,1413,-1,1413,1525,1526,-1,1413,1526,1414,-1,1414,1526,1527,-1,1414,1527,1415,-1,1415,1527,1528,-1,1415,1528,1416,-1,1416,1528,1529,-1,1416,1529,1417,-1,1417,1529,1530,-1,1417,1530,1418,-1,1418,1530,1531,-1,1418,1531,1419,-1,1419,1531,1532,-1,1419,1532,1420,-1,1420,1532,1533,-1,1420,1533,1421,-1,1421,1533,1534,-1,1421,1534,1422,-1,1422,1534,1535,-1,1422,1535,1423,-1,1423,1535,1536,-1,1423,1536,1424,-1,1424,1536,1537,-1,1424,1537,1425,-1,1425,1537,1538,-1,1425,1538,1426,-1,1426,1538,1539,-1,1426,1539,1427,-1,1427,1539,1540,-1,1427,1540,1428,-1,1428,1540,1541,-1,1428,1541,1429,-1,1429,1541,1542,-1,1429,1542,1430,-1,1430,1542,1543,-1,1430,1543,1431,-1,1431,1543,1544,-1,1431,1544,1432,-1,1432,1544,1545,-1,1432,1545,1433,-1,1433,1545,1546,-1,1433,1546,1434,-1,1434,1546,1547,-1,1434,1547,1435,-1,1435,1547,1548,-1,1435,1548,1436,-1,1436,1548,1549,-1,1436,1549,1437,-1,1437,1549,1550,-1,1437,1550,1438,-1,1438,1550,1551,-1,1438,1551,1439,-1,1439,1551,1552,-1,1439,1552,1440,-1,1440,1552,1553,-1,1440,1553,1441,-1,1441,1553,1554,-1,1441,1554,1442,-1,1442,1554,1555,-1,1442,1555,1443,-1,1443,1555,1556,-1,1443,1556,1444,-1,1444,1556,1557,-1,1444,1557,1445,-1,1445,1557,1558,-1,1445,1558,1446,-1,1446,1558,1559,-1,1446,1559,1447,-1,1447,1559,1560,-1,1447,1560,1448,-1,1448,1560,1561,-1,1448,1561,1449,-1,1449,1561,1562,-1,1449,1562,1450,-1,1450,1562,1563,-1,1450,1563,1451,-1,1451,1563,1564,-1,1451,1564,1452,-1,1452,1564,1565,-1,1452,1565,1453,-1,1453,1565,1566,-1,1453,1566,1454,-1,1454,1566,1567,-1,1454,1567,1455,-1,1455,1567,1568,-1,1455,1568,1456,-1,1456,1568,1569,-1,1456,1569,1457,-1,1457,1569,1570,-1,1457,1570,1458,-1,1458,1570,1571,-1,1458,1571,1459,-1,1459,1571,1572,-1,1459,1572,1460,-1,1460,1572,1573,-1,1460,1573,1461,-1,1461,1573,1574,-1,1461,1574,1462,-1,1462,1574,1575,-1,1462,1575,1463,-1,1463,1575,1576,-1,1463,1576,1464,-1,1464,1576,1577,-1,1464,1577,1465,-1,1465,1577,1578,-1,1465,1578,1466,-1,1466,1578,1579,-1,1466,1579,1467,-1,1467,1579,1580,-1,1467,1580,1468,-1,1468,1580,1581,-1,1468,1581,1469,-1,1469,1581,1582,-1,1469,1582,1470,-1,1470,1582,1583,-1,1470,1583,1471,-1,1471,1583,1584,-1,1471,1584,1472,-1,1472,1584,1585,-1,1472,1585,1473,-1,1473,1585,1586,-1,1473,1586,1474,-1,1474,1586,1587,-1,1474,1587,1475,-1,1475,1587,1588,-1,1475,1588,1476,-1,1476,1588,1589,-1,1476,1589,1477,-1,1477,1589,1590,-1,1477,1590,1478,-1,1478,1590,1591,-1,1478,1591,1479,-1,1479,1591,1592,-1,1479,1592,1480,-1,1480,1592,1593,-1,1480,1593,1481,-1,1481,1593,1594,-1,1481,1594,1482,-1,1482,1594,1595,-1,1482,1595,1483,-1,1483,1595,1596,-1,1483,1596,1484,-1,1484,1596,1597,-1,1484,1597,1485,-1,1485,1597,1598,-1,1485,1598,1486,-1,1486,1598,1599,-1,1486,1599,1487,-1,1487,1599,1600,-1,1487,1600,1488,-1,1488,1600,1601,-1,1488,1601,1489,-1,1489,1601,1602,-1,1489,1602,1490,-1,1490,1602,1603,-1,1490,1603,1491,-1,1491,1603,1604,-1,1491,1604,1492,-1,1492,1604,1605,-1,1492,1605,1493,-1,1493,1605,1606,-1,1493,1606,1494,-1,1494,1606,1607,-1,1494,1607,1495,-1,1495,1607,1608,-1,1495,1608,1496,-1,1496,1608,1609,-1,1496,1609,1497,-1,1497,1609,1610,-1,1497,1610,1498,-1,1498,1610,1611,-1,1498,1611,1499,-1,1499,1611,1612,-1,1499,1612,1500,-1,1500,1612,1613,-1,1500,1613,1501,-1,1501,1613,1614,-1,1501,1614,1502,-1,1502,1614,1615,-1,1502,1615,1503,-1,1503,1615,1616,-1,1503,1616,1504,-1,1504,1616,1617,-1,1504,1617,1505,-1,1505,1617,1618,-1,1505,1618,1506,-1,1506,1618,1619,-1,1506,1619,1507,-1,1507,1619,1620,-1,1507,1620,1508,-1,1508,1620,1621,-1,1508,1621,1509,-1,1509,1621,1622,-1,1509,1622,1510,-1,24,27,25,-1,25,27,1623,-1,25,1623,1511,-1,1511,1623,1624,-1,1511,1624,1512,-1,1512,1624,1625,-1,1512,1625,1513,-1,1513,1625,1626,-1,1513,1626,1514,-1,1514,1626,1627,-1,1514,1627,1515,-1,1515,1627,1628,-1,1515,1628,1516,-1,1516,1628,1629,-1,1516,1629,1517,-1,1517,1629,1630,-1,1517,1630,1518,-1,1518,1630,1631,-1,1518,1631,1519,-1,1519,1631,1632,-1,1519,1632,1520,-1,1520,1632,1633,-1,1520,1633,1521,-1,1521,1633,1634,-1,1521,1634,1522,-1,1522,1634,1635,-1,1522,1635,1523,-1,1523,1635,1636,-1,1523,1636,1524,-1,1524,1636,1637,-1,1524,1637,1525,-1,1525,1637,1638,-1,1525,1638,1526,-1,1526,1638,1639,-1,1526,1639,1527,-1,1527,1639,1640,-1,1527,1640,1528,-1,1528,1640,1641,-1,1528,1641,1529,-1,1529,1641,1642,-1,1529,1642,1530,-1,1530,1642,1643,-1,1530,1643,1531,-1,1531,1643,1644,-1,1531,1644,1532,-1,1532,1644,1645,-1,1532,1645,1533,-1,1533,1645,1646,-1,1533,1646,1534,-1,1534,1646,1647,-1,1534,1647,1535,-1,1535,1647,1648,-1,1535,1648,1536,-1,1536,1648,1649,-1,1536,1649,1537,-1,1537,1649,1650,-1,1537,1650,1538,-1,1538,1650,1651,-1,1538,1651,1539,-1,1539,1651,1652,-1,1539,1652,1540,-1,1540,1652,1653,-1,1540,1653,1541,-1,1541,1653,1654,-1,1541,1654,1542,-1,1542,1654,1655,-1,1542,1655,1543,-1,1543,1655,1656,-1,1543,1656,1544,-1,1544,1656,1657,-1,1544,1657,1545,-1,1545,1657,1658,-1,1545,1658,1546,-1,1546,1658,1659,-1,1546,1659,1547,-1,1547,1659,1660,-1,1547,1660,1548,-1,1548,1660,1661,-1,1548,1661,1549,-1,1549,1661,1662,-1,1549,1662,1550,-1,1550,1662,1663,-1,1550,1663,1551,-1,1551,1663,1664,-1,1551,1664,1552,-1,1552,1664,1665,-1,1552,1665,1553,-1,1553,1665,1666,-1,1553,1666,1554,-1,1554,1666,1667,-1,1554,1667,1555,-1,1555,1667,1668,-1,1555,1668,1556,-1,1556,1668,1669,-1,1556,1669,1557,-1,1557,1669,1670,-1,1557,1670,1558,-1,1558,1670,1671,-1,1558,1671,1559,-1,1559,1671,1672,-1,1559,1672,1560,-1,1560,1672,1673,-1,1560,1673,1561,-1,1561,1673,1674,-1,1561,1674,1562,-1,1562,1674,1675,-1,1562,1675,1563,-1,1563,1675,1676,-1,1563,1676,1564,-1,1564,1676,1677,-1,1564,1677,1565,-1,1565,1677,1678,-1,1565,1678,1566,-1,1566,1678,1679,-1,1566,1679,1567,-1,1567,1679,1680,-1,1567,1680,1568,-1,1568,1680,1681,-1,1568,1681,1569,-1,1569,1681,1682,-1,1569,1682,1570,-1,1570,1682,1683,-1,1570,1683,1571,-1,1571,1683,1684,-1,1571,1684,1572,-1,1572,1684,1685,-1,1572,1685,1573,-1,1573,1685,1686,-1,1573,1686,1574,-1,1574,1686,1687,-1,1574,1687,1575,-1,1575,1687,1688,-1,1575,1688,1576,-1,1576,1688,1689,-1,1576,1689,1577,-1,1577,1689,1690,-1,1577,1690,1578,-1,1578,1690,1691,-1,1578,1691,1579,-1,1579,1691,1692,-1,1579,1692,1580,-1,1580,1692,1693,-1,1580,1693,1581,-1,1581,1693,1694,-1,1581,1694,1582,-1,1582,1694,1695,-1,1582,1695,1583,-1,1583,1695,1696,-1,1583,1696,1584,-1,1584,1696,1697,-1,1584,1697,1585,-1,1585,1697,1698,-1,1585,1698,1586,-1,1586,1698,1699,-1,1586,1699,1587,-1,1587,1699,1700,-1,1587,1700,1588,-1,1588,1700,1701,-1,1588,1701,1589,-1,1589,1701,1702,-1,1589,1702,1590,-1,1590,1702,1703,-1,1590,1703,1591,-1,1591,1703,1704,-1,1591,1704,1592,-1,1592,1704,1705,-1,1592,1705,1593,-1,1593,1705,1706,-1,1593,1706,1594,-1,1594,1706,1707,-1,1594,1707,1595,-1,1595,1707,1708,-1,1595,1708,1596,-1,1596,1708,1709,-1,1596,1709,1597,-1,1597,1709,1710,-1,1597,1710,1598,-1,1598,1710,1711,-1,1598,1711,1599,-1,1599,1711,1712,-1,1599,1712,1600,-1,1600,1712,1713,-1,1600,1713,1601,-1,1601,1713,1714,-1,1601,1714,1602,-1,1602,1714,1715,-1,1602,1715,1603,-1,1603,1715,1716,-1,1603,1716,1604,-1,1604,1716,1717,-1,1604,1717,1605,-1,1605,1717,1718,-1,1605,1718,1606,-1,1606,1718,1719,-1,1606,1719,1607,-1,1607,1719,1720,-1,1607,1720,1608,-1,1608,1720,1721,-1,1608,1721,1609,-1,1609,1721,1722,-1,1609,1722,1610,-1,1610,1722,1723,-1,1610,1723,1611,-1,1611,1723,1724,-1,1611,1724,1612,-1,1612,1724,1725,-1,1612,1725,1613,-1,1613,1725,1726,-1,1613,1726,1614,-1,1614,1726,1727,-1,1614,1727,1615,-1,1615,1727,1728,-1,1615,1728,1616,-1,1616,1728,1729,-1,1616,1729,1617,-1,1617,1729,1730,-1,1617,1730,1618,-1,1618,1730,1731,-1,1618,1731,1619,-1,1619,1731,1732,-1,1619,1732,1620,-1,1620,1732,1733,-1,1620,1733,1621,-1,1621,1733,1734,-1,1621,1734,1622,-1,28,30,27,-1,27,30,1735,-1,27,1735,1623,-1,1623,1735,1736,-1,1623,1736,1624,-1,1624,1736,1737,-1,1624,1737,1625,-1,1625,1737,1738,-1,1625,1738,1626,-1,1626,1738,1739,-1,1626,1739,1627,-1,1627,1739,1740,-1,1627,1740,1628,-1,1628,1740,1741,-1,1628,1741,1629,-1,1629,1741,1742,-1,1629,1742,1630,-1,1630,1742,1743,-1,1630,1743,1631,-1,1631,1743,1744,-1,1631,1744,1632,-1,1632,1744,1745,-1,1632,1745,1633,-1,1633,1745,1746,-1,1633,1746,1634,-1,1634,1746,1747,-1,1634,1747,1635,-1,1635,1747,1748,-1,1635,1748,1636,-1,1636,1748,1749,-1,1636,1749,1637,-1,1637,1749,1750,-1,1637,1750,1638,-1,1638,1750,1751,-1,1638,1751,1639,-1,1639,1751,1752,-1,1639,1752,1640,-1,1640,1752,1753,-1,1640,1753,1641,-1,1641,1753,1754,-1,1641,1754,1642,-1,1642,1754,1755,-1,1642,1755,1643,-1,1643,1755,1756,-1,1643,1756,1644,-1,1644,1756,1757,-1,1644,1757,1645,-1,1645,1757,1758,-1,1645,1758,1646,-1,1646,1758,1759,-1,1646,1759,1647,-1,1647,1759,1760,-1,1647,1760,1648,-1,1648,1760,1761,-1,1648,1761,1649,-1,1649,1761,1762,-1,1649,1762,1650,-1,1650,1762,1763,-1,1650,1763,1651,-1,1651,1763,1764,-1,1651,1764,1652,-1,1652,1764,1765,-1,1652,1765,1653,-1,1653,1765,1766,-1,1653,1766,1654,-1,1654,1766,1767,-1,1654,1767,1655,-1,1655,1767,1768,-1,1655,1768,1656,-1,1656,1768,1769,-1,1656,1769,1657,-1,1657,1769,1770,-1,1657,1770,1658,-1,1658,1770,1771,-1,1658,1771,1659,-1,1659,1771,1772,-1,1659,1772,1660,-1,1660,1772,1773,-1,1660,1773,1661,-1,1661,1773,1774,-1,1661,1774,1662,-1,1662,1774,1775,-1,1662,1775,1663,-1,1663,1775,1776,-1,1663,1776,1664,-1,1664,1776,1777,-1,1664,1777,1665,-1,1665,1777,1778,-1,1665,1778,1666,-1,1666,1778,1779,-1,1666,1779,1667,-1,1667,1779,1780,-1,1667,1780,1668,-1,1668,1780,1781,-1,1668,1781,1669,-1,1669,1781,1782,-1,1669,1782,1670,-1,1670,1782,1783,-1,1670,1783,1671,-1,1671,1783,1784,-1,1671,1784,1672,-1,1672,1784,1785,-1,1672,1785,1673,-1,1673,1785,1786,-1,1673,1786,1674,-1,1674,1786,1787,-1,1674,1787,1675,-1,1675,1787,1788,-1,1675,1788,1676,-1,1676,1788,1789,-1,1676,1789,1677,-1,1677,1789,1790,-1,1677,1790,1678,-1,1678,1790,1791,-1,1678,1791,1679,-1,1679,1791,1792,-1,1679,1792,1680,-1,1680,1792,1793,-1,1680,1793,1681,-1,1681,1793,1794,-1,1681,1794,1682,-1,1682,1794,1795,-1,1682,1795,1683,-1,1683,1795,1796,-1,1683,1796,1684,-1,1684,1796,1797,-1,1684,1797,1685,-1,1685,1797,1798,-1,1685,1798,1686,-1,1686,1798,1799,-1,1686,1799,1687,-1,1687,1799,1800,-1,1687,1800,1688,-1,1688,1800,1801,-1,1688,1801,1689,-1,1689,1801,1802,-1,1689,1802,1690,-1,1690,1802,1803,-1,1690,1803,1691,-1,1691,1803,1804,-1,1691,1804,1692,-1,1692,1804,1805,-1,1692,1805,1693,-1,1693,1805,1806,-1,1693,1806,1694,-1,1694,1806,1807,-1,1694,1807,1695,-1,1695,1807,1808,-1,1695,1808,1696,-1,1696,1808,1809,-1,1696,1809,1697,-1,1697,1809,1810,-1,1697,1810,1698,-1,1698,1810,1811,-1,1698,1811,1699,-1,1699,1811,1812,-1,1699,1812,1700,-1,1700,1812,1813,-1,1700,1813,1701,-1,1701,1813,1814,-1,1701,1814,1702,-1,1702,1814,1815,-1,1702,1815,1703,-1,1703,1815,1816,-1,1703,1816,1704,-1,1704,1816,1817,-1,1704,1817,1705,-1,1705,1817,1818,-1,1705,1818,1706,-1,1706,1818,1819,-1,1706,1819,1707,-1,1707,1819,1820,-1,1707,1820,1708,-1,1708,1820,1821,-1,1708,1821,1709,-1,1709,1821,1822,-1,1709,1822,1710,-1,1710,1822,1823,-1,1710,1823,1711,-1,1711,1823,1824,-1,1711,1824,1712,-1,1712,1824,1825,-1,1712,1825,1713,-1,1713,1825,1826,-1,1713,1826,1714,-1,1714,1826,1827,-1,1714,1827,1715,-1,1715,1827,1828,-1,1715,1828,1716,-1,1716,1828,1829,-1,1716,1829,1717,-1,1717,1829,1830,-1,1717,1830,1718,-1,1718,1830,1831,-1,1718,1831,1719,-1,1719,1831,1832,-1,1719,1832,1720,-1,1720,1832,1833,-1,1720,1833,1721,-1,1721,1833,1834,-1,1721,1834,1722,-1,1722,1834,1835,-1,1722,1835,1723,-1,1723,1835,1836,-1,1723,1836,1724,-1,1724,1836,1837,-1,1724,1837,1725,-1,1725,1837,1838,-1,1725,1838,1726,-1,1726,1838,1839,-1,1726,1839,1727,-1,1727,1839,1840,-1,1727,1840,1728,-1,1728,1840,1841,-1,1728,1841,1729,-1,1729,1841,1842,-1,1729,1842,1730,-1,1730,1842,1843,-1,1730,1843,1731,-1,1731,1843,1844,-1,1731,1844,1732,-1,1732,1844,1845,-1,1732,1845,1733,-1,1733,1845,1846,-1,1733,1846,1734,-1,161,156,30,-1,30,156,1847,-1,30,1847,1735,-1,1735,1847,1848,-1,1735,1848,1736,-1,1736,1848,1849,-1,1736,1849,1737,-1,1737,1849,1850,-1,1737,1850,1738,-1,1738,1850,1851,-1,1738,1851,1739,-1,1739,1851,1852,-1,1739,1852,1740,-1,1740,1852,1853,-1,1740,1853,1741,-1,1741,1853,1854,-1,1741,1854,1742,-1,1742,1854,1855,-1,1742,1855,1743,-1,1743,1855,1856,-1,1743,1856,1744,-1,1744,1856,1857,-1,1744,1857,1745,-1,1745,1857,1858,-1,1745,1858,1746,-1,1746,1858,1859,-1,1746,1859,1747,-1,1747,1859,1860,-1,1747,1860,1748,-1,1748,1860,1861,-1,1748,1861,1749,-1,1749,1861,1862,-1,1749,1862,1750,-1,1750,1862,1863,-1,1750,1863,1751,-1,1751,1863,1864,-1,1751,1864,1752,-1,1752,1864,1865,-1,1752,1865,1753,-1,1753,1865,1866,-1,1753,1866,1754,-1,1754,1866,1867,-1,1754,1867,1755,-1,1755,1867,1868,-1,1755,1868,1756,-1,1756,1868,1869,-1,1756,1869,1757,-1,1757,1869,1870,-1,1757,1870,1758,-1,1758,1870,1871,-1,1758,1871,1759,-1,1759,1871,1872,-1,1759,1872,1760,-1,1760,1872,1873,-1,1760,1873,1761,-1,1761,1873,1874,-1,1761,1874,1762,-1,1762,1874,1875,-1,1762,1875,1763,-1,1763,1875,1876,-1,1763,1876,1764,-1,1764,1876,1877,-1,1764,1877,1765,-1,1765,1877,1878,-1,1765,1878,1766,-1,1766,1878,1879,-1,1766,1879,1767,-1,1767,1879,1880,-1,1767,1880,1768,-1,1768,1880,1881,-1,1768,1881,1769,-1,1769,1881,1882,-1,1769,1882,1770,-1,1770,1882,1883,-1,1770,1883,1771,-1,1771,1883,1884,-1,1771,1884,1772,-1,1772,1884,1885,-1,1772,1885,1773,-1,1773,1885,1886,-1,1773,1886,1774,-1,1774,1886,1887,-1,1774,1887,1775,-1,1775,1887,1888,-1,1775,1888,1776,-1,1776,1888,1889,-1,1776,1889,1777,-1,1777,1889,1890,-1,1777,1890,1778,-1,1778,1890,1891,-1,1778,1891,1779,-1,1779,1891,1892,-1,1779,1892,1780,-1,1780,1892,1893,-1,1780,1893,1781,-1,1781,1893,1894,-1,1781,1894,1782,-1,1782,1894,1895,-1,1782,1895,1783,-1,1783,1895,1896,-1,1783,1896,1784,-1,1784,1896,1897,-1,1784,1897,1785,-1,1785,1897,1898,-1,1785,1898,1786,-1,1786,1898,1899,-1,1786,1899,1787,-1,1787,1899,1900,-1,1787,1900,1788,-1,1788,1900,1901,-1,1788,1901,1789,-1,1789,1901,1902,-1,1789,1902,1790,-1,1790,1902,1903,-1,1790,1903,1791,-1,1791,1903,1904,-1,1791,1904,1792,-1,1792,1904,1905,-1,1792,1905,1793,-1,1793,1905,1906,-1,1793,1906,1794,-1,1794,1906,1907,-1,1794,1907,1795,-1,1795,1907,1908,-1,1795,1908,1796,-1,1796,1908,1909,-1,1796,1909,1797,-1,1797,1909,1910,-1,1797,1910,1798,-1,1798,1910,1911,-1,1798,1911,1799,-1,1799,1911,1912,-1,1799,1912,1800,-1,1800,1912,1913,-1,1800,1913,1801,-1,1801,1913,1914,-1,1801,1914,1802,-1,1802,1914,1915,-1,1802,1915,1803,-1,1803,1915,1916,-1,1803,1916,1804,-1,1804,1916,1917,-1,1804,1917,1805,-1,1805,1917,1918,-1,1805,1918,1806,-1,1806,1918,1919,-1,1806,1919,1807,-1,1807,1919,1920,-1,1807,1920,1808,-1,1808,1920,1921,-1,1808,1921,1809,-1,1809,1921,1922,-1,1809,1922,1810,-1,1810,1922,1923,-1,1810,1923,1811,-1,1811,1923,1924,-1,1811,1924,1812,-1,1812,1924,1925,-1,1812,1925,1813,-1,1813,1925,1926,-1,1813,1926,1814,-1,1814,1926,1927,-1,1814,1927,1815,-1,1815,1927,1928,-1,1815,1928,1816,-1,1816,1928,1929,-1,1816,1929,1817,-1,1817,1929,1930,-1,1817,1930,1818,-1,1818,1930,1931,-1,1818,1931,1819,-1,1819,1931,1932,-1,1819,1932,1820,-1,1820,1932,1933,-1,1820,1933,1821,-1,1821,1933,1934,-1,1821,1934,1822,-1,1822,1934,1935,-1,1822,1935,1823,-1,1823,1935,1936,-1,1823,1936,1824,-1,1824,1936,1937,-1,1824,1937,1825,-1,1825,1937,1938,-1,1825,1938,1826,-1,1826,1938,1939,-1,1826,1939,1827,-1,1827,1939,1940,-1,1827,1940,1828,-1,1828,1940,1941,-1,1828,1941,1829,-1,1829,1941,1942,-1,1829,1942,1830,-1,1830,1942,1943,-1,1830,1943,1831,-1,1831,1943,1944,-1,1831,1944,1832,-1,1832,1944,1945,-1,1832,1945,1833,-1,1833,1945,1946,-1,1833,1946,1834,-1,1834,1946,1947,-1,1834,1947,1835,-1,1835,1947,1948,-1,1835,1948,1836,-1,1836,1948,1949,-1,1836,1949,1837,-1,1837,1949,1950,-1,1837,1950,1838,-1,1838,1950,1951,-1,1838,1951,1839,-1,1839,1951,1952,-1,1839,1952,1840,-1,1840,1952,1953,-1,1840,1953,1841,-1,1841,1953,1954,-1,1841,1954,1842,-1,1842,1954,1955,-1,1842,1955,1843,-1,1843,1955,1956,-1,1843,1956,1844,-1,1844,1956,1957,-1,1844,1957,1845,-1,1845,1957,1958,-1,1845,1958,1846,-1,47,15,46,-1,46,15,1959,-1,46,1959,44,-1,160,152,158,-1,158,152,151,-1,158,151,156,-1,156,151,1960,-1,156,1960,1847,-1,1847,1960,1961,-1,1847,1961,1848,-1,1848,1961,1962,-1,1848,1962,1849,-1,1849,1962,1963,-1,1849,1963,1850,-1,1850,1963,1964,-1,1850,1964,1851,-1,1851,1964,1965,-1,1851,1965,1852,-1,1852,1965,1966,-1,1852,1966,1853,-1,1853,1966,1967,-1,1853,1967,1854,-1,1854,1967,1968,-1,1854,1968,1855,-1,1855,1968,1969,-1,1855,1969,1856,-1,1856,1969,1970,-1,1856,1970,1857,-1,1857,1970,1971,-1,1857,1971,1858,-1,1858,1971,1972,-1,1858,1972,1859,-1,1859,1972,1973,-1,1859,1973,1860,-1,1860,1973,1974,-1,1860,1974,1861,-1,1861,1974,1975,-1,1861,1975,1862,-1,1862,1975,1976,-1,1862,1976,1863,-1,1863,1976,1977,-1,1863,1977,1864,-1,1864,1977,1978,-1,1864,1978,1865,-1,1865,1978,1979,-1,1865,1979,1866,-1,1866,1979,1980,-1,1866,1980,1867,-1,1867,1980,1981,-1,1867,1981,1868,-1,1868,1981,1982,-1,1868,1982,1869,-1,1869,1982,1983,-1,1869,1983,1870,-1,1870,1983,1984,-1,1870,1984,1871,-1,1871,1984,1985,-1,1871,1985,1872,-1,1872,1985,1986,-1,1872,1986,1873,-1,1873,1986,1987,-1,1873,1987,1874,-1,1874,1987,1988,-1,1874,1988,1875,-1,1875,1988,1989,-1,1875,1989,1876,-1,1876,1989,1990,-1,1876,1990,1877,-1,1877,1990,1991,-1,1877,1991,1878,-1,1878,1991,1992,-1,1878,1992,1879,-1,1879,1992,1993,-1,1879,1993,1880,-1,1880,1993,1994,-1,1880,1994,1881,-1,1881,1994,1995,-1,1881,1995,1882,-1,1882,1995,1996,-1,1882,1996,1883,-1,1883,1996,1997,-1,1883,1997,1884,-1,1884,1997,1998,-1,1884,1998,1885,-1,1885,1998,1999,-1,1885,1999,1886,-1,1886,1999,2000,-1,1886,2000,1887,-1,1887,2000,2001,-1,1887,2001,1888,-1,1888,2001,2002,-1,1888,2002,1889,-1,1889,2002,2003,-1,1889,2003,1890,-1,1890,2003,2004,-1,1890,2004,1891,-1,1891,2004,2005,-1,1891,2005,1892,-1,1892,2005,2006,-1,1892,2006,1893,-1,1893,2006,2007,-1,1893,2007,1894,-1,1894,2007,2008,-1,1894,2008,1895,-1,1895,2008,2009,-1,1895,2009,1896,-1,1896,2009,2010,-1,1896,2010,1897,-1,1897,2010,2011,-1,1897,2011,1898,-1,1898,2011,2012,-1,1898,2012,1899,-1,1899,2012,2013,-1,1899,2013,1900,-1,1900,2013,2014,-1,1900,2014,1901,-1,1901,2014,2015,-1,1901,2015,1902,-1,1902,2015,2016,-1,1902,2016,1903,-1,1903,2016,2017,-1,1903,2017,1904,-1,1904,2017,2018,-1,1904,2018,1905,-1,1905,2018,2019,-1,1905,2019,1906,-1,1906,2019,2020,-1,1906,2020,1907,-1,1907,2020,2021,-1,1907,2021,1908,-1,1908,2021,2022,-1,1908,2022,1909,-1,1909,2022,2023,-1,1909,2023,1910,-1,1910,2023,2024,-1,1910,2024,1911,-1,1911,2024,2025,-1,1911,2025,1912,-1,1912,2025,2026,-1,1912,2026,1913,-1,1913,2026,2027,-1,1913,2027,1914,-1,1914,2027,2028,-1,1914,2028,1915,-1,1915,2028,2029,-1,1915,2029,1916,-1,1916,2029,2030,-1,1916,2030,1917,-1,1917,2030,2031,-1,1917,2031,1918,-1,1918,2031,2032,-1,1918,2032,1919,-1,1919,2032,2033,-1,1919,2033,1920,-1,1920,2033,2034,-1,1920,2034,1921,-1,1921,2034,2035,-1,1921,2035,1922,-1,1922,2035,2036,-1,1922,2036,1923,-1,1923,2036,2037,-1,1923,2037,1924,-1,1924,2037,2038,-1,1924,2038,1925,-1,1925,2038,2039,-1,1925,2039,1926,-1,1926,2039,2040,-1,1926,2040,1927,-1,1927,2040,2041,-1,1927,2041,1928,-1,1928,2041,2042,-1,1928,2042,1929,-1,1929,2042,2043,-1,1929,2043,1930,-1,1930,2043,2044,-1,1930,2044,1931,-1,1931,2044,2045,-1,1931,2045,1932,-1,1932,2045,2046,-1,1932,2046,1933,-1,1933,2046,2047,-1,1933,2047,1934,-1,1934,2047,2048,-1,1934,2048,1935,-1,1935,2048,2049,-1,1935,2049,1936,-1,1936,2049,2050,-1,1936,2050,1937,-1,1937,2050,2051,-1,1937,2051,1938,-1,1938,2051,2052,-1,1938,2052,1939,-1,1939,2052,2053,-1,1939,2053,1940,-1,1940,2053,2054,-1,1940,2054,1941,-1,1941,2054,2055,-1,1941,2055,1942,-1,1942,2055,2056,-1,1942,2056,1943,-1,1943,2056,2057,-1,1943,2057,1944,-1,1944,2057,2058,-1,1944,2058,1945,-1,1945,2058,2059,-1,1945,2059,1946,-1,1946,2059,2060,-1,1946,2060,1947,-1,1947,2060,2061,-1,1947,2061,1948,-1,1948,2061,2062,-1,1948,2062,1949,-1,1949,2062,2063,-1,1949,2063,1950,-1,1950,2063,2064,-1,1950,2064,1951,-1,1951,2064,2065,-1,1951,2065,1952,-1,1952,2065,2066,-1,1952,2066,1953,-1,1953,2066,2067,-1,1953,2067,1954,-1,1954,2067,2068,-1,1954,2068,1955,-1,1955,2068,2069,-1,1955,2069,1956,-1,1956,2069,2070,-1,1956,2070,1957,-1,1957,2070,2071,-1,1957,2071,1958,-1,2072,40,2073,-1,2073,40,42,-1,2073,42,1959,-1,1959,42,43,-1,1959,43,44,-1,155,150,153,-1,153,150,149,-1,153,149,151,-1,151,149,2074,-1,151,2074,1960,-1,1960,2074,2075,-1,1960,2075,1961,-1,1961,2075,2076,-1,1961,2076,1962,-1,1962,2076,2077,-1,1962,2077,1963,-1,1963,2077,2078,-1,1963,2078,1964,-1,1964,2078,2079,-1,1964,2079,1965,-1,1965,2079,2080,-1,1965,2080,1966,-1,1966,2080,2081,-1,1966,2081,1967,-1,1967,2081,2082,-1,1967,2082,1968,-1,1968,2082,2083,-1,1968,2083,1969,-1,1969,2083,2084,-1,1969,2084,1970,-1,1970,2084,2085,-1,1970,2085,1971,-1,1971,2085,2086,-1,1971,2086,1972,-1,1972,2086,2087,-1,1972,2087,1973,-1,1973,2087,2088,-1,1973,2088,1974,-1,1974,2088,2089,-1,1974,2089,1975,-1,1975,2089,2090,-1,1975,2090,1976,-1,1976,2090,2091,-1,1976,2091,1977,-1,1977,2091,2092,-1,1977,2092,1978,-1,1978,2092,2093,-1,1978,2093,1979,-1,1979,2093,2094,-1,1979,2094,1980,-1,1980,2094,2095,-1,1980,2095,1981,-1,1981,2095,2096,-1,1981,2096,1982,-1,1982,2096,2097,-1,1982,2097,1983,-1,1983,2097,2098,-1,1983,2098,1984,-1,1984,2098,2099,-1,1984,2099,1985,-1,1985,2099,2100,-1,1985,2100,1986,-1,1986,2100,2101,-1,1986,2101,1987,-1,1987,2101,2102,-1,1987,2102,1988,-1,1988,2102,2103,-1,1988,2103,1989,-1,1989,2103,2104,-1,1989,2104,1990,-1,1990,2104,2105,-1,1990,2105,1991,-1,1991,2105,2106,-1,1991,2106,1992,-1,1992,2106,2107,-1,1992,2107,1993,-1,1993,2107,2108,-1,1993,2108,1994,-1,1994,2108,2109,-1,1994,2109,1995,-1,1995,2109,2110,-1,1995,2110,1996,-1,1996,2110,2111,-1,1996,2111,1997,-1,1997,2111,2112,-1,1997,2112,1998,-1,1998,2112,2113,-1,1998,2113,1999,-1,1999,2113,2114,-1,1999,2114,2000,-1,2000,2114,2115,-1,2000,2115,2001,-1,2001,2115,2116,-1,2001,2116,2002,-1,2002,2116,2117,-1,2002,2117,2003,-1,2003,2117,2118,-1,2003,2118,2004,-1,2004,2118,2119,-1,2004,2119,2005,-1,2005,2119,2120,-1,2005,2120,2006,-1,2006,2120,2121,-1,2006,2121,2007,-1,2007,2121,2122,-1,2007,2122,2008,-1,2008,2122,2123,-1,2008,2123,2009,-1,2009,2123,2124,-1,2009,2124,2010,-1,2010,2124,2125,-1,2010,2125,2011,-1,2011,2125,2126,-1,2011,2126,2012,-1,2012,2126,2127,-1,2012,2127,2013,-1,2013,2127,2128,-1,2013,2128,2014,-1,2014,2128,2129,-1,2014,2129,2015,-1,2015,2129,2130,-1,2015,2130,2016,-1,2016,2130,2131,-1,2016,2131,2017,-1,2017,2131,2132,-1,2017,2132,2018,-1,2018,2132,2133,-1,2018,2133,2019,-1,2019,2133,2134,-1,2019,2134,2020,-1,2020,2134,2135,-1,2020,2135,2021,-1,2021,2135,2136,-1,2021,2136,2022,-1,2022,2136,2137,-1,2022,2137,2023,-1,2023,2137,2138,-1,2023,2138,2024,-1,2024,2138,2139,-1,2024,2139,2025,-1,2025,2139,2140,-1,2025,2140,2026,-1,2026,2140,2141,-1,2026,2141,2027,-1,2027,2141,2142,-1,2027,2142,2028,-1,2028,2142,2143,-1,2028,2143,2029,-1,2029,2143,2144,-1,2029,2144,2030,-1,2030,2144,2145,-1,2030,2145,2031,-1,2031,2145,2146,-1,2031,2146,2032,-1,2032,2146,2147,-1,2032,2147,2033,-1,2033,2147,2148,-1,2033,2148,2034,-1,2034,2148,2149,-1,2034,2149,2035,-1,2035,2149,2150,-1,2035,2150,2036,-1,2036,2150,2151,-1,2036,2151,2037,-1,2037,2151,2152,-1,2037,2152,2038,-1,2038,2152,2153,-1,2038,2153,2039,-1,2039,2153,2154,-1,2039,2154,2040,-1,2040,2154,2155,-1,2040,2155,2041,-1,2041,2155,2156,-1,2041,2156,2042,-1,2042,2156,2157,-1,2042,2157,2043,-1,2043,2157,2158,-1,2043,2158,2044,-1,2044,2158,2159,-1,2044,2159,2045,-1,2045,2159,2160,-1,2045,2160,2046,-1,2046,2160,2161,-1,2046,2161,2047,-1,2047,2161,2162,-1,2047,2162,2048,-1,2048,2162,2163,-1,2048,2163,2049,-1,2049,2163,2164,-1,2049,2164,2050,-1,2050,2164,2165,-1,2050,2165,2051,-1,2051,2165,2166,-1,2051,2166,2052,-1,2052,2166,2167,-1,2052,2167,2053,-1,2053,2167,2168,-1,2053,2168,2054,-1,2054,2168,2169,-1,2054,2169,2055,-1,2055,2169,2170,-1,2055,2170,2056,-1,2056,2170,2171,-1,2056,2171,2057,-1,2057,2171,2172,-1,2057,2172,2058,-1,2058,2172,2173,-1,2058,2173,2059,-1,2059,2173,2174,-1,2059,2174,2060,-1,2060,2174,2175,-1,2060,2175,2061,-1,2061,2175,2176,-1,2061,2176,2062,-1,2062,2176,2177,-1,2062,2177,2063,-1,2063,2177,2178,-1,2063,2178,2064,-1,2064,2178,2179,-1,2064,2179,2065,-1,2065,2179,2180,-1,2065,2180,2066,-1,2066,2180,2181,-1,2066,2181,2067,-1,2067,2181,2182,-1,2067,2182,2068,-1,2068,2182,2183,-1,2068,2183,2069,-1,2069,2183,2184,-1,2069,2184,2070,-1,2070,2184,2185,-1,2070,2185,2071,-1,51,2072,49,-1,49,2072,2073,-1,49,2073,2186,-1,146,145,147,-1,147,145,143,-1,147,143,149,-1,149,143,2187,-1,149,2187,2074,-1,2074,2187,2188,-1,2074,2188,2075,-1,2075,2188,2189,-1,2075,2189,2076,-1,2076,2189,2190,-1,2076,2190,2077,-1,2077,2190,2191,-1,2077,2191,2078,-1,2078,2191,2192,-1,2078,2192,2079,-1,2079,2192,2193,-1,2079,2193,2080,-1,2080,2193,2194,-1,2080,2194,2081,-1,2081,2194,2195,-1,2081,2195,2082,-1,2082,2195,2196,-1,2082,2196,2083,-1,2083,2196,2197,-1,2083,2197,2084,-1,2084,2197,2198,-1,2084,2198,2085,-1,2085,2198,2199,-1,2085,2199,2086,-1,2086,2199,2200,-1,2086,2200,2087,-1,2087,2200,2201,-1,2087,2201,2088,-1,2088,2201,2202,-1,2088,2202,2089,-1,2089,2202,2203,-1,2089,2203,2090,-1,2090,2203,2204,-1,2090,2204,2091,-1,2091,2204,2205,-1,2091,2205,2092,-1,2092,2205,2206,-1,2092,2206,2093,-1,2093,2206,2207,-1,2093,2207,2094,-1,2094,2207,2208,-1,2094,2208,2095,-1,2095,2208,2209,-1,2095,2209,2096,-1,2096,2209,2210,-1,2096,2210,2097,-1,2097,2210,2211,-1,2097,2211,2098,-1,2098,2211,2212,-1,2098,2212,2099,-1,2099,2212,2213,-1,2099,2213,2100,-1,2100,2213,2214,-1,2100,2214,2101,-1,2101,2214,2215,-1,2101,2215,2102,-1,2102,2215,2216,-1,2102,2216,2103,-1,2103,2216,2217,-1,2103,2217,2104,-1,2104,2217,2218,-1,2104,2218,2105,-1,2105,2218,2219,-1,2105,2219,2106,-1,2106,2219,2220,-1,2106,2220,2107,-1,2107,2220,2221,-1,2107,2221,2108,-1,2108,2221,2222,-1,2108,2222,2109,-1,2109,2222,2223,-1,2109,2223,2110,-1,2110,2223,2224,-1,2110,2224,2111,-1,2111,2224,2225,-1,2111,2225,2112,-1,2112,2225,2226,-1,2112,2226,2113,-1,2113,2226,2227,-1,2113,2227,2114,-1,2114,2227,2228,-1,2114,2228,2115,-1,2115,2228,2229,-1,2115,2229,2116,-1,2116,2229,2230,-1,2116,2230,2117,-1,2117,2230,2231,-1,2117,2231,2118,-1,2118,2231,2232,-1,2118,2232,2119,-1,2119,2232,2233,-1,2119,2233,2120,-1,2120,2233,2234,-1,2120,2234,2121,-1,2121,2234,2235,-1,2121,2235,2122,-1,2122,2235,2236,-1,2122,2236,2123,-1,2123,2236,2237,-1,2123,2237,2124,-1,2124,2237,2238,-1,2124,2238,2125,-1,2125,2238,2239,-1,2125,2239,2126,-1,2126,2239,2240,-1,2126,2240,2127,-1,2127,2240,2241,-1,2127,2241,2128,-1,2128,2241,2242,-1,2128,2242,2129,-1,2129,2242,2243,-1,2129,2243,2130,-1,2130,2243,2244,-1,2130,2244,2131,-1,2131,2244,2245,-1,2131,2245,2132,-1,2132,2245,2246,-1,2132,2246,2133,-1,2133,2246,2247,-1,2133,2247,2134,-1,2134,2247,2248,-1,2134,2248,2135,-1,2135,2248,2249,-1,2135,2249,2136,-1,2136,2249,2250,-1,2136,2250,2137,-1,2137,2250,2251,-1,2137,2251,2138,-1,2138,2251,2252,-1,2138,2252,2139,-1,2139,2252,2253,-1,2139,2253,2140,-1,2140,2253,2254,-1,2140,2254,2141,-1,2141,2254,2255,-1,2141,2255,2142,-1,2142,2255,2256,-1,2142,2256,2143,-1,2143,2256,2257,-1,2143,2257,2144,-1,2144,2257,2258,-1,2144,2258,2145,-1,2145,2258,2259,-1,2145,2259,2146,-1,2146,2259,2260,-1,2146,2260,2147,-1,2147,2260,2261,-1,2147,2261,2148,-1,2148,2261,2262,-1,2148,2262,2149,-1,2149,2262,2263,-1,2149,2263,2150,-1,2150,2263,2264,-1,2150,2264,2151,-1,2151,2264,2265,-1,2151,2265,2152,-1,2152,2265,2266,-1,2152,2266,2153,-1,2153,2266,2267,-1,2153,2267,2154,-1,2154,2267,2268,-1,2154,2268,2155,-1,2155,2268,2269,-1,2155,2269,2156,-1,2156,2269,2270,-1,2156,2270,2157,-1,2157,2270,2271,-1,2157,2271,2158,-1,2158,2271,2272,-1,2158,2272,2159,-1,2159,2272,2273,-1,2159,2273,2160,-1,2160,2273,2274,-1,2160,2274,2161,-1,2161,2274,2275,-1,2161,2275,2162,-1,2162,2275,2276,-1,2162,2276,2163,-1,2163,2276,2277,-1,2163,2277,2164,-1,2164,2277,2278,-1,2164,2278,2165,-1,2165,2278,2279,-1,2165,2279,2166,-1,2166,2279,2280,-1,2166,2280,2167,-1,2167,2280,2281,-1,2167,2281,2168,-1,2168,2281,2282,-1,2168,2282,2169,-1,2169,2282,2283,-1,2169,2283,2170,-1,2170,2283,2284,-1,2170,2284,2171,-1,2171,2284,2285,-1,2171,2285,2172,-1,2172,2285,2286,-1,2172,2286,2173,-1,2173,2286,2287,-1,2173,2287,2174,-1,2174,2287,2288,-1,2174,2288,2175,-1,2175,2288,2289,-1,2175,2289,2176,-1,2176,2289,2290,-1,2176,2290,2177,-1,2177,2290,2291,-1,2177,2291,2178,-1,2178,2291,2292,-1,2178,2292,2179,-1,2179,2292,2293,-1,2179,2293,2180,-1,2180,2293,2294,-1,2180,2294,2181,-1,2181,2294,2295,-1,2181,2295,2182,-1,2182,2295,2296,-1,2182,2296,2183,-1,2183,2296,2297,-1,2183,2297,2184,-1,2184,2297,2298,-1,2184,2298,2185,-1,50,49,54,-1,54,49,2186,-1,54,2186,52,-1,52,2186,2299,-1,52,2299,55,-1,140,139,141,-1,141,139,137,-1,141,137,143,-1,143,137,2300,-1,143,2300,2187,-1,2187,2300,2301,-1,2187,2301,2188,-1,2188,2301,2302,-1,2188,2302,2189,-1,2189,2302,2303,-1,2189,2303,2190,-1,2190,2303,2304,-1,2190,2304,2191,-1,2191,2304,2305,-1,2191,2305,2192,-1,2192,2305,2306,-1,2192,2306,2193,-1,2193,2306,2307,-1,2193,2307,2194,-1,2194,2307,2308,-1,2194,2308,2195,-1,2195,2308,2309,-1,2195,2309,2196,-1,2196,2309,2310,-1,2196,2310,2197,-1,2197,2310,2311,-1,2197,2311,2198,-1,2198,2311,2312,-1,2198,2312,2199,-1,2199,2312,2313,-1,2199,2313,2200,-1,2200,2313,2314,-1,2200,2314,2201,-1,2201,2314,2315,-1,2201,2315,2202,-1,2202,2315,2316,-1,2202,2316,2203,-1,2203,2316,2317,-1,2203,2317,2204,-1,2204,2317,2318,-1,2204,2318,2205,-1,2205,2318,2319,-1,2205,2319,2206,-1,2206,2319,2320,-1,2206,2320,2207,-1,2207,2320,2321,-1,2207,2321,2208,-1,2208,2321,2322,-1,2208,2322,2209,-1,2209,2322,2323,-1,2209,2323,2210,-1,2210,2323,2324,-1,2210,2324,2211,-1,2211,2324,2325,-1,2211,2325,2212,-1,2212,2325,2326,-1,2212,2326,2213,-1,2213,2326,2327,-1,2213,2327,2214,-1,2214,2327,2328,-1,2214,2328,2215,-1,2215,2328,2329,-1,2215,2329,2216,-1,2216,2329,2330,-1,2216,2330,2217,-1,2217,2330,2331,-1,2217,2331,2218,-1,2218,2331,2332,-1,2218,2332,2219,-1,2219,2332,2333,-1,2219,2333,2220,-1,2220,2333,2334,-1,2220,2334,2221,-1,2221,2334,2335,-1,2221,2335,2222,-1,2222,2335,2336,-1,2222,2336,2223,-1,2223,2336,2337,-1,2223,2337,2224,-1,2224,2337,2338,-1,2224,2338,2225,-1,2225,2338,2339,-1,2225,2339,2226,-1,2226,2339,2340,-1,2226,2340,2227,-1,2227,2340,2341,-1,2227,2341,2228,-1,2228,2341,2342,-1,2228,2342,2229,-1,2229,2342,2343,-1,2229,2343,2230,-1,2230,2343,2344,-1,2230,2344,2231,-1,2231,2344,2345,-1,2231,2345,2232,-1,2232,2345,2346,-1,2232,2346,2233,-1,2233,2346,2347,-1,2233,2347,2234,-1,2234,2347,2348,-1,2234,2348,2235,-1,2235,2348,2349,-1,2235,2349,2236,-1,2236,2349,2350,-1,2236,2350,2237,-1,2237,2350,2351,-1,2237,2351,2238,-1,2238,2351,2352,-1,2238,2352,2239,-1,2239,2352,2353,-1,2239,2353,2240,-1,2240,2353,2354,-1,2240,2354,2241,-1,2241,2354,2355,-1,2241,2355,2242,-1,2242,2355,2356,-1,2242,2356,2243,-1,2243,2356,2357,-1,2243,2357,2244,-1,2244,2357,2358,-1,2244,2358,2245,-1,2245,2358,2359,-1,2245,2359,2246,-1,2246,2359,2360,-1,2246,2360,2247,-1,2247,2360,2361,-1,2247,2361,2248,-1,2248,2361,2362,-1,2248,2362,2249,-1,2249,2362,2363,-1,2249,2363,2250,-1,2250,2363,2364,-1,2250,2364,2251,-1,2251,2364,2365,-1,2251,2365,2252,-1,2252,2365,2366,-1,2252,2366,2253,-1,2253,2366,2367,-1,2253,2367,2254,-1,2254,2367,2368,-1,2254,2368,2255,-1,2255,2368,2369,-1,2255,2369,2256,-1,2256,2369,2370,-1,2256,2370,2257,-1,2257,2370,2371,-1,2257,2371,2258,-1,2258,2371,2372,-1,2258,2372,2259,-1,2259,2372,2373,-1,2259,2373,2260,-1,2260,2373,2374,-1,2260,2374,2261,-1,2261,2374,2375,-1,2261,2375,2262,-1,2262,2375,2376,-1,2262,2376,2263,-1,2263,2376,2377,-1,2263,2377,2264,-1,2264,2377,2378,-1,2264,2378,2265,-1,2265,2378,2379,-1,2265,2379,2266,-1,2266,2379,2380,-1,2266,2380,2267,-1,2267,2380,2381,-1,2267,2381,2268,-1,2268,2381,2382,-1,2268,2382,2269,-1,2269,2382,2383,-1,2269,2383,2270,-1,2270,2383,2384,-1,2270,2384,2271,-1,2271,2384,2385,-1,2271,2385,2272,-1,2272,2385,2386,-1,2272,2386,2273,-1,2273,2386,2387,-1,2273,2387,2274,-1,2274,2387,2388,-1,2274,2388,2275,-1,2275,2388,2389,-1,2275,2389,2276,-1,2276,2389,2390,-1,2276,2390,2277,-1,2277,2390,2391,-1,2277,2391,2278,-1,2278,2391,2392,-1,2278,2392,2279,-1,2279,2392,2393,-1,2279,2393,2280,-1,2280,2393,2394,-1,2280,2394,2281,-1,2281,2394,2395,-1,2281,2395,2282,-1,2282,2395,2396,-1,2282,2396,2283,-1,2283,2396,2397,-1,2283,2397,2284,-1,2284,2397,2398,-1,2284,2398,2285,-1,2285,2398,2399,-1,2285,2399,2286,-1,2286,2399,2400,-1,2286,2400,2287,-1,2287,2400,2401,-1,2287,2401,2288,-1,2288,2401,2402,-1,2288,2402,2289,-1,2289,2402,2403,-1,2289,2403,2290,-1,2290,2403,2404,-1,2290,2404,2291,-1,2291,2404,2405,-1,2291,2405,2292,-1,2292,2405,2406,-1,2292,2406,2293,-1,2293,2406,2407,-1,2293,2407,2294,-1,2294,2407,2408,-1,2294,2408,2295,-1,2295,2408,2409,-1,2295,2409,2296,-1,2296,2409,2410,-1,2296,2410,2297,-1,2297,2410,2411,-1,2297,2411,2298,-1,132,134,137,-1,137,134,2412,-1,137,2412,2300,-1,2300,2412,2413,-1,2300,2413,2301,-1,2301,2413,2414,-1,2301,2414,2302,-1,2302,2414,2415,-1,2302,2415,2303,-1,2303,2415,2416,-1,2303,2416,2304,-1,2304,2416,2417,-1,2304,2417,2305,-1,2305,2417,2418,-1,2305,2418,2306,-1,2306,2418,2419,-1,2306,2419,2307,-1,2307,2419,2420,-1,2307,2420,2308,-1,2308,2420,2421,-1,2308,2421,2309,-1,2309,2421,2422,-1,2309,2422,2310,-1,2310,2422,2423,-1,2310,2423,2311,-1,2311,2423,2424,-1,2311,2424,2312,-1,2312,2424,2425,-1,2312,2425,2313,-1,2313,2425,2426,-1,2313,2426,2314,-1,2314,2426,2427,-1,2314,2427,2315,-1,2315,2427,2428,-1,2315,2428,2316,-1,2316,2428,2429,-1,2316,2429,2317,-1,2317,2429,2430,-1,2317,2430,2318,-1,2318,2430,2431,-1,2318,2431,2319,-1,2319,2431,2432,-1,2319,2432,2320,-1,2320,2432,2433,-1,2320,2433,2321,-1,2321,2433,2434,-1,2321,2434,2322,-1,2322,2434,2435,-1,2322,2435,2323,-1,2323,2435,2436,-1,2323,2436,2324,-1,2324,2436,2437,-1,2324,2437,2325,-1,2325,2437,2438,-1,2325,2438,2326,-1,2326,2438,2439,-1,2326,2439,2327,-1,2327,2439,2440,-1,2327,2440,2328,-1,2328,2440,2441,-1,2328,2441,2329,-1,2329,2441,2442,-1,2329,2442,2330,-1,2330,2442,2443,-1,2330,2443,2331,-1,2331,2443,2444,-1,2331,2444,2332,-1,2332,2444,2445,-1,2332,2445,2333,-1,2333,2445,2446,-1,2333,2446,2334,-1,2334,2446,2447,-1,2334,2447,2335,-1,2335,2447,2448,-1,2335,2448,2336,-1,2336,2448,2449,-1,2336,2449,2337,-1,2337,2449,2450,-1,2337,2450,2338,-1,2338,2450,2451,-1,2338,2451,2339,-1,2339,2451,2452,-1,2339,2452,2340,-1,2340,2452,2453,-1,2340,2453,2341,-1,2341,2453,2454,-1,2341,2454,2342,-1,2342,2454,2455,-1,2342,2455,2343,-1,2343,2455,2456,-1,2343,2456,2344,-1,2344,2456,2457,-1,2344,2457,2345,-1,2345,2457,2458,-1,2345,2458,2346,-1,2346,2458,2459,-1,2346,2459,2347,-1,2347,2459,2460,-1,2347,2460,2348,-1,2348,2460,2461,-1,2348,2461,2349,-1,2349,2461,2462,-1,2349,2462,2350,-1,2350,2462,2463,-1,2350,2463,2351,-1,2351,2463,2464,-1,2351,2464,2352,-1,2352,2464,2465,-1,2352,2465,2353,-1,2353,2465,2466,-1,2353,2466,2354,-1,2354,2466,2467,-1,2354,2467,2355,-1,2355,2467,2468,-1,2355,2468,2356,-1,2356,2468,2469,-1,2356,2469,2357,-1,2357,2469,2470,-1,2357,2470,2358,-1,2358,2470,2471,-1,2358,2471,2359,-1,2359,2471,2472,-1,2359,2472,2360,-1,2360,2472,2473,-1,2360,2473,2361,-1,2361,2473,2474,-1,2361,2474,2362,-1,2362,2474,2475,-1,2362,2475,2363,-1,2363,2475,2476,-1,2363,2476,2364,-1,2364,2476,2477,-1,2364,2477,2365,-1,2365,2477,2478,-1,2365,2478,2366,-1,2366,2478,2479,-1,2366,2479,2367,-1,2367,2479,2480,-1,2367,2480,2368,-1,2368,2480,2481,-1,2368,2481,2369,-1,2369,2481,2482,-1,2369,2482,2370,-1,2370,2482,2483,-1,2370,2483,2371,-1,2371,2483,2484,-1,2371,2484,2372,-1,2372,2484,2485,-1,2372,2485,2373,-1,2373,2485,2486,-1,2373,2486,2374,-1,2374,2486,2487,-1,2374,2487,2375,-1,2375,2487,2488,-1,2375,2488,2376,-1,2376,2488,2489,-1,2376,2489,2377,-1,2377,2489,2490,-1,2377,2490,2378,-1,2378,2490,2491,-1,2378,2491,2379,-1,2379,2491,2492,-1,2379,2492,2380,-1,2380,2492,2493,-1,2380,2493,2381,-1,2381,2493,2494,-1,2381,2494,2382,-1,2382,2494,2495,-1,2382,2495,2383,-1,2383,2495,2496,-1,2383,2496,2384,-1,2384,2496,2497,-1,2384,2497,2385,-1,2385,2497,2498,-1,2385,2498,2386,-1,2386,2498,2499,-1,2386,2499,2387,-1,2387,2499,2500,-1,2387,2500,2388,-1,2388,2500,2501,-1,2388,2501,2389,-1,2389,2501,2502,-1,2389,2502,2390,-1,2390,2502,2503,-1,2390,2503,2391,-1,2391,2503,2504,-1,2391,2504,2392,-1,2392,2504,2505,-1,2392,2505,2393,-1,2393,2505,2506,-1,2393,2506,2394,-1,2394,2506,2507,-1,2394,2507,2395,-1,2395,2507,2508,-1,2395,2508,2396,-1,2396,2508,2509,-1,2396,2509,2397,-1,2397,2509,2510,-1,2397,2510,2398,-1,2398,2510,2511,-1,2398,2511,2399,-1,2399,2511,2512,-1,2399,2512,2400,-1,2400,2512,2513,-1,2400,2513,2401,-1,2401,2513,2514,-1,2401,2514,2402,-1,2402,2514,2515,-1,2402,2515,2403,-1,2403,2515,2516,-1,2403,2516,2404,-1,2404,2516,2517,-1,2404,2517,2405,-1,2405,2517,2518,-1,2405,2518,2406,-1,2406,2518,2519,-1,2406,2519,2407,-1,2407,2519,2520,-1,2407,2520,2408,-1,2408,2520,2521,-1,2408,2521,2409,-1,2409,2521,2522,-1,2409,2522,2410,-1,2410,2522,2523,-1,2410,2523,2411,-1,136,126,134,-1,134,126,128,-1,134,128,2412,-1,2412,128,2524,-1,2412,2524,2413,-1,2413,2524,2525,-1,2413,2525,2414,-1,2414,2525,2526,-1,2414,2526,2415,-1,2415,2526,2527,-1,2415,2527,2416,-1,2416,2527,2528,-1,2416,2528,2417,-1,2417,2528,2529,-1,2417,2529,2418,-1,2418,2529,2530,-1,2418,2530,2419,-1,2419,2530,2531,-1,2419,2531,2420,-1,2420,2531,2532,-1,2420,2532,2421,-1,2421,2532,2533,-1,2421,2533,2422,-1,2422,2533,2534,-1,2422,2534,2423,-1,2423,2534,2535,-1,2423,2535,2424,-1,2424,2535,2536,-1,2424,2536,2425,-1,2425,2536,2537,-1,2425,2537,2426,-1,2426,2537,2538,-1,2426,2538,2427,-1,2427,2538,2539,-1,2427,2539,2428,-1,2428,2539,2540,-1,2428,2540,2429,-1,2429,2540,2541,-1,2429,2541,2430,-1,2430,2541,2542,-1,2430,2542,2431,-1,2431,2542,2543,-1,2431,2543,2432,-1,2432,2543,2544,-1,2432,2544,2433,-1,2433,2544,2545,-1,2433,2545,2434,-1,2434,2545,2546,-1,2434,2546,2435,-1,2435,2546,2547,-1,2435,2547,2436,-1,2436,2547,2548,-1,2436,2548,2437,-1,2437,2548,2549,-1,2437,2549,2438,-1,2438,2549,2550,-1,2438,2550,2439,-1,2439,2550,2551,-1,2439,2551,2440,-1,2440,2551,2552,-1,2440,2552,2441,-1,2441,2552,2553,-1,2441,2553,2442,-1,2442,2553,2554,-1,2442,2554,2443,-1,2443,2554,2555,-1,2443,2555,2444,-1,2444,2555,2556,-1,2444,2556,2445,-1,2445,2556,2557,-1,2445,2557,2446,-1,2446,2557,2558,-1,2446,2558,2447,-1,2447,2558,2559,-1,2447,2559,2448,-1,2448,2559,2560,-1,2448,2560,2449,-1,2449,2560,2561,-1,2449,2561,2450,-1,2450,2561,2562,-1,2450,2562,2451,-1,2451,2562,2563,-1,2451,2563,2452,-1,2452,2563,2564,-1,2452,2564,2453,-1,2453,2564,2565,-1,2453,2565,2454,-1,2454,2565,2566,-1,2454,2566,2455,-1,2455,2566,2567,-1,2455,2567,2456,-1,2456,2567,2568,-1,2456,2568,2457,-1,2457,2568,2569,-1,2457,2569,2458,-1,2458,2569,2570,-1,2458,2570,2459,-1,2459,2570,2571,-1,2459,2571,2460,-1,2460,2571,2572,-1,2460,2572,2461,-1,2461,2572,2573,-1,2461,2573,2462,-1,2462,2573,2574,-1,2462,2574,2463,-1,2463,2574,2575,-1,2463,2575,2464,-1,2464,2575,2576,-1,2464,2576,2465,-1,2465,2576,2577,-1,2465,2577,2466,-1,2466,2577,2578,-1,2466,2578,2467,-1,2467,2578,2579,-1,2467,2579,2468,-1,2468,2579,2580,-1,2468,2580,2469,-1,2469,2580,2581,-1,2469,2581,2470,-1,2470,2581,2582,-1,2470,2582,2471,-1,2471,2582,2583,-1,2471,2583,2472,-1,2472,2583,2584,-1,2472,2584,2473,-1,2473,2584,2585,-1,2473,2585,2474,-1,2474,2585,2586,-1,2474,2586,2475,-1,2475,2586,2587,-1,2475,2587,2476,-1,2476,2587,2588,-1,2476,2588,2477,-1,2477,2588,2589,-1,2477,2589,2478,-1,2478,2589,2590,-1,2478,2590,2479,-1,2479,2590,2591,-1,2479,2591,2480,-1,2480,2591,2592,-1,2480,2592,2481,-1,2481,2592,2593,-1,2481,2593,2482,-1,2482,2593,2594,-1,2482,2594,2483,-1,2483,2594,2595,-1,2483,2595,2484,-1,2484,2595,2596,-1,2484,2596,2485,-1,2485,2596,2597,-1,2485,2597,2486,-1,2486,2597,2598,-1,2486,2598,2487,-1,2487,2598,2599,-1,2487,2599,2488,-1,2488,2599,2600,-1,2488,2600,2489,-1,2489,2600,2601,-1,2489,2601,2490,-1,2490,2601,2602,-1,2490,2602,2491,-1,2491,2602,2603,-1,2491,2603,2492,-1,2492,2603,2604,-1,2492,2604,2493,-1,2493,2604,2605,-1,2493,2605,2494,-1,2494,2605,2606,-1,2494,2606,2495,-1,2495,2606,2607,-1,2495,2607,2496,-1,2496,2607,2608,-1,2496,2608,2497,-1,2497,2608,2609,-1,2497,2609,2498,-1,2498,2609,2610,-1,2498,2610,2499,-1,2499,2610,2611,-1,2499,2611,2500,-1,2500,2611,2612,-1,2500,2612,2501,-1,2501,2612,2613,-1,2501,2613,2502,-1,2502,2613,2614,-1,2502,2614,2503,-1,2503,2614,2615,-1,2503,2615,2504,-1,2504,2615,2616,-1,2504,2616,2505,-1,2505,2616,2617,-1,2505,2617,2506,-1,2506,2617,2618,-1,2506,2618,2507,-1,2507,2618,2619,-1,2507,2619,2508,-1,2508,2619,2620,-1,2508,2620,2509,-1,2509,2620,2621,-1,2509,2621,2510,-1,2510,2621,2622,-1,2510,2622,2511,-1,2511,2622,2623,-1,2511,2623,2512,-1,2512,2623,2624,-1,2512,2624,2513,-1,2513,2624,2625,-1,2513,2625,2514,-1,2514,2625,2626,-1,2514,2626,2515,-1,2515,2626,2627,-1,2515,2627,2516,-1,2516,2627,2628,-1,2516,2628,2517,-1,2517,2628,2629,-1,2517,2629,2518,-1,2518,2629,2630,-1,2518,2630,2519,-1,2519,2630,2631,-1,2519,2631,2520,-1,2520,2631,2632,-1,2520,2632,2521,-1,2521,2632,2633,-1,2521,2633,2522,-1,2522,2633,2634,-1,2522,2634,2523,-1,131,114,128,-1,128,114,113,-1,128,113,2524,-1,2524,113,2635,-1,2524,2635,2525,-1,2525,2635,2636,-1,2525,2636,2526,-1,2526,2636,2637,-1,2526,2637,2527,-1,2527,2637,2638,-1,2527,2638,2528,-1,2528,2638,2639,-1,2528,2639,2529,-1,2529,2639,2640,-1,2529,2640,2530,-1,2530,2640,2641,-1,2530,2641,2531,-1,2531,2641,2642,-1,2531,2642,2532,-1,2532,2642,2643,-1,2532,2643,2533,-1,2533,2643,2644,-1,2533,2644,2534,-1,2534,2644,2645,-1,2534,2645,2535,-1,2535,2645,2646,-1,2535,2646,2536,-1,2536,2646,2647,-1,2536,2647,2537,-1,2537,2647,2648,-1,2537,2648,2538,-1,2538,2648,2649,-1,2538,2649,2539,-1,2539,2649,2650,-1,2539,2650,2540,-1,2540,2650,2651,-1,2540,2651,2541,-1,2541,2651,2652,-1,2541,2652,2542,-1,2542,2652,2653,-1,2542,2653,2543,-1,2543,2653,2654,-1,2543,2654,2544,-1,2544,2654,2655,-1,2544,2655,2545,-1,2545,2655,2656,-1,2545,2656,2546,-1,2546,2656,2657,-1,2546,2657,2547,-1,2547,2657,2658,-1,2547,2658,2548,-1,2548,2658,2659,-1,2548,2659,2549,-1,2549,2659,2660,-1,2549,2660,2550,-1,2550,2660,2661,-1,2550,2661,2551,-1,2551,2661,2662,-1,2551,2662,2552,-1,2552,2662,2663,-1,2552,2663,2553,-1,2553,2663,2664,-1,2553,2664,2554,-1,2554,2664,2665,-1,2554,2665,2555,-1,2555,2665,2666,-1,2555,2666,2556,-1,2556,2666,2667,-1,2556,2667,2557,-1,2557,2667,2668,-1,2557,2668,2558,-1,2558,2668,2669,-1,2558,2669,2559,-1,2559,2669,2670,-1,2559,2670,2560,-1,2560,2670,2671,-1,2560,2671,2561,-1,2561,2671,2672,-1,2561,2672,2562,-1,2562,2672,2673,-1,2562,2673,2563,-1,2563,2673,2674,-1,2563,2674,2564,-1,2564,2674,2675,-1,2564,2675,2565,-1,2565,2675,2676,-1,2565,2676,2566,-1,2566,2676,2677,-1,2566,2677,2567,-1,2567,2677,2678,-1,2567,2678,2568,-1,2568,2678,2679,-1,2568,2679,2569,-1,2569,2679,2680,-1,2569,2680,2570,-1,2570,2680,2681,-1,2570,2681,2571,-1,2571,2681,2682,-1,2571,2682,2572,-1,2572,2682,2683,-1,2572,2683,2573,-1,2573,2683,2684,-1,2573,2684,2574,-1,2574,2684,2685,-1,2574,2685,2575,-1,2575,2685,2686,-1,2575,2686,2576,-1,2576,2686,2687,-1,2576,2687,2577,-1,2577,2687,2688,-1,2577,2688,2578,-1,2578,2688,2689,-1,2578,2689,2579,-1,2579,2689,2690,-1,2579,2690,2580,-1,2580,2690,2691,-1,2580,2691,2581,-1,2581,2691,2692,-1,2581,2692,2582,-1,2582,2692,2693,-1,2582,2693,2583,-1,2583,2693,2694,-1,2583,2694,2584,-1,2584,2694,2695,-1,2584,2695,2585,-1,2585,2695,2696,-1,2585,2696,2586,-1,2586,2696,2697,-1,2586,2697,2587,-1,2587,2697,2698,-1,2587,2698,2588,-1,2588,2698,2699,-1,2588,2699,2589,-1,2589,2699,2700,-1,2589,2700,2590,-1,2590,2700,2701,-1,2590,2701,2591,-1,2591,2701,2702,-1,2591,2702,2592,-1,2592,2702,2703,-1,2592,2703,2593,-1,2593,2703,2704,-1,2593,2704,2594,-1,2594,2704,2705,-1,2594,2705,2595,-1,2595,2705,2706,-1,2595,2706,2596,-1,2596,2706,2707,-1,2596,2707,2597,-1,2597,2707,2708,-1,2597,2708,2598,-1,2598,2708,2709,-1,2598,2709,2599,-1,2599,2709,2710,-1,2599,2710,2600,-1,2600,2710,2711,-1,2600,2711,2601,-1,2601,2711,2712,-1,2601,2712,2602,-1,2602,2712,2713,-1,2602,2713,2603,-1,2603,2713,2714,-1,2603,2714,2604,-1,2604,2714,2715,-1,2604,2715,2605,-1,2605,2715,2716,-1,2605,2716,2606,-1,2606,2716,2717,-1,2606,2717,2607,-1,2607,2717,2718,-1,2607,2718,2608,-1,2608,2718,2719,-1,2608,2719,2609,-1,2609,2719,2720,-1,2609,2720,2610,-1,2610,2720,2721,-1,2610,2721,2611,-1,2611,2721,2722,-1,2611,2722,2612,-1,2612,2722,2723,-1,2612,2723,2613,-1,2613,2723,2724,-1,2613,2724,2614,-1,2614,2724,2725,-1,2614,2725,2615,-1,2615,2725,2726,-1,2615,2726,2616,-1,2616,2726,2727,-1,2616,2727,2617,-1,2617,2727,2728,-1,2617,2728,2618,-1,2618,2728,2729,-1,2618,2729,2619,-1,2619,2729,2730,-1,2619,2730,2620,-1,2620,2730,2731,-1,2620,2731,2621,-1,2621,2731,2732,-1,2621,2732,2622,-1,2622,2732,2733,-1,2622,2733,2623,-1,2623,2733,2734,-1,2623,2734,2624,-1,2624,2734,2735,-1,2624,2735,2625,-1,2625,2735,2736,-1,2625,2736,2626,-1,2626,2736,2737,-1,2626,2737,2627,-1,2627,2737,2738,-1,2627,2738,2628,-1,2628,2738,2739,-1,2628,2739,2629,-1,2629,2739,2740,-1,2629,2740,2630,-1,2630,2740,2741,-1,2630,2741,2631,-1,2631,2741,2742,-1,2631,2742,2632,-1,2632,2742,2743,-1,2632,2743,2633,-1,2633,2743,2744,-1,2633,2744,2634,-1,112,110,113,-1,113,110,108,-1,113,108,2635,-1,2635,108,2745,-1,2635,2745,2636,-1,2636,2745,2746,-1,2636,2746,2637,-1,2637,2746,2747,-1,2637,2747,2638,-1,2638,2747,2748,-1,2638,2748,2639,-1,2639,2748,2749,-1,2639,2749,2640,-1,2640,2749,2750,-1,2640,2750,2641,-1,2641,2750,2751,-1,2641,2751,2642,-1,2642,2751,2752,-1,2642,2752,2643,-1,2643,2752,2753,-1,2643,2753,2644,-1,2644,2753,2754,-1,2644,2754,2645,-1,2645,2754,2755,-1,2645,2755,2646,-1,2646,2755,2756,-1,2646,2756,2647,-1,2647,2756,2757,-1,2647,2757,2648,-1,2648,2757,2758,-1,2648,2758,2649,-1,2649,2758,2759,-1,2649,2759,2650,-1,2650,2759,2760,-1,2650,2760,2651,-1,2651,2760,2761,-1,2651,2761,2652,-1,2652,2761,2762,-1,2652,2762,2653,-1,2653,2762,2763,-1,2653,2763,2654,-1,2654,2763,2764,-1,2654,2764,2655,-1,2655,2764,2765,-1,2655,2765,2656,-1,2656,2765,2766,-1,2656,2766,2657,-1,2657,2766,2767,-1,2657,2767,2658,-1,2658,2767,2768,-1,2658,2768,2659,-1,2659,2768,2769,-1,2659,2769,2660,-1,2660,2769,2770,-1,2660,2770,2661,-1,2661,2770,2771,-1,2661,2771,2662,-1,2662,2771,2772,-1,2662,2772,2663,-1,2663,2772,2773,-1,2663,2773,2664,-1,2664,2773,2774,-1,2664,2774,2665,-1,2665,2774,2775,-1,2665,2775,2666,-1,2666,2775,2776,-1,2666,2776,2667,-1,2667,2776,2777,-1,2667,2777,2668,-1,2668,2777,2778,-1,2668,2778,2669,-1,2669,2778,2779,-1,2669,2779,2670,-1,2670,2779,2780,-1,2670,2780,2671,-1,2671,2780,2781,-1,2671,2781,2672,-1,2672,2781,2782,-1,2672,2782,2673,-1,2673,2782,2783,-1,2673,2783,2674,-1,2674,2783,2784,-1,2674,2784,2675,-1,2675,2784,2785,-1,2675,2785,2676,-1,2676,2785,2786,-1,2676,2786,2677,-1,2677,2786,2787,-1,2677,2787,2678,-1,2678,2787,2788,-1,2678,2788,2679,-1,2679,2788,2789,-1,2679,2789,2680,-1,2680,2789,2790,-1,2680,2790,2681,-1,2681,2790,2791,-1,2681,2791,2682,-1,2682,2791,2792,-1,2682,2792,2683,-1,2683,2792,2793,-1,2683,2793,2684,-1,2684,2793,2794,-1,2684,2794,2685,-1,2685,2794,2795,-1,2685,2795,2686,-1,2686,2795,2796,-1,2686,2796,2687,-1,2687,2796,2797,-1,2687,2797,2688,-1,2688,2797,2798,-1,2688,2798,2689,-1,2689,2798,2799,-1,2689,2799,2690,-1,2690,2799,2800,-1,2690,2800,2691,-1,2691,2800,2801,-1,2691,2801,2692,-1,2692,2801,2802,-1,2692,2802,2693,-1,2693,2802,2803,-1,2693,2803,2694,-1,2694,2803,2804,-1,2694,2804,2695,-1,2695,2804,2805,-1,2695,2805,2696,-1,2696,2805,2806,-1,2696,2806,2697,-1,2697,2806,2807,-1,2697,2807,2698,-1,2698,2807,2808,-1,2698,2808,2699,-1,2699,2808,2809,-1,2699,2809,2700,-1,2700,2809,2810,-1,2700,2810,2701,-1,2701,2810,2811,-1,2701,2811,2702,-1,2702,2811,2812,-1,2702,2812,2703,-1,2703,2812,2813,-1,2703,2813,2704,-1,2704,2813,2814,-1,2704,2814,2705,-1,2705,2814,2815,-1,2705,2815,2706,-1,2706,2815,2816,-1,2706,2816,2707,-1,2707,2816,2817,-1,2707,2817,2708,-1,2708,2817,2818,-1,2708,2818,2709,-1,2709,2818,2819,-1,2709,2819,2710,-1,2710,2819,2820,-1,2710,2820,2711,-1,2711,2820,2821,-1,2711,2821,2712,-1,2712,2821,2822,-1,2712,2822,2713,-1,2713,2822,2823,-1,2713,2823,2714,-1,2714,2823,2824,-1,2714,2824,2715,-1,2715,2824,2825,-1,2715,2825,2716,-1,2716,2825,2826,-1,2716,2826,2717,-1,2717,2826,2827,-1,2717,2827,2718,-1,2718,2827,2828,-1,2718,2828,2719,-1,2719,2828,2829,-1,2719,2829,2720,-1,2720,2829,2830,-1,2720,2830,2721,-1,2721,2830,2831,-1,2721,2831,2722,-1,2722,2831,2832,-1,2722,2832,2723,-1,2723,2832,2833,-1,2723,2833,2724,-1,2724,2833,2834,-1,2724,2834,2725,-1,2725,2834,2835,-1,2725,2835,2726,-1,2726,2835,2836,-1,2726,2836,2727,-1,2727,2836,2837,-1,2727,2837,2728,-1,2728,2837,2838,-1,2728,2838,2729,-1,2729,2838,2839,-1,2729,2839,2730,-1,2730,2839,2840,-1,2730,2840,2731,-1,2731,2840,2841,-1,2731,2841,2732,-1,2732,2841,2842,-1,2732,2842,2733,-1,2733,2842,2843,-1,2733,2843,2734,-1,2734,2843,2844,-1,2734,2844,2735,-1,2735,2844,2845,-1,2735,2845,2736,-1,2736,2845,2846,-1,2736,2846,2737,-1,2737,2846,2847,-1,2737,2847,2738,-1,2738,2847,2848,-1,2738,2848,2739,-1,2739,2848,2849,-1,2739,2849,2740,-1,2740,2849,2850,-1,2740,2850,2741,-1,2741,2850,2851,-1,2741,2851,2742,-1,2742,2851,2852,-1,2742,2852,2743,-1,2743,2852,2853,-1,2743,2853,2744,-1,107,2854,108,-1,108,2854,105,-1,108,105,2745,-1,2745,105,104,-1,2745,104,2746,-1,2746,104,2855,-1,2746,2855,2747,-1,2747,2855,2856,-1,2747,2856,2748,-1,2748,2856,2857,-1,2748,2857,2749,-1,2749,2857,2858,-1,2749,2858,2750,-1,2750,2858,2859,-1,2750,2859,2751,-1,2751,2859,2860,-1,2751,2860,2752,-1,2752,2860,2861,-1,2752,2861,2753,-1,2753,2861,2862,-1,2753,2862,2754,-1,2754,2862,2863,-1,2754,2863,2755,-1,2755,2863,2864,-1,2755,2864,2756,-1,2756,2864,2865,-1,2756,2865,2757,-1,2757,2865,2866,-1,2757,2866,2758,-1,2758,2866,2867,-1,2758,2867,2759,-1,2759,2867,2868,-1,2759,2868,2760,-1,2760,2868,2869,-1,2760,2869,2761,-1,2761,2869,2870,-1,2761,2870,2762,-1,2762,2870,2871,-1,2762,2871,2763,-1,2763,2871,2872,-1,2763,2872,2764,-1,2764,2872,2873,-1,2764,2873,2765,-1,2765,2873,2874,-1,2765,2874,2766,-1,2766,2874,2875,-1,2766,2875,2767,-1,2767,2875,2876,-1,2767,2876,2768,-1,2768,2876,2877,-1,2768,2877,2769,-1,2769,2877,2878,-1,2769,2878,2770,-1,2770,2878,2879,-1,2770,2879,2771,-1,2771,2879,2880,-1,2771,2880,2772,-1,2772,2880,2881,-1,2772,2881,2773,-1,2773,2881,2882,-1,2773,2882,2774,-1,2774,2882,2883,-1,2774,2883,2775,-1,2775,2883,2884,-1,2775,2884,2776,-1,2776,2884,2885,-1,2776,2885,2777,-1,2777,2885,2886,-1,2777,2886,2778,-1,2778,2886,2887,-1,2778,2887,2779,-1,2779,2887,2888,-1,2779,2888,2780,-1,2780,2888,2889,-1,2780,2889,2781,-1,2781,2889,2890,-1,2781,2890,2782,-1,2782,2890,2891,-1,2782,2891,2783,-1,2783,2891,2892,-1,2783,2892,2784,-1,2784,2892,2893,-1,2784,2893,2785,-1,2785,2893,2894,-1,2785,2894,2786,-1,2786,2894,2895,-1,2786,2895,2787,-1,2787,2895,2896,-1,2787,2896,2788,-1,2788,2896,2897,-1,2788,2897,2789,-1,2789,2897,2898,-1,2789,2898,2790,-1,2790,2898,2899,-1,2790,2899,2791,-1,2791,2899,2900,-1,2791,2900,2792,-1,2792,2900,2901,-1,2792,2901,2793,-1,2793,2901,2902,-1,2793,2902,2794,-1,2794,2902,2903,-1,2794,2903,2795,-1,2795,2903,2904,-1,2795,2904,2796,-1,2796,2904,2905,-1,2796,2905,2797,-1,2797,2905,2906,-1,2797,2906,2798,-1,2798,2906,2907,-1,2798,2907,2799,-1,2799,2907,2908,-1,2799,2908,2800,-1,2800,2908,2909,-1,2800,2909,2801,-1,2801,2909,2910,-1,2801,2910,2802,-1,2802,2910,2911,-1,2802,2911,2803,-1,2803,2911,2912,-1,2803,2912,2804,-1,2804,2912,2913,-1,2804,2913,2805,-1,2805,2913,2914,-1,2805,2914,2806,-1,2806,2914,2915,-1,2806,2915,2807,-1,2807,2915,2916,-1,2807,2916,2808,-1,2808,2916,2917,-1,2808,2917,2809,-1,2809,2917,2918,-1,2809,2918,2810,-1,2810,2918,2919,-1,2810,2919,2811,-1,2811,2919,2920,-1,2811,2920,2812,-1,2812,2920,2921,-1,2812,2921,2813,-1,2813,2921,2922,-1,2813,2922,2814,-1,2814,2922,2923,-1,2814,2923,2815,-1,2815,2923,2924,-1,2815,2924,2816,-1,2816,2924,2925,-1,2816,2925,2817,-1,2817,2925,2926,-1,2817,2926,2818,-1,2818,2926,2927,-1,2818,2927,2819,-1,2819,2927,2928,-1,2819,2928,2820,-1,2820,2928,2929,-1,2820,2929,2821,-1,2821,2929,2930,-1,2821,2930,2822,-1,2822,2930,2931,-1,2822,2931,2823,-1,2823,2931,2932,-1,2823,2932,2824,-1,2824,2932,2933,-1,2824,2933,2825,-1,2825,2933,2934,-1,2825,2934,2826,-1,2826,2934,2935,-1,2826,2935,2827,-1,2827,2935,2936,-1,2827,2936,2828,-1,2828,2936,2937,-1,2828,2937,2829,-1,2829,2937,2938,-1,2829,2938,2830,-1,2830,2938,2939,-1,2830,2939,2831,-1,2831,2939,2940,-1,2831,2940,2832,-1,2832,2940,2941,-1,2832,2941,2833,-1,2833,2941,2942,-1,2833,2942,2834,-1,2834,2942,2943,-1,2834,2943,2835,-1,2835,2943,2944,-1,2835,2944,2836,-1,2836,2944,2945,-1,2836,2945,2837,-1,2837,2945,2946,-1,2837,2946,2838,-1,2838,2946,2947,-1,2838,2947,2839,-1,2839,2947,2948,-1,2839,2948,2840,-1,2840,2948,2949,-1,2840,2949,2841,-1,2841,2949,2950,-1,2841,2950,2842,-1,2842,2950,2951,-1,2842,2951,2843,-1,2843,2951,2952,-1,2843,2952,2844,-1,2844,2952,2953,-1,2844,2953,2845,-1,2845,2953,2954,-1,2845,2954,2846,-1,2846,2954,2955,-1,2846,2955,2847,-1,2847,2955,2956,-1,2847,2956,2848,-1,2848,2956,2957,-1,2848,2957,2849,-1,2849,2957,2958,-1,2849,2958,2850,-1,2850,2958,2959,-1,2850,2959,2851,-1,2851,2959,2960,-1,2851,2960,2852,-1,2852,2960,2961,-1,2852,2961,2853,-1,106,2962,104,-1,104,2962,102,-1,104,102,2855,-1,2855,102,101,-1,2855,101,2856,-1,2856,101,2963,-1,2856,2963,2857,-1,2857,2963,2964,-1,2857,2964,2858,-1,2858,2964,2965,-1,2858,2965,2859,-1,2859,2965,2966,-1,2859,2966,2860,-1,2860,2966,2967,-1,2860,2967,2861,-1,2861,2967,2968,-1,2861,2968,2862,-1,2862,2968,2969,-1,2862,2969,2863,-1,2863,2969,2970,-1,2863,2970,2864,-1,2864,2970,2971,-1,2864,2971,2865,-1,2865,2971,2972,-1,2865,2972,2866,-1,2866,2972,2973,-1,2866,2973,2867,-1,2867,2973,2974,-1,2867,2974,2868,-1,2868,2974,2975,-1,2868,2975,2869,-1,2869,2975,2976,-1,2869,2976,2870,-1,2870,2976,2977,-1,2870,2977,2871,-1,2871,2977,2978,-1,2871,2978,2872,-1,2872,2978,2979,-1,2872,2979,2873,-1,2873,2979,2980,-1,2873,2980,2874,-1,2874,2980,2981,-1,2874,2981,2875,-1,2875,2981,2982,-1,2875,2982,2876,-1,2876,2982,2983,-1,2876,2983,2877,-1,2877,2983,2984,-1,2877,2984,2878,-1,2878,2984,2985,-1,2878,2985,2879,-1,2879,2985,2986,-1,2879,2986,2880,-1,2880,2986,2987,-1,2880,2987,2881,-1,2881,2987,2988,-1,2881,2988,2882,-1,2882,2988,2989,-1,2882,2989,2883,-1,2883,2989,2990,-1,2883,2990,2884,-1,2884,2990,2991,-1,2884,2991,2885,-1,2885,2991,2992,-1,2885,2992,2886,-1,2886,2992,2993,-1,2886,2993,2887,-1,2887,2993,2994,-1,2887,2994,2888,-1,2888,2994,2995,-1,2888,2995,2889,-1,2889,2995,2996,-1,2889,2996,2890,-1,2890,2996,2997,-1,2890,2997,2891,-1,2891,2997,2998,-1,2891,2998,2892,-1,2892,2998,2999,-1,2892,2999,2893,-1,2893,2999,3000,-1,2893,3000,2894,-1,2894,3000,3001,-1,2894,3001,2895,-1,2895,3001,3002,-1,2895,3002,2896,-1,2896,3002,3003,-1,2896,3003,2897,-1,2897,3003,3004,-1,2897,3004,2898,-1,2898,3004,3005,-1,2898,3005,2899,-1,2899,3005,3006,-1,2899,3006,2900,-1,2900,3006,3007,-1,2900,3007,2901,-1,2901,3007,3008,-1,2901,3008,2902,-1,2902,3008,3009,-1,2902,3009,2903,-1,2903,3009,3010,-1,2903,3010,2904,-1,2904,3010,3011,-1,2904,3011,2905,-1,2905,3011,3012,-1,2905,3012,2906,-1,2906,3012,3013,-1,2906,3013,2907,-1,2907,3013,3014,-1,2907,3014,2908,-1,2908,3014,3015,-1,2908,3015,2909,-1,2909,3015,3016,-1,2909,3016,2910,-1,2910,3016,3017,-1,2910,3017,2911,-1,2911,3017,3018,-1,2911,3018,2912,-1,2912,3018,3019,-1,2912,3019,2913,-1,2913,3019,3020,-1,2913,3020,2914,-1,2914,3020,3021,-1,2914,3021,2915,-1,2915,3021,3022,-1,2915,3022,2916,-1,2916,3022,3023,-1,2916,3023,2917,-1,2917,3023,3024,-1,2917,3024,2918,-1,2918,3024,3025,-1,2918,3025,2919,-1,2919,3025,3026,-1,2919,3026,2920,-1,2920,3026,3027,-1,2920,3027,2921,-1,2921,3027,3028,-1,2921,3028,2922,-1,2922,3028,3029,-1,2922,3029,2923,-1,2923,3029,3030,-1,2923,3030,2924,-1,2924,3030,3031,-1,2924,3031,2925,-1,2925,3031,3032,-1,2925,3032,2926,-1,2926,3032,3033,-1,2926,3033,2927,-1,2927,3033,3034,-1,2927,3034,2928,-1,2928,3034,3035,-1,2928,3035,2929,-1,2929,3035,3036,-1,2929,3036,2930,-1,2930,3036,3037,-1,2930,3037,2931,-1,2931,3037,3038,-1,2931,3038,2932,-1,2932,3038,3039,-1,2932,3039,2933,-1,2933,3039,3040,-1,2933,3040,2934,-1,2934,3040,3041,-1,2934,3041,2935,-1,2935,3041,3042,-1,2935,3042,2936,-1,2936,3042,3043,-1,2936,3043,2937,-1,2937,3043,3044,-1,2937,3044,2938,-1,2938,3044,3045,-1,2938,3045,2939,-1,2939,3045,3046,-1,2939,3046,2940,-1,2940,3046,3047,-1,2940,3047,2941,-1,2941,3047,3048,-1,2941,3048,2942,-1,2942,3048,3049,-1,2942,3049,2943,-1,2943,3049,3050,-1,2943,3050,2944,-1,2944,3050,3051,-1,2944,3051,2945,-1,2945,3051,3052,-1,2945,3052,2946,-1,2946,3052,3053,-1,2946,3053,2947,-1,2947,3053,3054,-1,2947,3054,2948,-1,2948,3054,3055,-1,2948,3055,2949,-1,2949,3055,3056,-1,2949,3056,2950,-1,2950,3056,3057,-1,2950,3057,2951,-1,2951,3057,3058,-1,2951,3058,2952,-1,2952,3058,3059,-1,2952,3059,2953,-1,2953,3059,3060,-1,2953,3060,2954,-1,2954,3060,3061,-1,2954,3061,2955,-1,2955,3061,3062,-1,2955,3062,2956,-1,2956,3062,3063,-1,2956,3063,2957,-1,2957,3063,3064,-1,2957,3064,2958,-1,2958,3064,3065,-1,2958,3065,2959,-1,2959,3065,3066,-1,2959,3066,2960,-1,2960,3066,3067,-1,2960,3067,2961,-1,103,3068,101,-1,101,3068,99,-1,101,99,2963,-1,2963,99,98,-1,2963,98,2964,-1,2964,98,3069,-1,2964,3069,2965,-1,2965,3069,3070,-1,2965,3070,2966,-1,2966,3070,3071,-1,2966,3071,2967,-1,2967,3071,3072,-1,2967,3072,2968,-1,2968,3072,3073,-1,2968,3073,2969,-1,2969,3073,3074,-1,2969,3074,2970,-1,2970,3074,3075,-1,2970,3075,2971,-1,2971,3075,3076,-1,2971,3076,2972,-1,2972,3076,3077,-1,2972,3077,2973,-1,2973,3077,3078,-1,2973,3078,2974,-1,2974,3078,3079,-1,2974,3079,2975,-1,2975,3079,3080,-1,2975,3080,2976,-1,2976,3080,3081,-1,2976,3081,2977,-1,2977,3081,3082,-1,2977,3082,2978,-1,2978,3082,3083,-1,2978,3083,2979,-1,2979,3083,3084,-1,2979,3084,2980,-1,2980,3084,3085,-1,2980,3085,2981,-1,2981,3085,3086,-1,2981,3086,2982,-1,2982,3086,3087,-1,2982,3087,2983,-1,2983,3087,3088,-1,2983,3088,2984,-1,2984,3088,3089,-1,2984,3089,2985,-1,2985,3089,3090,-1,2985,3090,2986,-1,2986,3090,3091,-1,2986,3091,2987,-1,2987,3091,3092,-1,2987,3092,2988,-1,2988,3092,3093,-1,2988,3093,2989,-1,2989,3093,3094,-1,2989,3094,2990,-1,2990,3094,3095,-1,2990,3095,2991,-1,2991,3095,3096,-1,2991,3096,2992,-1,2992,3096,3097,-1,2992,3097,2993,-1,2993,3097,3098,-1,2993,3098,2994,-1,2994,3098,3099,-1,2994,3099,2995,-1,2995,3099,3100,-1,2995,3100,2996,-1,2996,3100,3101,-1,2996,3101,2997,-1,2997,3101,3102,-1,2997,3102,2998,-1,2998,3102,3103,-1,2998,3103,2999,-1,2999,3103,3104,-1,2999,3104,3000,-1,3000,3104,3105,-1,3000,3105,3001,-1,3001,3105,3106,-1,3001,3106,3002,-1,3002,3106,3107,-1,3002,3107,3003,-1,3003,3107,3108,-1,3003,3108,3004,-1,3004,3108,3109,-1,3004,3109,3005,-1,3005,3109,3110,-1,3005,3110,3006,-1,3006,3110,3111,-1,3006,3111,3007,-1,3007,3111,3112,-1,3007,3112,3008,-1,3008,3112,3113,-1,3008,3113,3009,-1,3009,3113,3114,-1,3009,3114,3010,-1,3010,3114,3115,-1,3010,3115,3011,-1,3011,3115,3116,-1,3011,3116,3012,-1,3012,3116,3117,-1,3012,3117,3013,-1,3013,3117,3118,-1,3013,3118,3014,-1,3014,3118,3119,-1,3014,3119,3015,-1,3015,3119,3120,-1,3015,3120,3016,-1,3016,3120,3121,-1,3016,3121,3017,-1,3017,3121,3122,-1,3017,3122,3018,-1,3018,3122,3123,-1,3018,3123,3019,-1,3019,3123,3124,-1,3019,3124,3020,-1,3020,3124,3125,-1,3020,3125,3021,-1,3021,3125,3126,-1,3021,3126,3022,-1,3022,3126,3127,-1,3022,3127,3023,-1,3023,3127,3128,-1,3023,3128,3024,-1,3024,3128,3129,-1,3024,3129,3025,-1,3025,3129,3130,-1,3025,3130,3026,-1,3026,3130,3131,-1,3026,3131,3027,-1,3027,3131,3132,-1,3027,3132,3028,-1,3028,3132,3133,-1,3028,3133,3029,-1,3029,3133,3134,-1,3029,3134,3030,-1,3030,3134,3135,-1,3030,3135,3031,-1,3031,3135,3136,-1,3031,3136,3032,-1,3032,3136,3137,-1,3032,3137,3033,-1,3033,3137,3138,-1,3033,3138,3034,-1,3034,3138,3139,-1,3034,3139,3035,-1,3035,3139,3140,-1,3035,3140,3036,-1,3036,3140,3141,-1,3036,3141,3037,-1,3037,3141,3142,-1,3037,3142,3038,-1,3038,3142,3143,-1,3038,3143,3039,-1,3039,3143,3144,-1,3039,3144,3040,-1,3040,3144,3145,-1,3040,3145,3041,-1,3041,3145,3146,-1,3041,3146,3042,-1,3042,3146,3147,-1,3042,3147,3043,-1,3043,3147,3148,-1,3043,3148,3044,-1,3044,3148,3149,-1,3044,3149,3045,-1,3045,3149,3150,-1,3045,3150,3046,-1,3046,3150,3151,-1,3046,3151,3047,-1,3047,3151,3152,-1,3047,3152,3048,-1,3048,3152,3153,-1,3048,3153,3049,-1,3049,3153,3154,-1,3049,3154,3050,-1,3050,3154,3155,-1,3050,3155,3051,-1,3051,3155,3156,-1,3051,3156,3052,-1,3052,3156,3157,-1,3052,3157,3053,-1,3053,3157,3158,-1,3053,3158,3054,-1,3054,3158,3159,-1,3054,3159,3055,-1,3055,3159,3160,-1,3055,3160,3056,-1,3056,3160,3161,-1,3056,3161,3057,-1,3057,3161,3162,-1,3057,3162,3058,-1,3058,3162,3163,-1,3058,3163,3059,-1,3059,3163,3164,-1,3059,3164,3060,-1,3060,3164,3165,-1,3060,3165,3061,-1,3061,3165,3166,-1,3061,3166,3062,-1,3062,3166,3167,-1,3062,3167,3063,-1,3063,3167,3168,-1,3063,3168,3064,-1,3064,3168,3169,-1,3064,3169,3065,-1,3065,3169,3170,-1,3065,3170,3066,-1,3066,3170,3171,-1,3066,3171,3067,-1,100,3172,98,-1,98,3172,96,-1,98,96,3069,-1,3069,96,95,-1,3069,95,3070,-1,3070,95,3173,-1,3070,3173,3071,-1,3071,3173,3174,-1,3071,3174,3072,-1,3072,3174,3175,-1,3072,3175,3073,-1,3073,3175,3176,-1,3073,3176,3074,-1,3074,3176,3177,-1,3074,3177,3075,-1,3075,3177,3178,-1,3075,3178,3076,-1,3076,3178,3179,-1,3076,3179,3077,-1,3077,3179,3180,-1,3077,3180,3078,-1,3078,3180,3181,-1,3078,3181,3079,-1,3079,3181,3182,-1,3079,3182,3080,-1,3080,3182,3183,-1,3080,3183,3081,-1,3081,3183,3184,-1,3081,3184,3082,-1,3082,3184,3185,-1,3082,3185,3083,-1,3083,3185,3186,-1,3083,3186,3084,-1,3084,3186,3187,-1,3084,3187,3085,-1,3085,3187,3188,-1,3085,3188,3086,-1,3086,3188,3189,-1,3086,3189,3087,-1,3087,3189,3190,-1,3087,3190,3088,-1,3088,3190,3191,-1,3088,3191,3089,-1,3089,3191,3192,-1,3089,3192,3090,-1,3090,3192,3193,-1,3090,3193,3091,-1,3091,3193,3194,-1,3091,3194,3092,-1,3092,3194,3195,-1,3092,3195,3093,-1,3093,3195,3196,-1,3093,3196,3094,-1,3094,3196,3197,-1,3094,3197,3095,-1,3095,3197,3198,-1,3095,3198,3096,-1,3096,3198,3199,-1,3096,3199,3097,-1,3097,3199,3200,-1,3097,3200,3098,-1,3098,3200,3201,-1,3098,3201,3099,-1,3099,3201,3202,-1,3099,3202,3100,-1,3100,3202,3203,-1,3100,3203,3101,-1,3101,3203,3204,-1,3101,3204,3102,-1,3102,3204,3205,-1,3102,3205,3103,-1,3103,3205,3206,-1,3103,3206,3104,-1,3104,3206,3207,-1,3104,3207,3105,-1,3105,3207,3208,-1,3105,3208,3106,-1,3106,3208,3209,-1,3106,3209,3107,-1,3107,3209,3210,-1,3107,3210,3108,-1,3108,3210,3211,-1,3108,3211,3109,-1,3109,3211,3212,-1,3109,3212,3110,-1,3110,3212,3213,-1,3110,3213,3111,-1,3111,3213,3214,-1,3111,3214,3112,-1,3112,3214,3215,-1,3112,3215,3113,-1,3113,3215,3216,-1,3113,3216,3114,-1,3114,3216,3217,-1,3114,3217,3115,-1,3115,3217,3218,-1,3115,3218,3116,-1,3116,3218,3219,-1,3116,3219,3117,-1,3117,3219,3220,-1,3117,3220,3118,-1,3118,3220,3221,-1,3118,3221,3119,-1,3119,3221,3222,-1,3119,3222,3120,-1,3120,3222,3223,-1,3120,3223,3121,-1,3121,3223,3224,-1,3121,3224,3122,-1,3122,3224,3225,-1,3122,3225,3123,-1,3123,3225,3226,-1,3123,3226,3124,-1,3124,3226,3227,-1,3124,3227,3125,-1,3125,3227,3228,-1,3125,3228,3126,-1,3126,3228,3229,-1,3126,3229,3127,-1,3127,3229,3230,-1,3127,3230,3128,-1,3128,3230,3231,-1,3128,3231,3129,-1,3129,3231,3232,-1,3129,3232,3130,-1,3130,3232,3233,-1,3130,3233,3131,-1,3131,3233,3234,-1,3131,3234,3132,-1,3132,3234,3235,-1,3132,3235,3133,-1,3133,3235,3236,-1,3133,3236,3134,-1,3134,3236,3237,-1,3134,3237,3135,-1,3135,3237,3238,-1,3135,3238,3136,-1,3136,3238,3239,-1,3136,3239,3137,-1,3137,3239,3240,-1,3137,3240,3138,-1,3138,3240,3241,-1,3138,3241,3139,-1,3139,3241,3242,-1,3139,3242,3140,-1,3140,3242,3243,-1,3140,3243,3141,-1,3141,3243,3244,-1,3141,3244,3142,-1,3142,3244,3245,-1,3142,3245,3143,-1,3143,3245,3246,-1,3143,3246,3144,-1,3144,3246,3247,-1,3144,3247,3145,-1,3145,3247,3248,-1,3145,3248,3146,-1,3146,3248,3249,-1,3146,3249,3147,-1,3147,3249,3250,-1,3147,3250,3148,-1,3148,3250,3251,-1,3148,3251,3149,-1,3149,3251,3252,-1,3149,3252,3150,-1,3150,3252,3253,-1,3150,3253,3151,-1,3151,3253,3254,-1,3151,3254,3152,-1,3152,3254,3255,-1,3152,3255,3153,-1,3153,3255,3256,-1,3153,3256,3154,-1,3154,3256,3257,-1,3154,3257,3155,-1,3155,3257,3258,-1,3155,3258,3156,-1,3156,3258,3259,-1,3156,3259,3157,-1,3157,3259,3260,-1,3157,3260,3158,-1,3158,3260,3261,-1,3158,3261,3159,-1,3159,3261,3262,-1,3159,3262,3160,-1,3160,3262,3263,-1,3160,3263,3161,-1,3161,3263,3264,-1,3161,3264,3162,-1,3162,3264,3265,-1,3162,3265,3163,-1,3163,3265,3266,-1,3163,3266,3164,-1,3164,3266,3267,-1,3164,3267,3165,-1,3165,3267,3268,-1,3165,3268,3166,-1,3166,3268,3269,-1,3166,3269,3167,-1,3167,3269,3270,-1,3167,3270,3168,-1,3168,3270,3271,-1,3168,3271,3169,-1,3169,3271,3272,-1,3169,3272,3170,-1,3170,3272,3273,-1,3170,3273,3171,-1,91,88,92,-1,92,88,87,-1,92,87,3274,-1,3274,87,3275,-1,3274,3275,3276,-1,3276,3275,3277,-1,3276,3277,3278,-1,3278,3277,3279,-1,3278,3279,3280,-1,3280,3279,3281,-1,3280,3281,3282,-1,3282,3281,3283,-1,3282,3283,3284,-1,3284,3283,3285,-1,3284,3285,3286,-1,3286,3285,3287,-1,3286,3287,3288,-1,3288,3287,3289,-1,3288,3289,3290,-1,3290,3289,3291,-1,3290,3291,3292,-1,3292,3291,3293,-1,3292,3293,3294,-1,3294,3293,3295,-1,3294,3295,3296,-1,3296,3295,3297,-1,3296,3297,3298,-1,3298,3297,3299,-1,3298,3299,3300,-1,3300,3299,3301,-1,3300,3301,3302,-1,3302,3301,3303,-1,3302,3303,3304,-1,3304,3303,3305,-1,3304,3305,3306,-1,3306,3305,3307,-1,3306,3307,3308,-1,3308,3307,3309,-1,3308,3309,3310,-1,3310,3309,3311,-1,3310,3311,3312,-1,3312,3311,3313,-1,3312,3313,3314,-1,3314,3313,3315,-1,3314,3315,3316,-1,3316,3315,3317,-1,3316,3317,3318,-1,3318,3317,3319,-1,3318,3319,3320,-1,3320,3319,3321,-1,3320,3321,3322,-1,3322,3321,3323,-1,3322,3323,3324,-1,3324,3323,3325,-1,3324,3325,3326,-1,3326,3325,3327,-1,3326,3327,3328,-1,3328,3327,3329,-1,3328,3329,3330,-1,3330,3329,3331,-1,3330,3331,3332,-1,3332,3331,3333,-1,3332,3333,3334,-1,3334,3333,3335,-1,3334,3335,3336,-1,3336,3335,3337,-1,3336,3337,3338,-1,3338,3337,3339,-1,3338,3339,3340,-1,3340,3339,3341,-1,3340,3341,3342,-1,3342,3341,3343,-1,3342,3343,3344,-1,3344,3343,3345,-1,3344,3345,3346,-1,3346,3345,3347,-1,3346,3347,3348,-1,3348,3347,3349,-1,3348,3349,3350,-1,3350,3349,3351,-1,3350,3351,3352,-1,3352,3351,3353,-1,3352,3353,3354,-1,3354,3353,3355,-1,3354,3355,3356,-1,3356,3355,3357,-1,3356,3357,3358,-1,3358,3357,3359,-1,3358,3359,3360,-1,3360,3359,3361,-1,3360,3361,3362,-1,3362,3361,3363,-1,3362,3363,3364,-1,3364,3363,3365,-1,3364,3365,3366,-1,3366,3365,3367,-1,3366,3367,3368,-1,3368,3367,3369,-1,3368,3369,3370,-1,3370,3369,3371,-1,3370,3371,3372,-1,3372,3371,3373,-1,3372,3373,3374,-1,3374,3373,3375,-1,3374,3375,3376,-1,3376,3375,3377,-1,3376,3377,3378,-1,3378,3377,3379,-1,3378,3379,3380,-1,3380,3379,3381,-1,3380,3381,3382,-1,3382,3381,3383,-1,3382,3383,3384,-1,3384,3383,3385,-1,3384,3385,3386,-1,3386,3385,3387,-1,3386,3387,3388,-1,3388,3387,3389,-1,3388,3389,3390,-1,3390,3389,3391,-1,3390,3391,3392,-1,3392,3391,3393,-1,3392,3393,3394,-1,3394,3393,3395,-1,3394,3395,3396,-1,3396,3395,3397,-1,3396,3397,3398,-1,3398,3397,3399,-1,3398,3399,3400,-1,3400,3399,3401,-1,3400,3401,3402,-1,3402,3401,3403,-1,3402,3403,3404,-1,3404,3403,3405,-1,3404,3405,3406,-1,3406,3405,3407,-1,3406,3407,3408,-1,3408,3407,3409,-1,3408,3409,3410,-1,3410,3409,3411,-1,3410,3411,3412,-1,3412,3411,3413,-1,3412,3413,3414,-1,3414,3413,3415,-1,3414,3415,3416,-1,3416,3415,3417,-1,3416,3417,3418,-1,3418,3417,3419,-1,3418,3419,3420,-1,3420,3419,3421,-1,3420,3421,3422,-1,3422,3421,3423,-1,3422,3423,3424,-1,3424,3423,3425,-1,3424,3425,3426,-1,3426,3425,3427,-1,3426,3427,3428,-1,3428,3427,3429,-1,3428,3429,3430,-1,3430,3429,3431,-1,3430,3431,3432,-1,3432,3431,3433,-1,3432,3434,3430,-1,3430,3434,3435,-1,3430,3435,3428,-1,3428,3435,3436,-1,3428,3436,3426,-1,3426,3436,3437,-1,3426,3437,3424,-1,3424,3437,3438,-1,3424,3438,3422,-1,3422,3438,3439,-1,3422,3439,3420,-1,3420,3439,3440,-1,3420,3440,3418,-1,3418,3440,3441,-1,3418,3441,3416,-1,3416,3441,3442,-1,3416,3442,3414,-1,3414,3442,3443,-1,3414,3443,3412,-1,3412,3443,3444,-1,3412,3444,3410,-1,3410,3444,3445,-1,3410,3445,3408,-1,3408,3445,3446,-1,3408,3446,3406,-1,3406,3446,3447,-1,3406,3447,3404,-1,3404,3447,3448,-1,3404,3448,3402,-1,3402,3448,3449,-1,3402,3449,3400,-1,3400,3449,3450,-1,3400,3450,3398,-1,3398,3450,3451,-1,3398,3451,3396,-1,3396,3451,3452,-1,3396,3452,3394,-1,3394,3452,3453,-1,3394,3453,3392,-1,3392,3453,3454,-1,3392,3454,3390,-1,3390,3454,3455,-1,3390,3455,3388,-1,3388,3455,3456,-1,3388,3456,3386,-1,3386,3456,3457,-1,3386,3457,3384,-1,3384,3457,3458,-1,3384,3458,3382,-1,3382,3458,3459,-1,3382,3459,3380,-1,3380,3459,3460,-1,3380,3460,3378,-1,3378,3460,3461,-1,3378,3461,3376,-1,3376,3461,3462,-1,3376,3462,3374,-1,3374,3462,3463,-1,3374,3463,3372,-1,3372,3463,3464,-1,3372,3464,3370,-1,3370,3464,3465,-1,3370,3465,3368,-1,3368,3465,3466,-1,3368,3466,3366,-1,3366,3466,3467,-1,3366,3467,3364,-1,3364,3467,3468,-1,3364,3468,3362,-1,3362,3468,3469,-1,3362,3469,3360,-1,3360,3469,3470,-1,3360,3470,3358,-1,3358,3470,3471,-1,3358,3471,3356,-1,3356,3471,3472,-1,3356,3472,3354,-1,3354,3472,3473,-1,3354,3473,3352,-1,3352,3473,3474,-1,3352,3474,3350,-1,3350,3474,3475,-1,3350,3475,3348,-1,3348,3475,3476,-1,3348,3476,3346,-1,3346,3476,3477,-1,3346,3477,3344,-1,3344,3477,3478,-1,3344,3478,3342,-1,3342,3478,3479,-1,3342,3479,3340,-1,3340,3479,3480,-1,3340,3480,3338,-1,3338,3480,3481,-1,3338,3481,3336,-1,3336,3481,3482,-1,3336,3482,3334,-1,3334,3482,3483,-1,3334,3483,3332,-1,3332,3483,3484,-1,3332,3484,3330,-1,3330,3484,3485,-1,3330,3485,3328,-1,3328,3485,3486,-1,3328,3486,3326,-1,3326,3486,3487,-1,3326,3487,3324,-1,3324,3487,3488,-1,3324,3488,3322,-1,3322,3488,3489,-1,3322,3489,3320,-1,3320,3489,3490,-1,3320,3490,3318,-1,3318,3490,3491,-1,3318,3491,3316,-1,3316,3491,3492,-1,3316,3492,3314,-1,3314,3492,3493,-1,3314,3493,3312,-1,3312,3493,3494,-1,3312,3494,3310,-1,3310,3494,3495,-1,3310,3495,3308,-1,3308,3495,3496,-1,3308,3496,3306,-1,3306,3496,3497,-1,3306,3497,3304,-1,3304,3497,3498,-1,3304,3498,3302,-1,3302,3498,3499,-1,3302,3499,3300,-1,3300,3499,3500,-1,3300,3500,3298,-1,3298,3500,3501,-1,3298,3501,3296,-1,3296,3501,3502,-1,3296,3502,3294,-1,3294,3502,3503,-1,3294,3503,3292,-1,3292,3503,3504,-1,3292,3504,3290,-1,3290,3504,3505,-1,3290,3505,3288,-1,3288,3505,3506,-1,3288,3506,3286,-1,3286,3506,3507,-1,3286,3507,3284,-1,3284,3507,3508,-1,3284,3508,3282,-1,3282,3508,3509,-1,3282,3509,3280,-1,3280,3509,3510,-1,3280,3510,3278,-1,3278,3510,3511,-1,3278,3511,3276,-1,3276,3511,3512,-1,3276,3512,3274,-1,3274,3512,94,-1,3274,94,92,-1,92,94,93,-1,92,93,90,-1,3434,3513,3435,-1,3435,3513,3514,-1,3435,3514,3436,-1,3436,3514,3515,-1,3436,3515,3437,-1,3437,3515,3516,-1,3437,3516,3438,-1,3438,3516,3517,-1,3438,3517,3439,-1,3439,3517,3518,-1,3439,3518,3440,-1,3440,3518,3519,-1,3440,3519,3441,-1,3441,3519,3520,-1,3441,3520,3442,-1,3442,3520,3521,-1,3442,3521,3443,-1,3443,3521,3522,-1,3443,3522,3444,-1,3444,3522,3523,-1,3444,3523,3445,-1,3445,3523,3524,-1,3445,3524,3446,-1,3446,3524,3525,-1,3446,3525,3447,-1,3447,3525,3526,-1,3447,3526,3448,-1,3448,3526,3527,-1,3448,3527,3449,-1,3449,3527,3528,-1,3449,3528,3450,-1,3450,3528,3529,-1,3450,3529,3451,-1,3451,3529,3530,-1,3451,3530,3452,-1,3452,3530,3531,-1,3452,3531,3453,-1,3453,3531,3532,-1,3453,3532,3454,-1,3454,3532,3533,-1,3454,3533,3455,-1,3455,3533,3534,-1,3455,3534,3456,-1,3456,3534,3535,-1,3456,3535,3457,-1,3457,3535,3536,-1,3457,3536,3458,-1,3458,3536,3537,-1,3458,3537,3459,-1,3459,3537,3538,-1,3459,3538,3460,-1,3460,3538,3539,-1,3460,3539,3461,-1,3461,3539,3540,-1,3461,3540,3462,-1,3462,3540,3541,-1,3462,3541,3463,-1,3463,3541,3542,-1,3463,3542,3464,-1,3464,3542,3543,-1,3464,3543,3465,-1,3465,3543,3544,-1,3465,3544,3466,-1,3466,3544,3545,-1,3466,3545,3467,-1,3467,3545,3546,-1,3467,3546,3468,-1,3468,3546,3547,-1,3468,3547,3469,-1,3469,3547,3548,-1,3469,3548,3470,-1,3470,3548,3549,-1,3470,3549,3471,-1,3471,3549,3550,-1,3471,3550,3472,-1,3472,3550,3551,-1,3472,3551,3473,-1,3473,3551,3552,-1,3473,3552,3474,-1,3474,3552,3553,-1,3474,3553,3475,-1,3475,3553,3554,-1,3475,3554,3476,-1,3476,3554,3555,-1,3476,3555,3477,-1,3477,3555,3556,-1,3477,3556,3478,-1,3478,3556,3557,-1,3478,3557,3479,-1,3479,3557,3558,-1,3479,3558,3480,-1,3480,3558,3559,-1,3480,3559,3481,-1,3481,3559,3560,-1,3481,3560,3482,-1,3482,3560,3561,-1,3482,3561,3483,-1,3483,3561,3562,-1,3483,3562,3484,-1,3484,3562,3563,-1,3484,3563,3485,-1,3485,3563,3564,-1,3485,3564,3486,-1,3486,3564,3565,-1,3486,3565,3487,-1,3487,3565,3566,-1,3487,3566,3488,-1,3488,3566,3567,-1,3488,3567,3489,-1,3489,3567,3568,-1,3489,3568,3490,-1,3490,3568,3569,-1,3490,3569,3491,-1,3491,3569,3570,-1,3491,3570,3492,-1,3492,3570,3571,-1,3492,3571,3493,-1,3493,3571,3572,-1,3493,3572,3494,-1,3494,3572,3573,-1,3494,3573,3495,-1,3495,3573,3574,-1,3495,3574,3496,-1,3496,3574,3575,-1,3496,3575,3497,-1,3497,3575,3576,-1,3497,3576,3498,-1,3498,3576,3577,-1,3498,3577,3499,-1,3499,3577,3578,-1,3499,3578,3500,-1,3500,3578,3579,-1,3500,3579,3501,-1,3501,3579,3580,-1,3501,3580,3502,-1,3502,3580,3581,-1,3502,3581,3503,-1,3503,3581,3582,-1,3503,3582,3504,-1,3504,3582,3583,-1,3504,3583,3505,-1,3505,3583,3584,-1,3505,3584,3506,-1,3506,3584,3585,-1,3506,3585,3507,-1,3507,3585,3586,-1,3507,3586,3508,-1,3508,3586,3587,-1,3508,3587,3509,-1,3509,3587,3588,-1,3509,3588,3510,-1,3510,3588,3589,-1,3510,3589,3511,-1,3511,3589,3590,-1,3511,3590,3512,-1,3512,3590,3591,-1,3512,3591,94,-1,94,3591,2,-1,94,2,1,-1,3513,3592,3514,-1,3514,3592,3593,-1,3514,3593,3515,-1,3515,3593,3594,-1,3515,3594,3516,-1,3516,3594,3595,-1,3516,3595,3517,-1,3517,3595,3596,-1,3517,3596,3518,-1,3518,3596,3597,-1,3518,3597,3519,-1,3519,3597,3598,-1,3519,3598,3520,-1,3520,3598,3599,-1,3520,3599,3521,-1,3521,3599,3600,-1,3521,3600,3522,-1,3522,3600,3601,-1,3522,3601,3523,-1,3523,3601,3602,-1,3523,3602,3524,-1,3524,3602,3603,-1,3524,3603,3525,-1,3525,3603,3604,-1,3525,3604,3526,-1,3526,3604,3605,-1,3526,3605,3527,-1,3527,3605,3606,-1,3527,3606,3528,-1,3528,3606,3607,-1,3528,3607,3529,-1,3529,3607,3608,-1,3529,3608,3530,-1,3530,3608,3609,-1,3530,3609,3531,-1,3531,3609,3610,-1,3531,3610,3532,-1,3532,3610,3611,-1,3532,3611,3533,-1,3533,3611,3612,-1,3533,3612,3534,-1,3534,3612,3613,-1,3534,3613,3535,-1,3535,3613,3614,-1,3535,3614,3536,-1,3536,3614,3615,-1,3536,3615,3537,-1,3537,3615,3616,-1,3537,3616,3538,-1,3538,3616,3617,-1,3538,3617,3539,-1,3539,3617,3618,-1,3539,3618,3540,-1,3540,3618,3619,-1,3540,3619,3541,-1,3541,3619,3620,-1,3541,3620,3542,-1,3542,3620,3621,-1,3542,3621,3543,-1,3543,3621,3622,-1,3543,3622,3544,-1,3544,3622,3623,-1,3544,3623,3545,-1,3545,3623,3624,-1,3545,3624,3546,-1,3546,3624,3625,-1,3546,3625,3547,-1,3547,3625,3626,-1,3547,3626,3548,-1,3548,3626,3627,-1,3548,3627,3549,-1,3549,3627,3628,-1,3549,3628,3550,-1,3550,3628,3629,-1,3550,3629,3551,-1,3551,3629,3630,-1,3551,3630,3552,-1,3552,3630,3631,-1,3552,3631,3553,-1,3553,3631,3632,-1,3553,3632,3554,-1,3554,3632,3633,-1,3554,3633,3555,-1,3555,3633,3634,-1,3555,3634,3556,-1,3556,3634,3635,-1,3556,3635,3557,-1,3557,3635,3636,-1,3557,3636,3558,-1,3558,3636,3637,-1,3558,3637,3559,-1,3559,3637,3638,-1,3559,3638,3560,-1,3560,3638,3639,-1,3560,3639,3561,-1,3561,3639,3640,-1,3561,3640,3562,-1,3562,3640,3641,-1,3562,3641,3563,-1,3563,3641,3642,-1,3563,3642,3564,-1,3564,3642,3643,-1,3564,3643,3565,-1,3565,3643,3644,-1,3565,3644,3566,-1,3566,3644,3645,-1,3566,3645,3567,-1,3567,3645,3646,-1,3567,3646,3568,-1,3568,3646,3647,-1,3568,3647,3569,-1,3569,3647,3648,-1,3569,3648,3570,-1,3570,3648,3649,-1,3570,3649,3571,-1,3571,3649,3650,-1,3571,3650,3572,-1,3572,3650,3651,-1,3572,3651,3573,-1,3573,3651,3652,-1,3573,3652,3574,-1,3574,3652,3653,-1,3574,3653,3575,-1,3575,3653,3654,-1,3575,3654,3576,-1,3576,3654,3655,-1,3576,3655,3577,-1,3577,3655,3656,-1,3577,3656,3578,-1,3578,3656,3657,-1,3578,3657,3579,-1,3579,3657,3658,-1,3579,3658,3580,-1,3580,3658,3659,-1,3580,3659,3581,-1,3581,3659,3660,-1,3581,3660,3582,-1,3582,3660,3661,-1,3582,3661,3583,-1,3583,3661,3662,-1,3583,3662,3584,-1,3584,3662,3663,-1,3584,3663,3585,-1,3585,3663,3664,-1,3585,3664,3586,-1,3586,3664,3665,-1,3586,3665,3587,-1,3587,3665,3666,-1,3587,3666,3588,-1,3588,3666,3667,-1,3588,3667,3589,-1,3589,3667,3668,-1,3589,3668,3590,-1,3590,3668,3669,-1,3590,3669,3591,-1,3591,3669,4,-1,3591,4,2,-1,3592,3670,3593,-1,3593,3670,3671,-1,3593,3671,3594,-1,3594,3671,3672,-1,3594,3672,3595,-1,3595,3672,3673,-1,3595,3673,3596,-1,3596,3673,3674,-1,3596,3674,3597,-1,3597,3674,3675,-1,3597,3675,3598,-1,3598,3675,3676,-1,3598,3676,3599,-1,3599,3676,3677,-1,3599,3677,3600,-1,3600,3677,3678,-1,3600,3678,3601,-1,3601,3678,3679,-1,3601,3679,3602,-1,3602,3679,3680,-1,3602,3680,3603,-1,3603,3680,3681,-1,3603,3681,3604,-1,3604,3681,3682,-1,3604,3682,3605,-1,3605,3682,3683,-1,3605,3683,3606,-1,3606,3683,3684,-1,3606,3684,3607,-1,3607,3684,3685,-1,3607,3685,3608,-1,3608,3685,3686,-1,3608,3686,3609,-1,3609,3686,3687,-1,3609,3687,3610,-1,3610,3687,3688,-1,3610,3688,3611,-1,3611,3688,3689,-1,3611,3689,3612,-1,3612,3689,3690,-1,3612,3690,3613,-1,3613,3690,3691,-1,3613,3691,3614,-1,3614,3691,3692,-1,3614,3692,3615,-1,3615,3692,3693,-1,3615,3693,3616,-1,3616,3693,3694,-1,3616,3694,3617,-1,3617,3694,3695,-1,3617,3695,3618,-1,3618,3695,3696,-1,3618,3696,3619,-1,3619,3696,3697,-1,3619,3697,3620,-1,3620,3697,3698,-1,3620,3698,3621,-1,3621,3698,3699,-1,3621,3699,3622,-1,3622,3699,3700,-1,3622,3700,3623,-1,3623,3700,3701,-1,3623,3701,3624,-1,3624,3701,3702,-1,3624,3702,3625,-1,3625,3702,3703,-1,3625,3703,3626,-1,3626,3703,3704,-1,3626,3704,3627,-1,3627,3704,3705,-1,3627,3705,3628,-1,3628,3705,3706,-1,3628,3706,3629,-1,3629,3706,3707,-1,3629,3707,3630,-1,3630,3707,3708,-1,3630,3708,3631,-1,3631,3708,3709,-1,3631,3709,3632,-1,3632,3709,3710,-1,3632,3710,3633,-1,3633,3710,3711,-1,3633,3711,3634,-1,3634,3711,3712,-1,3634,3712,3635,-1,3635,3712,3713,-1,3635,3713,3636,-1,3636,3713,3714,-1,3636,3714,3637,-1,3637,3714,3715,-1,3637,3715,3638,-1,3638,3715,3716,-1,3638,3716,3639,-1,3639,3716,3717,-1,3639,3717,3640,-1,3640,3717,3718,-1,3640,3718,3641,-1,3641,3718,3719,-1,3641,3719,3642,-1,3642,3719,3720,-1,3642,3720,3643,-1,3643,3720,3721,-1,3643,3721,3644,-1,3644,3721,3722,-1,3644,3722,3645,-1,3645,3722,3723,-1,3645,3723,3646,-1,3646,3723,3724,-1,3646,3724,3647,-1,3647,3724,3725,-1,3647,3725,3648,-1,3648,3725,3726,-1,3648,3726,3649,-1,3649,3726,3727,-1,3649,3727,3650,-1,3650,3727,3728,-1,3650,3728,3651,-1,3651,3728,3729,-1,3651,3729,3652,-1,3652,3729,3730,-1,3652,3730,3653,-1,3653,3730,3731,-1,3653,3731,3654,-1,3654,3731,3732,-1,3654,3732,3655,-1,3655,3732,3733,-1,3655,3733,3656,-1,3656,3733,3734,-1,3656,3734,3657,-1,3657,3734,3735,-1,3657,3735,3658,-1,3658,3735,3736,-1,3658,3736,3659,-1,3659,3736,3737,-1,3659,3737,3660,-1,3660,3737,3738,-1,3660,3738,3661,-1,3661,3738,3739,-1,3661,3739,3662,-1,3662,3739,3740,-1,3662,3740,3663,-1,3663,3740,3741,-1,3663,3741,3664,-1,3664,3741,3742,-1,3664,3742,3665,-1,3665,3742,3743,-1,3665,3743,3666,-1,3666,3743,3744,-1,3666,3744,3667,-1,3667,3744,3745,-1,3667,3745,3668,-1,3668,3745,3746,-1,3668,3746,3669,-1,3669,3746,13,-1,3669,13,4,-1,3670,3747,3671,-1,3671,3747,3748,-1,3671,3748,3672,-1,3672,3748,3749,-1,3672,3749,3673,-1,3673,3749,3750,-1,3673,3750,3674,-1,3674,3750,3751,-1,3674,3751,3675,-1,3675,3751,3752,-1,3675,3752,3676,-1,3676,3752,3753,-1,3676,3753,3677,-1,3677,3753,3754,-1,3677,3754,3678,-1,3678,3754,3755,-1,3678,3755,3679,-1,3679,3755,3756,-1,3679,3756,3680,-1,3680,3756,3757,-1,3680,3757,3681,-1,3681,3757,3758,-1,3681,3758,3682,-1,3682,3758,3759,-1,3682,3759,3683,-1,3683,3759,3760,-1,3683,3760,3684,-1,3684,3760,3761,-1,3684,3761,3685,-1,3685,3761,3762,-1,3685,3762,3686,-1,3686,3762,3763,-1,3686,3763,3687,-1,3687,3763,3764,-1,3687,3764,3688,-1,3688,3764,3765,-1,3688,3765,3689,-1,3689,3765,3766,-1,3689,3766,3690,-1,3690,3766,3767,-1,3690,3767,3691,-1,3691,3767,3768,-1,3691,3768,3692,-1,3692,3768,3769,-1,3692,3769,3693,-1,3693,3769,3770,-1,3693,3770,3694,-1,3694,3770,3771,-1,3694,3771,3695,-1,3695,3771,3772,-1,3695,3772,3696,-1,3696,3772,3773,-1,3696,3773,3697,-1,3697,3773,3774,-1,3697,3774,3698,-1,3698,3774,3775,-1,3698,3775,3699,-1,3699,3775,3776,-1,3699,3776,3700,-1,3700,3776,3777,-1,3700,3777,3701,-1,3701,3777,3778,-1,3701,3778,3702,-1,3702,3778,3779,-1,3702,3779,3703,-1,3703,3779,3780,-1,3703,3780,3704,-1,3704,3780,3781,-1,3704,3781,3705,-1,3705,3781,3782,-1,3705,3782,3706,-1,3706,3782,3783,-1,3706,3783,3707,-1,3707,3783,3784,-1,3707,3784,3708,-1,3708,3784,3785,-1,3708,3785,3709,-1,3709,3785,3786,-1,3709,3786,3710,-1,3710,3786,3787,-1,3710,3787,3711,-1,3711,3787,3788,-1,3711,3788,3712,-1,3712,3788,3789,-1,3712,3789,3713,-1,3713,3789,3790,-1,3713,3790,3714,-1,3714,3790,3791,-1,3714,3791,3715,-1,3715,3791,3792,-1,3715,3792,3716,-1,3716,3792,3793,-1,3716,3793,3717,-1,3717,3793,3794,-1,3717,3794,3718,-1,3718,3794,3795,-1,3718,3795,3719,-1,3719,3795,3796,-1,3719,3796,3720,-1,3720,3796,3797,-1,3720,3797,3721,-1,3721,3797,3798,-1,3721,3798,3722,-1,3722,3798,3799,-1,3722,3799,3723,-1,3723,3799,3800,-1,3723,3800,3724,-1,3724,3800,3801,-1,3724,3801,3725,-1,3725,3801,3802,-1,3725,3802,3726,-1,3726,3802,3803,-1,3726,3803,3727,-1,3727,3803,3804,-1,3727,3804,3728,-1,3728,3804,3805,-1,3728,3805,3729,-1,3729,3805,3806,-1,3729,3806,3730,-1,3730,3806,3807,-1,3730,3807,3731,-1,3731,3807,3808,-1,3731,3808,3732,-1,3732,3808,3809,-1,3732,3809,3733,-1,3733,3809,3810,-1,3733,3810,3734,-1,3734,3810,3811,-1,3734,3811,3735,-1,3735,3811,3812,-1,3735,3812,3736,-1,3736,3812,3813,-1,3736,3813,3737,-1,3737,3813,3814,-1,3737,3814,3738,-1,3738,3814,3815,-1,3738,3815,3739,-1,3739,3815,3816,-1,3739,3816,3740,-1,3740,3816,3817,-1,3740,3817,3741,-1,3741,3817,3818,-1,3741,3818,3742,-1,3742,3818,3819,-1,3742,3819,3743,-1,3743,3819,3820,-1,3743,3820,3744,-1,3744,3820,3821,-1,3744,3821,3745,-1,3745,3821,3822,-1,3745,3822,3746,-1,3746,3822,14,-1,3746,14,13,-1,3747,3823,3748,-1,3748,3823,3824,-1,3748,3824,3749,-1,3749,3824,3825,-1,3749,3825,3750,-1,3750,3825,3826,-1,3750,3826,3751,-1,3751,3826,3827,-1,3751,3827,3752,-1,3752,3827,3828,-1,3752,3828,3753,-1,3753,3828,3829,-1,3753,3829,3754,-1,3754,3829,3830,-1,3754,3830,3755,-1,3755,3830,3831,-1,3755,3831,3756,-1,3756,3831,3832,-1,3756,3832,3757,-1,3757,3832,3833,-1,3757,3833,3758,-1,3758,3833,3834,-1,3758,3834,3759,-1,3759,3834,3835,-1,3759,3835,3760,-1,3760,3835,3836,-1,3760,3836,3761,-1,3761,3836,3837,-1,3761,3837,3762,-1,3762,3837,3838,-1,3762,3838,3763,-1,3763,3838,3839,-1,3763,3839,3764,-1,3764,3839,3840,-1,3764,3840,3765,-1,3765,3840,3841,-1,3765,3841,3766,-1,3766,3841,3842,-1,3766,3842,3767,-1,3767,3842,3843,-1,3767,3843,3768,-1,3768,3843,3844,-1,3768,3844,3769,-1,3769,3844,3845,-1,3769,3845,3770,-1,3770,3845,3846,-1,3770,3846,3771,-1,3771,3846,3847,-1,3771,3847,3772,-1,3772,3847,3848,-1,3772,3848,3773,-1,3773,3848,3849,-1,3773,3849,3774,-1,3774,3849,3850,-1,3774,3850,3775,-1,3775,3850,3851,-1,3775,3851,3776,-1,3776,3851,3852,-1,3776,3852,3777,-1,3777,3852,3853,-1,3777,3853,3778,-1,3778,3853,3854,-1,3778,3854,3779,-1,3779,3854,3855,-1,3779,3855,3780,-1,3780,3855,3856,-1,3780,3856,3781,-1,3781,3856,3857,-1,3781,3857,3782,-1,3782,3857,3858,-1,3782,3858,3783,-1,3783,3858,3859,-1,3783,3859,3784,-1,3784,3859,3860,-1,3784,3860,3785,-1,3785,3860,3861,-1,3785,3861,3786,-1,3786,3861,3862,-1,3786,3862,3787,-1,3787,3862,3863,-1,3787,3863,3788,-1,3788,3863,3864,-1,3788,3864,3789,-1,3789,3864,3865,-1,3789,3865,3790,-1,3790,3865,3866,-1,3790,3866,3791,-1,3791,3866,3867,-1,3791,3867,3792,-1,3792,3867,3868,-1,3792,3868,3793,-1,3793,3868,3869,-1,3793,3869,3794,-1,3794,3869,3870,-1,3794,3870,3795,-1,3795,3870,3871,-1,3795,3871,3796,-1,3796,3871,3872,-1,3796,3872,3797,-1,3797,3872,3873,-1,3797,3873,3798,-1,3798,3873,3874,-1,3798,3874,3799,-1,3799,3874,3875,-1,3799,3875,3800,-1,3800,3875,3876,-1,3800,3876,3801,-1,3801,3876,3877,-1,3801,3877,3802,-1,3802,3877,3878,-1,3802,3878,3803,-1,3803,3878,3879,-1,3803,3879,3804,-1,3804,3879,3880,-1,3804,3880,3805,-1,3805,3880,3881,-1,3805,3881,3806,-1,3806,3881,3882,-1,3806,3882,3807,-1,3807,3882,3883,-1,3807,3883,3808,-1,3808,3883,3884,-1,3808,3884,3809,-1,3809,3884,3885,-1,3809,3885,3810,-1,3810,3885,3886,-1,3810,3886,3811,-1,3811,3886,3887,-1,3811,3887,3812,-1,3812,3887,3888,-1,3812,3888,3813,-1,3813,3888,3889,-1,3813,3889,3814,-1,3814,3889,3890,-1,3814,3890,3815,-1,3815,3890,3891,-1,3815,3891,3816,-1,3816,3891,3892,-1,3816,3892,3817,-1,3817,3892,3893,-1,3817,3893,3818,-1,3818,3893,3894,-1,3818,3894,3819,-1,3819,3894,3895,-1,3819,3895,3820,-1,3820,3895,3896,-1,3820,3896,3821,-1,3821,3896,16,-1,3821,16,3822,-1,3822,16,9,-1,3822,9,14,-1,10,16,3897,-1,3897,16,3896,-1,3897,3896,3898,-1,3898,3896,3895,-1,3898,3895,3899,-1,3899,3895,3894,-1,3899,3894,3900,-1,3900,3894,3893,-1,3900,3893,3901,-1,3901,3893,3892,-1,3901,3892,3902,-1,3902,3892,3891,-1,3902,3891,3903,-1,3903,3891,3890,-1,3903,3890,3904,-1,3904,3890,3889,-1,3904,3889,3905,-1,3905,3889,3888,-1,3905,3888,3906,-1,3906,3888,3887,-1,3906,3887,3907,-1,3907,3887,3886,-1,3907,3886,3908,-1,3908,3886,3885,-1,3908,3885,3909,-1,3909,3885,3884,-1,3909,3884,3910,-1,3910,3884,3883,-1,3910,3883,3911,-1,3911,3883,3882,-1,3911,3882,3912,-1,3912,3882,3881,-1,3912,3881,3913,-1,3913,3881,3880,-1,3913,3880,3914,-1,3914,3880,3879,-1,3914,3879,3915,-1,3915,3879,3878,-1,3915,3878,3916,-1,3916,3878,3877,-1,3916,3877,3917,-1,3917,3877,3876,-1,3917,3876,3918,-1,3918,3876,3875,-1,3918,3875,3919,-1,3919,3875,3874,-1,3919,3874,3920,-1,3920,3874,3873,-1,3920,3873,3921,-1,3921,3873,3872,-1,3921,3872,3922,-1,3922,3872,3871,-1,3922,3871,3923,-1,3923,3871,3870,-1,3923,3870,3924,-1,3924,3870,3869,-1,3924,3869,3925,-1,3925,3869,3868,-1,3925,3868,3926,-1,3926,3868,3867,-1,3926,3867,3927,-1,3927,3867,3866,-1,3927,3866,3928,-1,3928,3866,3865,-1,3928,3865,3929,-1,3929,3865,3864,-1,3929,3864,3930,-1,3930,3864,3863,-1,3930,3863,3931,-1,3931,3863,3862,-1,3931,3862,3932,-1,3932,3862,3861,-1,3932,3861,3933,-1,3933,3861,3860,-1,3933,3860,3934,-1,3934,3860,3859,-1,3934,3859,3935,-1,3935,3859,3858,-1,3935,3858,3936,-1,3936,3858,3857,-1,3936,3857,3937,-1,3937,3857,3856,-1,3937,3856,3938,-1,3938,3856,3855,-1,3938,3855,3939,-1,3939,3855,3854,-1,3939,3854,3940,-1,3940,3854,3853,-1,3940,3853,3941,-1,3941,3853,3852,-1,3941,3852,3942,-1,3942,3852,3851,-1,3942,3851,3943,-1,3943,3851,3850,-1,3943,3850,3944,-1,3944,3850,3849,-1,3944,3849,3945,-1,3945,3849,3848,-1,3945,3848,3946,-1,3946,3848,3847,-1,3946,3847,3947,-1,3947,3847,3846,-1,3947,3846,3948,-1,3948,3846,3845,-1,3948,3845,3949,-1,3949,3845,3844,-1,3949,3844,3950,-1,3950,3844,3843,-1,3950,3843,3951,-1,3951,3843,3842,-1,3951,3842,3952,-1,3952,3842,3841,-1,3952,3841,3953,-1,3953,3841,3840,-1,3953,3840,3954,-1,3954,3840,3839,-1,3954,3839,3955,-1,3955,3839,3838,-1,3955,3838,3956,-1,3956,3838,3837,-1,3956,3837,3957,-1,3957,3837,3836,-1,3957,3836,3958,-1,3958,3836,3835,-1,3958,3835,3959,-1,3959,3835,3834,-1,3959,3834,3960,-1,3960,3834,3833,-1,3960,3833,3961,-1,3961,3833,3832,-1,3961,3832,3962,-1,3962,3832,3831,-1,3962,3831,3963,-1,3963,3831,3830,-1,3963,3830,3964,-1,3964,3830,3829,-1,3964,3829,3965,-1,3965,3829,3828,-1,3965,3828,3966,-1,3966,3828,3827,-1,3966,3827,3967,-1,3967,3827,3826,-1,3967,3826,3968,-1,3968,3826,3825,-1,3968,3825,3969,-1,3969,3825,3824,-1,3969,3824,3970,-1,3970,3824,3823,-1,3970,3823,463,-1,3273,3971,3171,-1,3171,3971,3972,-1,3171,3972,3067,-1,3067,3972,3973,-1,3067,3973,2961,-1,2961,3973,3974,-1,2961,3974,2853,-1,2853,3974,3975,-1,2853,3975,2744,-1,2744,3975,3976,-1,2744,3976,2634,-1,2634,3976,3977,-1,2634,3977,2523,-1,2523,3977,3978,-1,2523,3978,2411,-1,2411,3978,3979,-1,2411,3979,2298,-1,2298,3979,3980,-1,2298,3980,2185,-1,2185,3980,3981,-1,2185,3981,2071,-1,2071,3981,3982,-1,2071,3982,1958,-1,1958,3982,3983,-1,1958,3983,1846,-1,1846,3983,3984,-1,1846,3984,1734,-1,1734,3984,3985,-1,1734,3985,1622,-1,1622,3985,3986,-1,1622,3986,1510,-1,1510,3986,3987,-1,1510,3987,1398,-1,1398,3987,3988,-1,1398,3988,1285,-1,1285,3988,3989,-1,1285,3989,1172,-1,1172,3989,3990,-1,1172,3990,1058,-1,1058,3990,3991,-1,1058,3991,942,-1,942,3991,3992,-1,942,3992,825,-1,825,3992,3993,-1,825,3993,707,-1,707,3993,3994,-1,707,3994,586,-1,586,3994,3995,-1,586,3995,462,-1,462,3995,3996,-1,462,3996,463,-1,463,3996,3997,-1,463,3997,3970,-1,3970,3997,3998,-1,3970,3998,3969,-1,3969,3998,3999,-1,3969,3999,3968,-1,3968,3999,4000,-1,3968,4000,3967,-1,3967,4000,4001,-1,3967,4001,3966,-1,3966,4001,4002,-1,3966,4002,3965,-1,3965,4002,4003,-1,3965,4003,3964,-1,3964,4003,4004,-1,3964,4004,3963,-1,3963,4004,4005,-1,3963,4005,3962,-1,3962,4005,4006,-1,3962,4006,3961,-1,3961,4006,4007,-1,3961,4007,3960,-1,3960,4007,4008,-1,3960,4008,3959,-1,3959,4008,4009,-1,3959,4009,3958,-1,3958,4009,4010,-1,3958,4010,3957,-1,3957,4010,4011,-1,3957,4011,3956,-1,3956,4011,4012,-1,3956,4012,3955,-1,3955,4012,4013,-1,3955,4013,3954,-1,3954,4013,4014,-1,3954,4014,3953,-1,3953,4014,4015,-1,3953,4015,3952,-1,3952,4015,4016,-1,3952,4016,3951,-1,3951,4016,4017,-1,3951,4017,3950,-1,3950,4017,4018,-1,3950,4018,3949,-1,3949,4018,4019,-1,3949,4019,3948,-1,3948,4019,4020,-1,3948,4020,3947,-1,3947,4020,4021,-1,3947,4021,3946,-1,3946,4021,4022,-1,3946,4022,3945,-1,3945,4022,4023,-1,3945,4023,3944,-1,3944,4023,4024,-1,3944,4024,3943,-1,3943,4024,4025,-1,3943,4025,3942,-1,3942,4025,4026,-1,3942,4026,3941,-1,3941,4026,4027,-1,3941,4027,3940,-1,3940,4027,4028,-1,3940,4028,3939,-1,3939,4028,4029,-1,3939,4029,3938,-1,3938,4029,4030,-1,3938,4030,3937,-1,3937,4030,4031,-1,3937,4031,3936,-1,3936,4031,4032,-1,3936,4032,3935,-1,3935,4032,4033,-1,3935,4033,3934,-1,3934,4033,4034,-1,3934,4034,3933,-1,3933,4034,4035,-1,3933,4035,3932,-1,3932,4035,4036,-1,3932,4036,3931,-1,3931,4036,4037,-1,3931,4037,3930,-1,3930,4037,4038,-1,3930,4038,3929,-1,3929,4038,4039,-1,3929,4039,3928,-1,3928,4039,4040,-1,3928,4040,3927,-1,3927,4040,4041,-1,3927,4041,3926,-1,3926,4041,4042,-1,3926,4042,3925,-1,3925,4042,4043,-1,3925,4043,3924,-1,3924,4043,4044,-1,3924,4044,3923,-1,3923,4044,4045,-1,3923,4045,3922,-1,3922,4045,4046,-1,3922,4046,3921,-1,3921,4046,4047,-1,3921,4047,3920,-1,3920,4047,4048,-1,3920,4048,3919,-1,3919,4048,4049,-1,3919,4049,3918,-1,3918,4049,4050,-1,3918,4050,3917,-1,3917,4050,4051,-1,3917,4051,3916,-1,3916,4051,4052,-1,3916,4052,3915,-1,3915,4052,4053,-1,3915,4053,3914,-1,3914,4053,4054,-1,3914,4054,3913,-1,3913,4054,4055,-1,3913,4055,3912,-1,3912,4055,4056,-1,3912,4056,3911,-1,3911,4056,4057,-1,3911,4057,3910,-1,3910,4057,4058,-1,3910,4058,3909,-1,3909,4058,4059,-1,3909,4059,3908,-1,3908,4059,4060,-1,3908,4060,3907,-1,3907,4060,4061,-1,3907,4061,3906,-1,3906,4061,4062,-1,3906,4062,3905,-1,3905,4062,4063,-1,3905,4063,3904,-1,3904,4063,4064,-1,3904,4064,3903,-1,3903,4064,4065,-1,3903,4065,3902,-1,3902,4065,4066,-1,3902,4066,3901,-1,3901,4066,4067,-1,3901,4067,3900,-1,3900,4067,4068,-1,3900,4068,3899,-1,3899,4068,4069,-1,3899,4069,3898,-1,3898,4069,4070,-1,3898,4070,3897,-1,3897,4070,11,-1,3897,11,10,-1,3971,4071,3972,-1,3972,4071,4072,-1,3972,4072,3973,-1,3973,4072,4073,-1,3973,4073,3974,-1,3974,4073,4074,-1,3974,4074,3975,-1,3975,4074,4075,-1,3975,4075,3976,-1,3976,4075,4076,-1,3976,4076,3977,-1,3977,4076,4077,-1,3977,4077,3978,-1,3978,4077,4078,-1,3978,4078,3979,-1,3979,4078,4079,-1,3979,4079,3980,-1,3980,4079,4080,-1,3980,4080,3981,-1,3981,4080,4081,-1,3981,4081,3982,-1,3982,4081,4082,-1,3982,4082,3983,-1,3983,4082,4083,-1,3983,4083,3984,-1,3984,4083,4084,-1,3984,4084,3985,-1,3985,4084,4085,-1,3985,4085,3986,-1,3986,4085,4086,-1,3986,4086,3987,-1,3987,4086,4087,-1,3987,4087,3988,-1,3988,4087,4088,-1,3988,4088,3989,-1,3989,4088,4089,-1,3989,4089,3990,-1,3990,4089,4090,-1,3990,4090,3991,-1,3991,4090,4091,-1,3991,4091,3992,-1,3992,4091,4092,-1,3992,4092,3993,-1,3993,4092,4093,-1,3993,4093,3994,-1,3994,4093,4094,-1,3994,4094,3995,-1,3995,4094,4095,-1,3995,4095,3996,-1,3996,4095,4096,-1,3996,4096,3997,-1,3997,4096,4097,-1,3997,4097,3998,-1,3998,4097,4098,-1,3998,4098,3999,-1,3999,4098,4099,-1,3999,4099,4000,-1,4000,4099,4100,-1,4000,4100,4001,-1,4001,4100,4101,-1,4001,4101,4002,-1,4002,4101,4102,-1,4002,4102,4003,-1,4003,4102,4103,-1,4003,4103,4004,-1,4004,4103,4104,-1,4004,4104,4005,-1,4005,4104,4105,-1,4005,4105,4006,-1,4006,4105,4106,-1,4006,4106,4007,-1,4007,4106,4107,-1,4007,4107,4008,-1,4008,4107,4108,-1,4008,4108,4009,-1,4009,4108,4109,-1,4009,4109,4010,-1,4010,4109,4110,-1,4010,4110,4011,-1,4011,4110,4111,-1,4011,4111,4012,-1,4012,4111,4112,-1,4012,4112,4013,-1,4013,4112,4113,-1,4013,4113,4014,-1,4014,4113,4114,-1,4014,4114,4015,-1,4015,4114,4115,-1,4015,4115,4016,-1,4016,4115,4116,-1,4016,4116,4017,-1,4017,4116,4117,-1,4017,4117,4018,-1,4018,4117,4118,-1,4018,4118,4019,-1,4019,4118,4119,-1,4019,4119,4020,-1,4020,4119,4120,-1,4020,4120,4021,-1,4021,4120,4121,-1,4021,4121,4022,-1,4022,4121,4122,-1,4022,4122,4023,-1,4023,4122,4123,-1,4023,4123,4024,-1,4024,4123,4124,-1,4024,4124,4025,-1,4025,4124,4125,-1,4025,4125,4026,-1,4026,4125,4126,-1,4026,4126,4027,-1,4027,4126,4127,-1,4027,4127,4028,-1,4028,4127,4128,-1,4028,4128,4029,-1,4029,4128,4129,-1,4029,4129,4030,-1,4030,4129,4130,-1,4030,4130,4031,-1,4031,4130,4131,-1,4031,4131,4032,-1,4032,4131,4132,-1,4032,4132,4033,-1,4033,4132,4133,-1,4033,4133,4034,-1,4034,4133,4134,-1,4034,4134,4035,-1,4035,4134,4135,-1,4035,4135,4036,-1,4036,4135,4136,-1,4036,4136,4037,-1,4037,4136,4137,-1,4037,4137,4038,-1,4038,4137,4138,-1,4038,4138,4039,-1,4039,4138,4139,-1,4039,4139,4040,-1,4040,4139,4140,-1,4040,4140,4041,-1,4041,4140,4141,-1,4041,4141,4042,-1,4042,4141,4142,-1,4042,4142,4043,-1,4043,4142,4143,-1,4043,4143,4044,-1,4044,4143,4144,-1,4044,4144,4045,-1,4045,4144,4145,-1,4045,4145,4046,-1,4046,4145,4146,-1,4046,4146,4047,-1,4047,4146,4147,-1,4047,4147,4048,-1,4048,4147,4148,-1,4048,4148,4049,-1,4049,4148,4149,-1,4049,4149,4050,-1,4050,4149,4150,-1,4050,4150,4051,-1,4051,4150,4151,-1,4051,4151,4052,-1,4052,4151,4152,-1,4052,4152,4053,-1,4053,4152,4153,-1,4053,4153,4054,-1,4054,4153,4154,-1,4054,4154,4055,-1,4055,4154,4155,-1,4055,4155,4056,-1,4056,4155,4156,-1,4056,4156,4057,-1,4057,4156,4157,-1,4057,4157,4058,-1,4058,4157,4158,-1,4058,4158,4059,-1,4059,4158,4159,-1,4059,4159,4060,-1,4060,4159,4160,-1,4060,4160,4061,-1,4061,4160,4161,-1,4061,4161,4062,-1,4062,4161,4162,-1,4062,4162,4063,-1,4063,4162,4163,-1,4063,4163,4064,-1,4064,4163,4164,-1,4064,4164,4065,-1,4065,4164,4165,-1,4065,4165,4066,-1,4066,4165,4166,-1,4066,4166,4067,-1,4067,4166,4167,-1,4067,4167,4068,-1,4068,4167,4168,-1,4068,4168,4069,-1,4069,4168,4169,-1,4069,4169,4070,-1,4070,4169,12,-1,4070,12,11,-1,4071,4170,4072,-1,4072,4170,4171,-1,4072,4171,4073,-1,4073,4171,4172,-1,4073,4172,4074,-1,4074,4172,4173,-1,4074,4173,4075,-1,4075,4173,4174,-1,4075,4174,4076,-1,4076,4174,4175,-1,4076,4175,4077,-1,4077,4175,4176,-1,4077,4176,4078,-1,4078,4176,4177,-1,4078,4177,4079,-1,4079,4177,4178,-1,4079,4178,4080,-1,4080,4178,4179,-1,4080,4179,4081,-1,4081,4179,4180,-1,4081,4180,4082,-1,4082,4180,4181,-1,4082,4181,4083,-1,4083,4181,4182,-1,4083,4182,4084,-1,4084,4182,4183,-1,4084,4183,4085,-1,4085,4183,4184,-1,4085,4184,4086,-1,4086,4184,4185,-1,4086,4185,4087,-1,4087,4185,4186,-1,4087,4186,4088,-1,4088,4186,4187,-1,4088,4187,4089,-1,4089,4187,4188,-1,4089,4188,4090,-1,4090,4188,4189,-1,4090,4189,4091,-1,4091,4189,4190,-1,4091,4190,4092,-1,4092,4190,4191,-1,4092,4191,4093,-1,4093,4191,4192,-1,4093,4192,4094,-1,4094,4192,4193,-1,4094,4193,4095,-1,4095,4193,4194,-1,4095,4194,4096,-1,4096,4194,4195,-1,4096,4195,4097,-1,4097,4195,4196,-1,4097,4196,4098,-1,4098,4196,4197,-1,4098,4197,4099,-1,4099,4197,4198,-1,4099,4198,4100,-1,4100,4198,4199,-1,4100,4199,4101,-1,4101,4199,4200,-1,4101,4200,4102,-1,4102,4200,4201,-1,4102,4201,4103,-1,4103,4201,4202,-1,4103,4202,4104,-1,4104,4202,4203,-1,4104,4203,4105,-1,4105,4203,4204,-1,4105,4204,4106,-1,4106,4204,4205,-1,4106,4205,4107,-1,4107,4205,4206,-1,4107,4206,4108,-1,4108,4206,4207,-1,4108,4207,4109,-1,4109,4207,4208,-1,4109,4208,4110,-1,4110,4208,4209,-1,4110,4209,4111,-1,4111,4209,4210,-1,4111,4210,4112,-1,4112,4210,4211,-1,4112,4211,4113,-1,4113,4211,4212,-1,4113,4212,4114,-1,4114,4212,4213,-1,4114,4213,4115,-1,4115,4213,4214,-1,4115,4214,4116,-1,4116,4214,4215,-1,4116,4215,4117,-1,4117,4215,4216,-1,4117,4216,4118,-1,4118,4216,4217,-1,4118,4217,4119,-1,4119,4217,4218,-1,4119,4218,4120,-1,4120,4218,4219,-1,4120,4219,4121,-1,4121,4219,4220,-1,4121,4220,4122,-1,4122,4220,4221,-1,4122,4221,4123,-1,4123,4221,4222,-1,4123,4222,4124,-1,4124,4222,4223,-1,4124,4223,4125,-1,4125,4223,4224,-1,4125,4224,4126,-1,4126,4224,4225,-1,4126,4225,4127,-1,4127,4225,4226,-1,4127,4226,4128,-1,4128,4226,4227,-1,4128,4227,4129,-1,4129,4227,4228,-1,4129,4228,4130,-1,4130,4228,4229,-1,4130,4229,4131,-1,4131,4229,4230,-1,4131,4230,4132,-1,4132,4230,4231,-1,4132,4231,4133,-1,4133,4231,4232,-1,4133,4232,4134,-1,4134,4232,4233,-1,4134,4233,4135,-1,4135,4233,4234,-1,4135,4234,4136,-1,4136,4234,4235,-1,4136,4235,4137,-1,4137,4235,4236,-1,4137,4236,4138,-1,4138,4236,4237,-1,4138,4237,4139,-1,4139,4237,4238,-1,4139,4238,4140,-1,4140,4238,4239,-1,4140,4239,4141,-1,4141,4239,4240,-1,4141,4240,4142,-1,4142,4240,4241,-1,4142,4241,4143,-1,4143,4241,4242,-1,4143,4242,4144,-1,4144,4242,4243,-1,4144,4243,4145,-1,4145,4243,4244,-1,4145,4244,4146,-1,4146,4244,4245,-1,4146,4245,4147,-1,4147,4245,4246,-1,4147,4246,4148,-1,4148,4246,4247,-1,4148,4247,4149,-1,4149,4247,4248,-1,4149,4248,4150,-1,4150,4248,4249,-1,4150,4249,4151,-1,4151,4249,4250,-1,4151,4250,4152,-1,4152,4250,4251,-1,4152,4251,4153,-1,4153,4251,4252,-1,4153,4252,4154,-1,4154,4252,4253,-1,4154,4253,4155,-1,4155,4253,4254,-1,4155,4254,4156,-1,4156,4254,4255,-1,4156,4255,4157,-1,4157,4255,4256,-1,4157,4256,4158,-1,4158,4256,4257,-1,4158,4257,4159,-1,4159,4257,4258,-1,4159,4258,4160,-1,4160,4258,4259,-1,4160,4259,4161,-1,4161,4259,4260,-1,4161,4260,4162,-1,4162,4260,4261,-1,4162,4261,4163,-1,4163,4261,4262,-1,4163,4262,4164,-1,4164,4262,4263,-1,4164,4263,4165,-1,4165,4263,4264,-1,4165,4264,4166,-1,4166,4264,4265,-1,4166,4265,4167,-1,4167,4265,4266,-1,4167,4266,4168,-1,4168,4266,4267,-1,4168,4267,4169,-1,4169,4267,6,-1,4169,6,12,-1,4170,4268,4171,-1,4171,4268,4269,-1,4171,4269,4172,-1,4172,4269,4270,-1,4172,4270,4173,-1,4173,4270,4271,-1,4173,4271,4174,-1,4174,4271,4272,-1,4174,4272,4175,-1,4175,4272,4273,-1,4175,4273,4176,-1,4176,4273,4274,-1,4176,4274,4177,-1,4177,4274,4275,-1,4177,4275,4178,-1,4178,4275,4276,-1,4178,4276,4179,-1,4179,4276,4277,-1,4179,4277,4180,-1,4180,4277,4278,-1,4180,4278,4181,-1,4181,4278,4279,-1,4181,4279,4182,-1,4182,4279,4280,-1,4182,4280,4183,-1,4183,4280,4281,-1,4183,4281,4184,-1,4184,4281,4282,-1,4184,4282,4185,-1,4185,4282,4283,-1,4185,4283,4186,-1,4186,4283,4284,-1,4186,4284,4187,-1,4187,4284,4285,-1,4187,4285,4188,-1,4188,4285,4286,-1,4188,4286,4189,-1,4189,4286,4287,-1,4189,4287,4190,-1,4190,4287,4288,-1,4190,4288,4191,-1,4191,4288,4289,-1,4191,4289,4192,-1,4192,4289,4290,-1,4192,4290,4193,-1,4193,4290,4291,-1,4193,4291,4194,-1,4194,4291,4292,-1,4194,4292,4195,-1,4195,4292,4293,-1,4195,4293,4196,-1,4196,4293,4294,-1,4196,4294,4197,-1,4197,4294,4295,-1,4197,4295,4198,-1,4198,4295,4296,-1,4198,4296,4199,-1,4199,4296,4297,-1,4199,4297,4200,-1,4200,4297,4298,-1,4200,4298,4201,-1,4201,4298,4299,-1,4201,4299,4202,-1,4202,4299,4300,-1,4202,4300,4203,-1,4203,4300,4301,-1,4203,4301,4204,-1,4204,4301,4302,-1,4204,4302,4205,-1,4205,4302,4303,-1,4205,4303,4206,-1,4206,4303,4304,-1,4206,4304,4207,-1,4207,4304,4305,-1,4207,4305,4208,-1,4208,4305,4306,-1,4208,4306,4209,-1,4209,4306,4307,-1,4209,4307,4210,-1,4210,4307,4308,-1,4210,4308,4211,-1,4211,4308,4309,-1,4211,4309,4212,-1,4212,4309,4310,-1,4212,4310,4213,-1,4213,4310,4311,-1,4213,4311,4214,-1,4214,4311,4312,-1,4214,4312,4215,-1,4215,4312,4313,-1,4215,4313,4216,-1,4216,4313,4314,-1,4216,4314,4217,-1,4217,4314,4315,-1,4217,4315,4218,-1,4218,4315,4316,-1,4218,4316,4219,-1,4219,4316,4317,-1,4219,4317,4220,-1,4220,4317,4318,-1,4220,4318,4221,-1,4221,4318,4319,-1,4221,4319,4222,-1,4222,4319,4320,-1,4222,4320,4223,-1,4223,4320,4321,-1,4223,4321,4224,-1,4224,4321,4322,-1,4224,4322,4225,-1,4225,4322,4323,-1,4225,4323,4226,-1,4226,4323,4324,-1,4226,4324,4227,-1,4227,4324,4325,-1,4227,4325,4228,-1,4228,4325,4326,-1,4228,4326,4229,-1,4229,4326,4327,-1,4229,4327,4230,-1,4230,4327,4328,-1,4230,4328,4231,-1,4231,4328,4329,-1,4231,4329,4232,-1,4232,4329,4330,-1,4232,4330,4233,-1,4233,4330,4331,-1,4233,4331,4234,-1,4234,4331,4332,-1,4234,4332,4235,-1,4235,4332,4333,-1,4235,4333,4236,-1,4236,4333,4334,-1,4236,4334,4237,-1,4237,4334,4335,-1,4237,4335,4238,-1,4238,4335,4336,-1,4238,4336,4239,-1,4239,4336,4337,-1,4239,4337,4240,-1,4240,4337,4338,-1,4240,4338,4241,-1,4241,4338,4339,-1,4241,4339,4242,-1,4242,4339,4340,-1,4242,4340,4243,-1,4243,4340,4341,-1,4243,4341,4244,-1,4244,4341,4342,-1,4244,4342,4245,-1,4245,4342,4343,-1,4245,4343,4246,-1,4246,4343,4344,-1,4246,4344,4247,-1,4247,4344,4345,-1,4247,4345,4248,-1,4248,4345,4346,-1,4248,4346,4249,-1,4249,4346,4347,-1,4249,4347,4250,-1,4250,4347,4348,-1,4250,4348,4251,-1,4251,4348,4349,-1,4251,4349,4252,-1,4252,4349,4350,-1,4252,4350,4253,-1,4253,4350,4351,-1,4253,4351,4254,-1,4254,4351,4352,-1,4254,4352,4255,-1,4255,4352,4353,-1,4255,4353,4256,-1,4256,4353,4354,-1,4256,4354,4257,-1,4257,4354,4355,-1,4257,4355,4258,-1,4258,4355,4356,-1,4258,4356,4259,-1,4259,4356,4357,-1,4259,4357,4260,-1,4260,4357,4358,-1,4260,4358,4261,-1,4261,4358,4359,-1,4261,4359,4262,-1,4262,4359,4360,-1,4262,4360,4263,-1,4263,4360,4361,-1,4263,4361,4264,-1,4264,4361,4362,-1,4264,4362,4265,-1,4265,4362,4363,-1,4265,4363,4266,-1,4266,4363,4364,-1,4266,4364,4267,-1,4267,4364,7,-1,4267,7,6,-1,4268,4365,4269,-1,4269,4365,4366,-1,4269,4366,4270,-1,4270,4366,4367,-1,4270,4367,4271,-1,4271,4367,4368,-1,4271,4368,4272,-1,4272,4368,4369,-1,4272,4369,4273,-1,4273,4369,4370,-1,4273,4370,4274,-1,4274,4370,4371,-1,4274,4371,4275,-1,4275,4371,4372,-1,4275,4372,4276,-1,4276,4372,4373,-1,4276,4373,4277,-1,4277,4373,4374,-1,4277,4374,4278,-1,4278,4374,4375,-1,4278,4375,4279,-1,4279,4375,4376,-1,4279,4376,4280,-1,4280,4376,4377,-1,4280,4377,4281,-1,4281,4377,4378,-1,4281,4378,4282,-1,4282,4378,4379,-1,4282,4379,4283,-1,4283,4379,4380,-1,4283,4380,4284,-1,4284,4380,4381,-1,4284,4381,4285,-1,4285,4381,4382,-1,4285,4382,4286,-1,4286,4382,4383,-1,4286,4383,4287,-1,4287,4383,4384,-1,4287,4384,4288,-1,4288,4384,4385,-1,4288,4385,4289,-1,4289,4385,4386,-1,4289,4386,4290,-1,4290,4386,4387,-1,4290,4387,4291,-1,4291,4387,4388,-1,4291,4388,4292,-1,4292,4388,4389,-1,4292,4389,4293,-1,4293,4389,4390,-1,4293,4390,4294,-1,4294,4390,4391,-1,4294,4391,4295,-1,4295,4391,4392,-1,4295,4392,4296,-1,4296,4392,4393,-1,4296,4393,4297,-1,4297,4393,4394,-1,4297,4394,4298,-1,4298,4394,4395,-1,4298,4395,4299,-1,4299,4395,4396,-1,4299,4396,4300,-1,4300,4396,4397,-1,4300,4397,4301,-1,4301,4397,4398,-1,4301,4398,4302,-1,4302,4398,4399,-1,4302,4399,4303,-1,4303,4399,4400,-1,4303,4400,4304,-1,4304,4400,4401,-1,4304,4401,4305,-1,4305,4401,4402,-1,4305,4402,4306,-1,4306,4402,4403,-1,4306,4403,4307,-1,4307,4403,4404,-1,4307,4404,4308,-1,4308,4404,4405,-1,4308,4405,4309,-1,4309,4405,4406,-1,4309,4406,4310,-1,4310,4406,4407,-1,4310,4407,4311,-1,4311,4407,4408,-1,4311,4408,4312,-1,4312,4408,4409,-1,4312,4409,4313,-1,4313,4409,4410,-1,4313,4410,4314,-1,4314,4410,4411,-1,4314,4411,4315,-1,4315,4411,4412,-1,4315,4412,4316,-1,4316,4412,4413,-1,4316,4413,4317,-1,4317,4413,4414,-1,4317,4414,4318,-1,4318,4414,4415,-1,4318,4415,4319,-1,4319,4415,4416,-1,4319,4416,4320,-1,4320,4416,4417,-1,4320,4417,4321,-1,4321,4417,4418,-1,4321,4418,4322,-1,4322,4418,4419,-1,4322,4419,4323,-1,4323,4419,4420,-1,4323,4420,4324,-1,4324,4420,4421,-1,4324,4421,4325,-1,4325,4421,4422,-1,4325,4422,4326,-1,4326,4422,4423,-1,4326,4423,4327,-1,4327,4423,4424,-1,4327,4424,4328,-1,4328,4424,4425,-1,4328,4425,4329,-1,4329,4425,4426,-1,4329,4426,4330,-1,4330,4426,4427,-1,4330,4427,4331,-1,4331,4427,4428,-1,4331,4428,4332,-1,4332,4428,4429,-1,4332,4429,4333,-1,4333,4429,4430,-1,4333,4430,4334,-1,4334,4430,4431,-1,4334,4431,4335,-1,4335,4431,4432,-1,4335,4432,4336,-1,4336,4432,4433,-1,4336,4433,4337,-1,4337,4433,4434,-1,4337,4434,4338,-1,4338,4434,4435,-1,4338,4435,4339,-1,4339,4435,4436,-1,4339,4436,4340,-1,4340,4436,4437,-1,4340,4437,4341,-1,4341,4437,4438,-1,4341,4438,4342,-1,4342,4438,4439,-1,4342,4439,4343,-1,4343,4439,4440,-1,4343,4440,4344,-1,4344,4440,4441,-1,4344,4441,4345,-1,4345,4441,4442,-1,4345,4442,4346,-1,4346,4442,4443,-1,4346,4443,4347,-1,4347,4443,4444,-1,4347,4444,4348,-1,4348,4444,4445,-1,4348,4445,4349,-1,4349,4445,4446,-1,4349,4446,4350,-1,4350,4446,4447,-1,4350,4447,4351,-1,4351,4447,4448,-1,4351,4448,4352,-1,4352,4448,4449,-1,4352,4449,4353,-1,4353,4449,4450,-1,4353,4450,4354,-1,4354,4450,4451,-1,4354,4451,4355,-1,4355,4451,4452,-1,4355,4452,4356,-1,4356,4452,4453,-1,4356,4453,4357,-1,4357,4453,4454,-1,4357,4454,4358,-1,4358,4454,4455,-1,4358,4455,4359,-1,4359,4455,4456,-1,4359,4456,4360,-1,4360,4456,4457,-1,4360,4457,4361,-1,4361,4457,4458,-1,4361,4458,4362,-1,4362,4458,4459,-1,4362,4459,4363,-1,4363,4459,4460,-1,4363,4460,4364,-1,4364,4460,8,-1,4364,8,7,-1,4365,4461,4366,-1,4366,4461,4462,-1,4366,4462,4367,-1,4367,4462,4463,-1,4367,4463,4368,-1,4368,4463,4464,-1,4368,4464,4369,-1,4369,4464,4465,-1,4369,4465,4370,-1,4370,4465,4466,-1,4370,4466,4371,-1,4371,4466,4467,-1,4371,4467,4372,-1,4372,4467,4468,-1,4372,4468,4373,-1,4373,4468,4469,-1,4373,4469,4374,-1,4374,4469,4470,-1,4374,4470,4375,-1,4375,4470,4471,-1,4375,4471,4376,-1,4376,4471,4472,-1,4376,4472,4377,-1,4377,4472,4473,-1,4377,4473,4378,-1,4378,4473,4474,-1,4378,4474,4379,-1,4379,4474,4475,-1,4379,4475,4380,-1,4380,4475,4476,-1,4380,4476,4381,-1,4381,4476,4477,-1,4381,4477,4382,-1,4382,4477,4478,-1,4382,4478,4383,-1,4383,4478,4479,-1,4383,4479,4384,-1,4384,4479,4480,-1,4384,4480,4385,-1,4385,4480,4481,-1,4385,4481,4386,-1,4386,4481,4482,-1,4386,4482,4387,-1,4387,4482,4483,-1,4387,4483,4388,-1,4388,4483,4484,-1,4388,4484,4389,-1,4389,4484,4485,-1,4389,4485,4390,-1,4390,4485,4486,-1,4390,4486,4391,-1,4391,4486,4487,-1,4391,4487,4392,-1,4392,4487,4488,-1,4392,4488,4393,-1,4393,4488,4489,-1,4393,4489,4394,-1,4394,4489,4490,-1,4394,4490,4395,-1,4395,4490,4491,-1,4395,4491,4396,-1,4396,4491,4492,-1,4396,4492,4397,-1,4397,4492,4493,-1,4397,4493,4398,-1,4398,4493,4494,-1,4398,4494,4399,-1,4399,4494,4495,-1,4399,4495,4400,-1,4400,4495,4496,-1,4400,4496,4401,-1,4401,4496,4497,-1,4401,4497,4402,-1,4402,4497,4498,-1,4402,4498,4403,-1,4403,4498,4499,-1,4403,4499,4404,-1,4404,4499,4500,-1,4404,4500,4405,-1,4405,4500,4501,-1,4405,4501,4406,-1,4406,4501,4502,-1,4406,4502,4407,-1,4407,4502,4503,-1,4407,4503,4408,-1,4408,4503,4504,-1,4408,4504,4409,-1,4409,4504,4505,-1,4409,4505,4410,-1,4410,4505,4506,-1,4410,4506,4411,-1,4411,4506,4507,-1,4411,4507,4412,-1,4412,4507,4508,-1,4412,4508,4413,-1,4413,4508,4509,-1,4413,4509,4414,-1,4414,4509,4510,-1,4414,4510,4415,-1,4415,4510,4511,-1,4415,4511,4416,-1,4416,4511,4512,-1,4416,4512,4417,-1,4417,4512,4513,-1,4417,4513,4418,-1,4418,4513,4514,-1,4418,4514,4419,-1,4419,4514,4515,-1,4419,4515,4420,-1,4420,4515,4516,-1,4420,4516,4421,-1,4421,4516,4517,-1,4421,4517,4422,-1,4422,4517,4518,-1,4422,4518,4423,-1,4423,4518,4519,-1,4423,4519,4424,-1,4424,4519,4520,-1,4424,4520,4425,-1,4425,4520,4521,-1,4425,4521,4426,-1,4426,4521,4522,-1,4426,4522,4427,-1,4427,4522,4523,-1,4427,4523,4428,-1,4428,4523,4524,-1,4428,4524,4429,-1,4429,4524,4525,-1,4429,4525,4430,-1,4430,4525,4526,-1,4430,4526,4431,-1,4431,4526,4527,-1,4431,4527,4432,-1,4432,4527,4528,-1,4432,4528,4433,-1,4433,4528,4529,-1,4433,4529,4434,-1,4434,4529,4530,-1,4434,4530,4435,-1,4435,4530,4531,-1,4435,4531,4436,-1,4436,4531,4532,-1,4436,4532,4437,-1,4437,4532,4533,-1,4437,4533,4438,-1,4438,4533,4534,-1,4438,4534,4439,-1,4439,4534,4535,-1,4439,4535,4440,-1,4440,4535,4536,-1,4440,4536,4441,-1,4441,4536,4537,-1,4441,4537,4442,-1,4442,4537,4538,-1,4442,4538,4443,-1,4443,4538,4539,-1,4443,4539,4444,-1,4444,4539,4540,-1,4444,4540,4445,-1,4445,4540,4541,-1,4445,4541,4446,-1,4446,4541,4542,-1,4446,4542,4447,-1,4447,4542,4543,-1,4447,4543,4448,-1,4448,4543,4544,-1,4448,4544,4449,-1,4449,4544,4545,-1,4449,4545,4450,-1,4450,4545,4546,-1,4450,4546,4451,-1,4451,4546,4547,-1,4451,4547,4452,-1,4452,4547,4548,-1,4452,4548,4453,-1,4453,4548,4549,-1,4453,4549,4454,-1,4454,4549,4550,-1,4454,4550,4455,-1,4455,4550,2299,-1,4455,2299,4456,-1,4456,2299,2186,-1,4456,2186,4457,-1,4457,2186,2073,-1,4457,2073,4458,-1,4458,2073,1959,-1,4458,1959,4459,-1,4459,1959,15,-1,4459,15,4460,-1,4460,15,5,-1,4460,5,8,-1,4461,4551,4462,-1,4462,4551,4552,-1,4462,4552,4463,-1,4463,4552,4553,-1,4463,4553,4464,-1,4464,4553,4554,-1,4464,4554,4465,-1,4465,4554,4555,-1,4465,4555,4466,-1,4466,4555,4556,-1,4466,4556,4467,-1,4467,4556,4557,-1,4467,4557,4468,-1,4468,4557,4558,-1,4468,4558,4469,-1,4469,4558,4559,-1,4469,4559,4470,-1,4470,4559,4560,-1,4470,4560,4471,-1,4471,4560,4561,-1,4471,4561,4472,-1,4472,4561,4562,-1,4472,4562,4473,-1,4473,4562,4563,-1,4473,4563,4474,-1,4474,4563,4564,-1,4474,4564,4475,-1,4475,4564,4565,-1,4475,4565,4476,-1,4476,4565,4566,-1,4476,4566,4477,-1,4477,4566,4567,-1,4477,4567,4478,-1,4478,4567,4568,-1,4478,4568,4479,-1,4479,4568,4569,-1,4479,4569,4480,-1,4480,4569,4570,-1,4480,4570,4481,-1,4481,4570,4571,-1,4481,4571,4482,-1,4482,4571,4572,-1,4482,4572,4483,-1,4483,4572,4573,-1,4483,4573,4484,-1,4484,4573,4574,-1,4484,4574,4485,-1,4485,4574,4575,-1,4485,4575,4486,-1,4486,4575,4576,-1,4486,4576,4487,-1,4487,4576,4577,-1,4487,4577,4488,-1,4488,4577,4578,-1,4488,4578,4489,-1,4489,4578,4579,-1,4489,4579,4490,-1,4490,4579,4580,-1,4490,4580,4491,-1,4491,4580,4581,-1,4491,4581,4492,-1,4492,4581,4582,-1,4492,4582,4493,-1,4493,4582,4583,-1,4493,4583,4494,-1,4494,4583,4584,-1,4494,4584,4495,-1,4495,4584,4585,-1,4495,4585,4496,-1,4496,4585,4586,-1,4496,4586,4497,-1,4497,4586,4587,-1,4497,4587,4498,-1,4498,4587,4588,-1,4498,4588,4499,-1,4499,4588,4589,-1,4499,4589,4500,-1,4500,4589,4590,-1,4500,4590,4501,-1,4501,4590,4591,-1,4501,4591,4502,-1,4502,4591,4592,-1,4502,4592,4503,-1,4503,4592,4593,-1,4503,4593,4504,-1,4504,4593,4594,-1,4504,4594,4505,-1,4505,4594,4595,-1,4505,4595,4506,-1,4506,4595,4596,-1,4506,4596,4507,-1,4507,4596,4597,-1,4507,4597,4508,-1,4508,4597,4598,-1,4508,4598,4509,-1,4509,4598,4599,-1,4509,4599,4510,-1,4510,4599,4600,-1,4510,4600,4511,-1,4511,4600,4601,-1,4511,4601,4512,-1,4512,4601,4602,-1,4512,4602,4513,-1,4513,4602,4603,-1,4513,4603,4514,-1,4514,4603,4604,-1,4514,4604,4515,-1,4515,4604,4605,-1,4515,4605,4516,-1,4516,4605,4606,-1,4516,4606,4517,-1,4517,4606,4607,-1,4517,4607,4518,-1,4518,4607,4608,-1,4518,4608,4519,-1,4519,4608,4609,-1,4519,4609,4520,-1,4520,4609,4610,-1,4520,4610,4521,-1,4521,4610,4611,-1,4521,4611,4522,-1,4522,4611,4612,-1,4522,4612,4523,-1,4523,4612,4613,-1,4523,4613,4524,-1,4524,4613,4614,-1,4524,4614,4525,-1,4525,4614,4615,-1,4525,4615,4526,-1,4526,4615,4616,-1,4526,4616,4527,-1,4527,4616,4617,-1,4527,4617,4528,-1,4528,4617,4618,-1,4528,4618,4529,-1,4529,4618,4619,-1,4529,4619,4530,-1,4530,4619,4620,-1,4530,4620,4531,-1,4531,4620,4621,-1,4531,4621,4532,-1,4532,4621,4622,-1,4532,4622,4533,-1,4533,4622,4623,-1,4533,4623,4534,-1,4534,4623,4624,-1,4534,4624,4535,-1,4535,4624,4625,-1,4535,4625,4536,-1,4536,4625,4626,-1,4536,4626,4537,-1,4537,4626,4627,-1,4537,4627,4538,-1,4538,4627,4628,-1,4538,4628,4539,-1,4539,4628,4629,-1,4539,4629,4540,-1,4540,4629,4630,-1,4540,4630,4541,-1,4541,4630,4631,-1,4541,4631,4542,-1,4542,4631,4632,-1,4542,4632,4543,-1,4543,4632,4633,-1,4543,4633,4544,-1,4544,4633,4634,-1,4544,4634,4545,-1,4545,4634,4635,-1,4545,4635,4546,-1,4546,4635,4636,-1,4546,4636,4547,-1,4547,4636,4637,-1,4547,4637,4548,-1,4548,4637,4638,-1,4548,4638,4549,-1,4549,4638,60,-1,4549,60,4550,-1,4550,60,38,-1,4550,38,2299,-1,2299,38,37,-1,2299,37,55,-1,4551,4639,4552,-1,4552,4639,4640,-1,4552,4640,4553,-1,4553,4640,4641,-1,4553,4641,4554,-1,4554,4641,4642,-1,4554,4642,4555,-1,4555,4642,4643,-1,4555,4643,4556,-1,4556,4643,4644,-1,4556,4644,4557,-1,4557,4644,4645,-1,4557,4645,4558,-1,4558,4645,4646,-1,4558,4646,4559,-1,4559,4646,4647,-1,4559,4647,4560,-1,4560,4647,4648,-1,4560,4648,4561,-1,4561,4648,4649,-1,4561,4649,4562,-1,4562,4649,4650,-1,4562,4650,4563,-1,4563,4650,4651,-1,4563,4651,4564,-1,4564,4651,4652,-1,4564,4652,4565,-1,4565,4652,4653,-1,4565,4653,4566,-1,4566,4653,4654,-1,4566,4654,4567,-1,4567,4654,4655,-1,4567,4655,4568,-1,4568,4655,4656,-1,4568,4656,4569,-1,4569,4656,4657,-1,4569,4657,4570,-1,4570,4657,4658,-1,4570,4658,4571,-1,4571,4658,4659,-1,4571,4659,4572,-1,4572,4659,4660,-1,4572,4660,4573,-1,4573,4660,4661,-1,4573,4661,4574,-1,4574,4661,4662,-1,4574,4662,4575,-1,4575,4662,4663,-1,4575,4663,4576,-1,4576,4663,4664,-1,4576,4664,4577,-1,4577,4664,4665,-1,4577,4665,4578,-1,4578,4665,4666,-1,4578,4666,4579,-1,4579,4666,4667,-1,4579,4667,4580,-1,4580,4667,4668,-1,4580,4668,4581,-1,4581,4668,4669,-1,4581,4669,4582,-1,4582,4669,4670,-1,4582,4670,4583,-1,4583,4670,4671,-1,4583,4671,4584,-1,4584,4671,4672,-1,4584,4672,4585,-1,4585,4672,4673,-1,4585,4673,4586,-1,4586,4673,4674,-1,4586,4674,4587,-1,4587,4674,4675,-1,4587,4675,4588,-1,4588,4675,4676,-1,4588,4676,4589,-1,4589,4676,4677,-1,4589,4677,4590,-1,4590,4677,4678,-1,4590,4678,4591,-1,4591,4678,4679,-1,4591,4679,4592,-1,4592,4679,4680,-1,4592,4680,4593,-1,4593,4680,4681,-1,4593,4681,4594,-1,4594,4681,4682,-1,4594,4682,4595,-1,4595,4682,4683,-1,4595,4683,4596,-1,4596,4683,4684,-1,4596,4684,4597,-1,4597,4684,4685,-1,4597,4685,4598,-1,4598,4685,4686,-1,4598,4686,4599,-1,4599,4686,4687,-1,4599,4687,4600,-1,4600,4687,4688,-1,4600,4688,4601,-1,4601,4688,4689,-1,4601,4689,4602,-1,4602,4689,4690,-1,4602,4690,4603,-1,4603,4690,4691,-1,4603,4691,4604,-1,4604,4691,4692,-1,4604,4692,4605,-1,4605,4692,4693,-1,4605,4693,4606,-1,4606,4693,4694,-1,4606,4694,4607,-1,4607,4694,4695,-1,4607,4695,4608,-1,4608,4695,4696,-1,4608,4696,4609,-1,4609,4696,4697,-1,4609,4697,4610,-1,4610,4697,4698,-1,4610,4698,4611,-1,4611,4698,4699,-1,4611,4699,4612,-1,4612,4699,4700,-1,4612,4700,4613,-1,4613,4700,4701,-1,4613,4701,4614,-1,4614,4701,4702,-1,4614,4702,4615,-1,4615,4702,4703,-1,4615,4703,4616,-1,4616,4703,4704,-1,4616,4704,4617,-1,4617,4704,4705,-1,4617,4705,4618,-1,4618,4705,4706,-1,4618,4706,4619,-1,4619,4706,4707,-1,4619,4707,4620,-1,4620,4707,4708,-1,4620,4708,4621,-1,4621,4708,4709,-1,4621,4709,4622,-1,4622,4709,4710,-1,4622,4710,4623,-1,4623,4710,4711,-1,4623,4711,4624,-1,4624,4711,4712,-1,4624,4712,4625,-1,4625,4712,4713,-1,4625,4713,4626,-1,4626,4713,4714,-1,4626,4714,4627,-1,4627,4714,4715,-1,4627,4715,4628,-1,4628,4715,4716,-1,4628,4716,4629,-1,4629,4716,4717,-1,4629,4717,4630,-1,4630,4717,4718,-1,4630,4718,4631,-1,4631,4718,4719,-1,4631,4719,4632,-1,4632,4719,4720,-1,4632,4720,4633,-1,4633,4720,4721,-1,4633,4721,4634,-1,4634,4721,4722,-1,4634,4722,4635,-1,4635,4722,4723,-1,4635,4723,4636,-1,4636,4723,4724,-1,4636,4724,4637,-1,4637,4724,4725,-1,4637,4725,4638,-1,4638,4725,36,-1,4638,36,60,-1,60,36,35,-1,60,35,58,-1,4639,4726,4640,-1,4640,4726,4727,-1,4640,4727,4641,-1,4641,4727,4728,-1,4641,4728,4642,-1,4642,4728,4729,-1,4642,4729,4643,-1,4643,4729,4730,-1,4643,4730,4644,-1,4644,4730,4731,-1,4644,4731,4645,-1,4645,4731,4732,-1,4645,4732,4646,-1,4646,4732,4733,-1,4646,4733,4647,-1,4647,4733,4734,-1,4647,4734,4648,-1,4648,4734,4735,-1,4648,4735,4649,-1,4649,4735,4736,-1,4649,4736,4650,-1,4650,4736,4737,-1,4650,4737,4651,-1,4651,4737,4738,-1,4651,4738,4652,-1,4652,4738,4739,-1,4652,4739,4653,-1,4653,4739,4740,-1,4653,4740,4654,-1,4654,4740,4741,-1,4654,4741,4655,-1,4655,4741,4742,-1,4655,4742,4656,-1,4656,4742,4743,-1,4656,4743,4657,-1,4657,4743,4744,-1,4657,4744,4658,-1,4658,4744,4745,-1,4658,4745,4659,-1,4659,4745,4746,-1,4659,4746,4660,-1,4660,4746,4747,-1,4660,4747,4661,-1,4661,4747,4748,-1,4661,4748,4662,-1,4662,4748,4749,-1,4662,4749,4663,-1,4663,4749,4750,-1,4663,4750,4664,-1,4664,4750,4751,-1,4664,4751,4665,-1,4665,4751,4752,-1,4665,4752,4666,-1,4666,4752,4753,-1,4666,4753,4667,-1,4667,4753,4754,-1,4667,4754,4668,-1,4668,4754,4755,-1,4668,4755,4669,-1,4669,4755,4756,-1,4669,4756,4670,-1,4670,4756,4757,-1,4670,4757,4671,-1,4671,4757,4758,-1,4671,4758,4672,-1,4672,4758,4759,-1,4672,4759,4673,-1,4673,4759,4760,-1,4673,4760,4674,-1,4674,4760,4761,-1,4674,4761,4675,-1,4675,4761,4762,-1,4675,4762,4676,-1,4676,4762,4763,-1,4676,4763,4677,-1,4677,4763,4764,-1,4677,4764,4678,-1,4678,4764,4765,-1,4678,4765,4679,-1,4679,4765,4766,-1,4679,4766,4680,-1,4680,4766,4767,-1,4680,4767,4681,-1,4681,4767,4768,-1,4681,4768,4682,-1,4682,4768,4769,-1,4682,4769,4683,-1,4683,4769,4770,-1,4683,4770,4684,-1,4684,4770,4771,-1,4684,4771,4685,-1,4685,4771,4772,-1,4685,4772,4686,-1,4686,4772,4773,-1,4686,4773,4687,-1,4687,4773,4774,-1,4687,4774,4688,-1,4688,4774,4775,-1,4688,4775,4689,-1,4689,4775,4776,-1,4689,4776,4690,-1,4690,4776,4777,-1,4690,4777,4691,-1,4691,4777,4778,-1,4691,4778,4692,-1,4692,4778,4779,-1,4692,4779,4693,-1,4693,4779,4780,-1,4693,4780,4694,-1,4694,4780,4781,-1,4694,4781,4695,-1,4695,4781,4782,-1,4695,4782,4696,-1,4696,4782,4783,-1,4696,4783,4697,-1,4697,4783,4784,-1,4697,4784,4698,-1,4698,4784,4785,-1,4698,4785,4699,-1,4699,4785,4786,-1,4699,4786,4700,-1,4700,4786,4787,-1,4700,4787,4701,-1,4701,4787,4788,-1,4701,4788,4702,-1,4702,4788,4789,-1,4702,4789,4703,-1,4703,4789,4790,-1,4703,4790,4704,-1,4704,4790,4791,-1,4704,4791,4705,-1,4705,4791,4792,-1,4705,4792,4706,-1,4706,4792,4793,-1,4706,4793,4707,-1,4707,4793,4794,-1,4707,4794,4708,-1,4708,4794,4795,-1,4708,4795,4709,-1,4709,4795,4796,-1,4709,4796,4710,-1,4710,4796,4797,-1,4710,4797,4711,-1,4711,4797,4798,-1,4711,4798,4712,-1,4712,4798,4799,-1,4712,4799,4713,-1,4713,4799,4800,-1,4713,4800,4714,-1,4714,4800,4801,-1,4714,4801,4715,-1,4715,4801,4802,-1,4715,4802,4716,-1,4716,4802,4803,-1,4716,4803,4717,-1,4717,4803,4804,-1,4717,4804,4718,-1,4718,4804,4805,-1,4718,4805,4719,-1,4719,4805,4806,-1,4719,4806,4720,-1,4720,4806,4807,-1,4720,4807,4721,-1,4721,4807,4808,-1,4721,4808,4722,-1,4722,4808,4809,-1,4722,4809,4723,-1,4723,4809,4810,-1,4723,4810,4724,-1,4724,4810,4811,-1,4724,4811,4725,-1,4725,4811,63,-1,4725,63,36,-1,36,63,68,-1,36,68,69,-1,4726,4812,4727,-1,4727,4812,4813,-1,4727,4813,4728,-1,4728,4813,4814,-1,4728,4814,4729,-1,4729,4814,4815,-1,4729,4815,4730,-1,4730,4815,4816,-1,4730,4816,4731,-1,4731,4816,4817,-1,4731,4817,4732,-1,4732,4817,4818,-1,4732,4818,4733,-1,4733,4818,4819,-1,4733,4819,4734,-1,4734,4819,4820,-1,4734,4820,4735,-1,4735,4820,4821,-1,4735,4821,4736,-1,4736,4821,4822,-1,4736,4822,4737,-1,4737,4822,4823,-1,4737,4823,4738,-1,4738,4823,4824,-1,4738,4824,4739,-1,4739,4824,4825,-1,4739,4825,4740,-1,4740,4825,4826,-1,4740,4826,4741,-1,4741,4826,4827,-1,4741,4827,4742,-1,4742,4827,4828,-1,4742,4828,4743,-1,4743,4828,4829,-1,4743,4829,4744,-1,4744,4829,4830,-1,4744,4830,4745,-1,4745,4830,4831,-1,4745,4831,4746,-1,4746,4831,4832,-1,4746,4832,4747,-1,4747,4832,4833,-1,4747,4833,4748,-1,4748,4833,4834,-1,4748,4834,4749,-1,4749,4834,4835,-1,4749,4835,4750,-1,4750,4835,4836,-1,4750,4836,4751,-1,4751,4836,4837,-1,4751,4837,4752,-1,4752,4837,4838,-1,4752,4838,4753,-1,4753,4838,4839,-1,4753,4839,4754,-1,4754,4839,4840,-1,4754,4840,4755,-1,4755,4840,4841,-1,4755,4841,4756,-1,4756,4841,4842,-1,4756,4842,4757,-1,4757,4842,4843,-1,4757,4843,4758,-1,4758,4843,4844,-1,4758,4844,4759,-1,4759,4844,4845,-1,4759,4845,4760,-1,4760,4845,4846,-1,4760,4846,4761,-1,4761,4846,4847,-1,4761,4847,4762,-1,4762,4847,4848,-1,4762,4848,4763,-1,4763,4848,4849,-1,4763,4849,4764,-1,4764,4849,4850,-1,4764,4850,4765,-1,4765,4850,4851,-1,4765,4851,4766,-1,4766,4851,4852,-1,4766,4852,4767,-1,4767,4852,4853,-1,4767,4853,4768,-1,4768,4853,4854,-1,4768,4854,4769,-1,4769,4854,4855,-1,4769,4855,4770,-1,4770,4855,4856,-1,4770,4856,4771,-1,4771,4856,4857,-1,4771,4857,4772,-1,4772,4857,4858,-1,4772,4858,4773,-1,4773,4858,4859,-1,4773,4859,4774,-1,4774,4859,4860,-1,4774,4860,4775,-1,4775,4860,4861,-1,4775,4861,4776,-1,4776,4861,4862,-1,4776,4862,4777,-1,4777,4862,4863,-1,4777,4863,4778,-1,4778,4863,4864,-1,4778,4864,4779,-1,4779,4864,4865,-1,4779,4865,4780,-1,4780,4865,4866,-1,4780,4866,4781,-1,4781,4866,4867,-1,4781,4867,4782,-1,4782,4867,4868,-1,4782,4868,4783,-1,4783,4868,4869,-1,4783,4869,4784,-1,4784,4869,4870,-1,4784,4870,4785,-1,4785,4870,4871,-1,4785,4871,4786,-1,4786,4871,4872,-1,4786,4872,4787,-1,4787,4872,4873,-1,4787,4873,4788,-1,4788,4873,4874,-1,4788,4874,4789,-1,4789,4874,4875,-1,4789,4875,4790,-1,4790,4875,4876,-1,4790,4876,4791,-1,4791,4876,4877,-1,4791,4877,4792,-1,4792,4877,4878,-1,4792,4878,4793,-1,4793,4878,4879,-1,4793,4879,4794,-1,4794,4879,4880,-1,4794,4880,4795,-1,4795,4880,4881,-1,4795,4881,4796,-1,4796,4881,4882,-1,4796,4882,4797,-1,4797,4882,4883,-1,4797,4883,4798,-1,4798,4883,4884,-1,4798,4884,4799,-1,4799,4884,4885,-1,4799,4885,4800,-1,4800,4885,4886,-1,4800,4886,4801,-1,4801,4886,4887,-1,4801,4887,4802,-1,4802,4887,4888,-1,4802,4888,4803,-1,4803,4888,4889,-1,4803,4889,4804,-1,4804,4889,4890,-1,4804,4890,4805,-1,4805,4890,4891,-1,4805,4891,4806,-1,4806,4891,4892,-1,4806,4892,4807,-1,4807,4892,4893,-1,4807,4893,4808,-1,4808,4893,4894,-1,4808,4894,4809,-1,4809,4894,4895,-1,4809,4895,4810,-1,4810,4895,4896,-1,4810,4896,4811,-1,4811,4896,75,-1,4811,75,63,-1,63,75,74,-1,63,74,64,-1,4812,4897,4813,-1,4813,4897,4898,-1,4813,4898,4814,-1,4814,4898,4899,-1,4814,4899,4815,-1,4815,4899,4900,-1,4815,4900,4816,-1,4816,4900,4901,-1,4816,4901,4817,-1,4817,4901,4902,-1,4817,4902,4818,-1,4818,4902,4903,-1,4818,4903,4819,-1,4819,4903,4904,-1,4819,4904,4820,-1,4820,4904,4905,-1,4820,4905,4821,-1,4821,4905,4906,-1,4821,4906,4822,-1,4822,4906,4907,-1,4822,4907,4823,-1,4823,4907,4908,-1,4823,4908,4824,-1,4824,4908,4909,-1,4824,4909,4825,-1,4825,4909,4910,-1,4825,4910,4826,-1,4826,4910,4911,-1,4826,4911,4827,-1,4827,4911,4912,-1,4827,4912,4828,-1,4828,4912,4913,-1,4828,4913,4829,-1,4829,4913,4914,-1,4829,4914,4830,-1,4830,4914,4915,-1,4830,4915,4831,-1,4831,4915,4916,-1,4831,4916,4832,-1,4832,4916,4917,-1,4832,4917,4833,-1,4833,4917,4918,-1,4833,4918,4834,-1,4834,4918,4919,-1,4834,4919,4835,-1,4835,4919,4920,-1,4835,4920,4836,-1,4836,4920,4921,-1,4836,4921,4837,-1,4837,4921,4922,-1,4837,4922,4838,-1,4838,4922,4923,-1,4838,4923,4839,-1,4839,4923,4924,-1,4839,4924,4840,-1,4840,4924,4925,-1,4840,4925,4841,-1,4841,4925,4926,-1,4841,4926,4842,-1,4842,4926,4927,-1,4842,4927,4843,-1,4843,4927,4928,-1,4843,4928,4844,-1,4844,4928,4929,-1,4844,4929,4845,-1,4845,4929,4930,-1,4845,4930,4846,-1,4846,4930,4931,-1,4846,4931,4847,-1,4847,4931,4932,-1,4847,4932,4848,-1,4848,4932,4933,-1,4848,4933,4849,-1,4849,4933,4934,-1,4849,4934,4850,-1,4850,4934,4935,-1,4850,4935,4851,-1,4851,4935,4936,-1,4851,4936,4852,-1,4852,4936,4937,-1,4852,4937,4853,-1,4853,4937,4938,-1,4853,4938,4854,-1,4854,4938,4939,-1,4854,4939,4855,-1,4855,4939,4940,-1,4855,4940,4856,-1,4856,4940,4941,-1,4856,4941,4857,-1,4857,4941,4942,-1,4857,4942,4858,-1,4858,4942,4943,-1,4858,4943,4859,-1,4859,4943,4944,-1,4859,4944,4860,-1,4860,4944,4945,-1,4860,4945,4861,-1,4861,4945,4946,-1,4861,4946,4862,-1,4862,4946,4947,-1,4862,4947,4863,-1,4863,4947,4948,-1,4863,4948,4864,-1,4864,4948,4949,-1,4864,4949,4865,-1,4865,4949,4950,-1,4865,4950,4866,-1,4866,4950,4951,-1,4866,4951,4867,-1,4867,4951,4952,-1,4867,4952,4868,-1,4868,4952,4953,-1,4868,4953,4869,-1,4869,4953,4954,-1,4869,4954,4870,-1,4870,4954,4955,-1,4870,4955,4871,-1,4871,4955,4956,-1,4871,4956,4872,-1,4872,4956,4957,-1,4872,4957,4873,-1,4873,4957,4958,-1,4873,4958,4874,-1,4874,4958,4959,-1,4874,4959,4875,-1,4875,4959,4960,-1,4875,4960,4876,-1,4876,4960,4961,-1,4876,4961,4877,-1,4877,4961,4962,-1,4877,4962,4878,-1,4878,4962,4963,-1,4878,4963,4879,-1,4879,4963,4964,-1,4879,4964,4880,-1,4880,4964,4965,-1,4880,4965,4881,-1,4881,4965,4966,-1,4881,4966,4882,-1,4882,4966,4967,-1,4882,4967,4883,-1,4883,4967,4968,-1,4883,4968,4884,-1,4884,4968,4969,-1,4884,4969,4885,-1,4885,4969,4970,-1,4885,4970,4886,-1,4886,4970,4971,-1,4886,4971,4887,-1,4887,4971,4972,-1,4887,4972,4888,-1,4888,4972,4973,-1,4888,4973,4889,-1,4889,4973,4974,-1,4889,4974,4890,-1,4890,4974,4975,-1,4890,4975,4891,-1,4891,4975,4976,-1,4891,4976,4892,-1,4892,4976,4977,-1,4892,4977,4893,-1,4893,4977,4978,-1,4893,4978,4894,-1,4894,4978,4979,-1,4894,4979,4895,-1,4895,4979,4980,-1,4895,4980,4896,-1,4896,4980,4981,-1,4896,4981,75,-1,75,4981,4982,-1,75,4982,77,-1,32,4982,33,-1,33,4982,4981,-1,33,4981,4983,-1,4983,4981,4980,-1,4983,4980,4984,-1,4984,4980,4979,-1,4984,4979,4985,-1,4985,4979,4978,-1,4985,4978,4986,-1,4986,4978,4977,-1,4986,4977,4987,-1,4987,4977,4976,-1,4987,4976,4988,-1,4988,4976,4975,-1,4988,4975,4989,-1,4989,4975,4974,-1,4989,4974,4990,-1,4990,4974,4973,-1,4990,4973,4991,-1,4991,4973,4972,-1,4991,4972,4992,-1,4992,4972,4971,-1,4992,4971,4993,-1,4993,4971,4970,-1,4993,4970,4994,-1,4994,4970,4969,-1,4994,4969,4995,-1,4995,4969,4968,-1,4995,4968,4996,-1,4996,4968,4967,-1,4996,4967,4997,-1,4997,4967,4966,-1,4997,4966,4998,-1,4998,4966,4965,-1,4998,4965,4999,-1,4999,4965,4964,-1,4999,4964,5000,-1,5000,4964,4963,-1,5000,4963,5001,-1,5001,4963,4962,-1,5001,4962,5002,-1,5002,4962,4961,-1,5002,4961,5003,-1,5003,4961,4960,-1,5003,4960,5004,-1,5004,4960,4959,-1,5004,4959,5005,-1,5005,4959,4958,-1,5005,4958,5006,-1,5006,4958,4957,-1,5006,4957,5007,-1,5007,4957,4956,-1,5007,4956,5008,-1,5008,4956,4955,-1,5008,4955,5009,-1,5009,4955,4954,-1,5009,4954,5010,-1,5010,4954,4953,-1,5010,4953,5011,-1,5011,4953,4952,-1,5011,4952,5012,-1,5012,4952,4951,-1,5012,4951,5013,-1,5013,4951,4950,-1,5013,4950,5014,-1,5014,4950,4949,-1,5014,4949,5015,-1,5015,4949,4948,-1,5015,4948,5016,-1,5016,4948,4947,-1,5016,4947,5017,-1,5017,4947,4946,-1,5017,4946,5018,-1,5018,4946,4945,-1,5018,4945,5019,-1,5019,4945,4944,-1,5019,4944,5020,-1,5020,4944,4943,-1,5020,4943,5021,-1,5021,4943,4942,-1,5021,4942,5022,-1,5022,4942,4941,-1,5022,4941,5023,-1,5023,4941,4940,-1,5023,4940,5024,-1,5024,4940,4939,-1,5024,4939,5025,-1,5025,4939,4938,-1,5025,4938,5026,-1,5026,4938,4937,-1,5026,4937,5027,-1,5027,4937,4936,-1,5027,4936,5028,-1,5028,4936,4935,-1,5028,4935,5029,-1,5029,4935,4934,-1,5029,4934,5030,-1,5030,4934,4933,-1,5030,4933,5031,-1,5031,4933,4932,-1,5031,4932,5032,-1,5032,4932,4931,-1,5032,4931,5033,-1,5033,4931,4930,-1,5033,4930,5034,-1,5034,4930,4929,-1,5034,4929,5035,-1,5035,4929,4928,-1,5035,4928,5036,-1,5036,4928,4927,-1,5036,4927,5037,-1,5037,4927,4926,-1,5037,4926,5038,-1,5038,4926,4925,-1,5038,4925,5039,-1,5039,4925,4924,-1,5039,4924,5040,-1,5040,4924,4923,-1,5040,4923,5041,-1,5041,4923,4922,-1,5041,4922,5042,-1,5042,4922,4921,-1,5042,4921,5043,-1,5043,4921,4920,-1,5043,4920,5044,-1,5044,4920,4919,-1,5044,4919,5045,-1,5045,4919,4918,-1,5045,4918,5046,-1,5046,4918,4917,-1,5046,4917,5047,-1,5047,4917,4916,-1,5047,4916,5048,-1,5048,4916,4915,-1,5048,4915,5049,-1,5049,4915,4914,-1,5049,4914,5050,-1,5050,4914,4913,-1,5050,4913,5051,-1,5051,4913,4912,-1,5051,4912,5052,-1,5052,4912,4911,-1,5052,4911,5053,-1,5053,4911,4910,-1,5053,4910,5054,-1,5054,4910,4909,-1,5054,4909,5055,-1,5055,4909,4908,-1,5055,4908,5056,-1,5056,4908,4907,-1,5056,4907,5057,-1,5057,4907,4906,-1,5057,4906,5058,-1,5058,4906,4905,-1,5058,4905,5059,-1,5059,4905,4904,-1,5059,4904,5060,-1,5060,4904,4903,-1,5060,4903,5061,-1,5061,4903,4902,-1,5061,4902,5062,-1,5062,4902,4901,-1,5062,4901,5063,-1,5063,4901,4900,-1,5063,4900,5064,-1,5064,4900,4899,-1,5064,4899,5065,-1,5065,4899,4898,-1,5065,4898,5066,-1,5066,4898,4897,-1,5066,5067,5065,-1,5065,5067,5068,-1,5065,5068,5064,-1,5064,5068,5069,-1,5064,5069,5063,-1,5063,5069,5070,-1,5063,5070,5062,-1,5062,5070,5071,-1,5062,5071,5061,-1,5061,5071,5072,-1,5061,5072,5060,-1,5060,5072,5073,-1,5060,5073,5059,-1,5059,5073,5074,-1,5059,5074,5058,-1,5058,5074,5075,-1,5058,5075,5057,-1,5057,5075,5076,-1,5057,5076,5056,-1,5056,5076,5077,-1,5056,5077,5055,-1,5055,5077,5078,-1,5055,5078,5054,-1,5054,5078,5079,-1,5054,5079,5053,-1,5053,5079,5080,-1,5053,5080,5052,-1,5052,5080,5081,-1,5052,5081,5051,-1,5051,5081,5082,-1,5051,5082,5050,-1,5050,5082,5083,-1,5050,5083,5049,-1,5049,5083,5084,-1,5049,5084,5048,-1,5048,5084,5085,-1,5048,5085,5047,-1,5047,5085,5086,-1,5047,5086,5046,-1,5046,5086,5087,-1,5046,5087,5045,-1,5045,5087,5088,-1,5045,5088,5044,-1,5044,5088,5089,-1,5044,5089,5043,-1,5043,5089,5090,-1,5043,5090,5042,-1,5042,5090,5091,-1,5042,5091,5041,-1,5041,5091,5092,-1,5041,5092,5040,-1,5040,5092,5093,-1,5040,5093,5039,-1,5039,5093,5094,-1,5039,5094,5038,-1,5038,5094,5095,-1,5038,5095,5037,-1,5037,5095,5096,-1,5037,5096,5036,-1,5036,5096,5097,-1,5036,5097,5035,-1,5035,5097,5098,-1,5035,5098,5034,-1,5034,5098,5099,-1,5034,5099,5033,-1,5033,5099,5100,-1,5033,5100,5032,-1,5032,5100,5101,-1,5032,5101,5031,-1,5031,5101,5102,-1,5031,5102,5030,-1,5030,5102,5103,-1,5030,5103,5029,-1,5029,5103,5104,-1,5029,5104,5028,-1,5028,5104,5105,-1,5028,5105,5027,-1,5027,5105,5106,-1,5027,5106,5026,-1,5026,5106,5107,-1,5026,5107,5025,-1,5025,5107,5108,-1,5025,5108,5024,-1,5024,5108,5109,-1,5024,5109,5023,-1,5023,5109,5110,-1,5023,5110,5022,-1,5022,5110,5111,-1,5022,5111,5021,-1,5021,5111,5112,-1,5021,5112,5020,-1,5020,5112,5113,-1,5020,5113,5019,-1,5019,5113,5114,-1,5019,5114,5018,-1,5018,5114,5115,-1,5018,5115,5017,-1,5017,5115,5116,-1,5017,5116,5016,-1,5016,5116,5117,-1,5016,5117,5015,-1,5015,5117,5118,-1,5015,5118,5014,-1,5014,5118,5119,-1,5014,5119,5013,-1,5013,5119,5120,-1,5013,5120,5012,-1,5012,5120,5121,-1,5012,5121,5011,-1,5011,5121,5122,-1,5011,5122,5010,-1,5010,5122,5123,-1,5010,5123,5009,-1,5009,5123,5124,-1,5009,5124,5008,-1,5008,5124,5125,-1,5008,5125,5007,-1,5007,5125,5126,-1,5007,5126,5006,-1,5006,5126,5127,-1,5006,5127,5005,-1,5005,5127,5128,-1,5005,5128,5004,-1,5004,5128,5129,-1,5004,5129,5003,-1,5003,5129,5130,-1,5003,5130,5002,-1,5002,5130,5131,-1,5002,5131,5001,-1,5001,5131,5132,-1,5001,5132,5000,-1,5000,5132,5133,-1,5000,5133,4999,-1,4999,5133,5134,-1,4999,5134,4998,-1,4998,5134,5135,-1,4998,5135,4997,-1,4997,5135,5136,-1,4997,5136,4996,-1,4996,5136,5137,-1,4996,5137,4995,-1,4995,5137,5138,-1,4995,5138,4994,-1,4994,5138,5139,-1,4994,5139,4993,-1,4993,5139,5140,-1,4993,5140,4992,-1,4992,5140,5141,-1,4992,5141,4991,-1,4991,5141,5142,-1,4991,5142,4990,-1,4990,5142,5143,-1,4990,5143,4989,-1,4989,5143,5144,-1,4989,5144,4988,-1,4988,5144,5145,-1,4988,5145,4987,-1,4987,5145,5146,-1,4987,5146,4986,-1,4986,5146,5147,-1,4986,5147,4985,-1,4985,5147,5148,-1,4985,5148,4984,-1,4984,5148,5149,-1,4984,5149,4983,-1,4983,5149,5150,-1,4983,5150,33,-1,33,5150,5151,-1,33,5151,31,-1,79,5151,80,-1,80,5151,5150,-1,80,5150,5152,-1,5152,5150,5149,-1,5152,5149,5153,-1,5153,5149,5148,-1,5153,5148,5154,-1,5154,5148,5147,-1,5154,5147,5155,-1,5155,5147,5146,-1,5155,5146,5156,-1,5156,5146,5145,-1,5156,5145,5157,-1,5157,5145,5144,-1,5157,5144,5158,-1,5158,5144,5143,-1,5158,5143,5159,-1,5159,5143,5142,-1,5159,5142,5160,-1,5160,5142,5141,-1,5160,5141,5161,-1,5161,5141,5140,-1,5161,5140,5162,-1,5162,5140,5139,-1,5162,5139,5163,-1,5163,5139,5138,-1,5163,5138,5164,-1,5164,5138,5137,-1,5164,5137,5165,-1,5165,5137,5136,-1,5165,5136,5166,-1,5166,5136,5135,-1,5166,5135,5167,-1,5167,5135,5134,-1,5167,5134,5168,-1,5168,5134,5133,-1,5168,5133,5169,-1,5169,5133,5132,-1,5169,5132,5170,-1,5170,5132,5131,-1,5170,5131,5171,-1,5171,5131,5130,-1,5171,5130,5172,-1,5172,5130,5129,-1,5172,5129,5173,-1,5173,5129,5128,-1,5173,5128,5174,-1,5174,5128,5127,-1,5174,5127,5175,-1,5175,5127,5126,-1,5175,5126,5176,-1,5176,5126,5125,-1,5176,5125,5177,-1,5177,5125,5124,-1,5177,5124,5178,-1,5178,5124,5123,-1,5178,5123,5179,-1,5179,5123,5122,-1,5179,5122,5180,-1,5180,5122,5121,-1,5180,5121,5181,-1,5181,5121,5120,-1,5181,5120,5182,-1,5182,5120,5119,-1,5182,5119,5183,-1,5183,5119,5118,-1,5183,5118,5184,-1,5184,5118,5117,-1,5184,5117,5185,-1,5185,5117,5116,-1,5185,5116,5186,-1,5186,5116,5115,-1,5186,5115,5187,-1,5187,5115,5114,-1,5187,5114,5188,-1,5188,5114,5113,-1,5188,5113,5189,-1,5189,5113,5112,-1,5189,5112,5190,-1,5190,5112,5111,-1,5190,5111,5191,-1,5191,5111,5110,-1,5191,5110,5192,-1,5192,5110,5109,-1,5192,5109,5193,-1,5193,5109,5108,-1,5193,5108,5194,-1,5194,5108,5107,-1,5194,5107,5195,-1,5195,5107,5106,-1,5195,5106,5196,-1,5196,5106,5105,-1,5196,5105,5197,-1,5197,5105,5104,-1,5197,5104,5198,-1,5198,5104,5103,-1,5198,5103,5199,-1,5199,5103,5102,-1,5199,5102,5200,-1,5200,5102,5101,-1,5200,5101,5201,-1,5201,5101,5100,-1,5201,5100,5202,-1,5202,5100,5099,-1,5202,5099,5203,-1,5203,5099,5098,-1,5203,5098,5204,-1,5204,5098,5097,-1,5204,5097,5205,-1,5205,5097,5096,-1,5205,5096,5206,-1,5206,5096,5095,-1,5206,5095,5207,-1,5207,5095,5094,-1,5207,5094,5208,-1,5208,5094,5093,-1,5208,5093,5209,-1,5209,5093,5092,-1,5209,5092,5210,-1,5210,5092,5091,-1,5210,5091,5211,-1,5211,5091,5090,-1,5211,5090,5212,-1,5212,5090,5089,-1,5212,5089,5213,-1,5213,5089,5088,-1,5213,5088,5214,-1,5214,5088,5087,-1,5214,5087,5215,-1,5215,5087,5086,-1,5215,5086,5216,-1,5216,5086,5085,-1,5216,5085,5217,-1,5217,5085,5084,-1,5217,5084,5218,-1,5218,5084,5083,-1,5218,5083,5219,-1,5219,5083,5082,-1,5219,5082,5220,-1,5220,5082,5081,-1,5220,5081,5221,-1,5221,5081,5080,-1,5221,5080,5222,-1,5222,5080,5079,-1,5222,5079,5223,-1,5223,5079,5078,-1,5223,5078,5224,-1,5224,5078,5077,-1,5224,5077,5225,-1,5225,5077,5076,-1,5225,5076,5226,-1,5226,5076,5075,-1,5226,5075,5227,-1,5227,5075,5074,-1,5227,5074,5228,-1,5228,5074,5073,-1,5228,5073,5229,-1,5229,5073,5072,-1,5229,5072,5230,-1,5230,5072,5071,-1,5230,5071,5231,-1,5231,5071,5070,-1,5231,5070,5232,-1,5232,5070,5069,-1,5232,5069,5233,-1,5233,5069,5068,-1,5233,5068,5234,-1,5234,5068,5067,-1,5234,5235,5233,-1,5233,5235,5236,-1,5233,5236,5232,-1,5232,5236,5237,-1,5232,5237,5231,-1,5231,5237,5238,-1,5231,5238,5230,-1,5230,5238,5239,-1,5230,5239,5229,-1,5229,5239,5240,-1,5229,5240,5228,-1,5228,5240,5241,-1,5228,5241,5227,-1,5227,5241,5242,-1,5227,5242,5226,-1,5226,5242,5243,-1,5226,5243,5225,-1,5225,5243,5244,-1,5225,5244,5224,-1,5224,5244,5245,-1,5224,5245,5223,-1,5223,5245,5246,-1,5223,5246,5222,-1,5222,5246,5247,-1,5222,5247,5221,-1,5221,5247,5248,-1,5221,5248,5220,-1,5220,5248,5249,-1,5220,5249,5219,-1,5219,5249,5250,-1,5219,5250,5218,-1,5218,5250,5251,-1,5218,5251,5217,-1,5217,5251,5252,-1,5217,5252,5216,-1,5216,5252,5253,-1,5216,5253,5215,-1,5215,5253,5254,-1,5215,5254,5214,-1,5214,5254,5255,-1,5214,5255,5213,-1,5213,5255,5256,-1,5213,5256,5212,-1,5212,5256,5257,-1,5212,5257,5211,-1,5211,5257,5258,-1,5211,5258,5210,-1,5210,5258,5259,-1,5210,5259,5209,-1,5209,5259,5260,-1,5209,5260,5208,-1,5208,5260,5261,-1,5208,5261,5207,-1,5207,5261,5262,-1,5207,5262,5206,-1,5206,5262,5263,-1,5206,5263,5205,-1,5205,5263,5264,-1,5205,5264,5204,-1,5204,5264,5265,-1,5204,5265,5203,-1,5203,5265,5266,-1,5203,5266,5202,-1,5202,5266,5267,-1,5202,5267,5201,-1,5201,5267,5268,-1,5201,5268,5200,-1,5200,5268,5269,-1,5200,5269,5199,-1,5199,5269,5270,-1,5199,5270,5198,-1,5198,5270,5271,-1,5198,5271,5197,-1,5197,5271,5272,-1,5197,5272,5196,-1,5196,5272,5273,-1,5196,5273,5195,-1,5195,5273,5274,-1,5195,5274,5194,-1,5194,5274,5275,-1,5194,5275,5193,-1,5193,5275,5276,-1,5193,5276,5192,-1,5192,5276,5277,-1,5192,5277,5191,-1,5191,5277,5278,-1,5191,5278,5190,-1,5190,5278,5279,-1,5190,5279,5189,-1,5189,5279,5280,-1,5189,5280,5188,-1,5188,5280,5281,-1,5188,5281,5187,-1,5187,5281,5282,-1,5187,5282,5186,-1,5186,5282,5283,-1,5186,5283,5185,-1,5185,5283,5284,-1,5185,5284,5184,-1,5184,5284,5285,-1,5184,5285,5183,-1,5183,5285,5286,-1,5183,5286,5182,-1,5182,5286,5287,-1,5182,5287,5181,-1,5181,5287,5288,-1,5181,5288,5180,-1,5180,5288,5289,-1,5180,5289,5179,-1,5179,5289,5290,-1,5179,5290,5178,-1,5178,5290,5291,-1,5178,5291,5177,-1,5177,5291,5292,-1,5177,5292,5176,-1,5176,5292,5293,-1,5176,5293,5175,-1,5175,5293,5294,-1,5175,5294,5174,-1,5174,5294,5295,-1,5174,5295,5173,-1,5173,5295,5296,-1,5173,5296,5172,-1,5172,5296,5297,-1,5172,5297,5171,-1,5171,5297,5298,-1,5171,5298,5170,-1,5170,5298,5299,-1,5170,5299,5169,-1,5169,5299,5300,-1,5169,5300,5168,-1,5168,5300,5301,-1,5168,5301,5167,-1,5167,5301,5302,-1,5167,5302,5166,-1,5166,5302,5303,-1,5166,5303,5165,-1,5165,5303,5304,-1,5165,5304,5164,-1,5164,5304,5305,-1,5164,5305,5163,-1,5163,5305,5306,-1,5163,5306,5162,-1,5162,5306,5307,-1,5162,5307,5161,-1,5161,5307,5308,-1,5161,5308,5160,-1,5160,5308,5309,-1,5160,5309,5159,-1,5159,5309,5310,-1,5159,5310,5158,-1,5158,5310,5311,-1,5158,5311,5157,-1,5157,5311,5312,-1,5157,5312,5156,-1,5156,5312,5313,-1,5156,5313,5155,-1,5155,5313,5314,-1,5155,5314,5154,-1,5154,5314,5315,-1,5154,5315,5153,-1,5153,5315,5316,-1,5153,5316,5152,-1,5152,5316,83,-1,5152,83,80,-1,80,83,82,-1,80,82,78,-1,5317,81,5318,-1,5318,81,83,-1,5318,83,5319,-1,5319,83,5316,-1,5319,5316,5320,-1,5320,5316,5315,-1,5320,5315,5321,-1,5321,5315,5314,-1,5321,5314,5322,-1,5322,5314,5313,-1,5322,5313,5323,-1,5323,5313,5312,-1,5323,5312,5324,-1,5324,5312,5311,-1,5324,5311,5325,-1,5325,5311,5310,-1,5325,5310,5326,-1,5326,5310,5309,-1,5326,5309,5327,-1,5327,5309,5308,-1,5327,5308,5328,-1,5328,5308,5307,-1,5328,5307,5329,-1,5329,5307,5306,-1,5329,5306,5330,-1,5330,5306,5305,-1,5330,5305,5331,-1,5331,5305,5304,-1,5331,5304,5332,-1,5332,5304,5303,-1,5332,5303,5333,-1,5333,5303,5302,-1,5333,5302,5334,-1,5334,5302,5301,-1,5334,5301,5335,-1,5335,5301,5300,-1,5335,5300,5336,-1,5336,5300,5299,-1,5336,5299,5337,-1,5337,5299,5298,-1,5337,5298,5338,-1,5338,5298,5297,-1,5338,5297,5339,-1,5339,5297,5296,-1,5339,5296,5340,-1,5340,5296,5295,-1,5340,5295,5341,-1,5341,5295,5294,-1,5341,5294,5342,-1,5342,5294,5293,-1,5342,5293,5343,-1,5343,5293,5292,-1,5343,5292,5344,-1,5344,5292,5291,-1,5344,5291,5345,-1,5345,5291,5290,-1,5345,5290,5346,-1,5346,5290,5289,-1,5346,5289,5347,-1,5347,5289,5288,-1,5347,5288,5348,-1,5348,5288,5287,-1,5348,5287,5349,-1,5349,5287,5286,-1,5349,5286,5350,-1,5350,5286,5285,-1,5350,5285,5351,-1,5351,5285,5284,-1,5351,5284,5352,-1,5352,5284,5283,-1,5352,5283,5353,-1,5353,5283,5282,-1,5353,5282,5354,-1,5354,5282,5281,-1,5354,5281,5355,-1,5355,5281,5280,-1,5355,5280,5356,-1,5356,5280,5279,-1,5356,5279,5357,-1,5357,5279,5278,-1,5357,5278,5358,-1,5358,5278,5277,-1,5358,5277,5359,-1,5359,5277,5276,-1,5359,5276,5360,-1,5360,5276,5275,-1,5360,5275,5361,-1,5361,5275,5274,-1,5361,5274,5362,-1,5362,5274,5273,-1,5362,5273,5363,-1,5363,5273,5272,-1,5363,5272,5364,-1,5364,5272,5271,-1,5364,5271,5365,-1,5365,5271,5270,-1,5365,5270,5366,-1,5366,5270,5269,-1,5366,5269,5367,-1,5367,5269,5268,-1,5367,5268,5368,-1,5368,5268,5267,-1,5368,5267,5369,-1,5369,5267,5266,-1,5369,5266,5370,-1,5370,5266,5265,-1,5370,5265,5371,-1,5371,5265,5264,-1,5371,5264,5372,-1,5372,5264,5263,-1,5372,5263,5373,-1,5373,5263,5262,-1,5373,5262,5374,-1,5374,5262,5261,-1,5374,5261,5375,-1,5375,5261,5260,-1,5375,5260,5376,-1,5376,5260,5259,-1,5376,5259,5377,-1,5377,5259,5258,-1,5377,5258,5378,-1,5378,5258,5257,-1,5378,5257,5379,-1,5379,5257,5256,-1,5379,5256,5380,-1,5380,5256,5255,-1,5380,5255,5381,-1,5381,5255,5254,-1,5381,5254,5382,-1,5382,5254,5253,-1,5382,5253,5383,-1,5383,5253,5252,-1,5383,5252,5384,-1,5384,5252,5251,-1,5384,5251,5385,-1,5385,5251,5250,-1,5385,5250,5386,-1,5386,5250,5249,-1,5386,5249,5387,-1,5387,5249,5248,-1,5387,5248,5388,-1,5388,5248,5247,-1,5388,5247,5389,-1,5389,5247,5246,-1,5389,5246,5390,-1,5390,5246,5245,-1,5390,5245,5391,-1,5391,5245,5244,-1,5391,5244,5392,-1,5392,5244,5243,-1,5392,5243,5393,-1,5393,5243,5242,-1,5393,5242,5394,-1,5394,5242,5241,-1,5394,5241,5395,-1,5395,5241,5240,-1,5395,5240,5396,-1,5396,5240,5239,-1,5396,5239,5397,-1,5397,5239,5238,-1,5397,5238,5398,-1,5398,5238,5237,-1,5398,5237,5399,-1,5399,5237,5236,-1,5399,5236,5400,-1,5400,5236,5235,-1,5400,5401,5399,-1,5399,5401,5402,-1,5399,5402,5398,-1,5398,5402,5403,-1,5398,5403,5397,-1,5397,5403,5404,-1,5397,5404,5396,-1,5396,5404,5405,-1,5396,5405,5395,-1,5395,5405,5406,-1,5395,5406,5394,-1,5394,5406,5407,-1,5394,5407,5393,-1,5393,5407,5408,-1,5393,5408,5392,-1,5392,5408,5409,-1,5392,5409,5391,-1,5391,5409,5410,-1,5391,5410,5390,-1,5390,5410,5411,-1,5390,5411,5389,-1,5389,5411,5412,-1,5389,5412,5388,-1,5388,5412,5413,-1,5388,5413,5387,-1,5387,5413,5414,-1,5387,5414,5386,-1,5386,5414,5415,-1,5386,5415,5385,-1,5385,5415,5416,-1,5385,5416,5384,-1,5384,5416,5417,-1,5384,5417,5383,-1,5383,5417,5418,-1,5383,5418,5382,-1,5382,5418,5419,-1,5382,5419,5381,-1,5381,5419,5420,-1,5381,5420,5380,-1,5380,5420,5421,-1,5380,5421,5379,-1,5379,5421,5422,-1,5379,5422,5378,-1,5378,5422,5423,-1,5378,5423,5377,-1,5377,5423,5424,-1,5377,5424,5376,-1,5376,5424,5425,-1,5376,5425,5375,-1,5375,5425,5426,-1,5375,5426,5374,-1,5374,5426,5427,-1,5374,5427,5373,-1,5373,5427,5428,-1,5373,5428,5372,-1,5372,5428,5429,-1,5372,5429,5371,-1,5371,5429,5430,-1,5371,5430,5370,-1,5370,5430,5431,-1,5370,5431,5369,-1,5369,5431,5432,-1,5369,5432,5368,-1,5368,5432,5433,-1,5368,5433,5367,-1,5367,5433,5434,-1,5367,5434,5366,-1,5366,5434,5435,-1,5366,5435,5365,-1,5365,5435,5436,-1,5365,5436,5364,-1,5364,5436,5437,-1,5364,5437,5363,-1,5363,5437,5438,-1,5363,5438,5362,-1,5362,5438,5439,-1,5362,5439,5361,-1,5361,5439,5440,-1,5361,5440,5360,-1,5360,5440,5441,-1,5360,5441,5359,-1,5359,5441,5442,-1,5359,5442,5358,-1,5358,5442,5443,-1,5358,5443,5357,-1,5357,5443,5444,-1,5357,5444,5356,-1,5356,5444,5445,-1,5356,5445,5355,-1,5355,5445,5446,-1,5355,5446,5354,-1,5354,5446,5447,-1,5354,5447,5353,-1,5353,5447,5448,-1,5353,5448,5352,-1,5352,5448,5449,-1,5352,5449,5351,-1,5351,5449,5450,-1,5351,5450,5350,-1,5350,5450,5451,-1,5350,5451,5349,-1,5349,5451,5452,-1,5349,5452,5348,-1,5348,5452,5453,-1,5348,5453,5347,-1,5347,5453,5454,-1,5347,5454,5346,-1,5346,5454,5455,-1,5346,5455,5345,-1,5345,5455,5456,-1,5345,5456,5344,-1,5344,5456,5457,-1,5344,5457,5343,-1,5343,5457,5458,-1,5343,5458,5342,-1,5342,5458,5459,-1,5342,5459,5341,-1,5341,5459,5460,-1,5341,5460,5340,-1,5340,5460,5461,-1,5340,5461,5339,-1,5339,5461,5462,-1,5339,5462,5338,-1,5338,5462,5463,-1,5338,5463,5337,-1,5337,5463,5464,-1,5337,5464,5336,-1,5336,5464,5465,-1,5336,5465,5335,-1,5335,5465,5466,-1,5335,5466,5334,-1,5334,5466,5467,-1,5334,5467,5333,-1,5333,5467,5468,-1,5333,5468,5332,-1,5332,5468,5469,-1,5332,5469,5331,-1,5331,5469,5470,-1,5331,5470,5330,-1,5330,5470,5471,-1,5330,5471,5329,-1,5329,5471,5472,-1,5329,5472,5328,-1,5328,5472,5473,-1,5328,5473,5327,-1,5327,5473,5474,-1,5327,5474,5326,-1,5326,5474,5475,-1,5326,5475,5325,-1,5325,5475,5476,-1,5325,5476,5324,-1,5324,5476,5477,-1,5324,5477,5323,-1,5323,5477,5478,-1,5323,5478,5322,-1,5322,5478,5479,-1,5322,5479,5321,-1,5321,5479,5480,-1,5321,5480,5320,-1,5320,5480,5481,-1,5320,5481,5319,-1,5319,5481,86,-1,5319,86,5318,-1,5318,86,85,-1,5318,85,5317,-1,5482,84,5483,-1,5483,84,86,-1,5483,86,5484,-1,5484,86,5481,-1,5484,5481,5485,-1,5485,5481,5480,-1,5485,5480,5486,-1,5486,5480,5479,-1,5486,5479,5487,-1,5487,5479,5478,-1,5487,5478,5488,-1,5488,5478,5477,-1,5488,5477,5489,-1,5489,5477,5476,-1,5489,5476,5490,-1,5490,5476,5475,-1,5490,5475,5491,-1,5491,5475,5474,-1,5491,5474,5492,-1,5492,5474,5473,-1,5492,5473,5493,-1,5493,5473,5472,-1,5493,5472,5494,-1,5494,5472,5471,-1,5494,5471,5495,-1,5495,5471,5470,-1,5495,5470,5496,-1,5496,5470,5469,-1,5496,5469,5497,-1,5497,5469,5468,-1,5497,5468,5498,-1,5498,5468,5467,-1,5498,5467,5499,-1,5499,5467,5466,-1,5499,5466,5500,-1,5500,5466,5465,-1,5500,5465,5501,-1,5501,5465,5464,-1,5501,5464,5502,-1,5502,5464,5463,-1,5502,5463,5503,-1,5503,5463,5462,-1,5503,5462,5504,-1,5504,5462,5461,-1,5504,5461,5505,-1,5505,5461,5460,-1,5505,5460,5506,-1,5506,5460,5459,-1,5506,5459,5507,-1,5507,5459,5458,-1,5507,5458,5508,-1,5508,5458,5457,-1,5508,5457,5509,-1,5509,5457,5456,-1,5509,5456,5510,-1,5510,5456,5455,-1,5510,5455,5511,-1,5511,5455,5454,-1,5511,5454,5512,-1,5512,5454,5453,-1,5512,5453,5513,-1,5513,5453,5452,-1,5513,5452,5514,-1,5514,5452,5451,-1,5514,5451,5515,-1,5515,5451,5450,-1,5515,5450,5516,-1,5516,5450,5449,-1,5516,5449,5517,-1,5517,5449,5448,-1,5517,5448,5518,-1,5518,5448,5447,-1,5518,5447,5519,-1,5519,5447,5446,-1,5519,5446,5520,-1,5520,5446,5445,-1,5520,5445,5521,-1,5521,5445,5444,-1,5521,5444,5522,-1,5522,5444,5443,-1,5522,5443,5523,-1,5523,5443,5442,-1,5523,5442,5524,-1,5524,5442,5441,-1,5524,5441,5525,-1,5525,5441,5440,-1,5525,5440,5526,-1,5526,5440,5439,-1,5526,5439,5527,-1,5527,5439,5438,-1,5527,5438,5528,-1,5528,5438,5437,-1,5528,5437,5529,-1,5529,5437,5436,-1,5529,5436,5530,-1,5530,5436,5435,-1,5530,5435,5531,-1,5531,5435,5434,-1,5531,5434,5532,-1,5532,5434,5433,-1,5532,5433,5533,-1,5533,5433,5432,-1,5533,5432,5534,-1,5534,5432,5431,-1,5534,5431,5535,-1,5535,5431,5430,-1,5535,5430,5536,-1,5536,5430,5429,-1,5536,5429,5537,-1,5537,5429,5428,-1,5537,5428,5538,-1,5538,5428,5427,-1,5538,5427,5539,-1,5539,5427,5426,-1,5539,5426,5540,-1,5540,5426,5425,-1,5540,5425,5541,-1,5541,5425,5424,-1,5541,5424,5542,-1,5542,5424,5423,-1,5542,5423,5543,-1,5543,5423,5422,-1,5543,5422,5544,-1,5544,5422,5421,-1,5544,5421,5545,-1,5545,5421,5420,-1,5545,5420,5546,-1,5546,5420,5419,-1,5546,5419,5547,-1,5547,5419,5418,-1,5547,5418,5548,-1,5548,5418,5417,-1,5548,5417,5549,-1,5549,5417,5416,-1,5549,5416,5550,-1,5550,5416,5415,-1,5550,5415,5551,-1,5551,5415,5414,-1,5551,5414,5552,-1,5552,5414,5413,-1,5552,5413,5553,-1,5553,5413,5412,-1,5553,5412,5554,-1,5554,5412,5411,-1,5554,5411,5555,-1,5555,5411,5410,-1,5555,5410,5556,-1,5556,5410,5409,-1,5556,5409,5557,-1,5557,5409,5408,-1,5557,5408,5558,-1,5558,5408,5407,-1,5558,5407,5559,-1,5559,5407,5406,-1,5559,5406,5560,-1,5560,5406,5405,-1,5560,5405,5561,-1,5561,5405,5404,-1,5561,5404,5562,-1,5562,5404,5403,-1,5562,5403,5563,-1,5563,5403,5402,-1,5563,5402,5564,-1,5564,5402,5401,-1,5564,3433,5563,-1,5563,3433,3431,-1,5563,3431,5562,-1,5562,3431,3429,-1,5562,3429,5561,-1,5561,3429,3427,-1,5561,3427,5560,-1,5560,3427,3425,-1,5560,3425,5559,-1,5559,3425,3423,-1,5559,3423,5558,-1,5558,3423,3421,-1,5558,3421,5557,-1,5557,3421,3419,-1,5557,3419,5556,-1,5556,3419,3417,-1,5556,3417,5555,-1,5555,3417,3415,-1,5555,3415,5554,-1,5554,3415,3413,-1,5554,3413,5553,-1,5553,3413,3411,-1,5553,3411,5552,-1,5552,3411,3409,-1,5552,3409,5551,-1,5551,3409,3407,-1,5551,3407,5550,-1,5550,3407,3405,-1,5550,3405,5549,-1,5549,3405,3403,-1,5549,3403,5548,-1,5548,3403,3401,-1,5548,3401,5547,-1,5547,3401,3399,-1,5547,3399,5546,-1,5546,3399,3397,-1,5546,3397,5545,-1,5545,3397,3395,-1,5545,3395,5544,-1,5544,3395,3393,-1,5544,3393,5543,-1,5543,3393,3391,-1,5543,3391,5542,-1,5542,3391,3389,-1,5542,3389,5541,-1,5541,3389,3387,-1,5541,3387,5540,-1,5540,3387,3385,-1,5540,3385,5539,-1,5539,3385,3383,-1,5539,3383,5538,-1,5538,3383,3381,-1,5538,3381,5537,-1,5537,3381,3379,-1,5537,3379,5536,-1,5536,3379,3377,-1,5536,3377,5535,-1,5535,3377,3375,-1,5535,3375,5534,-1,5534,3375,3373,-1,5534,3373,5533,-1,5533,3373,3371,-1,5533,3371,5532,-1,5532,3371,3369,-1,5532,3369,5531,-1,5531,3369,3367,-1,5531,3367,5530,-1,5530,3367,3365,-1,5530,3365,5529,-1,5529,3365,3363,-1,5529,3363,5528,-1,5528,3363,3361,-1,5528,3361,5527,-1,5527,3361,3359,-1,5527,3359,5526,-1,5526,3359,3357,-1,5526,3357,5525,-1,5525,3357,3355,-1,5525,3355,5524,-1,5524,3355,3353,-1,5524,3353,5523,-1,5523,3353,3351,-1,5523,3351,5522,-1,5522,3351,3349,-1,5522,3349,5521,-1,5521,3349,3347,-1,5521,3347,5520,-1,5520,3347,3345,-1,5520,3345,5519,-1,5519,3345,3343,-1,5519,3343,5518,-1,5518,3343,3341,-1,5518,3341,5517,-1,5517,3341,3339,-1,5517,3339,5516,-1,5516,3339,3337,-1,5516,3337,5515,-1,5515,3337,3335,-1,5515,3335,5514,-1,5514,3335,3333,-1,5514,3333,5513,-1,5513,3333,3331,-1,5513,3331,5512,-1,5512,3331,3329,-1,5512,3329,5511,-1,5511,3329,3327,-1,5511,3327,5510,-1,5510,3327,3325,-1,5510,3325,5509,-1,5509,3325,3323,-1,5509,3323,5508,-1,5508,3323,3321,-1,5508,3321,5507,-1,5507,3321,3319,-1,5507,3319,5506,-1,5506,3319,3317,-1,5506,3317,5505,-1,5505,3317,3315,-1,5505,3315,5504,-1,5504,3315,3313,-1,5504,3313,5503,-1,5503,3313,3311,-1,5503,3311,5502,-1,5502,3311,3309,-1,5502,3309,5501,-1,5501,3309,3307,-1,5501,3307,5500,-1,5500,3307,3305,-1,5500,3305,5499,-1,5499,3305,3303,-1,5499,3303,5498,-1,5498,3303,3301,-1,5498,3301,5497,-1,5497,3301,3299,-1,5497,3299,5496,-1,5496,3299,3297,-1,5496,3297,5495,-1,5495,3297,3295,-1,5495,3295,5494,-1,5494,3295,3293,-1,5494,3293,5493,-1,5493,3293,3291,-1,5493,3291,5492,-1,5492,3291,3289,-1,5492,3289,5491,-1,5491,3289,3287,-1,5491,3287,5490,-1,5490,3287,3285,-1,5490,3285,5489,-1,5489,3285,3283,-1,5489,3283,5488,-1,5488,3283,3281,-1,5488,3281,5487,-1,5487,3281,3279,-1,5487,3279,5486,-1,5486,3279,3277,-1,5486,3277,5485,-1,5485,3277,3275,-1,5485,3275,5484,-1,5484,3275,87,-1,5484,87,5483,-1,5483,87,89,-1,5483,89,5482,-1,97,5565,95,-1,95,5565,211,-1,95,211,3173,-1,3173,211,210,-1,3173,210,3174,-1,3174,210,214,-1,3174,214,3175,-1,3175,214,215,-1,3175,215,3176,-1,3176,215,217,-1,3176,217,3177,-1,3177,217,219,-1,3177,219,3178,-1,3178,219,221,-1,3178,221,3179,-1,3179,221,223,-1,3179,223,3180,-1,3180,223,225,-1,3180,225,3181,-1,3181,225,227,-1,3181,227,3182,-1,3182,227,229,-1,3182,229,3183,-1,3183,229,231,-1,3183,231,3184,-1,3184,231,233,-1,3184,233,3185,-1,3185,233,235,-1,3185,235,3186,-1,3186,235,237,-1,3186,237,3187,-1,3187,237,239,-1,3187,239,3188,-1,3188,239,241,-1,3188,241,3189,-1,3189,241,243,-1,3189,243,3190,-1,3190,243,245,-1,3190,245,3191,-1,3191,245,247,-1,3191,247,3192,-1,3192,247,249,-1,3192,249,3193,-1,3193,249,251,-1,3193,251,3194,-1,3194,251,253,-1,3194,253,3195,-1,3195,253,255,-1,3195,255,3196,-1,3196,255,257,-1,3196,257,3197,-1,3197,257,259,-1,3197,259,3198,-1,3198,259,261,-1,3198,261,3199,-1,3199,261,263,-1,3199,263,3200,-1,3200,263,265,-1,3200,265,3201,-1,3201,265,267,-1,3201,267,3202,-1,3202,267,269,-1,3202,269,3203,-1,3203,269,271,-1,3203,271,3204,-1,3204,271,273,-1,3204,273,3205,-1,3205,273,275,-1,3205,275,3206,-1,3206,275,277,-1,3206,277,3207,-1,3207,277,279,-1,3207,279,3208,-1,3208,279,281,-1,3208,281,3209,-1,3209,281,283,-1,3209,283,3210,-1,3210,283,285,-1,3210,285,3211,-1,3211,285,287,-1,3211,287,3212,-1,3212,287,289,-1,3212,289,3213,-1,3213,289,291,-1,3213,291,3214,-1,3214,291,293,-1,3214,293,3215,-1,3215,293,295,-1,3215,295,3216,-1,3216,295,297,-1,3216,297,3217,-1,3217,297,299,-1,3217,299,3218,-1,3218,299,301,-1,3218,301,3219,-1,3219,301,303,-1,3219,303,3220,-1,3220,303,305,-1,3220,305,3221,-1,3221,305,307,-1,3221,307,3222,-1,3222,307,309,-1,3222,309,3223,-1,3223,309,311,-1,3223,311,3224,-1,3224,311,313,-1,3224,313,3225,-1,3225,313,315,-1,3225,315,3226,-1,3226,315,317,-1,3226,317,3227,-1,3227,317,319,-1,3227,319,3228,-1,3228,319,321,-1,3228,321,3229,-1,3229,321,323,-1,3229,323,3230,-1,3230,323,325,-1,3230,325,3231,-1,3231,325,327,-1,3231,327,3232,-1,3232,327,329,-1,3232,329,3233,-1,3233,329,331,-1,3233,331,3234,-1,3234,331,333,-1,3234,333,3235,-1,3235,333,335,-1,3235,335,3236,-1,3236,335,337,-1,3236,337,3237,-1,3237,337,339,-1,3237,339,3238,-1,3238,339,341,-1,3238,341,3239,-1,3239,341,343,-1,3239,343,3240,-1,3240,343,345,-1,3240,345,3241,-1,3241,345,347,-1,3241,347,3242,-1,3242,347,349,-1,3242,349,3243,-1,3243,349,351,-1,3243,351,3244,-1,3244,351,353,-1,3244,353,3245,-1,3245,353,355,-1,3245,355,3246,-1,3246,355,357,-1,3246,357,3247,-1,3247,357,359,-1,3247,359,3248,-1,3248,359,361,-1,3248,361,3249,-1,3249,361,363,-1,3249,363,3250,-1,3250,363,365,-1,3250,365,3251,-1,3251,365,367,-1,3251,367,3252,-1,3252,367,369,-1,3252,369,3253,-1,3253,369,371,-1,3253,371,3254,-1,3254,371,373,-1,3254,373,3255,-1,3255,373,375,-1,3255,375,3256,-1,3256,375,377,-1,3256,377,3257,-1,3257,377,379,-1,3257,379,3258,-1,3258,379,381,-1,3258,381,3259,-1,3259,381,383,-1,3259,383,3260,-1,3260,383,385,-1,3260,385,3261,-1,3261,385,387,-1,3261,387,3262,-1,3262,387,389,-1,3262,389,3263,-1,3263,389,391,-1,3263,391,3264,-1,3264,391,393,-1,3264,393,3265,-1,3265,393,395,-1,3265,395,3266,-1,3266,395,397,-1,3266,397,3267,-1,3267,397,399,-1,3267,399,3268,-1,3268,399,401,-1,3268,401,3269,-1,3269,401,403,-1,3269,403,3270,-1,3270,403,405,-1,3270,405,3271,-1,3271,405,407,-1,3271,407,3272,-1,3272,407,409,-1,3272,409,3273,-1,3273,409,411,-1,3273,411,3971,-1,3971,411,413,-1,3971,413,4071,-1,4071,413,415,-1,4071,415,4170,-1,4170,415,417,-1,4170,417,4268,-1,4268,417,419,-1,4268,419,4365,-1,4365,419,421,-1,4365,421,4461,-1,4461,421,423,-1,4461,423,4551,-1,4551,423,425,-1,4551,425,4639,-1,4639,425,427,-1,4639,427,4726,-1,4726,427,429,-1,4726,429,4812,-1,4812,429,431,-1,4812,431,4897,-1,4897,431,433,-1,4897,433,5066,-1,5066,433,435,-1,5066,435,5067,-1,5067,435,437,-1,5067,437,5234,-1,5234,437,439,-1,5234,439,5235,-1,5235,439,441,-1,5235,441,5400,-1,5400,441,443,-1,5400,443,5401,-1,5401,443,445,-1,5401,445,5564,-1,5564,445,447,-1,5564,447,3433,-1,3433,447,449,-1,3433,449,3432,-1,3432,449,451,-1,3432,451,3434,-1,3434,451,453,-1,3434,453,3513,-1,3513,453,455,-1,3513,455,3592,-1,3592,455,457,-1,3592,457,3670,-1,3670,457,459,-1,3670,459,3747,-1,3747,459,461,-1,3747,461,3823,-1,3823,461,463,-1,
        ]
    }
}
Shape{
    appearance Appearance {
        material  Material 	{
            diffuseColor 0.2980392156862745 0.2980392156862745 0.2980392156862745
            specularColor 0.09019607843137255 0.09019607843137255 0.09019607843137255
            ambientIntensity 0.298
            transparency 0.0
            shininess 0.5
        }
    }
    geometry IndexedFaceSet {
        ccw TRUE
        solid FALSE
        coord DEF co Coordinate {
            point [
                -5.0295 -5.2457 -0.1968, -5.0317 -5.1844 -0.1955, -5.0218 -5.1871 -0.1968, -5.008 -5.1274 -0.1955, -4.9992 -5.1325 -0.1968, -4.9704 -5.0784 -0.1955, -4.9632 -5.0856 -0.1968, -4.9214 -5.0408 -0.1955, -4.9163 -5.0496 -0.1968, -4.8644 -5.0172 -0.1955, -4.8617 -5.027 -0.1968, -4.8031 -5.0091 -0.1955, -4.8031 -5.0193 -0.1968, -4.7419 -5.0172 -0.1955, -4.7446 -5.027 -0.1968, -4.6849 -5.0408 -0.1955, -4.69 -5.0496 -0.1968, -4.6359 -5.0784 -0.1955, -4.6431 -5.0856 -0.1968, -4.5983 -5.1274 -0.1955, -4.6071 -5.1325 -0.1968, -4.5746 -5.1844 -0.1955, -4.5845 -5.1871 -0.1968, -4.5666 -5.2457 -0.1955, -4.5768 -5.2457 -0.1968, -4.5746 -5.3069 -0.1955, -4.5845 -5.3043 -0.1968, -4.5983 -5.3639 -0.1955, -4.6071 -5.3589 -0.1968, -4.6359 -5.4129 -0.1955, -4.6431 -5.4057 -0.1968, -4.6849 -5.4505 -0.1955, -4.69 -5.4417 -0.1968, -4.7419 -5.4742 -0.1955, -4.7446 -5.4643 -0.1968, -4.8031 -5.4822 -0.1955, -4.8031 -5.472 -0.1968, -4.8644 -5.4742 -0.1955, -4.8617 -5.4643 -0.1968, -4.9214 -5.4505 -0.1955, -4.9163 -5.4417 -0.1968, -4.9704 -5.4129 -0.1955, -4.9632 -5.4057 -0.1968, -5.008 -5.3639 -0.1955, -4.9992 -5.3589 -0.1968, -5.0317 -5.3069 -0.1955, -5.0218 -5.3043 -0.1968, -5.0397 -5.2457 -0.1955, -5.0408 -5.182 -0.1916, -5.0162 -5.1226 -0.1916, -4.9771 -5.0717 -0.1916, -4.9262 -5.0326 -0.1916, -4.8668 -5.008 -0.1916, -4.8031 -4.9996 -0.1916, -4.7395 -5.008 -0.1916, -4.6801 -5.0326 -0.1916, -4.6292 -5.0717 -0.1916, -4.59 -5.1226 -0.1916, -4.5655 -5.182 -0.1916, -4.5571 -5.2457 -0.1916, -4.5655 -5.3094 -0.1916, -4.59 -5.3687 -0.1916, -4.6292 -5.4197 -0.1916, -4.6801 -5.4588 -0.1916, -4.7395 -5.4833 -0.1916, -4.8031 -5.4917 -0.1916, -4.8668 -5.4833 -0.1916, -4.9262 -5.4588 -0.1916, -4.9771 -5.4197 -0.1916, -5.0162 -5.3687 -0.1916, -5.0408 -5.3094 -0.1916, -5.0492 -5.2457 -0.1916, -5.0487 -5.1799 -0.1853, -5.0233 -5.1186 -0.1853, -4.9829 -5.0659 -0.1853, -4.9303 -5.0255 -0.1853, -4.8689 -5.0001 -0.1853, -4.8031 -4.9914 -0.1853, -4.7373 -5.0001 -0.1853, -4.676 -5.0255 -0.1853, -4.6234 -5.0659 -0.1853, -4.583 -5.1186 -0.1853, -4.5576 -5.1799 -0.1853, -4.5489 -5.2457 -0.1853, -4.5576 -5.3115 -0.1853, -4.583 -5.3728 -0.1853, -4.6234 -5.4254 -0.1853, -4.676 -5.4658 -0.1853, -4.7373 -5.4912 -0.1853, -4.8031 -5.4999 -0.1853, -4.8689 -5.4912 -0.1853, -4.9303 -5.4658 -0.1853, -4.9829 -5.4254 -0.1853, -5.0233 -5.3728 -0.1853, -5.0487 -5.3115 -0.1853, -5.0574 -5.2457 -0.1853, -5.0547 -5.1783 -0.1772, -5.0287 -5.1154 -0.1772, -4.9873 -5.0615 -0.1772, -4.9334 -5.0201 -0.1772, -4.8706 -4.9941 -0.1772, -4.8031 -4.9852 -0.1772, -4.7357 -4.9941 -0.1772, -4.6729 -5.0201 -0.1772, -4.619 -5.0615 -0.1772, -4.5776 -5.1154 -0.1772, -4.5515 -5.1783 -0.1772, -4.5427 -5.2457 -0.1772, -4.5515 -5.3131 -0.1772, -4.5776 -5.3759 -0.1772, -4.619 -5.4298 -0.1772, -4.6729 -5.4712 -0.1772, -4.7357 -5.4973 -0.1772, -4.8031 -5.5061 -0.1772, -4.8706 -5.4973 -0.1772, -4.9334 -5.4712 -0.1772, -4.9873 -5.4298 -0.1772, -5.0287 -5.3759 -0.1772, -5.0547 -5.3131 -0.1772, -5.0636 -5.2457 -0.1772, -5.0585 -5.1772 -0.1677, -5.0321 -5.1135 -0.1677, -4.9901 -5.0587 -0.1677, -4.9353 -5.0167 -0.1677, -4.8716 -4.9903 -0.1677, -4.8031 -4.9813 -0.1677, -4.7347 -4.9903 -0.1677, -4.6709 -5.0167 -0.1677, -4.6162 -5.0587 -0.1677, -4.5742 -5.1135 -0.1677, -4.5477 -5.1772 -0.1677, -4.5387 -5.2457 -0.1677, -4.5477 -5.3141 -0.1677, -4.5742 -5.3779 -0.1677, -4.6162 -5.4326 -0.1677, -4.6709 -5.4746 -0.1677, -4.7347 -5.5011 -0.1677, -4.8031 -5.5101 -0.1677, -4.8716 -5.5011 -0.1677, -4.9353 -5.4746 -0.1677, -4.9901 -5.4326 -0.1677, -5.0321 -5.3779 -0.1677, -5.0585 -5.3141 -0.1677, -5.0676 -5.2457 -0.1677, -5.0598 -5.1769 -0.1575, -5.0333 -5.1128 -0.1575, -4.9911 -5.0578 -0.1575, -4.936 -5.0155 -0.1575, -4.8719 -4.989 -0.1575, -4.8031 -4.9799 -0.1575, -4.7344 -4.989 -0.1575, -4.6703 -5.0155 -0.1575, -4.6152 -5.0578 -0.1575, -4.573 -5.1128 -0.1575, -4.5465 -5.1769 -0.1575, -4.5374 -5.2457 -0.1575, -4.5465 -5.3144 -0.1575, -4.573 -5.3785 -0.1575, -4.6152 -5.4336 -0.1575, -4.6703 -5.4758 -0.1575, -4.7344 -5.5024 -0.1575, -4.8031 -5.5114 -0.1575, -4.8719 -5.5024 -0.1575, -4.936 -5.4758 -0.1575, -4.9911 -5.4336 -0.1575, -5.0333 -5.3785 -0.1575, -5.0598 -5.3144 -0.1575, -5.0689 -5.2457 -0.1575, 4.8275 -5.3898 -0.1968, 4.8275 -5.1015 -0.1968, 4.8376 -5.1015 -0.1955, 4.8376 -5.3898 -0.1955, 4.8471 -5.1015 -0.1916, 4.8471 -5.3898 -0.1916, 4.8553 -5.1015 -0.1853, 4.8553 -5.3898 -0.1853, 4.8616 -5.1015 -0.1772, 4.8616 -5.3898 -0.1772, 4.8655 -5.1015 -0.1677, 4.8655 -5.3898 -0.1677, 4.8668 -5.1015 -0.1575, 4.8668 -5.3898 -0.1575, 4.8389 -5.4058 -0.1916, 4.8334 -5.3981 -0.1955, 4.8352 -5.3964 -0.1955, 4.8572 -5.4155 -0.1575, 4.8504 -5.4218 -0.1575, 4.8562 -5.4146 -0.1677, 4.8496 -5.4207 -0.1677, 4.8533 -5.4121 -0.1772, 4.8473 -5.4175 -0.1772, 4.8485 -5.408 -0.1853, 4.8436 -5.4124 -0.1853, 4.8424 -5.4027 -0.1916, 4.8625 -5.4078 -0.1575, 4.8613 -5.4072 -0.1677, 4.8578 -5.4054 -0.1772, 4.8522 -5.4025 -0.1853, 4.845 -5.3988 -0.1916, 4.8365 -5.3944 -0.1955, 4.8374 -5.3922 -0.1955, 4.8466 -5.3944 -0.1916, 4.8545 -5.3963 -0.1853, 4.8606 -5.3978 -0.1772, 4.8644 -5.3987 -0.1677, 4.8657 -5.399 -0.1575, 4.8644 -5.0926 -0.1677, 4.8533 -5.0793 -0.1772, 4.8481 -5.0727 -0.1746, 4.8495 -5.0707 -0.1676, 4.8606 -5.0935 -0.1772, 4.8454 -5.0765 -0.182, 4.8545 -5.095 -0.1853, 4.8466 -5.0969 -0.1916, 4.8365 -5.0969 -0.1955, 4.8374 -5.0992 -0.1955, 4.8326 -5.0944 -0.1959, 4.8352 -5.0949 -0.1955, 4.8334 -5.0933 -0.1954, 4.8374 -5.0877 -0.193, 4.845 -5.0925 -0.1916, 4.8522 -5.0888 -0.1853, 4.8424 -5.0887 -0.1916, 4.8485 -5.0833 -0.1853, 4.8417 -5.0816 -0.1883, 4.8435 -5.079 -0.1851, 4.8578 -5.086 -0.1772, 4.8613 -5.0842 -0.1677, 4.8562 -5.0767 -0.1677, 4.8498 -5.0703 -0.1662, 4.8657 -5.0923 -0.1575, 4.8625 -5.0835 -0.1575, 4.8572 -5.0758 -0.1575, 4.8504 -5.0695 -0.1575, 4.6214 -5.3898 -0.1968, 4.6599 -5.4107 -0.1968, 4.6154 -5.3981 -0.1955, 4.6562 -5.4202 -0.1955, 4.6099 -5.4058 -0.1916, 4.6528 -5.429 -0.1916, 4.6052 -5.4124 -0.1853, 4.6498 -5.4366 -0.1853, 4.6015 -5.4175 -0.1772, 4.6475 -5.4424 -0.1772, 4.5993 -5.4207 -0.1677, 4.6461 -5.4461 -0.1677, 4.5985 -5.4218 -0.1575, 4.6456 -5.4474 -0.1575, 4.7025 -5.4215 -0.1968, 4.7012 -5.4316 -0.1955, 4.7 -5.441 -0.1916, 4.699 -5.4491 -0.1853, 4.6983 -5.4553 -0.1772, 4.6978 -5.4592 -0.1677, 4.6976 -5.4605 -0.1575, 4.7464 -5.4215 -0.1968, 4.7476 -5.4316 -0.1955, 4.7488 -5.441 -0.1916, 4.7498 -5.4491 -0.1853, 4.7506 -5.4553 -0.1772, 4.7511 -5.4592 -0.1677, 4.7512 -5.4605 -0.1575, 4.7889 -5.4107 -0.1968, 4.7926 -5.4202 -0.1955, 4.796 -5.429 -0.1916, 4.799 -5.4366 -0.1853, 4.8013 -5.4424 -0.1772, 4.8027 -5.4461 -0.1677, 4.8032 -5.4474 -0.1575, 4.6568 -5.0725 -0.1959, 4.6599 -5.0806 -0.1968, 4.6214 -5.1015 -0.1968, 4.7889 -5.0806 -0.1968, 4.7921 -5.0725 -0.1959, 4.7951 -5.0647 -0.193, 4.6163 -5.0944 -0.1959, 4.6155 -5.0933 -0.1954, 4.6537 -5.0647 -0.193, 4.6114 -5.0877 -0.193, 4.651 -5.0578 -0.1883, 4.7978 -5.0578 -0.1883, 4.8001 -5.052 -0.182, 4.8018 -5.0476 -0.1746, 4.7464 -5.0699 -0.1968, 4.7474 -5.0612 -0.1959, 4.7485 -5.0529 -0.193, 4.7494 -5.0455 -0.1883, 4.7502 -5.0393 -0.182, 4.7507 -5.0347 -0.1746, 4.7025 -5.0699 -0.1968, 4.7014 -5.0612 -0.1959, 4.7004 -5.0529 -0.193, 4.6994 -5.0455 -0.1883, 4.6987 -5.0393 -0.182, 4.6981 -5.0347 -0.1746, 4.6487 -5.052 -0.182, 4.647 -5.0476 -0.1746, 4.8028 -5.0449 -0.1662, 4.6071 -5.0816 -0.1883, 4.6053 -5.079 -0.1851, 4.6035 -5.0765 -0.182, 4.6007 -5.0727 -0.1746, 4.5993 -5.0707 -0.1676, 4.7511 -5.0318 -0.1662, 4.6977 -5.0318 -0.1662, 4.646 -5.0449 -0.1662, 4.599 -5.0703 -0.1662, 4.8032 -5.044 -0.1575, 4.7512 -5.0308 -0.1575, 4.6976 -5.0308 -0.1575, 4.6456 -5.044 -0.1575, 4.5985 -5.0695 -0.1575, 4.6017 -5.3898 -0.1916, 4.6112 -5.3898 -0.1955, 4.6115 -5.3922 -0.1955, 4.5831 -5.399 -0.1575, 4.582 -5.3898 -0.1575, 4.5844 -5.3987 -0.1677, 4.5833 -5.3898 -0.1677, 4.5882 -5.3978 -0.1772, 4.5873 -5.3898 -0.1772, 4.5943 -5.3963 -0.1853, 4.5935 -5.3898 -0.1853, 4.6022 -5.3944 -0.1916, 4.5864 -5.4078 -0.1575, 4.5876 -5.4072 -0.1677, 4.5911 -5.4054 -0.1772, 4.5966 -5.4025 -0.1853, 4.6039 -5.3988 -0.1916, 4.6123 -5.3944 -0.1955, 4.6137 -5.3964 -0.1955, 4.6065 -5.4027 -0.1916, 4.6003 -5.408 -0.1853, 4.5956 -5.4121 -0.1772, 4.5926 -5.4146 -0.1677, 4.5916 -5.4155 -0.1575, 4.6137 -5.0949 -0.1955, 4.6065 -5.0887 -0.1916, 4.6003 -5.0833 -0.1853, 4.5956 -5.0793 -0.1772, 4.5926 -5.0767 -0.1677, 4.5916 -5.0758 -0.1575, 4.5864 -5.0835 -0.1575, 4.5876 -5.0842 -0.1677, 4.5911 -5.086 -0.1772, 4.5966 -5.0888 -0.1853, 4.6039 -5.0925 -0.1916, 4.6123 -5.0969 -0.1955, 4.6115 -5.0992 -0.1955, 4.6022 -5.0969 -0.1916, 4.5943 -5.095 -0.1853, 4.5882 -5.0935 -0.1772, 4.5844 -5.0926 -0.1677, 4.5831 -5.0923 -0.1575, 4.582 -5.1015 -0.1575, 4.5833 -5.1015 -0.1677, 4.5873 -5.1015 -0.1772, 4.5935 -5.1015 -0.1853, 4.6017 -5.1015 -0.1916, 4.6112 -5.1015 -0.1955, 5.7677 -3.3914 0.0787, 5.2421 -3.3914 0.0787, 5.7677 -3.3914 0.0394, 5.2421 -3.3914 0.0394, 5.2421 -4.4235 0.0787, 5.2421 -4.4235 0.0394, 5.7677 -4.4235 0.0787, 5.7677 -4.4235 0.0394, -5.4921 -4.8322 0.0394, -5.4921 -4.8322 0.0787, -5.2805 -4.8322 0.0394, -4.895 -4.8322 0.0787, -4.895 -4.8322 0.0394, -4.895 -3.7899 0.0394, -4.895 -3.7899 0.0787, -5.2805 -3.7899 0.0394, -5.4921 -3.7899 0.0787, -5.4921 -3.7899 0.0394, -4.895 -4.6669 0.0394
            ]
        }
        coordIndex [
            0,1,2,-1,2,1,3,-1,2,3,4,-1,4,3,5,-1,4,5,6,-1,6,5,7,-1,6,7,8,-1,8,7,9,-1,8,9,10,-1,10,9,11,-1,10,11,12,-1,12,11,13,-1,12,13,14,-1,14,13,15,-1,14,15,16,-1,16,15,17,-1,16,17,18,-1,18,17,19,-1,18,19,20,-1,20,19,21,-1,20,21,22,-1,22,21,23,-1,22,23,24,-1,24,23,25,-1,24,25,26,-1,26,25,27,-1,26,27,28,-1,28,27,29,-1,28,29,30,-1,30,29,31,-1,30,31,32,-1,32,31,33,-1,32,33,34,-1,34,33,35,-1,34,35,36,-1,36,35,37,-1,36,37,38,-1,38,37,39,-1,38,39,40,-1,40,39,41,-1,40,41,42,-1,42,41,43,-1,42,43,44,-1,44,43,45,-1,44,45,46,-1,46,45,47,-1,46,47,0,-1,0,47,1,-1,47,48,1,-1,1,48,49,-1,1,49,3,-1,3,49,50,-1,3,50,5,-1,5,50,51,-1,5,51,7,-1,7,51,52,-1,7,52,9,-1,9,52,53,-1,9,53,11,-1,11,53,54,-1,11,54,13,-1,13,54,55,-1,13,55,15,-1,15,55,56,-1,15,56,17,-1,17,56,57,-1,17,57,19,-1,19,57,58,-1,19,58,21,-1,21,58,59,-1,21,59,23,-1,23,59,60,-1,23,60,25,-1,25,60,61,-1,25,61,27,-1,27,61,62,-1,27,62,29,-1,29,62,63,-1,29,63,31,-1,31,63,64,-1,31,64,33,-1,33,64,65,-1,33,65,35,-1,35,65,66,-1,35,66,37,-1,37,66,67,-1,37,67,39,-1,39,67,68,-1,39,68,41,-1,41,68,69,-1,41,69,43,-1,43,69,70,-1,43,70,45,-1,45,70,71,-1,45,71,47,-1,47,71,48,-1,71,72,48,-1,48,72,73,-1,48,73,49,-1,49,73,74,-1,49,74,50,-1,50,74,75,-1,50,75,51,-1,51,75,76,-1,51,76,52,-1,52,76,77,-1,52,77,53,-1,53,77,78,-1,53,78,54,-1,54,78,79,-1,54,79,55,-1,55,79,80,-1,55,80,56,-1,56,80,81,-1,56,81,57,-1,57,81,82,-1,57,82,58,-1,58,82,83,-1,58,83,59,-1,59,83,84,-1,59,84,60,-1,60,84,85,-1,60,85,61,-1,61,85,86,-1,61,86,62,-1,62,86,87,-1,62,87,63,-1,63,87,88,-1,63,88,64,-1,64,88,89,-1,64,89,65,-1,65,89,90,-1,65,90,66,-1,66,90,91,-1,66,91,67,-1,67,91,92,-1,67,92,68,-1,68,92,93,-1,68,93,69,-1,69,93,94,-1,69,94,70,-1,70,94,95,-1,70,95,71,-1,71,95,72,-1,95,96,72,-1,72,96,97,-1,72,97,73,-1,73,97,98,-1,73,98,74,-1,74,98,99,-1,74,99,75,-1,75,99,100,-1,75,100,76,-1,76,100,101,-1,76,101,77,-1,77,101,102,-1,77,102,78,-1,78,102,103,-1,78,103,79,-1,79,103,104,-1,79,104,80,-1,80,104,105,-1,80,105,81,-1,81,105,106,-1,81,106,82,-1,82,106,107,-1,82,107,83,-1,83,107,108,-1,83,108,84,-1,84,108,109,-1,84,109,85,-1,85,109,110,-1,85,110,86,-1,86,110,111,-1,86,111,87,-1,87,111,112,-1,87,112,88,-1,88,112,113,-1,88,113,89,-1,89,113,114,-1,89,114,90,-1,90,114,115,-1,90,115,91,-1,91,115,116,-1,91,116,92,-1,92,116,117,-1,92,117,93,-1,93,117,118,-1,93,118,94,-1,94,118,119,-1,94,119,95,-1,95,119,96,-1,119,120,96,-1,96,120,121,-1,96,121,97,-1,97,121,122,-1,97,122,98,-1,98,122,123,-1,98,123,99,-1,99,123,124,-1,99,124,100,-1,100,124,125,-1,100,125,101,-1,101,125,126,-1,101,126,102,-1,102,126,127,-1,102,127,103,-1,103,127,128,-1,103,128,104,-1,104,128,129,-1,104,129,105,-1,105,129,130,-1,105,130,106,-1,106,130,131,-1,106,131,107,-1,107,131,132,-1,107,132,108,-1,108,132,133,-1,108,133,109,-1,109,133,134,-1,109,134,110,-1,110,134,135,-1,110,135,111,-1,111,135,136,-1,111,136,112,-1,112,136,137,-1,112,137,113,-1,113,137,138,-1,113,138,114,-1,114,138,139,-1,114,139,115,-1,115,139,140,-1,115,140,116,-1,116,140,141,-1,116,141,117,-1,117,141,142,-1,117,142,118,-1,118,142,143,-1,118,143,119,-1,119,143,120,-1,143,144,120,-1,120,144,145,-1,120,145,121,-1,121,145,146,-1,121,146,122,-1,122,146,147,-1,122,147,123,-1,123,147,148,-1,123,148,124,-1,124,148,149,-1,124,149,125,-1,125,149,150,-1,125,150,126,-1,126,150,151,-1,126,151,127,-1,127,151,152,-1,127,152,128,-1,128,152,153,-1,128,153,129,-1,129,153,154,-1,129,154,130,-1,130,154,155,-1,130,155,131,-1,131,155,156,-1,131,156,132,-1,132,156,157,-1,132,157,133,-1,133,157,158,-1,133,158,134,-1,134,158,159,-1,134,159,135,-1,135,159,160,-1,135,160,136,-1,136,160,161,-1,136,161,137,-1,137,161,162,-1,137,162,138,-1,138,162,163,-1,138,163,139,-1,139,163,164,-1,139,164,140,-1,140,164,165,-1,140,165,141,-1,141,165,166,-1,141,166,142,-1,142,166,167,-1,142,167,143,-1,143,167,144,-1,168,169,170,-1,168,170,171,-1,171,170,172,-1,171,172,173,-1,173,172,174,-1,173,174,175,-1,175,174,176,-1,175,176,177,-1,177,176,178,-1,177,178,179,-1,179,178,180,-1,179,180,181,-1,182,183,184,-1,184,183,168,-1,185,186,187,-1,187,186,188,-1,187,188,189,-1,189,188,190,-1,189,190,191,-1,191,190,192,-1,191,192,193,-1,194,185,195,-1,195,185,187,-1,195,187,196,-1,196,187,189,-1,196,189,197,-1,197,189,191,-1,197,191,198,-1,198,191,193,-1,198,193,199,-1,199,200,198,-1,198,200,201,-1,198,201,197,-1,197,201,202,-1,197,202,196,-1,196,202,203,-1,196,203,195,-1,195,203,204,-1,195,204,194,-1,194,204,205,-1,181,205,179,-1,179,205,204,-1,179,204,177,-1,177,204,203,-1,177,203,175,-1,175,203,202,-1,175,202,173,-1,173,202,201,-1,173,201,171,-1,171,201,200,-1,171,200,168,-1,199,168,200,-1,192,182,193,-1,193,182,184,-1,193,184,199,-1,199,184,168,-1,180,178,206,-1,207,208,209,-1,178,176,210,-1,208,207,211,-1,176,174,212,-1,174,172,213,-1,169,214,215,-1,172,170,215,-1,215,170,169,-1,169,216,217,-1,217,216,218,-1,217,218,219,-1,214,169,217,-1,174,213,212,-1,212,213,220,-1,212,220,221,-1,221,220,222,-1,221,222,223,-1,172,215,213,-1,213,215,214,-1,213,214,220,-1,220,214,217,-1,220,217,222,-1,222,217,219,-1,222,219,223,-1,223,219,224,-1,223,224,225,-1,176,212,210,-1,210,212,221,-1,210,221,226,-1,226,221,223,-1,226,223,207,-1,207,223,225,-1,207,225,211,-1,178,210,206,-1,206,210,226,-1,206,226,227,-1,227,226,207,-1,227,207,228,-1,228,207,209,-1,228,209,229,-1,180,206,230,-1,230,206,227,-1,230,227,231,-1,231,227,228,-1,231,228,232,-1,232,228,229,-1,232,229,233,-1,234,235,236,-1,236,235,237,-1,236,237,238,-1,238,237,239,-1,238,239,240,-1,240,239,241,-1,240,241,242,-1,242,241,243,-1,242,243,244,-1,244,243,245,-1,244,245,246,-1,246,245,247,-1,235,248,237,-1,237,248,249,-1,237,249,239,-1,239,249,250,-1,239,250,241,-1,241,250,251,-1,241,251,243,-1,243,251,252,-1,243,252,245,-1,245,252,253,-1,245,253,247,-1,247,253,254,-1,248,255,249,-1,249,255,256,-1,249,256,250,-1,250,256,257,-1,250,257,251,-1,251,257,258,-1,251,258,252,-1,252,258,259,-1,252,259,253,-1,253,259,260,-1,253,260,254,-1,254,260,261,-1,255,262,256,-1,256,262,263,-1,256,263,257,-1,257,263,264,-1,257,264,258,-1,258,264,265,-1,258,265,259,-1,259,265,266,-1,259,266,260,-1,260,266,267,-1,260,267,261,-1,261,267,268,-1,262,168,263,-1,263,168,183,-1,263,183,264,-1,264,183,182,-1,264,182,265,-1,265,182,192,-1,265,192,266,-1,266,192,190,-1,266,190,267,-1,267,190,188,-1,267,188,268,-1,268,188,186,-1,269,270,271,-1,169,272,216,-1,216,272,273,-1,216,273,218,-1,218,273,274,-1,218,274,219,-1,271,275,269,-1,269,275,276,-1,269,276,277,-1,277,276,278,-1,277,278,279,-1,219,274,224,-1,224,274,280,-1,224,280,225,-1,225,280,281,-1,225,281,211,-1,211,281,208,-1,208,281,282,-1,208,282,209,-1,272,283,273,-1,273,283,284,-1,273,284,274,-1,274,284,285,-1,274,285,280,-1,280,285,286,-1,280,286,281,-1,281,286,287,-1,281,287,282,-1,282,287,288,-1,283,289,284,-1,284,289,290,-1,284,290,285,-1,285,290,291,-1,285,291,286,-1,286,291,292,-1,286,292,287,-1,287,292,293,-1,287,293,288,-1,288,293,294,-1,289,270,290,-1,290,270,269,-1,290,269,291,-1,291,269,277,-1,291,277,292,-1,292,277,279,-1,292,279,293,-1,293,279,295,-1,293,295,294,-1,294,295,296,-1,233,229,297,-1,297,229,209,-1,278,298,279,-1,279,298,299,-1,279,299,295,-1,295,299,300,-1,295,300,296,-1,296,300,301,-1,296,301,302,-1,209,282,297,-1,297,282,288,-1,297,288,303,-1,303,288,294,-1,303,294,304,-1,304,294,296,-1,304,296,305,-1,305,296,302,-1,305,302,306,-1,233,297,307,-1,307,297,303,-1,307,303,308,-1,308,303,304,-1,308,304,309,-1,309,304,305,-1,309,305,310,-1,310,305,306,-1,310,306,311,-1,312,313,314,-1,314,313,234,-1,315,316,317,-1,317,316,318,-1,317,318,319,-1,319,318,320,-1,319,320,321,-1,321,320,322,-1,321,322,323,-1,324,315,325,-1,325,315,317,-1,325,317,326,-1,326,317,319,-1,326,319,327,-1,327,319,321,-1,327,321,328,-1,328,321,323,-1,328,323,329,-1,329,330,328,-1,328,330,331,-1,328,331,327,-1,327,331,332,-1,327,332,326,-1,326,332,333,-1,326,333,325,-1,325,333,334,-1,325,334,324,-1,324,334,335,-1,246,335,244,-1,244,335,334,-1,244,334,242,-1,242,334,333,-1,242,333,240,-1,240,333,332,-1,240,332,238,-1,238,332,331,-1,238,331,236,-1,236,331,330,-1,236,330,234,-1,329,234,330,-1,322,312,323,-1,323,312,314,-1,323,314,329,-1,329,314,234,-1,271,336,275,-1,275,336,276,-1,278,337,298,-1,298,337,338,-1,298,338,299,-1,299,338,300,-1,300,338,339,-1,300,339,301,-1,301,339,340,-1,301,340,302,-1,302,340,306,-1,306,340,341,-1,306,341,311,-1,342,341,343,-1,343,341,340,-1,343,340,344,-1,344,340,339,-1,344,339,345,-1,345,339,338,-1,345,338,346,-1,346,338,337,-1,346,337,347,-1,347,348,346,-1,346,348,349,-1,346,349,345,-1,345,349,350,-1,345,350,344,-1,344,350,351,-1,344,351,343,-1,343,351,352,-1,343,352,342,-1,342,352,353,-1,354,353,355,-1,355,353,352,-1,355,352,356,-1,356,352,351,-1,356,351,357,-1,357,351,350,-1,357,350,358,-1,358,350,349,-1,358,349,359,-1,359,349,348,-1,359,348,271,-1,347,271,348,-1,278,276,337,-1,337,276,336,-1,337,336,347,-1,347,336,271,-1,271,234,313,-1,271,313,359,-1,359,313,312,-1,359,312,358,-1,358,312,322,-1,358,322,357,-1,357,322,320,-1,357,320,356,-1,356,320,318,-1,356,318,355,-1,355,318,316,-1,355,316,354,-1,360,361,362,-1,362,361,363,-1,361,364,363,-1,363,364,365,-1,364,366,365,-1,365,366,367,-1,364,361,366,-1,366,361,360,-1,368,369,370,-1,370,369,371,-1,370,371,372,-1,373,374,375,-1,375,374,376,-1,375,376,377,-1,374,371,376,-1,376,371,369,-1,372,371,378,-1,378,371,374,-1,378,374,373,-1,
        ]
    }
}
Shape{
    appearance Appearance {
        material  Material 	{
            diffuseColor 1.0 1.0 1.0
            specularColor 0.5019607843137255 0.5019607843137255 0.5019607843137255
            ambientIntensity 1.0
            transparency 0.0
            shininess 0.5
        }
    }
    geometry IndexedFaceSet {
        ccw TRUE
        solid FALSE
        coord DEF co Coordinate {
            point [
                -0.276 0.0606 0.0398, -0.3528 -0.1363 0.0398, -0.276 0.0606 0.0394, -0.3528 -0.1363 0.0394, -0.324 -0.1363 0.0398, -0.324 -0.1363 0.0394, -0.3041 -0.0811 0.0398, -0.3041 -0.0811 0.0394, -0.2228 -0.0811 0.0398, -0.2228 -0.0811 0.0394, -0.204 -0.1363 0.0398, -0.204 -0.1363 0.0394, -0.1752 -0.1363 0.0398, -0.1752 -0.1363 0.0394, -0.2496 0.0606 0.0398, -0.2496 0.0606 0.0394, -0.2294 -0.0594 0.0398, -0.2952 -0.0594 0.0398, -0.2588 0.0228 0.0398, -0.2607 0.0296 0.0398, -0.2619 0.0366 0.0398, -0.2626 0.0366 0.0398, -0.2638 0.0296 0.0398, -0.2656 0.0228 0.0398, -0.2294 -0.0594 0.0394, -0.2952 -0.0594 0.0394, -0.2588 0.0228 0.0394, -0.2607 0.0296 0.0394, -0.2619 0.0366 0.0394, -0.2626 0.0366 0.0394, -0.2638 0.0296 0.0394, -0.2656 0.0228 0.0394, -0.0558 -0.1363 0.0398, -0.0023 -0.1363 0.0398, -0.0558 -0.1363 0.0394, -0.0023 -0.1363 0.0394, -0.0023 0.0606 0.0398, -0.0023 0.0606 0.0394, -0.0579 0.0606 0.0398, -0.0579 0.0606 0.0394, -0.1608 -0.0354 0.0398, -0.1608 -0.0354 0.0394, -0.1593 -0.0168 0.0394, -0.1593 -0.0168 0.0398, -0.154 0.0026 0.0394, -0.154 0.0026 0.0398, -0.1449 0.0195 0.0394, -0.1449 0.0195 0.0398, -0.131 0.0349 0.0394, -0.131 0.0349 0.0398, -0.1308 0.0351 0.0394, -0.1308 0.0351 0.0398, -0.1093 0.0495 0.0394, -0.1093 0.0495 0.0398, -0.0863 0.0575 0.0394, -0.0863 0.0575 0.0398, -0.0802 -0.1341 0.0394, -0.0802 -0.1341 0.0398, -0.1029 -0.1274 0.0394, -0.1029 -0.1274 0.0398, -0.1234 -0.1154 0.0394, -0.1234 -0.1154 0.0398, -0.1396 -0.0999 0.0394, -0.1396 -0.0999 0.0398, -0.1509 -0.0823 0.0394, -0.1509 -0.0823 0.0398, -0.158 -0.0617 0.0394, -0.158 -0.0617 0.0398, -0.1212 0.0114 0.0398, -0.1117 0.0215 0.0398, -0.0973 0.0308 0.0398, -0.0811 0.0365 0.0398, -0.0578 0.039 0.0398, -0.0287 0.039 0.0398, -0.0287 -0.1147 0.0398, -0.0567 -0.1147 0.0398, -0.0774 -0.1127 0.0398, -0.094 -0.1076 0.0398, -0.1074 -0.0996 0.0398, -0.1185 -0.0887 0.0398, -0.1268 -0.0751 0.0398, -0.1325 -0.0566 0.0398, -0.1344 -0.0359 0.0398, -0.1327 -0.0163 0.0398, -0.1281 -0.0008 0.0398, -0.0578 0.039 0.0394, -0.0287 0.039 0.0394, -0.0811 0.0365 0.0394, -0.0973 0.0308 0.0394, -0.1117 0.0215 0.0394, -0.1212 0.0114 0.0394, -0.1281 -0.0008 0.0394, -0.1327 -0.0163 0.0394, -0.1344 -0.0359 0.0394, -0.1325 -0.0566 0.0394, -0.1268 -0.0751 0.0394, -0.1185 -0.0887 0.0394, -0.1074 -0.0996 0.0394, -0.094 -0.1076 0.0394, -0.0774 -0.1127 0.0394, -0.0567 -0.1147 0.0394, -0.0287 -0.1147 0.0394, 0.0361 -0.1147 0.0398, 0.0361 -0.1363 0.0398, 0.0361 -0.1147 0.0394, 0.0361 -0.1363 0.0394, 0.1417 -0.1363 0.0398, 0.1417 -0.1363 0.0394, 0.1417 0.0606 0.0398, 0.1417 0.0606 0.0394, 0.0409 0.0606 0.0398, 0.0409 0.0606 0.0394, 0.0409 0.039 0.0398, 0.0409 0.039 0.0394, 0.1153 0.039 0.0398, 0.1153 0.039 0.0394, 0.1153 -0.0258 0.0398, 0.1153 -0.0258 0.0394, 0.0457 -0.0258 0.0398, 0.0457 -0.0258 0.0394, 0.0457 -0.0474 0.0398, 0.0457 -0.0474 0.0394, 0.1153 -0.0474 0.0398, 0.1153 -0.0474 0.0394, 0.1153 -0.1147 0.0398, 0.1153 -0.1147 0.0394, 0.1801 -0.1045 0.0398, 0.1801 -0.1261 0.0398, 0.1801 -0.1045 0.0394, 0.1801 -0.1261 0.0394, 0.2343 -0.1387 0.0398, 0.2343 -0.1387 0.0394, 0.2289 -0.1386 0.0394, 0.1836 -0.1275 0.0394, 0.2011 -0.1347 0.0398, 0.2289 -0.1386 0.0398, 0.221 -0.1375 0.0394, 0.2011 -0.1347 0.0394, 0.2459 -0.1375 0.0394, 0.2585 -0.1362 0.0398, 0.2585 -0.1362 0.0394, 0.2776 -0.1296 0.0398, 0.2776 -0.1296 0.0394, 0.2935 -0.1195 0.0398, 0.2935 -0.1195 0.0394, 0.3082 -0.1039 0.0398, 0.3082 -0.1039 0.0394, 0.3187 -0.0852 0.0398, 0.3187 -0.0852 0.0394, 0.3247 -0.0644 0.0398, 0.3247 -0.0644 0.0394, 0.3266 -0.0416 0.0398, 0.3266 -0.0416 0.0394, 0.2265 0.063 0.0398, 0.2265 0.063 0.0394, 0.2462 0.0614 0.0394, 0.2462 0.0614 0.0398, 0.2682 0.055 0.0394, 0.2682 0.055 0.0398, 0.2869 0.0442 0.0394, 0.2869 0.0442 0.0398, 0.3046 0.0271 0.0394, 0.3046 0.0271 0.0398, 0.3162 0.0087 0.0394, 0.3162 0.0087 0.0398, 0.3237 -0.0136 0.0394, 0.3237 -0.0136 0.0398, 0.2029 0.0614 0.0398, 0.1801 0.0552 0.0398, 0.1801 0.0552 0.0394, 0.1836 0.0561 0.0394, 0.2029 0.0614 0.0394, 0.1801 0.0288 0.0398, 0.1801 0.0288 0.0394, 0.1836 0.0303 0.0394, 0.2023 0.0383 0.0398, 0.2023 0.0383 0.0394, 0.2262 0.0414 0.0398, 0.2262 0.0414 0.0394, 0.3002 -0.0399 0.0398, 0.3002 -0.0399 0.0394, 0.2992 -0.0246 0.0394, 0.2992 -0.0246 0.0398, 0.294 -0.0036 0.0394, 0.294 -0.0036 0.0398, 0.2859 0.0116 0.0394, 0.2859 0.0116 0.0398, 0.274 0.0248 0.0394, 0.274 0.0248 0.0398, 0.2603 0.0339 0.0394, 0.2603 0.0339 0.0398, 0.2456 0.0392 0.0394, 0.2456 0.0392 0.0398, 0.2307 -0.1171 0.0398, 0.2307 -0.1171 0.0394, 0.249 -0.115 0.0394, 0.249 -0.115 0.0398, 0.2634 -0.1097 0.0394, 0.2634 -0.1097 0.0398, 0.2754 -0.1016 0.0394, 0.2754 -0.1016 0.0398, 0.2847 -0.0918 0.0394, 0.2847 -0.0918 0.0398, 0.2928 -0.0782 0.0394, 0.2928 -0.0782 0.0398, 0.2982 -0.0613 0.0394, 0.2982 -0.0613 0.0398, 0.1836 -0.1064 0.0394, 0.1837 -0.1064 0.0398, 0.1837 -0.1064 0.0394, 0.2045 -0.1142 0.0394, 0.2045 -0.1142 0.0398, 0.3434 -0.1147 0.0398, 0.3434 -0.1363 0.0398, 0.3434 -0.1147 0.0394, 0.3434 -0.1363 0.0394, 0.4442 -0.1363 0.0398, 0.4442 -0.1363 0.0394, 0.4442 0.0606 0.0398, 0.4442 0.0606 0.0394, 0.4178 0.0606 0.0398, 0.4178 0.0606 0.0394, 0.4178 -0.1147 0.0398, 0.4178 -0.1147 0.0394
            ]
        }
        coordIndex [
            0,1,2,-1,2,1,3,-1,1,4,3,-1,3,4,5,-1,4,6,5,-1,5,6,7,-1,6,8,7,-1,7,8,9,-1,8,10,9,-1,9,10,11,-1,10,12,11,-1,11,12,13,-1,12,14,13,-1,13,14,15,-1,14,0,15,-1,15,0,2,-1,16,8,17,-1,17,8,6,-1,18,14,16,-1,16,14,12,-1,16,12,8,-1,8,12,10,-1,18,19,14,-1,14,19,20,-1,14,20,0,-1,0,20,21,-1,0,21,22,-1,22,23,0,-1,0,23,17,-1,0,17,1,-1,1,17,6,-1,1,6,4,-1,16,17,24,-1,24,17,25,-1,18,16,26,-1,26,16,24,-1,18,26,27,-1,18,27,19,-1,19,27,28,-1,19,28,20,-1,21,20,29,-1,29,20,28,-1,21,29,30,-1,21,30,22,-1,22,30,31,-1,22,31,23,-1,17,23,25,-1,25,23,31,-1,32,33,34,-1,34,33,35,-1,33,36,35,-1,35,36,37,-1,36,38,37,-1,37,38,39,-1,40,41,42,-1,40,42,43,-1,43,42,44,-1,43,44,45,-1,45,44,46,-1,45,46,47,-1,47,46,48,-1,47,48,49,-1,49,48,50,-1,49,50,51,-1,51,50,52,-1,51,52,53,-1,53,52,54,-1,53,54,55,-1,55,54,39,-1,55,39,38,-1,32,34,56,-1,32,56,57,-1,57,56,58,-1,57,58,59,-1,59,58,60,-1,59,60,61,-1,61,60,62,-1,61,62,63,-1,63,62,64,-1,63,64,65,-1,65,64,66,-1,65,66,67,-1,67,66,41,-1,67,41,40,-1,45,47,68,-1,68,47,49,-1,68,49,69,-1,69,49,51,-1,69,51,70,-1,70,51,53,-1,70,53,71,-1,71,53,55,-1,71,55,72,-1,72,55,38,-1,72,38,73,-1,73,38,36,-1,73,36,74,-1,74,36,33,-1,74,33,75,-1,75,33,32,-1,75,32,76,-1,76,32,57,-1,76,57,77,-1,77,57,59,-1,77,59,78,-1,78,59,61,-1,78,61,79,-1,79,61,63,-1,79,63,80,-1,80,63,65,-1,80,65,81,-1,81,65,67,-1,81,67,82,-1,82,67,40,-1,82,40,83,-1,83,40,43,-1,83,43,84,-1,84,43,45,-1,84,45,68,-1,72,73,85,-1,85,73,86,-1,72,85,87,-1,72,87,71,-1,71,87,88,-1,71,88,70,-1,70,88,89,-1,70,89,69,-1,69,89,90,-1,69,90,68,-1,68,90,91,-1,68,91,84,-1,84,91,92,-1,84,92,83,-1,83,92,93,-1,83,93,82,-1,82,93,94,-1,82,94,81,-1,81,94,95,-1,81,95,80,-1,80,95,96,-1,80,96,79,-1,79,96,97,-1,79,97,78,-1,78,97,98,-1,78,98,77,-1,77,98,99,-1,77,99,76,-1,76,99,100,-1,76,100,75,-1,74,75,101,-1,101,75,100,-1,73,74,86,-1,86,74,101,-1,102,103,104,-1,104,103,105,-1,103,106,105,-1,105,106,107,-1,106,108,107,-1,107,108,109,-1,108,110,109,-1,109,110,111,-1,110,112,111,-1,111,112,113,-1,112,114,113,-1,113,114,115,-1,114,116,115,-1,115,116,117,-1,116,118,117,-1,117,118,119,-1,118,120,119,-1,119,120,121,-1,120,122,121,-1,121,122,123,-1,122,124,123,-1,123,124,125,-1,124,102,125,-1,125,102,104,-1,106,103,102,-1,102,124,106,-1,106,124,122,-1,106,122,108,-1,112,110,114,-1,114,110,108,-1,114,108,116,-1,116,108,122,-1,116,122,118,-1,118,122,120,-1,126,127,128,-1,128,127,129,-1,130,131,132,-1,129,127,133,-1,133,127,134,-1,130,132,135,-1,135,132,136,-1,135,136,134,-1,134,136,137,-1,134,137,133,-1,131,130,138,-1,138,130,139,-1,138,139,140,-1,140,139,141,-1,140,141,142,-1,142,141,143,-1,142,143,144,-1,144,143,145,-1,144,145,146,-1,146,145,147,-1,146,147,148,-1,148,147,149,-1,148,149,150,-1,150,149,151,-1,150,151,152,-1,153,154,155,-1,153,155,156,-1,156,155,157,-1,156,157,158,-1,158,157,159,-1,158,159,160,-1,160,159,161,-1,160,161,162,-1,162,161,163,-1,162,163,164,-1,164,163,165,-1,164,165,166,-1,166,165,152,-1,166,152,151,-1,154,153,167,-1,168,169,170,-1,168,170,167,-1,167,170,171,-1,167,171,154,-1,168,172,169,-1,169,172,173,-1,173,172,174,-1,174,172,175,-1,174,175,176,-1,176,175,177,-1,176,177,178,-1,179,180,181,-1,179,181,182,-1,182,181,183,-1,182,183,184,-1,184,183,185,-1,184,185,186,-1,186,185,187,-1,186,187,188,-1,188,187,189,-1,188,189,190,-1,190,189,191,-1,190,191,192,-1,192,191,178,-1,192,178,177,-1,193,194,195,-1,193,195,196,-1,196,195,197,-1,196,197,198,-1,198,197,199,-1,198,199,200,-1,200,199,201,-1,200,201,202,-1,202,201,203,-1,202,203,204,-1,204,203,205,-1,204,205,206,-1,206,205,180,-1,206,180,179,-1,128,207,126,-1,126,207,208,-1,207,209,208,-1,208,209,210,-1,208,210,211,-1,211,210,194,-1,211,194,193,-1,196,130,193,-1,193,130,135,-1,193,135,211,-1,211,135,134,-1,211,134,208,-1,208,134,127,-1,208,127,126,-1,172,168,175,-1,175,168,167,-1,175,167,177,-1,177,167,153,-1,177,153,192,-1,192,153,156,-1,192,156,190,-1,190,156,158,-1,190,158,188,-1,188,158,160,-1,188,160,186,-1,186,160,162,-1,186,162,184,-1,184,162,164,-1,184,164,182,-1,182,164,166,-1,182,166,179,-1,179,166,151,-1,179,151,206,-1,206,151,149,-1,206,149,204,-1,204,149,147,-1,204,147,202,-1,202,147,145,-1,202,145,200,-1,200,145,143,-1,200,143,198,-1,198,143,141,-1,198,141,196,-1,196,141,139,-1,196,139,130,-1,212,213,214,-1,214,213,215,-1,213,216,215,-1,215,216,217,-1,216,218,217,-1,217,218,219,-1,218,220,219,-1,219,220,221,-1,220,222,221,-1,221,222,223,-1,222,212,223,-1,223,212,214,-1,220,218,222,-1,222,218,216,-1,222,216,212,-1,212,216,213,-1,
        ]
    }
}
Shape{
    appearance Appearance {
        material  Material 	{
            diffuseColor 0.2980392156862745 0.2980392156862745 0.2980392156862745
            specularColor 0.09019607843137255 0.09019607843137255 0.09019607843137255
            ambientIntensity 0.298
            transparency 0.0
            shininess 0.5
        }
    }
    geometry IndexedFaceSet {
        ccw TRUE
        solid FALSE
        coord DEF co Coordinate {
            point [
                -0.2294 -0.0594 0.0394, -0.2952 -0.0594 0.0394, -0.2588 0.0228 0.0394, -0.2656 0.0228 0.0394, -0.2607 0.0296 0.0394, -0.2638 0.0296 0.0394, -0.2619 0.0366 0.0394, -0.2626 0.0366 0.0394, -0.0287 0.039 0.0394, -0.0287 -0.1147 0.0394, -0.0578 0.039 0.0394, -0.0567 -0.1147 0.0394, -0.0774 -0.1127 0.0394, -0.1344 -0.0359 0.0394, -0.1327 -0.0163 0.0394, -0.1281 -0.0008 0.0394, -0.0811 0.0365 0.0394, -0.094 -0.1076 0.0394, -0.1074 -0.0996 0.0394, -0.1185 -0.0887 0.0394, -0.1268 -0.0751 0.0394, -0.1325 -0.0566 0.0394, -0.1212 0.0114 0.0394, -0.1117 0.0215 0.0394, -0.0973 0.0308 0.0394
            ]
        }
        coordIndex [
            0,1,2,-1,2,1,3,-1,2,3,4,-1,4,3,5,-1,4,5,6,-1,6,5,7,-1,8,9,10,-1,10,9,11,-1,10,11,12,-1,13,14,10,-1,10,14,15,-1,10,15,16,-1,12,17,10,-1,10,17,18,-1,10,18,19,-1,19,20,10,-1,10,20,21,-1,10,21,13,-1,22,23,15,-1,15,23,24,-1,15,24,16,-1,
        ]
    }
}
Shape{
    appearance Appearance {
        material  Material 	{
            diffuseColor 1.0 1.0 1.0
            specularColor 0.8784313725490196 0.8784313725490196 0.8784313725490196
            ambientIntensity 1.0
            transparency 0.0
            shininess 0.5
        }
    }
    geometry IndexedFaceSet {
        ccw TRUE
        solid FALSE
        coord DEF co Coordinate {
            point [
                -5.063 4.0969 0.401, -5.2992 4.0969 0.401, -5.063 4.1097 0.3902, -5.2992 4.1097 0.3902, -5.063 4.1199 0.377, -5.2992 4.1199 0.377, -5.063 4.31 0.0689, -5.2992 4.31 0.0689, -5.2992 4.3226 0.0534, -5.063 4.3226 0.0534, -5.2992 4.3386 0.0415, -5.063 4.3386 0.0415, -5.2992 4.3572 0.034, -5.063 4.3572 0.034, -5.2992 4.377 0.0315, -5.063 4.377 0.0315, -5.063 4.648 0.0315, -5.2992 4.648 0.0315, -5.063 4.648 0.0709, -5.2992 4.648 0.0709, -5.063 4.377 0.0709, -5.2992 4.377 0.0709, -5.063 4.3671 0.0721, -5.2992 4.3671 0.0721, -5.063 4.3578 0.0759, -5.2992 4.3578 0.0759, -5.063 4.3498 0.0818, -5.2992 4.3498 0.0818, -5.063 4.3435 0.0896, -5.2992 4.3435 0.0896, -5.063 4.1534 0.3977, -5.2992 4.1534 0.3977, -5.2992 4.1381 0.4175, -5.063 4.1381 0.4175, -5.2992 4.119 0.4336, -5.063 4.119 0.4336, -5.2992 4.0969 0.4453, -5.063 4.0969 0.4453
            ]
        }
        coordIndex [
            0,1,2,-1,2,1,3,-1,2,3,4,-1,4,3,5,-1,6,4,7,-1,7,4,5,-1,6,7,8,-1,6,8,9,-1,9,8,10,-1,9,10,11,-1,11,10,12,-1,11,12,13,-1,13,12,14,-1,13,14,15,-1,16,15,17,-1,17,15,14,-1,18,16,19,-1,19,16,17,-1,20,18,21,-1,21,18,19,-1,20,21,22,-1,22,21,23,-1,22,23,24,-1,24,23,25,-1,24,25,26,-1,26,25,27,-1,26,27,28,-1,28,27,29,-1,30,28,31,-1,31,28,29,-1,30,31,32,-1,30,32,33,-1,33,32,34,-1,33,34,35,-1,35,34,36,-1,35,36,37,-1,37,0,35,-1,35,0,2,-1,16,18,15,-1,15,18,20,-1,15,20,13,-1,13,20,22,-1,13,22,11,-1,11,22,24,-1,11,24,9,-1,9,24,26,-1,9,26,6,-1,6,26,28,-1,6,28,4,-1,4,28,30,-1,4,30,2,-1,2,30,33,-1,2,33,35,-1,19,17,21,-1,21,17,14,-1,21,14,23,-1,23,14,12,-1,23,12,25,-1,25,12,10,-1,25,10,27,-1,27,10,8,-1,27,8,29,-1,29,8,7,-1,29,7,31,-1,31,7,5,-1,31,5,32,-1,32,5,3,-1,32,3,34,-1,34,3,1,-1,34,1,36,-1,
        ]
    }
}
Shape{
    appearance Appearance {
        material  Material 	{
            diffuseColor 0.2980392156862745 0.2980392156862745 0.2980392156862745
            specularColor 0.09019607843137255 0.09019607843137255 0.09019607843137255
            ambientIntensity 0.298
            transparency 0.0
            shininess 0.5
        }
    }
    geometry IndexedFaceSet {
        ccw TRUE
        solid FALSE
        coord DEF co Coordinate {
            point [
                -4.9016 -6.9976 1.1417, -5.2165 -7.3126 1.1417, -4.9016 -6.9976 0.2362, -5.2165 -7.3126 0.2362, -4.626 -7.3126 0.0394, -4.311 -6.9976 0.0394, -4.626 -7.3126 0.2362, -4.311 -6.9976 0.2362, 4.9016 -7.3126 1.1417, 4.5866 -6.9976 1.1417, 4.9016 -7.3126 0.2362, 4.5866 -6.9976 0.2362, 4.5472 -7.3126 0.0394, 4.5472 -7.3126 0.2362, 4.2323 -6.9976 0.0394, 4.3729 -7.1382 0.2362, 4.2323 -6.9976 0.2362, 4.8467 -1.1431 0.0394, 4.8467 -1.1431 0.1575, 4.8428 -1.114 0.0394, 4.8428 -1.114 0.1575, 4.8316 -1.0869 0.0394, 4.8316 -1.0869 0.1575, 4.8137 -1.0636 0.0394, 4.8137 -1.0636 0.1575, 4.7904 -1.0457 0.0394, 4.7904 -1.0457 0.1575, 4.7633 -1.0345 0.0394, 4.7633 -1.0345 0.1575, 4.7342 -1.0306 0.0394, 4.7342 -1.0306 0.1575, 4.7051 -1.0345 0.0394, 4.7051 -1.0345 0.1575, 4.6779 -1.0457 0.0394, 4.6779 -1.0457 0.1575, 4.6547 -1.0636 0.0394, 4.6547 -1.0636 0.1575, 4.6368 -1.0869 0.0394, 4.6368 -1.0869 0.1575, 4.6255 -1.114 0.0394, 4.6255 -1.114 0.1575, 4.6227 -1.1353 0.0394, 4.6217 -1.1431 0.1575, 4.6217 -1.1431 0.0394, 4.6217 -4.2415 0.1575, 4.6217 -4.2415 0.0394, 4.8467 -4.2415 0.1575, 4.8467 -4.2415 0.0394, 4.8428 -4.2706 0.1575, 4.8428 -4.2706 0.0394, 4.8316 -4.2977 0.1575, 4.8316 -4.2977 0.0394, 4.8137 -4.321 0.1575, 4.8137 -4.321 0.0394, 4.7904 -4.3389 0.1575, 4.7904 -4.3389 0.0394, 4.7633 -4.3501 0.1575, 4.7633 -4.3501 0.0394, 4.7342 -4.3539 0.1575, 4.7342 -4.3539 0.0394, 4.7051 -4.3501 0.1575, 4.7051 -4.3501 0.0394, 4.6779 -4.3389 0.1575, 4.6779 -4.3389 0.0394, 4.6547 -4.321 0.1575, 4.6547 -4.321 0.0394, 4.6368 -4.2977 0.1575, 4.6368 -4.2977 0.0394, 4.6255 -4.2706 0.1575, 4.6227 -4.2493 0.0394, 4.6255 -4.2706 0.0394
            ]
        }
        coordIndex [
            0,1,2,-1,2,1,3,-1,4,5,6,-1,6,5,7,-1,8,9,10,-1,10,9,11,-1,12,13,14,-1,14,13,15,-1,14,15,16,-1,17,18,19,-1,19,18,20,-1,19,20,21,-1,21,20,22,-1,21,22,23,-1,23,22,24,-1,23,24,25,-1,25,24,26,-1,25,26,27,-1,27,26,28,-1,27,28,29,-1,29,28,30,-1,29,30,31,-1,31,30,32,-1,31,32,33,-1,33,32,34,-1,33,34,35,-1,35,34,36,-1,35,36,37,-1,37,36,38,-1,37,38,39,-1,39,38,40,-1,39,40,41,-1,41,40,42,-1,41,42,43,-1,42,44,43,-1,43,44,45,-1,46,47,48,-1,48,47,49,-1,48,49,50,-1,50,49,51,-1,50,51,52,-1,52,51,53,-1,52,53,54,-1,54,53,55,-1,54,55,56,-1,56,55,57,-1,56,57,58,-1,58,57,59,-1,58,59,60,-1,60,59,61,-1,60,61,62,-1,62,61,63,-1,62,63,64,-1,64,63,65,-1,64,65,66,-1,66,65,67,-1,66,67,68,-1,45,44,69,-1,69,44,68,-1,69,68,70,-1,70,68,67,-1,46,18,47,-1,47,18,17,-1,40,38,18,-1,44,46,48,-1,46,44,18,-1,18,44,42,-1,18,42,40,-1,48,50,44,-1,44,50,52,-1,44,52,68,-1,52,60,62,-1,60,52,58,-1,58,52,54,-1,58,54,56,-1,62,64,52,-1,52,64,66,-1,52,66,68,-1,32,30,28,-1,26,24,36,-1,36,24,22,-1,36,22,38,-1,38,22,20,-1,38,20,18,-1,26,36,28,-1,28,36,34,-1,28,34,32,-1,
        ]
    }
}