#VRML V2.0 utf8
# 3D model generated by easyeda2kicad.py (https://github.com/uPesy/easyeda2kicad.py)

Shape{
    appearance Appearance {
        material  Material 	{
            diffuseColor 0.6470588235294118 0.6196078431372549 0.5882352941176471
            specularColor 0.45098039215686275 0.43529411764705883 0.4117647058823529
            ambientIntensity 0.6242
            transparency 0.0
            shininess 0.5
        }
    }
    geometry IndexedFaceSet {
        ccw TRUE
        solid FALSE
        coord DEF co Coordinate {
            point [
                -0.315 1.189 2.5197, -0.2405 1.189 2.5197, -0.2405 1.189 1.5022, -0.2632 1.189 1.4781, -0.2632 1.189 1.4774, -0.3294 1.189 1.4774, -0.3423 1.189 1.3517, -0.339 1.189 1.3604, -0.339 1.189 1.3147, -0.3232 1.189 1.2237, -0.3232 1.189 1.2227, -0.3294 1.189 1.2227, 0.3516 1.189 1.2196, 0.212 1.189 1.2196, 0.206 1.189 1.2227, -0.0373 1.189 1.3548, -0.068 1.189 1.3285, -0.1746 1.189 1.4774, -0.1746 1.189 1.3147, 0.0629 1.189 1.4642, 0.0244 1.189 1.4186, 0.0021 1.189 1.3738, -0.0035 1.189 1.3719, 0.1645 1.189 1.5178, 0.1244 1.189 1.5022, -0.1746 1.189 1.5022, 0.108 1.189 1.4958, 0.0818 1.189 1.4774, 0.315 1.189 2.5197, 1.6568 1.189 2.5197, 0.3165 1.189 1.5022, 1.6568 1.189 1.5022, 0.3227 1.189 1.5, 0.2698 1.189 1.5189, 0.2174 1.189 1.5245, -0.1746 1.189 2.5197, 1.6568 1.189 1.4774, 0.3586 1.189 1.4774, 0.3543 1.189 1.4811, 0.4758 1.189 1.4286, 0.4309 1.189 1.4338, 0.3812 1.189 1.4583, 0.4178 1.189 1.433, 0.4047 1.189 1.4313, 0.5622 1.189 1.3801, 0.5545 1.189 1.3873, 0.5181 1.189 1.4125, 1.6568 1.189 1.3147, 1.6568 1.189 1.2689, 0.6149 1.189 1.2689, 0.6083 1.189 1.3043, 0.6036 1.189 1.3147, 0.5898 1.189 1.3452, 1.6568 1.189 1.2196, 0.6134 1.189 1.2227, 1.6568 1.189 1.2227, 0.6167 1.189 1.2507, 0.6163 1.189 1.2616, 0.1184 1.189 1.1325, 0.1105 1.189 1.1355, 0.0967 1.189 1.2003, 0.5344 1.189 1.0956, 0.5697 1.189 1.1262, 1.6568 1.189 -0.0394, 0.1254 1.189 1.1275, 0.5955 1.189 1.1635, 0.6115 1.189 1.206, 0.613 1.189 1.2196, 0.1017 1.189 1.1366, 0.1006 1.189 1.1365, 0.0972 1.189 1.1357, 0.1372 1.189 1.1015, 0.1369 1.189 1.106, 0.2567 1.189 1.1172, 0.1346 1.189 1.1147, 0.1301 1.189 1.1224, 0.1109 1.189 1.0671, 0.1184 1.189 1.0701, 0.2643 1.189 1.0659, 0.1257 1.189 1.0754, 0.1284 1.189 1.0781, 0.1333 1.189 1.0853, 0.1362 1.189 1.093, 0.2575 1.189 1.0939, 0.2568 1.189 1.1058, -0.0895 1.189 1.1473, -0.0667 1.189 1.116, -0.1746 1.189 -0.0394, 0.4026 1.189 0.9972, 0.4288 1.189 1.0084, 0.451 1.189 1.0254, 0.4678 1.189 1.0464, -0.0154 1.189 1.1632, -0.0281 1.189 1.1808, -0.0361 1.189 1.2011, 0.1078 1.189 1.2196, 0.2956 1.189 1.0211, 0.3184 1.189 1.0055, 0.479 1.189 1.0709, 0.4934 1.189 1.0753, 0.0949 1.189 1.1354, 0.0436 1.189 1.135, 0.0232 1.189 1.1388, 0.003 1.189 1.1479, -0.0139 1.189 1.1616, -0.0355 1.189 1.09, -0.0006 1.189 1.0733, 0.0373 1.189 1.0655, 0.278 1.189 1.0406, 0.1045 1.189 1.066, 0.3438 1.189 0.9959, 0.3714 1.189 0.9927, 0.3758 1.189 0.9928, -0.0385 1.189 1.2196, -0.0389 1.189 1.2227, 0.1096 1.189 1.2227, -0.039 1.189 1.2232, 0.5402 1.189 1.2227, 0.5437 1.189 1.2349, 0.1315 1.189 1.2609, 0.5449 1.189 1.2524, 0.5428 1.189 1.2689, -0.0385 1.189 1.2332, -0.0333 1.189 1.2551, -0.026 1.189 1.2689, 0.3285 1.189 1.2136, 0.3045 1.189 1.2005, 0.2847 1.189 1.1823, 0.4222 1.189 1.209, 0.397 1.189 1.2184, 0.5393 1.189 1.2196, 0.3872 1.189 1.2196, 0.3698 1.189 1.2216, 0.356 1.189 1.2207, 0.5357 1.189 1.2069, 0.4646 1.189 1.1716, 0.4456 1.189 1.193, 0.5223 1.189 1.1838, 0.5021 1.189 1.1627, 0.4774 1.189 1.1472, 0.0583 1.189 1.3127, 0.5314 1.189 1.3053, 0.5413 1.189 1.28, 0.0492 1.189 1.3127, -0.0228 1.189 1.2749, -0.0098 1.189 1.2896, 0.0077 1.189 1.302, 0.0276 1.189 1.3098, 0.0824 1.189 1.3813, 0.1078 1.189 1.4122, 0.37 1.189 1.348, 0.1107 1.189 1.4148, 0.1425 1.189 1.4372, 0.3524 1.189 1.3839, 0.5247 1.189 1.3147, 0.3781 1.189 1.3525, 0.0587 1.189 1.3147, 0.0651 1.189 1.3445, 0.4036 1.189 1.362, 0.4303 1.189 1.3655, 0.4421 1.189 1.3649, 0.3266 1.189 1.4142, 0.1781 1.189 1.4512, 0.2959 1.189 1.4363, 0.2167 1.189 1.4562, 0.2586 1.189 1.4511, 0.4703 1.189 1.3585, 0.4957 1.189 1.3452, 0.5155 1.189 1.3279, -0.1041 1.189 1.1833, -0.1746 1.189 1.2196, -0.109 1.189 1.2196, -0.1746 1.189 1.2227, -0.1094 1.189 1.2227, -0.1746 1.189 1.2689, -0.1046 1.189 1.2611, -0.1096 1.189 1.2239, -0.0777 1.189 1.3147, -0.091 1.189 1.2959, -0.1016 1.189 1.2689, -0.9221 1.189 1.1787, -0.9279 1.189 1.1633, -1.0008 1.189 1.2188, -1.0828 1.189 1.0581, -2.6969 1.189 -0.0394, -2.5787 1.189 0.9537, -2.6969 1.189 0.9537, -0.8707 1.189 1.2171, -0.89 1.189 1.2099, -1.0229 1.189 1.2187, -2.5787 1.189 1.2196, -1.0439 1.189 1.1022, -0.9773 1.189 1.1027, -1.06 1.189 1.0583, -0.9616 1.189 1.059, -0.7844 1.189 -0.0394, -0.9387 1.189 1.0591, -0.7995 1.189 1.0601, -0.8435 1.189 1.0598, -0.8706 1.189 1.0629, -0.9067 1.189 1.1983, -0.9123 1.189 1.1927, -0.9258 1.189 1.1124, -0.9299 1.189 1.1311, -0.9304 1.189 1.1413, -0.9178 1.189 1.0959, -0.9058 1.189 1.0818, -0.889 1.189 1.0699, -0.8006 1.189 1.2196, -0.8006 1.189 1.2203, -0.7844 1.189 1.2227, -0.8463 1.189 1.2199, -0.8496 1.189 1.2196, -2.5787 1.189 1.2227, -0.3294 1.189 1.2196, -0.3232 1.189 1.2196, -0.3231 1.189 1.2052, -0.2613 1.189 1.2057, -0.2609 1.189 1.1544, -0.3182 1.189 1.154, -0.318 1.189 1.1357, -0.2608 1.189 1.1361, -0.2604 1.189 1.0822, -0.3258 1.189 1.0817, -0.3257 1.189 1.0635, -0.3294 1.189 1.2689, -0.2405 1.189 1.2689, -0.2407 1.189 1.2242, -0.2405 1.189 1.2227, -0.2407 1.189 1.2227, -0.2405 1.189 1.2196, -0.2407 1.189 1.2196, -0.7844 1.189 1.4774, -0.8021 1.189 1.4743, -0.8242 1.189 1.4741, -0.74 1.189 1.3146, -0.74 1.189 1.3147, -0.7358 1.189 1.3147, -0.7844 1.189 1.4288, -0.7629 1.189 1.3147, -0.7628 1.189 1.3144, -0.7844 1.189 1.2689, -0.7358 1.189 1.2689, -0.7844 1.189 1.3147, -0.7844 1.189 1.3581, -0.7785 1.189 1.3581, -0.8452 1.189 1.3577, -0.8609 1.189 1.3147, -0.8612 1.189 1.3137, -0.8841 1.189 1.3136, -2.5787 1.189 1.2689, -0.8836 1.189 1.3147, -2.5787 1.189 1.3147, -2.5787 1.189 1.4774, -0.5706 1.189 1.3341, -0.5705 1.189 1.3158, -0.5857 1.189 1.3147, -0.547 1.189 1.3147, -0.5678 1.189 1.4575, -0.5857 1.189 1.4774, -0.568 1.189 1.476, -0.547 1.189 1.4774, -0.547 1.189 1.4761, -0.5628 1.189 1.388, -0.5629 1.189 1.4063, -0.547 1.189 1.4064, -0.5055 1.189 1.3884, -0.5051 1.189 1.3345, -0.547 1.189 1.3881, -0.547 1.189 1.3342, -0.547 1.189 1.4577, -0.506 1.189 1.458, -0.5057 1.189 1.4067, -0.4855 1.189 1.4766, -0.4742 1.189 1.4774, -0.4843 1.189 1.3164, -0.4383 1.189 1.4774, -0.4534 1.189 1.4729, -0.547 1.189 1.316, -0.4742 1.189 1.3147, -0.4532 1.189 1.4513, -0.4496 1.189 1.3219, -0.4324 1.189 1.3164, -0.4156 1.189 1.4611, -0.4082 1.189 1.4608, -0.3968 1.189 1.3342, -0.4111 1.189 1.3327, -0.4185 1.189 1.3329, -0.4515 1.189 1.4523, -0.4366 1.189 1.3361, -0.4525 1.189 1.3431, -0.4523 1.189 1.3233, -0.4353 1.189 1.4586, -0.3944 1.189 1.458, -0.3819 1.189 1.452, -0.3718 1.189 1.4436, -0.3744 1.189 1.3456, -0.3548 1.189 1.3886, -0.37 1.189 1.3498, -0.3574 1.189 1.3728, -0.3627 1.189 1.36, -0.3707 1.189 1.4424, -0.3629 1.189 1.4313, -0.3574 1.189 1.4175, -0.3546 1.189 1.3956, -0.3851 1.189 1.3384, -0.4365 1.189 1.478, -0.4742 1.189 1.5022, -0.4155 1.189 1.4797, -0.339 1.189 1.5022, -0.395 1.189 1.4774, -0.339 1.189 1.4774, -0.3448 1.189 1.4415, -0.3565 1.189 1.4566, -0.3605 1.189 1.4604, -0.3756 1.189 1.4707, -0.3924 1.189 1.4771, -0.3294 1.189 1.3147, -0.3371 1.189 1.4238, -0.339 1.189 1.4282, -0.3359 1.189 1.3685, -0.3329 1.189 1.3945, -0.3333 1.189 1.4029, -0.4015 1.189 1.3147, -0.3954 1.189 1.3151, -0.3786 1.189 1.3193, -0.3639 1.189 1.3271, -0.3531 1.189 1.3365, -0.3517 1.189 1.338, -0.413 1.189 1.3147, -0.4079 1.189 1.3143, -0.4742 1.189 1.2689, -0.339 1.189 1.2689, -0.2622 1.189 1.3362, -0.326 1.189 1.3358, -0.3258 1.189 1.3175, -0.2405 1.189 1.3147, -0.2414 1.189 1.3181, -0.2405 1.189 1.4774, 2.0834 1.189 2.5197, 2.0834 1.189 2.7165, 2.5787 1.189 1.5022, 2.3819 1.189 2.7165, 2.5787 1.189 2.5197, 2.572 1.189 2.5706, 2.4328 1.189 2.7098, 2.4803 1.189 2.6902, 2.5211 1.189 2.6589, 2.5524 1.189 2.6181, -0.3294 1.189 2.5197, -0.3294 1.189 1.5022, -0.2425 1.189 1.4783, -0.2425 1.189 1.4774, -2.3819 1.189 2.7165, -2.0834 1.189 2.7165, -2.0834 1.189 2.5197, -0.339 1.189 2.5197, -0.4742 1.189 2.5197, -0.547 1.189 2.5197, -0.547 1.189 1.5022, -0.5857 1.189 2.5197, -0.5857 1.189 1.5022, -0.6727 1.189 2.5197, -0.6727 1.189 1.5022, -0.7358 1.189 2.5197, -0.7358 1.189 1.5022, -0.7844 1.189 2.5197, -0.7844 1.189 1.5022, -2.5787 1.189 1.5022, -2.5787 1.189 2.5197, -2.572 1.189 2.5706, -2.5524 1.189 2.6181, -2.5211 1.189 2.6589, -2.4328 1.189 2.7098, -2.4803 1.189 2.6902, 2.6969 1.189 0.9537, 2.6969 1.189 -0.0394, 2.5787 1.189 0.9537, 2.5787 1.189 1.2196, 2.5787 1.189 1.2227, 2.5787 1.189 1.2689, 2.5787 1.189 1.3147, 2.5787 1.189 1.4774, -0.7271 1.189 1.3678, -0.7191 1.189 1.3513, -0.7311 1.189 1.3866, -0.6727 1.189 1.4774, -0.6727 1.189 1.4723, -0.7358 1.189 1.4774, -0.6912 1.189 1.4653, -0.7234 1.189 1.4341, -0.7292 1.189 1.4188, -0.7317 1.189 1.3968, -0.6727 1.189 1.3187, -0.6727 1.189 1.3147, -0.6902 1.189 1.3254, -0.7071 1.189 1.3373, -0.7079 1.189 1.4538, -0.7136 1.189 1.4482, -0.6475 1.189 1.4754, -0.672 1.189 1.4725, -0.6719 1.189 1.3184, -0.6448 1.189 1.3153, -0.6007 1.189 1.3156, -0.6019 1.189 1.4757, -0.4642 1.189 1.0872, -0.4373 1.189 1.1363, -0.464 1.189 1.0665, -0.4368 1.189 1.0627, -0.4067 1.189 1.0689, -0.3997 1.189 1.0644, -0.4168 1.189 1.0628, -0.3916 1.189 1.0615, -0.3812 1.189 1.0604, -0.472 1.189 1.0823, -0.4742 1.189 1.0815, -0.4742 1.189 1.124, -0.3536 1.189 1.118, -0.3599 1.189 1.1233, -0.3567 1.189 1.1501, -0.3686 1.189 1.1276, -0.3688 1.189 1.1579, -0.3833 1.189 1.131, -0.4011 1.189 1.1629, -0.3943 1.189 1.1637, -0.3813 1.189 1.1623, -0.3692 1.189 1.0619, -0.3615 1.189 1.0648, -0.339 1.189 -0.0394, -0.4359 1.189 1.1513, -0.4655 1.189 1.1382, -0.4169 1.189 1.1761, -0.4236 1.189 1.1722, -0.468 1.189 1.1596, -0.4288 1.189 1.1671, -0.4656 1.189 1.1532, -0.3485 1.189 1.078, -0.3461 1.189 1.0848, -0.3568 1.189 1.1696, -0.339 1.189 1.2196, -0.3611 1.189 1.172, -0.376 1.189 1.1777, -0.4329 1.189 1.1605, -0.4647 1.189 1.146, -0.3963 1.189 1.18, -0.4085 1.189 1.1788, -0.3548 1.189 1.0696, -0.3526 1.189 1.0719, -0.3451 1.189 1.094, -0.3294 1.189 -0.0394, -0.3452 1.189 1.0968, -0.3466 1.189 1.1053, -0.3495 1.189 1.1123, -0.4169 1.189 1.0805, -0.4163 1.189 1.0805, -0.4131 1.189 1.0756, -0.4735 1.189 1.1244, -0.4703 1.189 1.1279, -0.4677 1.189 1.1321, -0.4173 1.189 1.1355, -0.4166 1.189 1.1444, -0.4146 1.189 1.1516, -0.4123 1.189 1.1557, -0.4742 1.189 -0.0394, -0.4742 1.189 1.0627, -0.4093 1.189 1.159, -0.4057 1.189 1.1613, -0.5349 1.189 1.112, -0.5386 1.189 1.1065, -0.5364 1.189 1.1544, -0.4777 1.189 1.1703, -0.4841 1.189 1.174, -0.4742 1.189 1.2196, -0.5415 1.189 1.0931, -0.5404 1.189 1.085, -0.547 1.189 -0.0394, -0.4718 1.189 1.165, -0.4742 1.189 1.1672, -0.547 1.189 1.2196, -0.5365 1.189 1.1739, -0.4952 1.189 1.1778, -0.5095 1.189 1.1792, -0.5233 1.189 1.1779, -0.5379 1.189 1.0787, -0.5342 1.189 1.0734, -0.5284 1.189 1.0684, -0.5216 1.189 1.0646, -0.5104 1.189 1.061, -0.495 1.189 1.0596, -0.4764 1.189 1.0619, -0.5074 1.189 1.1629, -0.5015 1.189 1.1625, -0.4854 1.189 1.1477, -0.4961 1.189 1.1611, -0.4916 1.189 1.1588, -0.4856 1.189 1.145, -0.4863 1.189 1.1419, -0.4878 1.189 1.1392, -0.4897 1.189 1.137, -0.4967 1.189 1.1325, -0.5205 1.189 1.1613, -0.5091 1.189 1.127, -0.5318 1.189 1.1571, -0.5169 1.189 1.1238, -0.5301 1.189 1.1163, -0.4885 1.189 1.1561, -0.4868 1.189 1.1536, -0.4858 1.189 1.1509, -0.4845 1.189 1.0775, -0.4948 1.189 1.1126, -0.4829 1.189 1.1181, -0.4971 1.189 1.0759, -0.498 1.189 1.0759, -0.508 1.189 1.107, -0.5083 1.189 1.077, -0.5209 1.189 1.0913, -0.5207 1.189 1.0937, -0.5134 1.189 1.0789, -0.5153 1.189 1.08, -0.5176 1.189 1.082, -0.5194 1.189 1.0846, -0.5204 1.189 1.0874, -0.5198 1.189 1.0969, -0.5183 1.189 1.0996, -0.5158 1.189 1.1022, -0.5857 1.189 1.1445, -0.6042 1.189 1.0899, -0.6096 1.189 1.0897, -0.5857 1.189 1.2196, -0.6415 1.189 1.1756, -0.6727 1.189 1.2196, -0.6623 1.189 1.1755, -0.6727 1.189 -0.0394, -0.6094 1.189 1.0442, -0.6002 1.189 1.0266, -0.5928 1.189 1.0178, -0.5857 1.189 -0.0394, -0.6066 1.189 1.0805, -0.6071 1.189 1.0805, -0.6081 1.189 1.0844, -0.5554 1.189 1.0096, -0.5556 1.189 1.0275, -0.5749 1.189 1.1761, -0.5525 1.189 1.1763, -0.5407 1.189 1.1006, -0.5915 1.189 1.0166, -0.5857 1.189 1.0126, -0.5844 1.189 1.0117, -0.5857 1.189 1.0901, -0.5798 1.189 1.0297, -0.5836 1.189 1.0338, -0.5765 1.189 1.0088, -0.5684 1.189 1.0079, -0.5639 1.189 1.0081, -0.5597 1.189 1.0261, -0.5669 1.189 1.0251, -0.5719 1.189 1.0256, -0.5763 1.189 1.0273, -0.5857 1.189 1.0376, -0.5876 1.189 1.0411, -0.5965 1.189 1.0618, -0.7667 1.189 1.2205, -0.7667 1.189 1.2196, -0.7844 1.189 1.2196, -0.7666 1.189 1.2021, -0.7615 1.189 1.1325, -0.7617 1.189 1.1509, -0.7358 1.189 1.1511, -0.7043 1.189 1.1329, -0.7039 1.189 1.0791, -0.7358 1.189 1.1327, -0.7358 1.189 1.0788, -0.7693 1.189 1.0786, -0.7692 1.189 1.0603, -0.7358 1.189 1.2023, -0.7048 1.189 1.2025, -0.7044 1.189 1.1513, -0.7358 1.189 1.2227, -0.7358 1.189 1.2207, -0.6842 1.189 1.2211, -0.6727 1.189 1.2227, -0.6842 1.189 1.2196, -0.7358 1.189 -0.0394, -0.7358 1.189 1.0606, -0.6831 1.189 1.061, -0.6727 1.189 1.2689, -0.5857 1.189 1.2689, -0.547 1.189 1.2689, -0.2405 1.189 1.1911, -0.2396 1.189 1.0641, -0.2405 1.189 1.0641, -0.2405 1.189 -0.0394, -0.5857 1.189 1.2227, -0.547 1.189 1.2227, -0.4742 1.189 1.2227, -0.339 1.189 1.2227
            ]
        }
        coordIndex [
            0,1,2,-1,3,4,5,-1,6,7,8,-1,9,10,11,-1,12,13,14,-1,15,16,17,-1,17,16,18,-1,17,19,20,-1,20,21,17,-1,17,21,22,-1,17,22,15,-1,23,24,25,-1,25,24,26,-1,25,26,17,-1,17,26,27,-1,17,27,19,-1,28,29,30,-1,30,29,31,-1,30,31,32,-1,30,33,28,-1,28,33,34,-1,28,34,35,-1,36,37,31,-1,31,37,38,-1,31,38,32,-1,36,39,37,-1,37,39,40,-1,37,40,41,-1,41,40,42,-1,41,42,43,-1,44,45,36,-1,36,45,46,-1,36,46,39,-1,47,48,49,-1,49,50,47,-1,47,50,51,-1,47,51,36,-1,36,51,52,-1,36,52,44,-1,53,54,55,-1,55,54,56,-1,55,56,48,-1,48,56,57,-1,48,57,49,-1,58,59,60,-1,61,62,63,-1,58,60,64,-1,65,66,53,-1,53,66,67,-1,53,67,54,-1,59,68,60,-1,60,68,69,-1,60,69,70,-1,71,72,73,-1,73,72,74,-1,73,74,60,-1,60,74,75,-1,60,75,64,-1,76,77,78,-1,78,77,79,-1,78,79,80,-1,80,81,78,-1,78,81,82,-1,78,82,83,-1,83,82,71,-1,83,71,84,-1,84,71,73,-1,85,86,87,-1,88,89,63,-1,63,89,90,-1,63,90,91,-1,92,93,60,-1,60,93,94,-1,60,94,95,-1,96,97,87,-1,91,98,63,-1,63,98,99,-1,63,99,61,-1,70,100,60,-1,60,100,101,-1,60,101,102,-1,102,103,60,-1,60,103,104,-1,60,104,92,-1,86,105,87,-1,87,105,106,-1,87,106,107,-1,96,87,108,-1,108,87,107,-1,108,107,78,-1,78,107,109,-1,78,109,76,-1,97,110,87,-1,87,110,111,-1,87,111,63,-1,63,111,112,-1,63,112,88,-1,94,113,95,-1,95,113,114,-1,95,114,115,-1,115,114,116,-1,117,14,118,-1,118,14,119,-1,118,119,120,-1,120,119,121,-1,116,122,115,-1,115,122,123,-1,115,123,119,-1,119,123,124,-1,119,124,121,-1,12,125,13,-1,13,125,126,-1,13,126,127,-1,128,129,130,-1,130,129,131,-1,130,131,117,-1,117,131,132,-1,117,132,14,-1,14,132,133,-1,14,133,12,-1,134,135,130,-1,130,135,136,-1,130,136,128,-1,134,137,135,-1,135,137,138,-1,135,138,139,-1,140,141,142,-1,142,121,140,-1,140,121,124,-1,140,124,143,-1,143,124,144,-1,144,145,143,-1,143,145,146,-1,143,146,147,-1,148,149,150,-1,149,151,150,-1,150,151,152,-1,150,152,153,-1,154,150,155,-1,141,140,154,-1,154,140,156,-1,154,156,150,-1,150,156,157,-1,150,157,148,-1,155,158,154,-1,154,158,159,-1,154,159,160,-1,153,152,161,-1,161,152,162,-1,161,162,163,-1,163,162,164,-1,163,164,165,-1,166,167,160,-1,160,167,168,-1,160,168,154,-1,85,87,169,-1,169,87,170,-1,169,170,171,-1,171,170,172,-1,171,172,173,-1,174,175,172,-1,172,175,176,-1,172,176,173,-1,16,177,18,-1,18,177,178,-1,18,178,174,-1,174,178,179,-1,174,179,175,-1,180,181,182,-1,183,184,185,-1,185,184,186,-1,187,188,182,-1,183,185,189,-1,189,185,190,-1,189,190,182,-1,191,192,193,-1,193,192,194,-1,183,193,184,-1,184,193,194,-1,184,194,195,-1,195,194,196,-1,197,195,198,-1,198,195,199,-1,188,200,182,-1,182,200,201,-1,182,201,180,-1,202,196,203,-1,203,196,182,-1,203,182,204,-1,204,182,181,-1,202,205,196,-1,196,205,206,-1,196,206,195,-1,195,206,207,-1,195,207,199,-1,208,209,210,-1,210,209,211,-1,187,182,212,-1,212,182,190,-1,212,190,211,-1,211,190,213,-1,211,213,210,-1,214,215,216,-1,217,218,216,-1,216,218,219,-1,216,219,214,-1,214,219,220,-1,221,222,220,-1,220,222,223,-1,220,223,214,-1,214,223,224,-1,225,226,227,-1,227,226,228,-1,227,228,229,-1,229,228,230,-1,229,230,231,-1,232,233,234,-1,235,236,237,-1,237,236,238,-1,239,240,241,-1,241,240,242,-1,241,243,239,-1,239,243,244,-1,239,244,245,-1,246,244,247,-1,247,244,243,-1,247,243,248,-1,248,243,241,-1,248,241,249,-1,249,241,250,-1,249,250,251,-1,251,250,252,-1,251,252,234,-1,234,252,253,-1,234,253,232,-1,254,255,256,-1,256,255,257,-1,258,259,260,-1,260,259,261,-1,260,261,262,-1,263,259,264,-1,264,259,258,-1,264,258,265,-1,266,267,268,-1,268,267,269,-1,268,269,263,-1,263,269,254,-1,263,254,259,-1,259,254,256,-1,258,270,265,-1,265,270,271,-1,265,271,272,-1,262,261,273,-1,273,261,274,-1,273,274,275,-1,274,276,277,-1,255,278,257,-1,257,278,275,-1,257,275,279,-1,279,275,274,-1,279,274,280,-1,280,274,277,-1,281,282,279,-1,283,284,285,-1,286,287,288,-1,288,287,289,-1,288,289,280,-1,280,289,290,-1,280,290,279,-1,279,290,291,-1,279,291,281,-1,286,288,285,-1,285,288,292,-1,285,292,283,-1,284,293,285,-1,285,293,294,-1,285,294,295,-1,296,297,298,-1,298,297,299,-1,298,299,300,-1,295,301,285,-1,285,301,302,-1,285,302,303,-1,303,304,285,-1,285,304,297,-1,285,297,305,-1,305,297,296,-1,306,307,308,-1,308,307,309,-1,308,309,310,-1,311,312,313,-1,313,314,311,-1,311,314,315,-1,311,315,316,-1,8,7,317,-1,5,318,311,-1,311,318,319,-1,311,319,312,-1,7,320,317,-1,317,320,321,-1,317,321,5,-1,5,321,322,-1,5,322,318,-1,323,324,8,-1,8,324,325,-1,8,325,326,-1,326,327,8,-1,8,327,328,-1,8,328,6,-1,329,330,331,-1,331,330,332,-1,4,333,5,-1,5,333,334,-1,5,334,317,-1,317,334,335,-1,317,335,336,-1,336,335,337,-1,336,337,338,-1,339,340,341,-1,341,340,342,-1,341,342,343,-1,343,342,344,-1,345,346,347,-1,345,347,342,-1,342,347,348,-1,342,348,344,-1,34,23,35,-1,35,23,25,-1,35,25,1,-1,349,0,350,-1,350,0,2,-1,350,2,351,-1,351,2,338,-1,351,338,352,-1,352,338,337,-1,353,354,355,-1,349,350,356,-1,356,350,309,-1,356,309,357,-1,357,309,307,-1,357,307,358,-1,358,307,359,-1,358,359,360,-1,360,359,361,-1,360,361,362,-1,362,361,363,-1,362,363,364,-1,364,363,365,-1,364,365,366,-1,366,365,367,-1,366,367,355,-1,355,367,368,-1,355,368,353,-1,353,368,369,-1,353,369,370,-1,370,371,353,-1,353,371,372,-1,353,372,373,-1,373,372,374,-1,375,376,377,-1,377,376,63,-1,377,63,378,-1,62,65,63,-1,63,65,53,-1,63,53,378,-1,378,53,55,-1,378,55,379,-1,379,55,48,-1,379,48,380,-1,380,48,47,-1,380,47,381,-1,381,47,36,-1,381,36,382,-1,382,36,31,-1,382,31,341,-1,341,31,29,-1,341,29,339,-1,383,384,237,-1,383,237,385,-1,386,387,388,-1,388,387,389,-1,390,391,388,-1,388,391,392,-1,393,394,395,-1,395,394,237,-1,395,237,396,-1,396,237,384,-1,389,397,388,-1,388,397,398,-1,388,398,390,-1,233,232,238,-1,238,232,388,-1,238,388,237,-1,237,388,392,-1,237,392,385,-1,259,399,386,-1,386,399,400,-1,386,400,387,-1,393,401,394,-1,394,401,402,-1,394,402,256,-1,256,402,403,-1,256,403,259,-1,259,403,404,-1,259,404,399,-1,405,406,407,-1,407,406,408,-1,409,410,411,-1,411,410,412,-1,411,412,413,-1,414,415,416,-1,417,418,419,-1,419,418,420,-1,419,420,421,-1,421,420,422,-1,423,424,422,-1,422,424,425,-1,422,425,421,-1,426,427,428,-1,429,406,430,-1,431,432,433,-1,433,432,434,-1,433,434,435,-1,426,428,413,-1,428,436,437,-1,419,438,439,-1,439,438,440,-1,439,440,441,-1,414,416,405,-1,434,442,435,-1,435,442,429,-1,435,429,443,-1,443,429,430,-1,441,444,439,-1,439,444,445,-1,439,445,431,-1,427,446,428,-1,428,446,447,-1,428,447,436,-1,437,448,428,-1,428,448,439,-1,428,439,449,-1,448,450,439,-1,439,450,451,-1,439,451,419,-1,419,451,452,-1,419,452,417,-1,453,454,411,-1,411,454,455,-1,411,455,409,-1,416,456,405,-1,405,456,457,-1,405,457,406,-1,406,457,458,-1,406,458,430,-1,459,460,422,-1,422,460,461,-1,422,461,462,-1,413,428,411,-1,411,428,463,-1,411,463,408,-1,408,463,464,-1,408,464,407,-1,462,465,422,-1,422,465,466,-1,422,466,423,-1,467,468,469,-1,470,471,472,-1,473,474,475,-1,431,433,439,-1,439,433,476,-1,439,476,472,-1,472,476,477,-1,472,477,470,-1,478,479,469,-1,471,480,472,-1,472,480,481,-1,472,481,478,-1,478,481,482,-1,478,482,479,-1,475,474,463,-1,463,474,483,-1,463,483,484,-1,484,485,463,-1,463,485,486,-1,463,486,487,-1,487,488,463,-1,463,488,489,-1,463,489,464,-1,490,491,492,-1,492,491,493,-1,492,493,494,-1,492,495,490,-1,490,495,496,-1,490,496,497,-1,497,498,490,-1,490,498,499,-1,490,499,500,-1,500,499,501,-1,500,501,502,-1,502,501,503,-1,502,503,469,-1,469,503,504,-1,469,504,467,-1,505,506,494,-1,494,506,507,-1,494,507,492,-1,508,509,415,-1,415,509,510,-1,415,510,416,-1,508,511,509,-1,509,511,512,-1,509,512,513,-1,513,512,514,-1,513,515,516,-1,514,517,513,-1,513,517,518,-1,513,518,519,-1,519,520,513,-1,513,520,521,-1,513,521,515,-1,516,522,513,-1,513,522,523,-1,513,523,524,-1,525,526,527,-1,528,529,530,-1,530,529,531,-1,530,531,532,-1,532,531,533,-1,533,534,532,-1,532,534,535,-1,532,535,536,-1,537,538,526,-1,526,538,539,-1,526,539,527,-1,540,541,478,-1,527,529,525,-1,525,529,528,-1,525,528,542,-1,542,528,543,-1,468,544,469,-1,469,544,473,-1,469,473,478,-1,478,473,475,-1,478,475,540,-1,535,545,536,-1,536,545,546,-1,536,546,547,-1,548,549,550,-1,547,551,536,-1,536,551,552,-1,536,552,475,-1,475,552,553,-1,475,553,540,-1,528,478,543,-1,543,478,541,-1,543,541,548,-1,548,541,554,-1,548,554,555,-1,555,556,548,-1,548,556,557,-1,548,557,549,-1,550,558,548,-1,548,558,559,-1,548,559,560,-1,561,562,563,-1,563,562,564,-1,565,563,566,-1,566,563,564,-1,566,564,567,-1,568,569,570,-1,570,569,571,-1,570,571,565,-1,565,571,572,-1,565,572,563,-1,563,572,573,-1,564,574,567,-1,567,574,575,-1,567,575,576,-1,197,208,563,-1,563,208,210,-1,563,210,561,-1,561,210,577,-1,561,577,578,-1,578,577,579,-1,579,577,580,-1,579,580,581,-1,197,563,195,-1,195,563,573,-1,195,573,582,-1,582,573,583,-1,582,583,532,-1,532,583,584,-1,532,584,530,-1,240,235,242,-1,242,235,237,-1,242,237,585,-1,585,237,394,-1,585,394,586,-1,586,394,256,-1,586,256,587,-1,587,256,257,-1,587,257,331,-1,331,257,279,-1,331,279,329,-1,329,279,282,-1,253,368,232,-1,232,368,367,-1,232,367,388,-1,388,367,365,-1,388,365,386,-1,386,365,363,-1,386,363,259,-1,259,363,361,-1,259,361,261,-1,261,361,359,-1,261,359,274,-1,274,359,307,-1,274,307,276,-1,276,307,306,-1,588,170,589,-1,589,170,87,-1,589,87,590,-1,590,87,591,-1,590,591,224,-1,224,591,449,-1,224,449,214,-1,214,449,439,-1,584,581,530,-1,530,581,580,-1,530,580,528,-1,528,580,592,-1,528,592,478,-1,478,592,593,-1,478,593,472,-1,472,593,594,-1,472,594,439,-1,439,594,595,-1,439,595,214,-1,214,595,11,-1,214,11,215,-1,215,11,10,-1,213,250,210,-1,210,250,241,-1,210,241,577,-1,577,241,242,-1,577,242,580,-1,580,242,585,-1,580,585,592,-1,592,585,586,-1,592,586,593,-1,593,586,587,-1,593,587,594,-1,594,587,331,-1,594,331,595,-1,595,331,332,-1,595,332,11,-1,11,332,225,-1,11,225,9,-1,9,225,227,-1,316,310,311,-1,311,310,309,-1,311,309,5,-1,5,309,350,-1,5,350,3,-1,3,350,351,-1,330,323,332,-1,332,323,8,-1,332,8,225,-1,225,8,317,-1,225,317,226,-1,226,317,336,-1,1,25,2,-1,2,25,17,-1,2,17,338,-1,338,17,18,-1,338,18,336,-1,336,18,174,-1,336,174,226,-1,226,174,172,-1,226,172,228,-1,228,172,170,-1,228,170,230,-1,230,170,588,-1,230,588,231,-1,
        ]
    }
}
Shape{
    appearance Appearance {
        material  Material 	{
            diffuseColor 0.2235294117647059 0.2235294117647059 0.2235294117647059
            specularColor 0.11372549019607843 0.11372549019607843 0.11372549019607843
            ambientIntensity 0.2235
            transparency 0.0
            shininess 0.5
        }
    }
    geometry IndexedFaceSet {
        ccw TRUE
        solid FALSE
        coord DEF co Coordinate {
            point [
                2.4606 -0.9469 -0.0394, 1.4764 -0.9469 -0.0394, 2.4606 -0.1103 -0.0394, 1.4764 0.4222 -0.0394, -2.6969 -0.1103 -0.0394, -2.6969 0.4222 -0.0394, -2.4606 -0.1103 -0.0394, -2.1801 0.4222 -0.0394, -2.4606 -0.9469 -0.0394, 1.4764 1.189 -0.0394, 2.6969 1.189 -0.0394, 1.6634 0.7775 -0.0394, 1.4862 0.7775 -0.0394, 1.4862 0.6594 -0.0394, 1.6634 0.6594 -0.0394, 2.6969 0.4222 -0.0394, 2.6969 -0.1103 -0.0394, 1.0827 1.189 -0.0394, 1.0827 0.4222 -0.0394, 1.2894 0.185 -0.0394, 1.4665 0.185 -0.0394, 1.4665 0.0669 -0.0394, 1.2894 0.0669 -0.0394, 1.0827 -0.9469 -0.0394, 0.5906 1.189 -0.0394, 0.876 0.7775 -0.0394, 0.876 0.6594 -0.0394, 0.6988 0.6594 -0.0394, 0.5906 0.4222 -0.0394, 0.6988 0.7775 -0.0394, 0.5906 -0.9469 -0.0394, 0.3051 0.185 -0.0394, 0.1969 0.4222 -0.0394, 0.4823 0.185 -0.0394, 0.4823 0.0669 -0.0394, 0.3051 0.0669 -0.0394, 0.1969 -0.9469 -0.0394, -0.1969 1.189 -0.0394, 0.1969 1.189 -0.0394, 0.0886 0.7775 -0.0394, 0.0886 0.6594 -0.0394, -0.0886 0.6594 -0.0394, -0.1969 0.4222 -0.0394, -0.0886 0.7775 -0.0394, -0.1969 -0.9469 -0.0394, -0.4823 0.185 -0.0394, -0.5906 0.4222 -0.0394, -0.3051 0.185 -0.0394, -0.3051 0.0669 -0.0394, -0.4823 0.0669 -0.0394, -0.5906 -0.9469 -0.0394, -1.0827 1.189 -0.0394, -0.5906 1.189 -0.0394, -0.6988 0.7775 -0.0394, -0.6988 0.6594 -0.0394, -0.876 0.6594 -0.0394, -1.0827 0.4222 -0.0394, -0.876 0.7775 -0.0394, -1.0827 -0.9469 -0.0394, -1.4665 0.185 -0.0394, -1.4764 0.4222 -0.0394, -1.2894 0.185 -0.0394, -1.2894 0.0669 -0.0394, -1.4665 0.0669 -0.0394, -1.4764 -0.9469 -0.0394, -2.1801 1.189 -0.0394, -1.4764 1.189 -0.0394, -1.4862 0.7775 -0.0394, -1.4862 0.6594 -0.0394, -1.6634 0.6594 -0.0394, -1.6634 0.7775 -0.0394, -2.1801 -0.9469 -0.0394, 2.4606 -1.9606 -0.0394, 1.4764 -1.9606 -0.0394, 1.0827 -1.9606 -0.0394, 0.5906 -1.9606 -0.0394, 0.1969 -1.9606 -0.0394, -0.1969 -1.9606 -0.0394, -0.5906 -1.9606 -0.0394, -1.0827 -1.9606 -0.0394, -1.4764 -1.9606 -0.0394, -2.1801 -1.9606 -0.0394, -2.4606 -1.9606 -0.0394, -2.6969 1.189 -0.0394
            ]
        }
        coordIndex [
            0,1,2,-1,2,1,3,-1,4,5,6,-1,6,5,7,-1,6,7,8,-1,9,10,11,-1,12,13,3,-1,3,13,14,-1,11,10,14,-1,14,10,15,-1,14,15,3,-1,3,15,16,-1,3,16,2,-1,11,12,9,-1,9,12,3,-1,9,3,17,-1,17,3,18,-1,19,18,20,-1,20,18,3,-1,20,3,21,-1,21,3,1,-1,21,1,22,-1,22,1,23,-1,24,17,25,-1,25,17,26,-1,26,17,18,-1,26,18,27,-1,27,18,28,-1,27,28,29,-1,19,22,18,-1,18,22,23,-1,18,23,28,-1,28,23,30,-1,31,32,33,-1,33,32,28,-1,33,28,34,-1,34,28,30,-1,34,30,35,-1,35,30,36,-1,37,38,39,-1,40,32,41,-1,41,32,42,-1,41,42,43,-1,25,29,24,-1,24,29,28,-1,24,28,38,-1,38,28,32,-1,38,32,39,-1,39,32,40,-1,31,35,32,-1,32,35,36,-1,32,36,42,-1,42,36,44,-1,45,46,47,-1,47,46,42,-1,47,42,48,-1,48,42,44,-1,48,44,49,-1,49,44,50,-1,51,52,53,-1,54,46,55,-1,55,46,56,-1,55,56,57,-1,39,43,37,-1,37,43,42,-1,37,42,52,-1,52,42,46,-1,52,46,53,-1,53,46,54,-1,45,49,46,-1,46,49,50,-1,46,50,56,-1,56,50,58,-1,59,60,61,-1,61,60,56,-1,61,56,62,-1,62,56,58,-1,62,58,63,-1,63,58,64,-1,65,66,67,-1,68,60,69,-1,69,60,7,-1,69,7,70,-1,53,57,51,-1,51,57,56,-1,51,56,66,-1,66,56,60,-1,66,60,67,-1,67,60,68,-1,59,63,60,-1,60,63,64,-1,60,64,7,-1,7,64,71,-1,7,71,8,-1,0,72,1,-1,1,72,73,-1,1,73,23,-1,23,73,74,-1,23,74,30,-1,30,74,75,-1,30,75,36,-1,36,75,76,-1,36,76,44,-1,44,76,77,-1,44,77,50,-1,50,77,78,-1,50,78,58,-1,58,78,79,-1,58,79,64,-1,64,79,80,-1,64,80,71,-1,71,80,81,-1,71,81,8,-1,8,81,82,-1,67,70,65,-1,65,70,7,-1,65,7,83,-1,83,7,5,-1,
        ]
    }
}
Shape{
    appearance Appearance {
        material  Material 	{
            diffuseColor 0.6470588235294118 0.6196078431372549 0.5882352941176471
            specularColor 0.45098039215686275 0.43529411764705883 0.4117647058823529
            ambientIntensity 0.6242
            transparency 0.0
            shininess 0.5
        }
    }
    geometry IndexedFaceSet {
        ccw TRUE
        solid FALSE
        coord DEF co Coordinate {
            point [
                -2.3228 -0.1103 0.1614, -2.3031 -1.9606 0.1614, -2.3031 1.0039 0.1614, 2.3031 -1.9606 0.1614, 2.3228 -0.1103 0.1614, 2.3031 1.0039 0.1614, 2.3228 1.0236 0.1614, -2.3228 1.0236 0.1614, -2.4606 -1.9606 0.1614, -2.4606 -1.0981 0.1614, -2.4606 -0.3192 0.1614, -2.4409 -0.1103 0.1614, -2.4606 -0.1103 0.1614, -2.4409 1.0236 0.1614, -2.4606 1.0236 0.1614, 2.4606 1.0236 0.1614, 2.4409 1.0236 0.1614, 2.4606 -0.1103 0.1614, 2.4409 -0.1103 0.1614, 2.4606 -0.3192 0.1614, 2.4606 -1.0981 0.1614, 2.4606 -1.9606 0.1614
            ]
        }
        coordIndex [
            0,1,2,-1,3,4,5,-1,5,4,6,-1,5,6,2,-1,2,6,7,-1,2,7,0,-1,8,1,9,-1,9,1,0,-1,9,0,10,-1,10,0,11,-1,10,11,12,-1,12,11,13,-1,12,13,14,-1,15,16,17,-1,17,16,18,-1,17,18,19,-1,19,18,4,-1,19,4,20,-1,20,4,3,-1,20,3,21,-1,
        ]
    }
}
Shape{
    appearance Appearance {
        material  Material 	{
            diffuseColor 0.2235294117647059 0.2235294117647059 0.2235294117647059
            specularColor 0.11372549019607843 0.11372549019607843 0.11372549019607843
            ambientIntensity 0.2235
            transparency 0.0
            shininess 0.5
        }
    }
    geometry IndexedFaceSet {
        ccw TRUE
        solid FALSE
        coord DEF co Coordinate {
            point [
                -2.4606 -1.9606 0.1614, -2.4606 -1.9606 -0.0394, -2.3031 -1.9606 0.1614, -2.1801 -1.9606 -0.0394, -2.3031 -1.9606 0.4646, -1.4764 -1.9606 -0.0394, -1.0827 -1.9606 -0.0394, -0.5906 -1.9606 -0.0394, -0.1969 -1.9606 -0.0394, 2.3031 -1.9606 0.4646, 0.1969 -1.9606 -0.0394, 0.5906 -1.9606 -0.0394, 1.0827 -1.9606 -0.0394, 1.4764 -1.9606 -0.0394, 2.3031 -1.9606 0.1614, 2.4606 -1.9606 -0.0394, 2.4606 -1.9606 0.1614
            ]
        }
        coordIndex [
            0,1,2,-1,2,1,3,-1,2,3,4,-1,4,3,5,-1,4,5,6,-1,6,7,4,-1,4,7,8,-1,4,8,9,-1,9,8,10,-1,9,10,11,-1,11,12,9,-1,9,12,13,-1,9,13,14,-1,14,13,15,-1,14,15,16,-1,
        ]
    }
}
Shape{
    appearance Appearance {
        material  Material 	{
            diffuseColor 0.6470588235294118 0.6196078431372549 0.5882352941176471
            specularColor 0.45098039215686275 0.43529411764705883 0.4117647058823529
            ambientIntensity 0.6242
            transparency 0.0
            shininess 0.5
        }
    }
    geometry IndexedFaceSet {
        ccw TRUE
        solid FALSE
        coord DEF co Coordinate {
            point [
                -2.5787 -1.2599 0.7087, -2.5787 -1.2599 0.7008, -2.5787 -5.0394 0.7008, -2.5787 0.9527 0.9537, -2.5787 -0.1103 0.9537, -2.5787 -2.3622 2.079, -2.5787 -2.3622 1.1021, -2.5787 -1.2044 0.7809, -2.5787 -1.2225 0.7734, -2.5787 -1.1128 0.728, -2.5787 -1.1203 0.7461, -2.5787 -1.238 0.7616, -2.5787 -1.2498 0.7461, -2.5787 -1.2573 0.728, -2.5787 -4.5251 1.2751, -2.5787 -5.0394 0.748, -2.5787 -4.5276 1.2948, -2.5787 -5.1103 0.748, -2.5787 -4.5276 1.8863, -2.5787 -5.1103 2.4331, -2.5787 -4.5251 1.906, -2.5787 -5.0394 2.4331, -2.5787 -4.5177 1.9244, -2.5787 -4.4531 1.9649, -2.5787 -4.4726 1.9614, -2.5787 -5.0394 2.5197, -2.5787 -4.4907 1.953, -2.5787 -4.506 1.9404, -2.5787 -0.1234 0.498, -2.5787 -0.1136 0.4743, -2.5787 -0.1103 0.4488, -2.5787 -2.3622 1.2598, -2.5787 -1.1657 0.7809, -2.5787 -1.1851 0.7835, -2.5787 -0.2783 0.5184, -2.5787 -0.2939 0.498, -2.5787 -1.1322 0.7616, -2.5787 -1.1477 0.7734, -2.5787 -2.3622 1.9213, -2.5787 -4.5177 1.2567, -2.5787 -4.506 1.2407, -2.5787 -4.4907 1.2281, -2.5787 -4.4726 1.2198, -2.5787 0.9527 2.5197, -2.5787 -1.1103 0.7087, -2.5787 -0.1391 0.5184, -2.5787 -0.1595 0.5341, -2.5787 -0.1832 0.5439, -2.5787 -0.2087 0.5472, -2.5787 -0.2342 0.5439, -2.5787 -0.2579 0.5341, -2.5787 -4.4531 1.2162, -2.5787 -0.3272 0.1024, -2.5787 -1.0902 0.1024, -2.5787 -0.3071 0.252, -2.5787 -1.1103 0.252, -2.5787 -0.3071 0.4488, -2.5787 -0.3038 0.4743, 2.9376 -0.9779 -0.736, 2.6307 -0.8874 -1.4116, 2.7604 -0.8874 -1.4116, 2.7603 -1.0232 -0.3976, 2.9055 -1.003 -0.5486, 3.026 -1.0078 -0.5117, 2.932 -0.9982 -0.5841, 3.0501 -1.0015 -0.5587, 2.9465 -0.9935 -0.6191, 3.0662 -0.9941 -0.6142, 3.0709 -0.9873 -0.666, 2.7629 -1.0232 -0.3976, 2.9936 -1.0135 -0.4699, 2.5843 -1.0486 -0.2085, 2.6701 -1.0594 -0.1274, 2.5386 -1.0562 -0.1517, 2.635 -1.0654 -0.0827, 2.5366 -1.0567 -0.1481, 2.6323 -1.0659 -0.0793, 2.5034 -1.0645 -0.0897, 2.6039 -1.0732 -0.025, 2.4934 -1.0678 -0.0646, 2.6027 -1.0737 -0.0212, 2.4834 -1.0712 -0.0394, 2.5858 -1.081 0.0336, 2.4672 -1.0799 0.0256, 2.5843 -1.0826 0.0457, 2.4606 -1.0902 0.1024, 2.5789 -1.0887 0.0912, 2.5787 -1.0902 0.1024, 2.4606 -1.0981 0.1614, 2.5787 -1.1103 0.252, 2.4606 -1.1103 0.252, 2.9528 -0.988 -0.6606, 2.9529 -0.9873 -0.666, 3.0658 -0.9801 -0.7197, 2.9483 -0.982 -0.7053, 3.0504 -0.973 -0.7724, 3.0451 -0.9713 -0.7848, 2.9376 -0.4395 -0.736, 2.9475 -0.4356 -0.7076, 3.0652 -0.4377 -0.7228, 3.0709 -0.4301 -0.666, 2.6032 -0.3437 -0.021, 2.607 -0.3452 -0.0323, 2.5041 -0.3531 -0.0914, 2.7603 -0.3941 -0.3976, 2.7629 -0.3941 -0.3976, 2.9055 -0.4144 -0.5486, 3.0279 -0.4098 -0.5148, 2.9292 -0.4186 -0.5799, 2.9462 -0.4239 -0.6194, 2.7276 -0.5397 -1.4839, 2.5978 -0.5397 -1.4839, 3.0451 -0.446 -0.7848, 3.0487 -0.4449 -0.7768, 2.9529 -0.4301 -0.666, 2.9527 -0.4296 -0.6621, 3.0675 -0.4241 -0.6214, 3.053 -0.4167 -0.5662, 2.4606 -0.3071 0.252, 2.5787 -0.3071 0.252, 2.4606 -0.3192 0.1614, 2.5787 -0.3272 0.1024, 2.4606 -0.3272 0.1024, 2.5366 -0.3607 -0.1481, 2.6318 -0.3514 -0.0784, 2.5393 -0.3613 -0.1528, 2.635 -0.3519 -0.0826, 2.5843 -0.3688 -0.2085, 2.6701 -0.3579 -0.1274, 2.9936 -0.4038 -0.4699, 2.5792 -0.3296 0.0842, 2.585 -0.3347 0.0459, 2.4672 -0.3374 0.0256, 2.5886 -0.3379 0.0218, 2.4834 -0.3461 -0.0394, 2.4934 -0.3495 -0.0646
            ]
        }
        coordIndex [
            0,1,2,-1,3,4,5,-1,6,7,8,-1,4,9,10,-1,8,11,6,-1,6,11,12,-1,6,12,13,-1,14,15,16,-1,16,15,17,-1,16,17,18,-1,18,17,19,-1,18,19,20,-1,20,19,21,-1,20,21,22,-1,23,24,25,-1,25,24,26,-1,25,26,21,-1,21,26,27,-1,21,27,22,-1,28,4,29,-1,29,4,30,-1,31,32,6,-1,6,32,33,-1,6,33,7,-1,34,35,9,-1,10,36,4,-1,4,36,37,-1,4,37,5,-1,5,37,32,-1,5,32,38,-1,38,32,31,-1,14,39,15,-1,15,39,40,-1,15,40,2,-1,2,40,41,-1,2,41,42,-1,23,25,5,-1,5,25,43,-1,5,43,3,-1,9,35,44,-1,28,45,4,-1,4,45,46,-1,4,46,47,-1,47,48,4,-1,4,48,49,-1,4,49,9,-1,9,49,50,-1,9,50,34,-1,13,0,6,-1,6,0,2,-1,6,2,51,-1,51,2,42,-1,52,53,54,-1,54,53,55,-1,54,55,56,-1,56,55,44,-1,56,44,57,-1,57,44,35,-1,58,59,60,-1,61,62,63,-1,63,62,64,-1,63,64,65,-1,65,64,66,-1,65,66,67,-1,67,66,68,-1,61,63,69,-1,69,63,70,-1,69,70,71,-1,71,70,72,-1,71,72,73,-1,73,72,74,-1,73,74,75,-1,75,74,76,-1,75,76,77,-1,77,76,78,-1,77,78,79,-1,79,78,80,-1,79,80,81,-1,81,80,82,-1,81,82,83,-1,83,82,84,-1,83,84,85,-1,84,86,85,-1,85,86,87,-1,85,87,88,-1,88,87,89,-1,88,89,90,-1,66,91,68,-1,68,91,92,-1,68,92,93,-1,93,92,94,-1,93,94,95,-1,95,94,58,-1,95,58,96,-1,96,58,60,-1,97,98,99,-1,99,98,100,-1,101,102,103,-1,104,105,106,-1,106,105,107,-1,106,107,108,-1,108,107,109,-1,110,111,112,-1,112,111,97,-1,112,97,113,-1,113,97,99,-1,98,114,100,-1,100,114,115,-1,100,115,116,-1,116,115,109,-1,116,109,117,-1,117,109,107,-1,118,119,120,-1,120,119,121,-1,120,121,122,-1,103,102,123,-1,123,102,124,-1,123,124,125,-1,125,124,126,-1,125,126,127,-1,127,126,128,-1,127,128,105,-1,105,128,129,-1,105,129,107,-1,121,130,122,-1,122,130,131,-1,122,131,132,-1,132,131,133,-1,132,133,134,-1,134,133,101,-1,134,101,135,-1,135,101,103,-1,
        ]
    }
}
Shape{
    appearance Appearance {
        material  Material 	{
            diffuseColor 0.2235294117647059 0.2235294117647059 0.2235294117647059
            specularColor 0.11372549019607843 0.11372549019607843 0.11372549019607843
            ambientIntensity 0.2235
            transparency 0.0
            shininess 0.5
        }
    }
    geometry IndexedFaceSet {
        ccw TRUE
        solid FALSE
        coord DEF co Coordinate {
            point [
                -1.1319 -1.2599 1.5906, -0.8366 -1.2599 1.5906, -0.8366 -3.3853 1.5906, 1.7224 -1.2599 1.5906, 2.1339 -1.2599 1.5906, 2.1339 -3.3853 1.5906, 1.8701 -4.2041 1.5906, 1.7224 -4.2041 1.5906, 1.7224 -4.1342 1.5906, 1.2303 -4.1342 1.5906, 1.2795 -4.2041 1.5906, 1.2795 -4.9643 1.5906, 1.2303 -4.9805 1.5906, 1.7224 -4.9805 1.5906, 1.7224 -4.9643 1.5906, 1.8701 -4.9643 1.5906, 2.1339 -4.9805 1.5906, 2.1339 -4.1342 1.5906, 0.0 -4.9805 1.5906, 0.0 -4.9643 1.5906, 0.2953 -4.9643 1.5906, -0.2953 -4.9643 1.5906, -0.3937 -4.9805 1.5906, -0.2953 -4.2041 1.5906, -0.3937 -4.1342 1.5906, 0.0 -4.2041 1.5906, 0.0 -4.1342 1.5906, 0.2953 -4.2041 1.5906, 0.3937 -4.1342 1.5906, 0.3937 -4.9805 1.5906, -0.8366 -4.2041 1.5906, -1.0827 -4.2041 1.5906, -1.1319 -4.1342 1.5906, -0.4921 -4.9643 1.5906, -0.8366 -4.9805 1.5906, -1.1319 -4.9805 1.5906, -1.0827 -4.9643 1.5906, -0.8366 -4.9643 1.5906, -0.4921 -4.2041 1.5906, -0.8366 -4.1342 1.5906, -1.7224 -4.9805 1.5906, -1.2795 -4.9643 1.5906, -1.7224 -4.9643 1.5906, -1.2795 -4.2041 1.5906, -1.7224 -4.1342 1.5906, -1.7224 -4.2041 1.5906, -1.8701 -4.2041 1.5906, 0.3937 -4.0643 1.5906, 0.5906 -4.0643 1.5906, 0.1969 -4.0643 1.5906, 0.1969 -3.942 1.5906, 0.0 -3.3853 1.5906, 0.3937 -3.942 1.5906, 0.3937 -3.3853 1.5906, 0.5906 -3.942 1.5906, 1.1319 -3.3853 1.5906, 1.1319 -4.1342 1.5906, 0.3937 -2.4356 1.5906, 0.6299 -1.2599 1.5906, 0.5906 -2.4356 1.5906, 1.1319 -1.2599 1.5906, 0.5906 -2.8287 1.5906, 0.3937 -2.8287 1.5906, 0.1969 -2.8287 1.5906, 0.1969 -2.4356 1.5906, -0.5906 -3.942 1.5906, -0.3937 -3.942 1.5906, -0.3937 -3.3853 1.5906, -0.1969 -3.942 1.5906, -0.1969 -4.0643 1.5906, -0.3937 -4.0643 1.5906, -0.5906 -4.0643 1.5906, 0.0 -1.2599 1.5906, -0.1969 -2.4356 1.5906, -0.1575 -1.2599 1.5906, -0.3937 -2.4356 1.5906, -0.1969 -2.8287 1.5906, 0.1575 -1.2599 1.5906, 0.3937 -1.2599 1.5906, -0.5906 -2.4356 1.5906, -0.6299 -1.2599 1.5906, -0.3937 -1.2599 1.5906, -0.3937 -2.8287 1.5906, -0.5906 -2.8287 1.5906, 1.7224 -3.3853 1.5906, 1.5748 -2.8287 1.5906, 1.5748 -2.4356 1.5906, 1.2303 -2.4356 1.5906, 1.1811 -2.4356 1.5906, 1.1417 -1.2599 1.5906, 1.2303 -2.8287 1.5906, 1.2303 -3.3853 1.5906, 1.1811 -2.8287 1.5906, 1.2303 -1.2599 1.5906, 1.6142 -1.2599 1.5906, 1.5748 -3.942 1.5906, 1.2303 -3.942 1.5906, 1.1811 -3.942 1.5906, 1.1811 -4.0643 1.5906, 1.2303 -4.0643 1.5906, 1.5748 -4.0643 1.5906, 1.1319 -4.9805 1.5906, 1.0827 -4.2041 1.5906, 1.0827 -4.9643 1.5906, 0.4921 -4.9643 1.5906, 0.4921 -4.2041 1.5906, -1.1319 -3.3853 1.5906, -1.1811 -2.8287 1.5906, -1.1811 -2.4356 1.5906, -1.1417 -1.2599 1.5906, -1.5748 -2.4356 1.5906, -1.6142 -1.2599 1.5906, -1.5748 -2.8287 1.5906, -1.7224 -3.3853 1.5906, -1.7224 -1.2599 1.5906, -1.1811 -3.942 1.5906, -1.5748 -3.942 1.5906, -1.5748 -4.0643 1.5906, -1.1811 -4.0643 1.5906, -1.8701 -4.9643 1.5906, -2.1339 -4.9805 1.5906, -2.1339 -4.1342 1.5906, -2.1339 -3.3853 1.5906, -2.1339 -1.2599 1.5906, 2.1339 -4.9968 1.5906, 1.7224 -4.9968 1.5906, 1.2303 -4.9968 1.5906, 1.1319 -4.9968 1.5906, 0.3937 -4.9968 1.5906, 0.0 -4.9968 1.5906, -0.3937 -4.9968 1.5906, -0.8366 -4.9968 1.5906, -1.1319 -4.9968 1.5906, -1.7224 -4.9968 1.5906, -2.1339 -4.9968 1.5906
            ]
        }
        coordIndex [
            0,1,2,-1,3,4,5,-1,6,7,8,-1,8,7,9,-1,10,11,12,-1,12,11,13,-1,11,14,13,-1,13,14,15,-1,13,15,16,-1,16,15,17,-1,18,19,20,-1,19,18,21,-1,21,18,22,-1,21,22,23,-1,23,22,24,-1,23,24,25,-1,25,24,26,-1,25,26,27,-1,27,26,28,-1,27,28,20,-1,20,28,29,-1,20,29,18,-1,30,31,32,-1,33,22,34,-1,32,31,35,-1,35,31,36,-1,35,36,34,-1,34,36,37,-1,34,37,33,-1,22,33,24,-1,24,33,38,-1,24,38,39,-1,35,40,41,-1,41,40,42,-1,35,41,32,-1,32,41,43,-1,32,43,44,-1,44,43,45,-1,44,45,46,-1,28,47,48,-1,47,28,49,-1,49,28,26,-1,49,26,50,-1,50,26,51,-1,50,51,52,-1,52,51,53,-1,52,53,54,-1,54,53,55,-1,54,55,48,-1,48,55,56,-1,48,56,28,-1,57,58,59,-1,59,58,60,-1,59,60,61,-1,61,60,55,-1,61,55,62,-1,62,55,53,-1,62,53,63,-1,63,53,51,-1,63,51,64,-1,65,2,66,-1,66,2,67,-1,66,67,68,-1,68,67,51,-1,68,51,69,-1,69,51,26,-1,69,26,70,-1,70,26,24,-1,70,24,71,-1,71,24,39,-1,71,39,65,-1,72,73,74,-1,74,73,75,-1,76,73,51,-1,51,73,72,-1,51,72,64,-1,64,72,77,-1,64,77,57,-1,57,77,78,-1,57,78,58,-1,79,80,75,-1,75,80,81,-1,75,81,74,-1,76,51,82,-1,82,51,67,-1,82,67,83,-1,83,67,2,-1,83,2,79,-1,79,2,1,-1,79,1,80,-1,84,85,86,-1,87,88,89,-1,85,84,90,-1,90,84,91,-1,90,91,92,-1,92,91,55,-1,92,55,88,-1,88,55,60,-1,88,60,89,-1,89,93,87,-1,87,93,94,-1,87,94,86,-1,86,94,3,-1,86,3,84,-1,84,3,5,-1,84,5,17,-1,15,6,17,-1,17,6,8,-1,17,8,84,-1,84,8,95,-1,84,95,91,-1,91,95,96,-1,91,96,55,-1,55,96,97,-1,55,97,56,-1,56,97,98,-1,56,98,9,-1,9,98,99,-1,9,99,8,-1,8,99,100,-1,8,100,95,-1,7,10,9,-1,9,10,12,-1,9,12,56,-1,56,12,101,-1,102,56,103,-1,103,56,101,-1,103,101,104,-1,104,101,29,-1,104,29,105,-1,105,29,28,-1,105,28,102,-1,102,28,56,-1,106,107,108,-1,65,39,2,-1,2,39,106,-1,2,106,0,-1,0,106,108,-1,0,108,109,-1,109,108,110,-1,109,110,111,-1,107,106,112,-1,112,106,113,-1,112,113,110,-1,110,113,114,-1,110,114,111,-1,38,30,39,-1,39,30,32,-1,39,32,106,-1,106,32,115,-1,106,115,113,-1,113,115,116,-1,113,116,44,-1,44,116,117,-1,44,117,32,-1,32,117,118,-1,32,118,115,-1,42,40,119,-1,119,40,120,-1,119,120,46,-1,46,120,121,-1,46,121,44,-1,44,121,122,-1,44,122,113,-1,113,122,123,-1,113,123,114,-1,16,124,13,-1,13,124,125,-1,13,125,12,-1,12,125,126,-1,12,126,101,-1,101,126,127,-1,101,127,29,-1,29,127,128,-1,29,128,18,-1,18,128,129,-1,18,129,22,-1,22,129,130,-1,22,130,34,-1,34,130,131,-1,34,131,35,-1,35,131,132,-1,35,132,40,-1,40,132,133,-1,40,133,120,-1,120,133,134,-1,
        ]
    }
}
Shape{
    appearance Appearance {
        material  Material 	{
            diffuseColor 0.6470588235294118 0.6196078431372549 0.5882352941176471
            specularColor 0.45098039215686275 0.43529411764705883 0.4117647058823529
            ambientIntensity 0.6242
            transparency 0.0
            shininess 0.5
        }
    }
    geometry IndexedFaceSet {
        ccw TRUE
        solid FALSE
        coord DEF co Coordinate {
            point [
                0.5373 -2.4458 0.5827, 0.5369 -2.4455 0.4646, 0.5373 -2.44 0.4646, 0.5381 -2.4262 0.4646, 0.5397 -2.421 0.5827, 0.5371 -2.4402 0.5827, 0.5398 -2.4208 0.4646, 0.544 -2.4077 0.4646, 0.5469 -2.403 0.5828, 0.547 -2.4029 0.4646, 0.5537 -2.392 0.4647, 0.5583 -2.3873 0.5828, 0.5584 -2.3874 0.4647, 0.5675 -2.3783 0.4647, 0.5732 -2.3748 0.5828, 0.5732 -2.375 0.4646, 0.5842 -2.3685 0.4646, 0.5907 -2.3664 0.5827, 0.5905 -2.3667 0.4646, 0.6028 -2.3631 0.4646, 0.6097 -2.3626 0.5827, 0.6094 -2.3626 0.4646, 0.6141 -2.3623 0.5827, 0.6154 -2.3622 0.4646, 0.6169 -2.3623 0.5827, 0.6224 -2.3626 0.5827, 0.6287 -2.3638 0.4647, 0.629 -2.364 0.5828, 0.6349 -2.3645 0.4647, 0.6396 -2.3661 0.5829, 0.6472 -2.3692 0.465, 0.6475 -2.3696 0.5831, 0.6508 -2.3705 0.4651, 0.6552 -2.373 0.5833, 0.6638 -2.3791 0.4656, 0.664 -2.3796 0.5837, 0.6661 -2.3806 0.4656, 0.6696 -2.3838 0.5839, 0.6775 -2.3928 0.4663, 0.6776 -2.3932 0.5844, 0.6787 -2.394 0.4663, 0.6813 -2.3977 0.5846, 0.687 -2.4082 0.467, 0.6874 -2.4099 0.5852, 0.6874 -2.4094 0.4671, 0.6899 -2.415 0.5855, 0.6924 -2.4246 0.4678, 0.6929 -2.4283 0.5862, 0.6928 -2.428 0.468, 0.6936 -2.4335 0.4683, 0.6941 -2.4338 0.5865, 1.6684 -2.4323 0.5864, 1.6687 -2.432 0.4682, 1.6686 -2.4299 0.5862, 1.6703 -2.4251 0.4679, 1.6699 -2.4254 0.586, 1.6738 -2.411 0.5853, 1.6731 -2.4132 0.4673, 1.676 -2.4071 0.5851, 1.6764 -2.4069 0.467, 1.6834 -2.394 0.5844, 1.682 -2.3961 0.4664, 1.6864 -2.3909 0.5843, 1.6868 -2.3906 0.4661, 1.6961 -2.3807 0.5837, 1.6941 -2.3824 0.4657, 1.7006 -2.3777 0.5836, 1.7009 -2.3775 0.4655, 1.7115 -2.3706 0.5832, 1.7088 -2.3719 0.4652, 1.7175 -2.3684 0.5831, 1.7179 -2.3682 0.465, 1.727 -2.3648 0.5828, 1.7266 -2.3647 0.4647, 1.7362 -2.3636 0.5828, 1.7365 -2.3635 0.4647, 1.7464 -2.3623 0.5827, 1.7468 -2.3622 0.4646, 1.7555 -2.3629 0.5827, 1.7558 -2.3626 0.4646, 1.7743 -2.3675 0.5827, 1.7747 -2.3672 0.4646, 1.7915 -2.3765 0.5828, 1.7918 -2.3762 0.4647, 1.8059 -2.3895 0.5828, 1.8062 -2.3892 0.4647, 1.8167 -2.4056 0.5828, 1.817 -2.4053 0.4647, 1.8232 -2.4239 0.5827, 1.8235 -2.4236 0.4646, 1.8251 -2.4432 0.5827, 1.8254 -2.4429 0.4646, 1.8249 -2.4485 0.4646, 1.8248 -2.4487 0.5827, -0.6939 -2.4323 0.5864, -0.6935 -2.432 0.4682, -0.6936 -2.4299 0.5862, -0.6919 -2.4251 0.4679, -0.6923 -2.4254 0.586, -0.6884 -2.411 0.5853, -0.6891 -2.4132 0.4673, -0.6862 -2.4071 0.5851, -0.6858 -2.4069 0.467, -0.6788 -2.394 0.5844, -0.6802 -2.3961 0.4664, -0.6758 -2.3909 0.5843, -0.6754 -2.3906 0.4661, -0.6661 -2.3806 0.5837, -0.6682 -2.3824 0.4657, -0.6616 -2.3777 0.5836, -0.6613 -2.3775 0.4655, -0.6507 -2.3706 0.5832, -0.6534 -2.3719 0.4652, -0.6447 -2.3684 0.5831, -0.6444 -2.3682 0.465, -0.6352 -2.3648 0.5828, -0.6356 -2.3647 0.4647, -0.626 -2.3636 0.5828, -0.6257 -2.3635 0.4647, -0.6157 -2.3623 0.5827, -0.6154 -2.3622 0.4646, -0.6067 -2.3629 0.5827, -0.6064 -2.3626 0.4646, -0.5879 -2.3675 0.5827, -0.5876 -2.3672 0.4646, -0.5707 -2.3765 0.5828, -0.5704 -2.3762 0.4647, -0.5563 -2.3895 0.5828, -0.556 -2.3892 0.4647, -0.5455 -2.4056 0.5828, -0.5452 -2.4053 0.4647, -0.539 -2.4239 0.5827, -0.5387 -2.4236 0.4646, -0.5371 -2.4432 0.5827, -0.5368 -2.4429 0.4646, -0.5373 -2.4485 0.4646, -0.5374 -2.4487 0.5827, -0.6935 -2.432 2.7129, -0.6939 -2.4323 2.5948, -0.6933 -2.4298 2.713, -0.6922 -2.4254 2.5951, -0.692 -2.4251 2.7132, -0.6894 -2.4135 2.5957, -0.6881 -2.4109 2.714, -0.6861 -2.4072 2.596, -0.6859 -2.4068 2.7142, -0.6805 -2.3964 2.5966, -0.6785 -2.3938 2.7148, -0.6757 -2.3909 2.5968, -0.6755 -2.3906 2.715, -0.6685 -2.3827 2.5973, -0.6659 -2.3804 2.7155, -0.6616 -2.3778 2.5975, -0.6613 -2.3774 2.7156, -0.6538 -2.3722 2.5978, -0.6505 -2.3704 2.716, -0.6447 -2.3684 2.5981, -0.6444 -2.3681 2.7162, -0.6387 -2.3658 2.5982, -0.6348 -2.3645 2.7164, -0.6261 -2.3634 2.5984, -0.6257 -2.3634 2.7165, -0.6214 -2.3626 2.5984, -0.6154 -2.3622 2.7165, -0.6158 -2.3623 2.5984, -0.6064 -2.3626 2.7165, -0.6067 -2.3629 2.5984, -0.5876 -2.3672 2.7165, -0.5879 -2.3675 2.5984, -0.5704 -2.3762 2.7165, -0.5707 -2.3765 2.5983, -0.556 -2.3892 2.7164, -0.5563 -2.3895 2.5983, -0.5452 -2.4053 2.7165, -0.5455 -2.4056 2.5983, -0.5387 -2.4236 2.7165, -0.539 -2.4239 2.5984, -0.5368 -2.4429 2.7165, -0.5371 -2.4432 2.5984, -0.5373 -2.4485 2.7165, -0.5374 -2.4487 2.5984, -1.8253 -2.4455 2.7165, -1.825 -2.4458 2.5984, -1.8246 -2.4402 2.5984, -1.7716 -2.3666 2.7165, -1.7841 -2.3715 2.7165, -1.7887 -2.3753 2.5984, -1.789 -2.3749 2.7165, -1.7943 -2.3786 2.5983, -1.7992 -2.3821 2.7165, -1.8035 -2.3876 2.5983, -1.8038 -2.3873 2.7165, -1.8082 -2.3922 2.5983, -1.812 -2.3967 2.7165, -1.8149 -2.4032 2.5984, -1.8151 -2.4029 2.7165, -1.8178 -2.408 2.5984, -1.8207 -2.414 2.7165, -1.822 -2.4211 2.5984, -1.8223 -2.4208 2.7165, -1.8237 -2.4264 2.5984, -1.825 -2.4329 2.7165, -1.8252 -2.4399 2.7165, -1.7777 -2.3688 2.5984, -1.7713 -2.367 2.5984, -1.766 -2.3645 2.7165, -1.759 -2.3634 2.5984, -1.7527 -2.3629 2.7165, -1.7525 -2.3628 2.5984, -1.7468 -2.3622 2.7165, -1.7464 -2.3623 2.5984, -1.7409 -2.3623 2.7165, -1.7332 -2.364 2.5983, -1.7335 -2.3637 2.7164, -1.7236 -2.3656 2.7163, -1.727 -2.3648 2.5983, -1.715 -2.3693 2.7161, -1.7146 -2.3694 2.598, -1.7074 -2.3726 2.7159, -1.7113 -2.3707 2.5979, -1.6985 -2.3793 2.7155, -1.6981 -2.3794 2.5974, -1.6929 -2.3834 2.7153, -1.696 -2.3807 2.5974, -1.6849 -2.393 2.7148, -1.6844 -2.393 2.5967, -1.6812 -2.3974 2.7146, -1.6834 -2.3941 2.5967, -1.6751 -2.4096 2.714, -1.675 -2.4083 2.596, -1.6745 -2.4097 2.5959, -1.6726 -2.4147 2.7138, -1.6695 -2.4248 2.5951, -1.6698 -2.4281 2.7131, -1.669 -2.4283 2.5949, -1.6681 -2.4338 2.5947, -1.6686 -2.4335 2.7128, 1.6687 -2.432 2.7129, 1.6684 -2.4323 2.5948, 1.6689 -2.4298 2.713, 1.67 -2.4254 2.5951, 1.6702 -2.4251 2.7132, 1.6728 -2.4135 2.5957, 1.6741 -2.4109 2.714, 1.6761 -2.4071 2.596, 1.6763 -2.4068 2.7142, 1.6817 -2.3964 2.5966, 1.6837 -2.3938 2.7148, 1.6865 -2.3909 2.5968, 1.6868 -2.3906 2.715, 1.6937 -2.3827 2.5973, 1.6963 -2.3804 2.7155, 1.7006 -2.3778 2.5975, 1.7009 -2.3774 2.7157, 1.7084 -2.3722 2.5978, 1.7117 -2.3704 2.716, 1.7176 -2.3685 2.598, 1.8248 -2.4487 2.5984, 1.8249 -2.4485 2.7165, 1.8251 -2.4432 2.5984, 1.8254 -2.4429 2.7165, 1.8232 -2.4239 2.5984, 1.8235 -2.4236 2.7165, 1.8167 -2.4056 2.5983, 1.817 -2.4054 2.7165, 1.8059 -2.3895 2.5983, 1.8062 -2.3892 2.7164, 1.7915 -2.3765 2.5983, 1.7918 -2.3762 2.7165, 1.7744 -2.3675 2.5984, 1.7747 -2.3672 2.7165, 1.7555 -2.3629 2.5984, 1.7558 -2.3626 2.7165, 1.7456 -2.3623 2.5984, 1.7468 -2.3622 2.7165, 1.7362 -2.3636 2.5983, 1.7365 -2.3634 2.7165, 1.7262 -2.365 2.5983, 1.7274 -2.3645 2.7164, 1.7178 -2.3681 2.7162, -3.0709 -0.9873 -0.666, -3.0675 -0.9932 -0.6214, -3.0709 -0.4301 -0.666, -3.0665 -0.4237 -0.6177, -3.0665 -0.9937 -0.6177, -3.053 -1.0006 -0.5662, -3.0662 -0.4232 -0.6142, -3.0504 -1.0013 -0.5608, -3.0507 -0.4161 -0.5606, -3.0279 -1.0075 -0.5148, -3.0501 -0.4159 -0.5587, -3.023 -1.0084 -0.5084, -3.026 -0.4095 -0.5117, -3.0233 -0.409 -0.5082, -2.9936 -1.0135 -0.4699, -2.9936 -0.4038 -0.4699, 3.0709 -0.4301 -0.666, 3.0675 -0.4241 -0.6214, 3.0709 -0.9873 -0.666, 3.0665 -0.9937 -0.6177, 3.0665 -0.4236 -0.6177, 3.053 -0.4167 -0.5662, 3.0662 -0.9941 -0.6142, 3.0504 -0.416 -0.5608, 3.0507 -1.0012 -0.5606, 3.0279 -0.4098 -0.5148, 3.0501 -1.0015 -0.5587, 3.023 -0.409 -0.5084, 3.026 -1.0078 -0.5117, 3.0233 -1.0083 -0.5082, 2.9936 -0.4038 -0.4699, 2.9936 -1.0135 -0.4699, -2.9528 -0.9873 -0.666, -2.9528 -0.4301 -0.666, -2.9527 -0.9878 -0.6621, -2.9528 -0.4294 -0.6606, -2.9489 -0.9911 -0.6371, -2.9493 -0.4262 -0.6371, -2.9465 -0.4238 -0.6191, -2.9462 -0.9934 -0.6194, -2.9399 -0.4217 -0.603, -2.9393 -0.9956 -0.6032, -2.932 -0.4191 -0.5841, -2.9292 -0.9987 -0.5799, -2.923 -0.4175 -0.572, -2.9231 -0.9998 -0.5718, -2.9055 -0.4144 -0.5486, -2.9055 -1.003 -0.5486, 2.9528 -0.4301 -0.666, 2.9528 -0.9873 -0.666, 2.9527 -0.4296 -0.6621, 2.9528 -0.988 -0.6606, 2.9489 -0.4263 -0.6371, 2.9493 -0.9911 -0.6371, 2.9465 -0.9935 -0.6191, 2.9462 -0.4239 -0.6194, 2.9399 -0.9957 -0.603, 2.9393 -0.4218 -0.6032, 2.932 -0.9982 -0.5841, 2.9292 -0.4186 -0.5799, 2.923 -0.9999 -0.572, 2.9231 -0.4175 -0.5718, 2.9055 -1.003 -0.5486, 2.9055 -0.4144 -0.5486, -1.8253 -2.4455 0.4646, -1.8249 -2.44 0.4646, -1.825 -2.4458 0.5827, -1.8247 -2.4402 0.5827, -1.8243 -2.4299 0.5827, -1.8241 -2.4262 0.4646, -1.8221 -2.4211 0.5827, -1.8224 -2.4208 0.4646, -1.8202 -2.4136 0.5827, -1.8182 -2.4077 0.4646, -1.8148 -2.4032 0.5828, -1.8152 -2.4029 0.4646, -1.8113 -2.3964 0.5828, -1.8085 -2.392 0.4647, -1.8035 -2.3876 0.5828, -1.8038 -2.3874 0.4647, -1.7984 -2.3819 0.5828, -1.7947 -2.3783 0.4647, -1.7887 -2.3753 0.5828, -1.789 -2.375 0.4646, -1.7824 -2.371 0.5828, -1.778 -2.3685 0.4646, -1.7713 -2.367 0.5827, -1.7717 -2.3667 0.4646, -1.7642 -2.3644 0.5827, -1.7594 -2.3631 0.4646, -1.7524 -2.3631 0.5827, -1.7528 -2.3626 0.4646, -1.7449 -2.3623 0.5827, -1.7468 -2.3622 0.4646, -1.7395 -2.3627 0.5827, -1.7335 -2.3638 0.4647, -1.7332 -2.3639 0.5828, -1.7274 -2.3645 0.4647, -1.7224 -2.3662 0.5829, -1.715 -2.3692 0.465, -1.7147 -2.3696 0.5831, -1.7114 -2.3705 0.4651, -1.707 -2.373 0.5833, -1.6984 -2.3791 0.4656, -1.6982 -2.3796 0.5837, -1.6961 -2.3806 0.4656, -1.6926 -2.3838 0.5839, -1.6847 -2.3928 0.4663, -1.6846 -2.3932 0.5844, -1.6835 -2.394 0.4663, -1.6809 -2.3977 0.5846, -1.6752 -2.4082 0.467, -1.6748 -2.4099 0.5852, -1.6748 -2.4094 0.4671, -1.6723 -2.415 0.5855, -1.6698 -2.4246 0.4678, -1.6693 -2.4283 0.5862, -1.6694 -2.428 0.468, -1.6686 -2.4335 0.4683, -1.6681 -2.4338 0.5865, 0.6935 -2.432 2.7129, 0.6919 -2.4251 2.7132, 0.6938 -2.4323 2.5948, 0.6923 -2.4254 2.5951, 0.6897 -2.4145 2.5957, 0.6891 -2.4132 2.7138, 0.686 -2.4072 2.596, 0.6858 -2.4069 2.7142, 0.6809 -2.397 2.5965, 0.6802 -2.3961 2.7147, 0.6756 -2.3909 2.5968, 0.6754 -2.3906 2.715, 0.6689 -2.383 2.5972, 0.6681 -2.3824 2.7154, 0.6615 -2.3778 2.5975, 0.6613 -2.3775 2.7156, 0.654 -2.3723 2.5978, 0.6534 -2.3719 2.7159, 0.6446 -2.3685 2.598, 0.6443 -2.3682 2.7162, 0.6358 -2.365 2.5983, 0.6356 -2.3647 2.7164, 0.626 -2.3636 2.5983, 0.6257 -2.3635 2.7164, 0.6164 -2.3623 2.5984, 0.6154 -2.3622 2.7165, 0.6067 -2.3629 2.5984, 0.6064 -2.3626 2.7165, 0.5879 -2.3675 2.5984, 0.5875 -2.3672 2.7165, 0.5707 -2.3765 2.5983, 0.5704 -2.3762 2.7165, 0.5563 -2.3895 2.5983, 0.556 -2.3892 2.7164, 0.5455 -2.4056 2.5983, 0.5452 -2.4053 2.7165, 0.539 -2.4239 2.5984, 0.5387 -2.4236 2.7165, 0.5371 -2.4432 2.5984, 0.5368 -2.4429 2.7165, 0.5373 -2.4485 2.7165, 0.5374 -2.4487 2.5984, 2.5474 -3.2945 1.3141, 2.5493 -3.272 1.3129, 2.5469 -3.2979 1.8669, 2.5493 -3.272 1.8682, 2.5437 -3.3099 1.3146, 2.5439 -3.3088 1.8665, 2.5433 -3.3115 1.3147, 2.5431 -3.3114 1.8664, 2.5333 -3.3467 1.8652, 2.5356 -3.3434 1.3158, 2.5312 -3.3544 1.8649, 2.5337 -3.3475 1.3159, 2.5249 -3.3657 1.8647, 2.4355 -3.4646 1.3191, 2.4523 -3.453 1.8626, 2.4345 -3.4643 1.8621, 2.4098 -3.4794 1.3199, 2.4145 -3.477 1.8615, 2.4026 -3.4818 1.3202, 2.4512 -3.4555 1.3186, 2.4529 -3.4541 1.3185, 2.4637 -3.4457 1.8629, 2.4668 -3.4417 1.3182, 2.4669 -3.4424 1.863, 2.4872 -3.4236 1.3176, 2.494 -3.4139 1.8636, 2.4942 -3.4142 1.3174, 2.5031 -3.4043 1.8638, 2.5165 -3.3842 1.3168, 2.5159 -3.3816 1.8643, 2.5171 -3.3828 1.3168, 2.5251 -3.3659 1.3164, 2.4024 -3.4812 1.8609, 2.3998 -3.4821 1.8608, 2.401 -3.4823 1.3203, 2.3646 -3.4944 1.8591, 2.3646 -3.4944 1.322, 2.5787 -2.429 1.2636, 2.5787 -2.429 1.9175, 2.5661 -2.8445 1.2879, 2.5685 -2.7812 1.8969, 2.5657 -2.8531 1.2884, 2.5657 -2.8531 1.8927, 2.5576 -3.0545 1.3002, 2.5654 -2.8616 1.8922, 2.4313 -3.2679 1.8682, 2.4396 -3.0509 1.8809, 2.4478 -2.8474 1.8928, 2.448 -2.8414 1.8932, 2.4606 -2.4269 1.9175, 2.4473 -2.8585 1.2889, 2.4313 -3.2679 1.3129, 2.4606 -2.4269 1.2636, 2.4504 -2.7783 1.2842, 2.4478 -2.8474 1.2883, 2.5787 -2.3622 1.2598, 2.4609 -2.3946 1.2617, 2.4606 -2.3622 1.2598, 2.5787 -2.3622 1.9213, 2.4606 -2.3622 1.9213, 2.4606 0.9921 0.9537, 2.4606 0.9921 2.126, 2.4606 1.0039 2.126, 2.4606 -1.2599 0.7087, 2.4606 -1.2599 0.7008, 2.4606 -5.0394 0.7008, 2.4606 -4.4726 1.9614, 2.4606 -4.4907 1.953, 2.4606 -5.0394 2.4803, 2.4606 -2.3622 1.1021, 2.4606 -1.2044 0.7809, 2.4606 -1.2225 0.7734, 2.4606 -1.238 0.7616, 2.4606 -1.2498 0.7461, 2.4606 -1.2573 0.728, 2.4606 -4.5251 1.2751, 2.4606 -5.0394 0.748, 2.4606 -4.5276 1.2948, 2.4606 -5.1103 0.748, 2.4606 -4.5276 1.8863, 2.4606 -5.1103 2.4331, 2.4606 -4.5251 1.906, 2.4606 -5.0394 2.4331, 2.4606 -4.5177 1.9244, 2.4606 0.7066 0.7673, 2.4606 0.7007 0.7815, 2.4606 0.9527 2.126, 2.4606 -4.5177 1.2567, 2.4606 -4.506 1.2407, 2.4606 -4.4907 1.2281, 2.4606 -4.4726 1.2198, 2.4606 -4.506 1.9404, 2.4606 0.7086 0.752, 2.4606 0.6791 0.3465, 2.4606 0.6913 0.3559, 2.4606 1.0039 0.4646, 2.4606 0.7007 0.3681, 2.4606 -1.2599 2.126, 2.4606 -1.2599 2.4803, 2.4606 -2.3622 2.079, 2.4606 -4.4531 1.9649, 2.4606 0.6913 0.7937, 2.4606 0.6791 0.8031, 2.4606 0.6649 0.809, 2.4606 0.9527 0.9537, 2.4606 0.7066 0.3824, 2.4606 0.7086 0.3976, 2.4606 0.1575 0.3976, 2.4606 0.1595 0.3824, 2.4606 -0.1103 0.1614, 2.4606 0.1654 0.3681, 2.4606 0.1748 0.3559, 2.4606 0.187 0.3465, 2.4606 0.187 0.8031, 2.4606 0.1748 0.7937, 2.4606 -1.1203 0.7461, 2.4606 -1.1322 0.7616, 2.4606 -4.4531 1.2162, 2.4606 0.6649 0.3406, 2.4606 1.0236 0.4646, 2.4606 1.0236 0.1614, 2.4606 0.6496 0.811, 2.4606 0.2165 0.811, 2.4606 0.2012 0.809, 2.4606 -0.1832 0.5439, 2.4606 0.1654 0.7815, 2.4606 -1.1477 0.7734, 2.4606 -1.1657 0.7809, 2.4606 -1.1851 0.7835, 2.4606 0.2012 0.3406, 2.4606 0.2165 0.3386, 2.4606 0.6496 0.3386, 2.4606 -0.2087 0.5472, 2.4606 -0.2342 0.5439, 2.4606 -0.1103 0.4488, 2.4606 -0.1136 0.4743, 2.4606 0.1575 0.752, 2.4606 -0.1234 0.498, 2.4606 0.1595 0.7673, 2.4606 -0.1391 0.5184, 2.4606 -0.1595 0.5341, 2.4606 -0.2579 0.5341, 2.4606 -0.2783 0.5184, 2.4606 -0.2939 0.498, 2.4606 -1.1128 0.728, 2.4606 -1.1103 0.7087, 2.4606 -0.3192 0.1614, 2.4606 -1.0981 0.1614, 2.4606 -0.3071 0.252, 2.4606 -1.1103 0.252, 2.4606 -0.3071 0.4488, 2.4606 -0.3038 0.4743, 2.5787 -2.3622 1.1021, 2.5787 1.189 0.9537, 2.5787 1.189 2.5197, 2.5787 0.9921 0.9537, 2.5787 0.9921 2.5197, 2.5787 -4.4726 1.2198, 2.5787 -4.4907 1.2281, 2.5787 -5.0394 0.7008, 2.5787 -4.5251 1.906, 2.5787 -5.0394 2.4331, 2.5787 -4.5276 1.8863, 2.5787 -5.1103 2.4331, 2.5787 -4.5276 1.2948, 2.5787 -5.1103 0.748, 2.5787 -4.5251 1.2751, 2.5787 -5.0394 0.748, 2.5787 -4.5177 1.2567, 2.5787 -4.506 1.2407, 2.5787 -1.1128 0.728, 2.5787 -0.1103 0.9537, 2.5787 -1.1203 0.7461, 2.5787 -1.1322 0.7616, 2.5787 -4.5177 1.9244, 2.5787 -4.506 1.9404, 2.5787 -5.0394 2.5197, 2.5787 -4.4907 1.953, 2.5787 -4.4726 1.9614, 2.5787 -1.2599 0.7008, 2.5787 -4.4531 1.2162, 2.5787 -0.1391 0.5184, 2.5787 -0.1234 0.498, 2.5787 -0.1136 0.4743, 2.5787 -0.1103 0.4488, 2.5787 -4.4531 1.9649, 2.5787 -2.3622 2.079, 2.5787 0.9527 2.5197, 2.5787 0.9527 0.9537, 2.5787 -1.2599 0.7087, 2.5787 -1.2573 0.728, 2.5787 -1.2498 0.7461, 2.5787 -1.238 0.7616, 2.5787 -1.2225 0.7734, 2.5787 -1.2044 0.7809, 2.5787 -1.1851 0.7835, 2.5787 -1.1657 0.7809, 2.5787 -1.1477 0.7734, 2.5787 -0.2087 0.5472, 2.5787 -0.1832 0.5439, 2.5787 -0.1595 0.5341, 2.5787 -0.2939 0.498, 2.5787 -0.3038 0.4743, 2.5787 -1.1103 0.7087, 2.5787 -0.2783 0.5184, 2.5787 -0.2579 0.5341, 2.5787 -0.2342 0.5439, 2.5787 -1.0902 0.1024, 2.5787 -0.3272 0.1024, 2.5787 -1.1103 0.252, 2.5787 -0.3071 0.252, 2.5787 -0.3071 0.4488, 2.572 0.9921 2.5706, 2.572 1.189 2.5706, 2.572 0.9527 2.5706, 2.5623 0.9527 2.5984, 2.5524 -5.0394 2.6181, 2.5623 0.9921 2.5984, 2.5524 1.189 2.6181, 2.572 -5.0394 2.5706, 2.5211 1.189 2.6589, 2.5211 -5.0394 2.6589, 2.4803 1.189 2.6902, 2.4803 -5.0394 2.6902, 2.4328 1.189 2.7098, 2.4328 -5.0394 2.7098, 2.3819 1.189 2.7165, 2.3819 -5.0394 2.7165, 2.0834 0.9527 2.7165, 2.0834 1.189 2.7165, 0.315 0.9921 2.7165, -0.315 0.9921 2.7165, 0.315 0.9527 2.7165, -0.315 0.9527 2.7165, 2.2953 -5.1103 2.7165, 1.4674 -4.929 2.7165, 1.382 -4.9891 2.7165, -0.382 -4.3669 2.7165, -0.3889 -4.3485 2.7165, -0.7567 -4.6551 2.7165, -2.0834 1.189 2.7165, -2.3819 1.189 2.7165, -2.0834 0.9527 2.7165, -2.3819 -5.0394 2.7165, 2.2953 -5.0394 2.7165, 1.5826 -4.7569 2.7165, 1.5356 -4.85 2.7165, -0.8948 -4.929 2.7165, -0.3384 -4.4049 2.7165, -0.356 -4.396 2.7165, -1.382 -4.9891 2.7165, -2.2953 -5.1103 2.7165, -1.2847 -5.0266 2.7165, -1.1811 -5.0394 2.7165, -1.4674 -4.929 2.7165, -1.5356 -4.85 2.7165, -2.2953 -5.0394 2.7165, 1.6055 -4.6551 2.7165, 1.2847 -5.0266 2.7165, 1.1811 -5.0394 2.7165, -0.3192 -4.4092 2.7165, 1.0775 -5.0266 2.7165, 0.9802 -4.9891 2.7165, -1.0775 -5.0266 2.7165, -1.5826 -4.7569 2.7165, -1.6055 -4.6551 2.7165, -1.8249 -2.4485 2.7165, -0.3708 -4.3831 2.7165, -0.7796 -4.7569 2.7165, -0.8266 -4.85 2.7165, 0.3384 -4.4049 2.7165, 0.8948 -4.929 2.7165, 0.356 -4.396 2.7165, 0.8266 -4.85 2.7165, 0.3708 -4.3831 2.7165, -0.9802 -4.9891 2.7165, 0.1793 -2.8383 2.7165, 0.2064 -2.8488 2.7165, 0.2301 -2.8656 2.7165, 0.249 -2.8878 2.7165, 0.2619 -2.9139 2.7165, 0.268 -2.9423 2.7165, 0.7567 -4.6551 2.7165, 0.3192 -4.4092 2.7165, 0.3117 -4.4095 2.7165, -0.3117 -4.4095 2.7165, -0.2619 -2.9139 2.7165, -0.249 -2.8878 2.7165, -0.2301 -2.8656 2.7165, -0.2064 -2.8488 2.7165, 0.3906 -4.3232 2.7165, 0.391 -4.3289 2.7165, 0.7796 -4.7569 2.7165, 0.3889 -4.3485 2.7165, 0.382 -4.3669 2.7165, -0.1793 -2.8383 2.7165, -0.1504 -2.8347 2.7165, 0.1504 -2.8347 2.7165, -0.391 -4.3289 2.7165, -0.3906 -4.3232 2.7165, -0.268 -2.9423 2.7165, 0.7567 -4.6551 2.5984, 0.7796 -4.7569 2.5984, 0.8266 -4.85 2.5984, 0.8948 -4.929 2.5984, 0.9802 -4.9891 2.5984, 1.0775 -5.0266 2.5984, 1.1811 -5.0394 2.5984, 1.2847 -5.0266 2.5984, 1.382 -4.9891 2.5984, 1.4674 -4.929 2.5984, 1.5356 -4.85 2.5984, 1.5826 -4.7569 2.5984, 1.6055 -4.6551 2.5984, 0.6941 -2.4338 2.5947, 0.6936 -2.4335 2.7128, 2.3425 -1.2599 2.5984, -2.3425 -1.2599 2.5984, 0.3819 -4.3668 2.5984, 0.3887 -4.3483 2.5984, 2.2953 -5.0394 2.5984, 2.3425 -5.0394 2.5984, -2.2953 -5.0394 2.5984, -2.3425 -5.0394 2.5984, -1.8248 -2.4487 2.5984, -0.1504 -2.8347 2.5984, -0.1793 -2.8383 2.5984, -0.2064 -2.8488 2.5984, -0.2301 -2.8656 2.5984, -0.249 -2.8878 2.5984, -0.3383 -4.4048 2.5984, -0.8948 -4.929 2.5984, -0.3558 -4.3959 2.5984, -0.8266 -4.85 2.5984, -0.3707 -4.3829 2.5984, 0.3383 -4.4048 2.5984, 0.3558 -4.3959 2.5984, -0.2619 -2.9139 2.5984, -0.268 -2.9423 2.5984, -0.7567 -4.6551 2.5984, -0.3906 -4.3231 2.5984, -0.3908 -4.3288 2.5984, -0.7796 -4.7569 2.5984, -0.3887 -4.3483 2.5984, -0.3819 -4.3668 2.5984, -1.6055 -4.6551 2.5984, -1.5826 -4.7569 2.5984, -2.2953 -5.1103 2.5984, -1.5356 -4.85 2.5984, -1.4674 -4.929 2.5984, -1.382 -4.9891 2.5984, 0.3191 -4.409 2.5984, 2.2953 -5.1103 2.5984, 0.3707 -4.3829 2.5984, -1.2847 -5.0266 2.5984, -1.1811 -5.0394 2.5984, -1.0775 -5.0266 2.5984, -0.9802 -4.9891 2.5984, 0.3908 -4.3288 2.5984, 0.3906 -4.3231 2.5984, 0.268 -2.9423 2.5984, 0.2619 -2.9139 2.5984, 0.249 -2.8878 2.5984, 0.2301 -2.8656 2.5984, 0.2064 -2.8488 2.5984, 0.1793 -2.8383 2.5984, 0.1504 -2.8347 2.5984, -0.3191 -4.409 2.5984, -0.3115 -4.4094 2.5984, 0.3115 -4.4094 2.5984
            ]
        }
        coordIndex [
            0,1,2,-1,3,4,2,-1,2,4,5,-1,2,5,0,-1,3,6,4,-1,4,6,7,-1,4,7,8,-1,7,9,8,-1,8,9,10,-1,8,10,11,-1,10,12,11,-1,11,12,13,-1,11,13,14,-1,13,15,14,-1,14,15,16,-1,14,16,17,-1,16,18,17,-1,17,18,19,-1,17,19,20,-1,20,19,21,-1,20,21,22,-1,22,21,23,-1,22,23,24,-1,24,23,25,-1,25,23,26,-1,25,26,27,-1,27,26,28,-1,27,28,29,-1,29,28,30,-1,29,30,31,-1,31,30,32,-1,31,32,33,-1,33,32,34,-1,33,34,35,-1,35,34,36,-1,35,36,37,-1,37,36,38,-1,37,38,39,-1,39,38,40,-1,39,40,41,-1,41,40,42,-1,41,42,43,-1,43,42,44,-1,43,44,45,-1,45,44,46,-1,45,46,47,-1,46,48,47,-1,47,48,49,-1,47,49,50,-1,51,52,53,-1,53,52,54,-1,53,54,55,-1,55,54,56,-1,56,54,57,-1,56,57,58,-1,58,57,59,-1,58,59,60,-1,60,59,61,-1,60,61,62,-1,62,61,63,-1,62,63,64,-1,64,63,65,-1,64,65,66,-1,66,65,67,-1,66,67,68,-1,68,67,69,-1,68,69,70,-1,70,69,71,-1,70,71,72,-1,72,71,73,-1,72,73,74,-1,74,73,75,-1,74,75,76,-1,76,75,77,-1,76,77,78,-1,78,77,79,-1,78,79,80,-1,80,79,81,-1,80,81,82,-1,82,81,83,-1,82,83,84,-1,84,83,85,-1,84,85,86,-1,86,85,87,-1,86,87,88,-1,88,87,89,-1,88,89,90,-1,89,91,90,-1,90,91,92,-1,90,92,93,-1,94,95,96,-1,96,95,97,-1,96,97,98,-1,98,97,99,-1,99,97,100,-1,99,100,101,-1,101,100,102,-1,101,102,103,-1,103,102,104,-1,103,104,105,-1,105,104,106,-1,105,106,107,-1,107,106,108,-1,107,108,109,-1,109,108,110,-1,109,110,111,-1,111,110,112,-1,111,112,113,-1,113,112,114,-1,113,114,115,-1,115,114,116,-1,115,116,117,-1,117,116,118,-1,117,118,119,-1,119,118,120,-1,119,120,121,-1,121,120,122,-1,121,122,123,-1,123,122,124,-1,123,124,125,-1,125,124,126,-1,125,126,127,-1,127,126,128,-1,127,128,129,-1,129,128,130,-1,129,130,131,-1,131,130,132,-1,131,132,133,-1,132,134,133,-1,133,134,135,-1,133,135,136,-1,137,138,139,-1,139,138,140,-1,139,140,141,-1,141,140,142,-1,141,142,143,-1,143,142,144,-1,143,144,145,-1,145,144,146,-1,145,146,147,-1,147,146,148,-1,147,148,149,-1,149,148,150,-1,149,150,151,-1,151,150,152,-1,151,152,153,-1,153,152,154,-1,153,154,155,-1,155,154,156,-1,155,156,157,-1,157,156,158,-1,157,158,159,-1,159,158,160,-1,159,160,161,-1,161,160,162,-1,161,162,163,-1,163,162,164,-1,163,164,165,-1,165,164,166,-1,165,166,167,-1,167,166,168,-1,167,168,169,-1,169,168,170,-1,169,170,171,-1,171,170,172,-1,171,172,173,-1,173,172,174,-1,173,174,175,-1,175,174,176,-1,175,176,177,-1,177,176,178,-1,177,178,179,-1,179,178,180,-1,181,182,183,-1,184,185,186,-1,186,185,187,-1,186,187,188,-1,188,187,189,-1,188,189,190,-1,190,189,191,-1,190,191,192,-1,192,191,193,-1,192,193,194,-1,194,193,195,-1,194,195,196,-1,196,195,197,-1,196,197,198,-1,198,197,199,-1,198,199,200,-1,200,199,201,-1,200,201,183,-1,183,201,202,-1,183,202,181,-1,186,203,184,-1,184,203,204,-1,184,204,205,-1,205,204,206,-1,205,206,207,-1,207,206,208,-1,207,208,209,-1,209,208,210,-1,209,210,211,-1,211,210,212,-1,211,212,213,-1,213,212,214,-1,214,212,215,-1,214,215,216,-1,216,215,217,-1,216,217,218,-1,218,217,219,-1,218,219,220,-1,220,219,221,-1,220,221,222,-1,222,221,223,-1,222,223,224,-1,224,223,225,-1,224,225,226,-1,226,225,227,-1,226,227,228,-1,227,229,228,-1,228,229,230,-1,228,230,231,-1,231,230,232,-1,231,232,233,-1,232,234,233,-1,233,234,235,-1,233,235,236,-1,237,238,239,-1,239,238,240,-1,239,240,241,-1,241,240,242,-1,241,242,243,-1,243,242,244,-1,243,244,245,-1,245,244,246,-1,245,246,247,-1,247,246,248,-1,247,248,249,-1,249,248,250,-1,249,250,251,-1,251,250,252,-1,251,252,253,-1,253,252,254,-1,253,254,255,-1,255,254,256,-1,257,258,259,-1,259,258,260,-1,259,260,261,-1,261,260,262,-1,261,262,263,-1,263,262,264,-1,263,264,265,-1,265,264,266,-1,265,266,267,-1,267,266,268,-1,267,268,269,-1,269,268,270,-1,269,270,271,-1,271,270,272,-1,271,272,273,-1,273,272,274,-1,273,274,275,-1,275,274,276,-1,275,276,277,-1,277,276,278,-1,277,278,256,-1,256,278,279,-1,256,279,255,-1,280,281,282,-1,282,281,283,-1,281,284,283,-1,283,284,285,-1,283,285,286,-1,286,285,287,-1,286,287,288,-1,288,287,289,-1,288,289,290,-1,290,289,291,-1,290,291,292,-1,292,291,293,-1,293,291,294,-1,293,294,295,-1,296,297,298,-1,298,297,299,-1,297,300,299,-1,299,300,301,-1,299,301,302,-1,302,301,303,-1,302,303,304,-1,304,303,305,-1,304,305,306,-1,306,305,307,-1,306,307,308,-1,308,307,309,-1,309,307,310,-1,309,310,311,-1,312,313,314,-1,314,313,315,-1,314,315,316,-1,315,317,316,-1,316,317,318,-1,316,318,319,-1,319,318,320,-1,319,320,321,-1,321,320,322,-1,321,322,323,-1,323,322,324,-1,323,324,325,-1,325,324,326,-1,325,326,327,-1,328,329,330,-1,330,329,331,-1,330,331,332,-1,331,333,332,-1,332,333,334,-1,332,334,335,-1,335,334,336,-1,335,336,337,-1,337,336,338,-1,337,338,339,-1,339,338,340,-1,339,340,341,-1,341,340,342,-1,341,342,343,-1,344,345,346,-1,346,345,347,-1,347,345,348,-1,348,345,349,-1,348,349,350,-1,350,349,351,-1,350,351,352,-1,352,351,353,-1,352,353,354,-1,354,353,355,-1,354,355,356,-1,356,355,357,-1,356,357,358,-1,358,357,359,-1,358,359,360,-1,360,359,361,-1,360,361,362,-1,362,361,363,-1,362,363,364,-1,364,363,365,-1,364,365,366,-1,366,365,367,-1,366,367,368,-1,368,367,369,-1,368,369,370,-1,370,369,371,-1,370,371,372,-1,372,371,373,-1,372,373,374,-1,374,373,375,-1,374,375,376,-1,376,375,377,-1,376,377,378,-1,378,377,379,-1,378,379,380,-1,380,379,381,-1,380,381,382,-1,382,381,383,-1,382,383,384,-1,384,383,385,-1,384,385,386,-1,386,385,387,-1,386,387,388,-1,388,387,389,-1,388,389,390,-1,390,389,391,-1,390,391,392,-1,392,391,393,-1,392,393,394,-1,394,393,395,-1,394,395,396,-1,395,397,396,-1,396,397,398,-1,396,398,399,-1,400,401,402,-1,402,401,403,-1,403,401,404,-1,404,401,405,-1,404,405,406,-1,406,405,407,-1,406,407,408,-1,408,407,409,-1,408,409,410,-1,410,409,411,-1,410,411,412,-1,412,411,413,-1,412,413,414,-1,414,413,415,-1,414,415,416,-1,416,415,417,-1,416,417,418,-1,418,417,419,-1,418,419,420,-1,420,419,421,-1,420,421,422,-1,422,421,423,-1,422,423,424,-1,424,423,425,-1,424,425,426,-1,426,425,427,-1,426,427,428,-1,428,427,429,-1,428,429,430,-1,430,429,431,-1,430,431,432,-1,432,431,433,-1,432,433,434,-1,434,433,435,-1,434,435,436,-1,436,435,437,-1,436,437,438,-1,437,439,438,-1,438,439,440,-1,438,440,441,-1,442,443,444,-1,444,443,445,-1,442,444,446,-1,446,444,447,-1,446,447,448,-1,447,449,448,-1,448,449,450,-1,448,450,451,-1,451,450,452,-1,451,452,453,-1,453,452,454,-1,455,456,457,-1,455,457,458,-1,458,457,459,-1,458,459,460,-1,455,461,456,-1,456,461,462,-1,456,462,463,-1,463,462,464,-1,463,464,465,-1,465,464,466,-1,465,466,467,-1,467,466,468,-1,467,468,469,-1,469,468,470,-1,469,470,471,-1,471,470,472,-1,471,472,454,-1,454,472,473,-1,454,473,453,-1,459,474,460,-1,460,474,475,-1,460,475,476,-1,476,475,477,-1,476,477,478,-1,479,480,481,-1,481,480,482,-1,481,482,483,-1,483,482,484,-1,483,484,485,-1,485,484,486,-1,485,486,443,-1,443,486,445,-1,487,445,488,-1,488,445,486,-1,488,486,489,-1,489,486,484,-1,489,484,490,-1,490,484,482,-1,490,482,491,-1,491,482,480,-1,489,492,488,-1,488,492,493,-1,488,493,487,-1,491,494,490,-1,490,494,495,-1,490,495,489,-1,489,495,496,-1,489,496,492,-1,494,479,495,-1,495,479,481,-1,495,481,496,-1,496,481,483,-1,496,483,492,-1,492,483,485,-1,492,485,493,-1,493,485,443,-1,479,494,497,-1,497,494,498,-1,497,498,499,-1,479,497,480,-1,480,497,500,-1,500,501,480,-1,480,501,491,-1,494,491,498,-1,498,491,501,-1,498,501,499,-1,502,503,504,-1,505,506,507,-1,508,509,510,-1,511,512,513,-1,513,514,511,-1,511,514,515,-1,511,515,516,-1,517,518,519,-1,519,518,520,-1,519,520,521,-1,521,520,522,-1,521,522,523,-1,523,522,524,-1,523,524,525,-1,526,527,528,-1,517,529,518,-1,518,529,530,-1,518,530,507,-1,507,530,531,-1,507,531,532,-1,510,509,524,-1,524,509,533,-1,524,533,525,-1,526,528,534,-1,535,536,537,-1,537,536,538,-1,511,499,539,-1,539,499,501,-1,539,501,540,-1,540,501,541,-1,540,541,510,-1,510,541,542,-1,510,542,508,-1,527,543,528,-1,528,543,544,-1,528,544,545,-1,504,537,502,-1,502,537,538,-1,502,538,546,-1,546,538,547,-1,546,547,528,-1,528,547,548,-1,528,548,534,-1,549,550,551,-1,550,552,551,-1,551,552,553,-1,551,553,554,-1,555,556,539,-1,557,558,539,-1,516,505,511,-1,511,505,507,-1,511,507,559,-1,559,507,532,-1,535,537,560,-1,560,537,561,-1,560,561,562,-1,545,563,528,-1,528,563,564,-1,528,564,539,-1,539,564,565,-1,539,565,555,-1,566,556,567,-1,558,568,539,-1,539,568,569,-1,539,569,511,-1,511,569,570,-1,511,570,512,-1,554,571,551,-1,551,571,572,-1,551,572,562,-1,562,572,573,-1,562,573,560,-1,556,566,539,-1,539,566,574,-1,539,574,575,-1,551,576,549,-1,549,576,577,-1,549,577,578,-1,578,577,579,-1,578,579,580,-1,580,579,581,-1,580,581,567,-1,567,581,582,-1,567,582,566,-1,575,583,539,-1,539,583,584,-1,539,584,557,-1,557,584,585,-1,557,585,586,-1,586,585,587,-1,588,589,590,-1,590,589,591,-1,590,591,592,-1,592,591,587,-1,592,587,593,-1,593,587,585,-1,594,497,511,-1,511,497,499,-1,595,596,597,-1,597,596,598,-1,599,600,601,-1,602,603,604,-1,604,603,605,-1,604,605,606,-1,606,605,607,-1,606,607,608,-1,608,607,609,-1,608,609,610,-1,601,600,609,-1,609,600,611,-1,609,611,610,-1,612,613,614,-1,614,613,615,-1,602,616,603,-1,603,616,617,-1,603,617,618,-1,618,617,619,-1,618,619,620,-1,621,594,601,-1,601,594,622,-1,601,622,599,-1,623,624,613,-1,613,624,625,-1,613,625,626,-1,620,627,618,-1,618,627,628,-1,618,628,629,-1,629,628,613,-1,629,613,630,-1,621,631,594,-1,594,631,632,-1,594,632,497,-1,497,632,633,-1,497,633,500,-1,500,633,634,-1,500,634,628,-1,628,634,635,-1,628,635,636,-1,636,637,628,-1,628,637,638,-1,628,638,613,-1,613,638,639,-1,613,639,615,-1,640,641,613,-1,613,641,642,-1,613,642,623,-1,643,612,644,-1,644,612,645,-1,643,646,612,-1,612,646,647,-1,612,647,613,-1,613,647,648,-1,613,648,640,-1,649,650,651,-1,651,650,652,-1,651,652,645,-1,645,652,653,-1,645,653,644,-1,622,594,559,-1,559,594,511,-1,519,606,517,-1,517,606,608,-1,517,608,529,-1,529,608,610,-1,529,610,530,-1,530,610,611,-1,530,611,531,-1,531,611,600,-1,531,600,532,-1,532,600,599,-1,532,599,559,-1,559,599,622,-1,604,606,521,-1,521,606,519,-1,542,627,508,-1,508,627,620,-1,508,620,509,-1,509,620,619,-1,509,619,533,-1,533,619,617,-1,533,617,525,-1,525,617,616,-1,525,616,523,-1,523,616,602,-1,523,602,521,-1,521,602,604,-1,628,627,541,-1,541,627,542,-1,500,628,501,-1,501,628,541,-1,654,598,655,-1,655,598,596,-1,656,657,658,-1,654,655,659,-1,659,655,660,-1,659,660,657,-1,658,661,656,-1,656,661,618,-1,656,618,629,-1,657,660,658,-1,658,660,662,-1,658,662,663,-1,663,662,664,-1,663,664,665,-1,665,664,666,-1,665,666,667,-1,667,666,668,-1,667,668,669,-1,669,668,670,-1,670,668,671,-1,672,673,674,-1,674,673,675,-1,676,677,678,-1,679,680,681,-1,682,683,684,-1,684,683,685,-1,686,687,676,-1,676,687,688,-1,676,688,677,-1,674,189,187,-1,187,185,674,-1,674,185,184,-1,674,184,205,-1,686,262,260,-1,689,690,691,-1,692,693,694,-1,694,693,695,-1,692,696,693,-1,693,696,697,-1,693,697,698,-1,260,258,686,-1,686,258,699,-1,686,699,687,-1,678,700,676,-1,676,700,701,-1,676,701,693,-1,690,689,702,-1,701,703,693,-1,693,703,704,-1,693,704,695,-1,695,704,705,-1,199,197,684,-1,684,197,195,-1,684,195,675,-1,675,195,193,-1,675,193,674,-1,674,193,191,-1,674,191,189,-1,163,165,674,-1,674,165,167,-1,674,167,670,-1,697,706,698,-1,698,706,707,-1,698,707,685,-1,685,707,708,-1,708,181,685,-1,685,181,202,-1,685,202,684,-1,684,202,201,-1,684,201,199,-1,679,681,709,-1,709,681,710,-1,709,710,691,-1,691,710,711,-1,691,711,689,-1,712,713,714,-1,714,713,715,-1,714,715,716,-1,713,689,704,-1,704,689,717,-1,704,717,705,-1,205,207,674,-1,674,207,209,-1,674,209,163,-1,437,718,719,-1,440,720,721,-1,437,435,175,-1,175,435,433,-1,175,433,431,-1,274,272,670,-1,721,722,440,-1,440,722,723,-1,440,723,724,-1,712,725,713,-1,713,725,726,-1,713,726,689,-1,689,726,727,-1,689,727,702,-1,274,670,425,-1,728,729,179,-1,179,729,730,-1,179,730,177,-1,177,730,731,-1,177,731,175,-1,720,440,719,-1,719,440,439,-1,719,439,437,-1,723,732,724,-1,724,732,733,-1,724,733,734,-1,734,733,735,-1,734,735,715,-1,715,735,736,-1,715,736,716,-1,272,270,670,-1,670,270,268,-1,670,268,266,-1,266,264,670,-1,670,264,262,-1,670,262,669,-1,669,262,686,-1,431,429,175,-1,175,429,427,-1,175,427,173,-1,173,427,425,-1,173,425,171,-1,171,425,670,-1,171,670,169,-1,169,670,167,-1,731,737,175,-1,175,737,738,-1,175,738,437,-1,437,738,739,-1,437,739,718,-1,680,740,681,-1,681,740,741,-1,681,741,179,-1,179,741,742,-1,179,742,728,-1,743,724,744,-1,744,724,734,-1,744,734,745,-1,745,734,715,-1,745,715,746,-1,746,715,713,-1,746,713,747,-1,747,713,704,-1,747,704,748,-1,748,704,703,-1,748,703,749,-1,749,703,701,-1,749,701,750,-1,750,701,700,-1,750,700,751,-1,751,700,678,-1,751,678,752,-1,752,678,677,-1,752,677,753,-1,753,677,688,-1,753,688,754,-1,754,688,687,-1,754,687,755,-1,755,687,699,-1,441,440,743,-1,743,440,724,-1,402,756,400,-1,400,756,757,-1,758,261,263,-1,204,203,759,-1,760,761,743,-1,749,750,762,-1,762,750,751,-1,762,751,752,-1,752,753,762,-1,762,753,754,-1,762,754,763,-1,263,265,758,-1,758,265,267,-1,758,267,269,-1,170,168,758,-1,759,164,210,-1,754,755,763,-1,763,755,257,-1,763,257,758,-1,758,257,259,-1,758,259,261,-1,210,208,759,-1,759,208,206,-1,759,206,204,-1,203,186,759,-1,759,186,188,-1,759,188,190,-1,764,765,766,-1,766,765,759,-1,766,759,182,-1,182,759,183,-1,767,768,176,-1,176,768,769,-1,180,770,771,-1,772,773,774,-1,774,773,775,-1,774,775,776,-1,746,777,778,-1,758,168,759,-1,759,168,166,-1,759,166,164,-1,190,192,759,-1,759,192,194,-1,759,194,196,-1,196,198,759,-1,759,198,200,-1,759,200,183,-1,771,779,180,-1,180,779,780,-1,180,780,781,-1,770,180,769,-1,769,180,178,-1,769,178,176,-1,780,782,781,-1,781,782,783,-1,781,783,784,-1,784,783,785,-1,784,785,775,-1,775,785,786,-1,775,786,776,-1,766,787,764,-1,764,787,788,-1,764,788,789,-1,788,790,789,-1,789,790,791,-1,789,791,792,-1,777,746,793,-1,762,794,749,-1,749,794,789,-1,749,789,748,-1,760,743,795,-1,795,743,744,-1,795,744,778,-1,778,744,745,-1,778,745,746,-1,269,271,758,-1,758,271,273,-1,758,273,424,-1,792,796,789,-1,789,796,797,-1,789,797,748,-1,748,797,798,-1,748,798,799,-1,424,426,758,-1,758,426,428,-1,758,428,170,-1,170,428,430,-1,170,430,432,-1,761,800,743,-1,743,800,801,-1,743,801,441,-1,441,801,802,-1,441,802,803,-1,803,804,441,-1,441,804,805,-1,441,805,438,-1,438,805,806,-1,438,806,436,-1,806,807,436,-1,436,807,808,-1,436,808,767,-1,773,746,799,-1,799,746,747,-1,799,747,748,-1,432,434,170,-1,170,434,436,-1,170,436,172,-1,172,436,767,-1,172,767,174,-1,174,767,176,-1,772,809,773,-1,773,809,810,-1,773,810,746,-1,746,810,811,-1,746,811,793,-1,
        ]
    }
}
Shape{
    appearance Appearance {
        material  Material 	{
            diffuseColor 0.2235294117647059 0.2235294117647059 0.2235294117647059
            specularColor 0.11372549019607843 0.11372549019607843 0.11372549019607843
            ambientIntensity 0.2235
            transparency 0.0
            shininess 0.5
        }
    }
    geometry IndexedFaceSet {
        ccw TRUE
        solid FALSE
        coord DEF co Coordinate {
            point [
                0.8858 -1.2599 0.6811, 0.8858 -1.2599 0.5827, 2.3031 -1.2599 0.5827, -2.3031 -1.2599 0.5827, -0.8858 -1.2599 0.5827, -0.8858 -1.2599 0.6811, 2.1807 -1.2599 1.6211, 2.1742 -1.2599 1.6103, 2.1653 -1.2599 1.6014, 2.1545 -1.2599 1.5949, 2.4606 -1.2599 2.126, 2.4606 -1.2599 2.4803, 2.1601 -1.2599 2.2695, 2.4566 -1.2599 2.5109, 2.4448 -1.2599 2.5394, -2.1545 -1.2599 1.5949, -2.1653 -1.2599 1.6014, -2.1742 -1.2599 1.6103, 0.6299 -1.2599 1.5906, 0.6299 -1.2599 1.1732, 1.1319 -1.2599 1.5906, 1.1417 -1.2599 1.1732, 1.1417 -1.2599 1.5906, 0.0 -1.2599 1.5906, -0.1575 -1.2599 1.5906, -0.1575 -1.2599 1.1732, 2.3031 -1.2599 2.126, 2.175 -1.2599 2.2445, 2.1834 -1.2599 2.2166, 2.1424 -1.2599 1.5913, 2.1339 -1.2599 1.5906, 1.7224 -1.2599 1.5906, 2.426 -1.2599 2.5638, 2.4016 -1.2599 2.5826, 2.1395 -1.2599 2.29, 2.3731 -1.2599 2.5944, 2.1146 -1.2599 2.3049, 2.3425 -1.2599 2.5984, 2.0867 -1.2599 2.3133, 0.1575 -1.2599 1.1732, 0.1575 -1.2599 1.5906, -1.7224 -1.2599 1.5906, -2.1339 -1.2599 1.5906, -2.1424 -1.2599 1.5913, 1.6142 -1.2599 1.1732, 1.6142 -1.2599 1.5906, -1.1319 -1.2599 1.5906, -1.1417 -1.2599 1.5906, -1.1417 -1.2599 1.1732, -2.1146 -1.2599 2.3049, -2.3425 -1.2599 2.5984, -2.1395 -1.2599 2.29, -2.3731 -1.2599 2.5944, -2.1601 -1.2599 2.2695, -2.4016 -1.2599 2.5826, -2.426 -1.2599 2.5638, -1.6142 -1.2599 1.1732, -1.6142 -1.2599 1.5906, -2.1807 -1.2599 1.6211, -2.1843 -1.2599 1.6332, -2.3031 -1.2599 2.126, -2.4448 -1.2599 2.5394, -2.4566 -1.2599 2.5109, -2.175 -1.2599 2.2445, -2.4606 -1.2599 2.4803, -2.1834 -1.2599 2.2166, -2.4606 -1.2599 2.126, -2.185 -1.2599 2.1969, -2.185 -1.2599 1.6417, 2.185 -1.2599 2.1969, 2.185 -1.2599 1.6417, 2.1843 -1.2599 1.6332, -0.6299 -1.2599 1.1732, -0.6299 -1.2599 1.5906, -0.8366 -1.2599 1.5906, -2.0867 -1.2599 2.3133, -2.0669 -1.2599 2.315, 2.0669 -1.2599 2.315
            ]
        }
        coordIndex [
            0,1,2,-1,3,4,5,-1,6,7,2,-1,2,7,8,-1,2,8,9,-1,10,11,12,-1,12,11,13,-1,12,13,14,-1,15,16,3,-1,3,16,17,-1,18,19,20,-1,20,19,21,-1,20,21,22,-1,23,24,25,-1,10,12,26,-1,26,12,27,-1,26,27,28,-1,9,29,2,-1,2,29,30,-1,2,30,31,-1,14,32,12,-1,12,32,33,-1,12,33,34,-1,34,33,35,-1,34,35,36,-1,36,35,37,-1,36,37,38,-1,39,40,23,-1,41,42,3,-1,3,42,43,-1,3,43,15,-1,23,25,39,-1,39,25,5,-1,39,5,19,-1,19,5,0,-1,19,0,21,-1,21,0,2,-1,21,2,44,-1,44,2,31,-1,44,31,45,-1,46,47,48,-1,49,50,51,-1,51,50,52,-1,51,52,53,-1,53,52,54,-1,53,54,55,-1,56,57,41,-1,17,58,3,-1,3,58,59,-1,3,59,60,-1,55,61,53,-1,53,61,62,-1,53,62,63,-1,63,62,64,-1,63,64,65,-1,65,64,66,-1,65,66,67,-1,67,66,60,-1,67,60,68,-1,68,60,59,-1,28,69,26,-1,26,69,70,-1,26,70,2,-1,2,70,71,-1,2,71,6,-1,25,72,5,-1,5,72,73,-1,5,73,74,-1,49,75,50,-1,50,75,76,-1,50,76,37,-1,37,76,77,-1,37,77,38,-1,41,3,56,-1,56,3,5,-1,56,5,48,-1,48,5,74,-1,48,74,46,-1,
        ]
    }
}
Shape{
    appearance Appearance {
        material  Material 	{
            diffuseColor 0.6470588235294118 0.6196078431372549 0.5882352941176471
            specularColor 0.45098039215686275 0.43529411764705883 0.4117647058823529
            ambientIntensity 0.6242
            transparency 0.0
            shininess 0.5
        }
    }
    geometry IndexedFaceSet {
        ccw TRUE
        solid FALSE
        coord DEF co Coordinate {
            point [
                0.8858 -1.2599 0.5827, 0.8858 -1.2599 0.6811, 0.8858 -1.2008 0.6221, 0.8858 -0.9843 0.6221, 0.8858 -0.9843 0.1614, 0.8858 -1.2599 0.1614, -0.8858 -1.2599 0.1614, -0.8858 -1.2599 0.5827, -0.8858 -0.9843 0.1614, -0.8858 -0.9843 0.6221, -0.8858 -1.2008 0.6221, -0.8858 -1.2599 0.6811
            ]
        }
        coordIndex [
            0,1,2,-1,3,4,2,-1,2,4,5,-1,2,5,0,-1,5,6,0,-1,0,6,7,-1,8,9,6,-1,6,9,10,-1,6,10,7,-1,7,10,11,-1,10,2,11,-1,11,2,1,-1,2,10,3,-1,3,10,9,-1,9,8,3,-1,3,8,4,-1,8,6,4,-1,4,6,5,-1,
        ]
    }
}
Shape{
    appearance Appearance {
        material  Material 	{
            diffuseColor 0.2235294117647059 0.2235294117647059 0.2235294117647059
            specularColor 0.11372549019607843 0.11372549019607843 0.11372549019607843
            ambientIntensity 0.2235
            transparency 0.0
            shininess 0.5
        }
    }
    geometry IndexedFaceSet {
        ccw TRUE
        solid FALSE
        coord DEF co Coordinate {
            point [
                -2.3031 1.0039 0.4646, -2.3031 1.0039 0.1614, -2.3031 -1.2599 0.4646, -2.3031 -1.9606 0.1614, -2.3031 -1.9606 0.4646, -2.3031 -1.2599 2.126, -2.3031 0.9527 2.126, -2.3031 -1.2599 0.5827, -2.3031 0.9527 0.9537, -2.3031 0.9921 2.126, -2.3031 1.0039 2.126, -2.3031 0.9921 0.9537
            ]
        }
        coordIndex [
            0,1,2,-1,2,1,3,-1,2,3,4,-1,5,6,7,-1,7,6,8,-1,9,10,11,-1,11,10,0,-1,11,0,8,-1,8,0,2,-1,8,2,7,-1,
        ]
    }
}
Shape{
    appearance Appearance {
        material  Material 	{
            diffuseColor 0.6470588235294118 0.6196078431372549 0.5882352941176471
            specularColor 0.45098039215686275 0.43529411764705883 0.4117647058823529
            ambientIntensity 0.6242
            transparency 0.0
            shininess 0.5
        }
    }
    geometry IndexedFaceSet {
        ccw TRUE
        solid FALSE
        coord DEF co Coordinate {
            point [
                -2.3031 -1.2599 0.5827, -2.3031 -1.2599 0.4646, -2.3425 -1.2599 0.5827, -2.3425 -1.2599 0.4646, -2.3731 -1.2599 0.5867, -2.4037 -1.2599 0.4726, -2.4016 -1.2599 0.5985, -2.4606 -1.2599 0.4962, -2.426 -1.2599 0.6173, -2.5096 -1.2599 0.5338, -2.4448 -1.2599 0.6417, -2.5471 -1.2599 0.5827, -2.4566 -1.2599 0.6702, -2.5707 -1.2599 0.6397, -2.4606 -1.2599 0.7008, -2.5787 -1.2599 0.7008, -2.4606 -1.2599 0.7087, -2.5787 -1.2599 0.7087, 2.3031 -1.2599 0.4646, 2.3425 -1.2599 0.4646, 2.3031 -1.9606 0.4646, 2.3425 -5.0394 0.4646, -2.2953 -5.0394 0.4646, -2.3425 -5.0394 0.4646, -2.3031 -1.9606 0.4646, 1.8254 -2.4429 0.4646, 1.8235 -2.4236 0.4646, 1.817 -2.4053 0.4647, -1.7717 -2.3667 0.4646, -1.778 -2.3685 0.4646, -1.8249 -2.44 0.4646, -1.8253 -2.4455 0.4646, 1.7747 -2.3672 0.4646, 1.7558 -2.3626 0.4646, 1.7468 -2.3622 0.4646, 0.6154 -2.3622 0.4646, 1.1811 -5.0394 0.4646, 1.2847 -5.0266 0.4646, 2.2953 -5.0394 0.4646, 1.382 -4.9891 0.4646, 1.4674 -4.929 0.4646, 1.8062 -2.3892 0.4647, 1.7918 -2.3762 0.4647, 0.5584 -2.3874 0.4647, -0.5387 -2.4236 0.4646, 0.5675 -2.3783 0.4647, 0.5732 -2.375 0.4646, -0.5704 -2.3762 0.4647, -0.556 -2.3892 0.4647, -0.5452 -2.4053 0.4647, -0.5876 -2.3672 0.4646, -0.6064 -2.3626 0.4646, -0.6154 -2.3622 0.4646, -1.7468 -2.3622 0.4646, 1.5356 -4.85 0.4646, 1.5826 -4.7569 0.4646, 1.6055 -4.6551 0.4646, 1.8249 -2.4485 0.4646, 0.6094 -2.3626 0.4646, 0.6028 -2.3631 0.4646, 0.5905 -2.3667 0.4646, 0.5842 -2.3685 0.4646, -1.7528 -2.3626 0.4646, -1.7594 -2.3631 0.4646, -1.789 -2.375 0.4646, -1.7947 -2.3783 0.4647, -1.8038 -2.3874 0.4647, 0.5537 -2.392 0.4647, 0.547 -2.4029 0.4646, 0.544 -2.4077 0.4646, 0.5398 -2.4208 0.4646, 0.5381 -2.4262 0.4646, -0.5368 -2.4429 0.4646, 0.5373 -2.44 0.4646, -0.5373 -2.4485 0.4646, -1.8085 -2.392 0.4647, -1.8152 -2.4029 0.4646, -1.8182 -2.4077 0.4646, -1.8224 -2.4208 0.4646, -1.8241 -2.4262 0.4646, -1.8249 -2.4485 0.4646, -1.6055 -4.6551 0.4646, -1.5826 -4.7569 0.4646, -2.2953 -5.1103 0.4646, -1.5356 -4.85 0.4646, -1.4674 -4.929 0.4646, 0.9802 -4.9891 0.4646, 1.0775 -5.0266 0.4646, 2.2953 -5.1103 0.4646, -1.382 -4.9891 0.4646, -1.2847 -5.0266 0.4646, -1.1811 -5.0394 0.4646, 0.8948 -4.929 0.4646, 0.8266 -4.85 0.4646, -1.0775 -5.0266 0.4646, 0.7796 -4.7569 0.4646, -0.9802 -4.9891 0.4646, -0.8948 -4.929 0.4646, -0.8266 -4.85 0.4646, -0.7796 -4.7569 0.4646, 0.7567 -4.6551 0.4646, -0.7567 -4.6551 0.4646, 0.5373 -2.4485 0.4646, 0.5369 -2.4455 0.4646, -1.825 -2.4458 0.5827, -1.8248 -2.4487 0.5827, -1.6681 -2.4338 0.5865, -1.6686 -2.4335 0.4683, -1.5398 -3.8292 0.6597, -1.5398 -3.8354 0.5418, -1.7335 -2.3638 0.4647, -0.6858 -2.4069 0.467, -0.6891 -2.4132 0.4673, -0.6919 -2.4251 0.4679, -1.6835 -2.394 0.4663, -1.6847 -2.3928 0.4663, -1.6961 -2.3806 0.4656, -1.6984 -2.3791 0.4656, -1.7114 -2.3705 0.4651, -1.715 -2.3692 0.465, -1.7274 -2.3645 0.4647, -0.8224 -3.8354 0.5418, -0.6936 -2.4335 0.4683, -0.6935 -2.432 0.4682, -0.6444 -2.3682 0.465, -0.6534 -2.3719 0.4652, -0.6613 -2.3775 0.4655, -0.6682 -2.3824 0.4657, -0.6754 -2.3906 0.4661, -0.6802 -2.3961 0.4664, -1.6698 -2.4246 0.4678, -1.6748 -2.4094 0.4671, -1.6752 -2.4082 0.467, -1.6694 -2.428 0.468, -0.6257 -2.3635 0.4647, -0.6356 -2.3647 0.4647, -0.8487 -4.0504 0.7053, -1.5135 -4.0504 0.7053, -0.8452 -4.0342 0.6705, -1.5154 -4.0416 0.6864, -1.5196 -4.02 0.6467, -0.8438 -4.0278 0.6567, -1.5184 -4.0276 0.6563, -1.517 -4.0342 0.6705, -0.8356 -3.967 0.5918, -0.8383 -3.9907 0.6099, -1.5219 -4.0045 0.6272, -0.8403 -4.0044 0.6273, -0.8422 -4.0172 0.6433, -0.8355 -3.9663 0.5913, -1.5236 -3.9924 0.6121, -1.5239 -3.9905 0.6097, -1.5267 -3.9663 0.5913, -1.5277 -3.9582 0.5851, -0.833 -3.9445 0.5746, -1.5293 -3.9436 0.574, -0.8306 -3.9213 0.5646, -1.5348 -3.8887 0.5506, -0.8289 -3.9041 0.5571, -1.5318 -3.9186 0.5634, -1.5316 -3.9213 0.5646, -1.5359 -3.877 0.5487, -0.8258 -3.8716 0.548, -0.8276 -3.8906 0.5513, -1.5364 -3.8716 0.5478, -0.8487 -3.9385 0.7428, -0.8459 -3.9301 0.7251, -0.8445 -3.9258 0.7161, -0.8432 -3.9217 0.7112, -0.8411 -3.915 0.7032, -0.8382 -3.9057 0.692, -0.8356 -3.8962 0.6851, -0.8355 -3.8958 0.6848, -0.8316 -3.8816 0.6746, -0.8297 -3.873 0.6711, -0.8278 -3.8641 0.6675, -0.826 -3.8556 0.664, -0.8249 -3.8476 0.6627, -0.8224 -3.8292 0.6597, -1.5226 -3.9102 0.6964, -1.5135 -3.9385 0.7428, -1.5149 -3.934 0.7332, -1.5173 -3.9265 0.7173, -1.5161 -3.9302 0.7251, -1.5209 -3.9153 0.7029, -1.5184 -3.9231 0.7129, -1.5294 -3.8864 0.6774, -1.5279 -3.8917 0.6816, -1.5267 -3.8957 0.6848, -1.523 -3.909 0.6954, -1.5372 -3.8476 0.6629, -1.5357 -3.8585 0.6649, -1.5328 -3.8715 0.6707, -1.5325 -3.8728 0.6713, -1.5368 -3.8503 0.6634, -1.5184 -4.0276 0.6563, -1.5239 -3.9905 0.6097, -1.5348 -3.8887 0.5506, -1.5293 -3.9436 0.574, -1.4882 -4.2751 0.7624, -1.4882 -4.3556 0.8487, -1.4912 -4.2483 0.7818, -1.4912 -4.3267 0.8716, -1.4916 -4.3227 0.8747, -1.4928 -4.3057 0.8837, -1.4913 -4.2475 0.7823, -1.4914 -4.2473 0.7824, -1.4948 -4.2777 0.8985, -1.4951 -4.2716 0.9004, -1.4944 -4.2161 0.7948, -1.4964 -4.2463 0.9079, -1.4945 -4.2156 0.795, -1.4945 -4.2153 0.795, -1.4971 -4.2303 0.9127, -1.4978 -4.211 0.9145, -1.4976 -4.1817 0.7994, -1.4988 -4.1824 0.9171, -1.4976 -4.1816 0.7994, -1.4977 -4.1813 0.7993, -1.499 -4.1786 0.9174, -1.4999 -4.1489 0.9142, -1.5008 -4.1476 0.7952, -1.5005 -4.1289 0.9121, -1.5008 -4.1472 0.7951, -1.5008 -4.1184 0.9088, -1.5009 -4.146 0.7948, -1.5018 -4.0886 0.8994, -1.504 -4.1153 0.7825, -1.502 -4.0804 0.8968, -1.504 -4.1149 0.7823, -1.5028 -4.0585 0.8846, -1.5041 -4.1144 0.7822, -1.5072 -4.0867 0.762, -1.5072 -4.0868 0.762, -1.5053 -4.0063 0.8468, -1.5072 -4.0874 0.7625, -1.5038 -4.0335 0.8705, -1.5038 -4.0341 0.871, -1.5088 -3.9651 0.7976, -1.5104 -4.0647 0.7352, -1.5066 -3.988 0.8281, -1.5104 -4.0649 0.7356, -1.506 -3.9938 0.8359, -1.5103 -4.0654 0.7362, -1.5106 -3.9538 0.7763, -1.5091 -3.9613 0.7925, -0.8709 -4.2472 0.7824, -0.8709 -4.248 0.7821, -0.871 -4.2483 0.7818, -0.874 -4.2751 0.7624, -1.4913 -4.2475 0.7823, -0.8678 -4.2161 0.7949, -0.8678 -4.2161 0.7949, -0.8677 -4.2153 0.795, -1.4945 -4.2156 0.795, -0.8646 -4.1822 0.7994, -0.8646 -4.1817 0.7993, -1.4976 -4.1816 0.7994, -0.8645 -4.1813 0.7993, -0.8615 -4.1484 0.7954, -0.8614 -4.1472 0.7951, -1.5008 -4.1476 0.7952, -1.5008 -4.1472 0.7951, -0.8613 -4.1468 0.795, -1.5009 -4.146 0.7948, -0.8582 -4.1153 0.7826, -0.8582 -4.1149 0.7824, -0.8582 -4.1149 0.7824, -1.5041 -4.1144 0.7822, -0.8519 -4.0653 0.7362, -0.855 -4.0868 0.762, -0.855 -4.0871 0.7624, -0.8551 -4.0874 0.7625, -0.8518 -4.0647 0.7352, -1.5072 -4.0867 0.762, -0.8519 -4.0652 0.736, -1.5104 -4.0649 0.7356, -0.874 -4.3556 0.8487, -0.8711 -4.3261 0.8708, -0.8697 -4.3118 0.8816, -0.8693 -4.306 0.8842, -0.8671 -4.2714 0.9001, -0.8709 -4.248 0.7821, -0.8666 -4.2626 0.9041, -0.8659 -4.2463 0.9078, -0.8678 -4.2161 0.7949, -0.8643 -4.2111 0.9156, -0.8646 -4.1822 0.7994, -0.8594 -4.058 0.8855, -0.8595 -4.0612 0.8876, -0.8604 -4.0888 0.899, -0.8613 -4.1468 0.795, -0.8611 -4.1075 0.9066, -0.8614 -4.1472 0.7951, -0.8614 -4.1183 0.9087, -0.8615 -4.1484 0.7954, -0.8623 -4.149 0.9147, -0.8626 -4.1574 0.9164, -0.8634 -4.1824 0.9161, -0.8643 -4.2104 0.9158, -0.8582 -4.1149 0.7824, -0.8584 -4.0342 0.8695, -0.8577 -4.0181 0.8588, -0.8569 -4.0063 0.8469, -0.855 -4.0871 0.7624, -0.8557 -3.9877 0.8283, -0.8554 -3.9832 0.8237, -0.8534 -3.9656 0.7973, -0.8517 -3.953 0.7767, -0.8519 -4.0652 0.736, -0.8522 -3.955 0.7813, -1.4733 -4.4744 0.738, -1.4677 -4.496 0.7179, -1.1446 -4.6672 0.5583, -1.4625 -4.5157 0.6995, -1.0988 -4.6608 0.5642, -1.074 -4.6535 0.571, -1.4452 -4.5468 0.6705, -1.4408 -4.5546 0.6632, -1.4094 -4.5897 0.6305, -0.924 -4.5582 0.6598, -0.9172 -4.5467 0.6705, -0.9013 -4.5196 0.6958, -0.8943 -4.496 0.7178, -0.8898 -4.4808 0.732, -0.8889 -4.4744 0.7379, -1.4063 -4.592 0.6283, -1.369 -4.6196 0.6026, -1.3523 -4.628 0.5948, -1.3217 -4.6432 0.5806, -1.2882 -4.6536 0.5709, -1.2687 -4.6596 0.5653, -1.2176 -4.6674 0.558, -1.2127 -4.6682 0.5573, -1.1551 -4.6686 0.5569, -1.0455 -4.6452 0.5788, -1.0098 -4.6281 0.5947, -0.9975 -4.6222 0.6001, -0.9564 -4.5929 0.6275, -0.9557 -4.5922 0.6282, -0.8889 -4.3939 0.6516, -1.4733 -4.3939 0.6516, -0.9557 -4.5116 0.5418, -1.0092 -4.5482 0.5077, -1.469 -4.4156 0.6313, -1.2887 -4.5739 0.4837, -1.353 -4.5482 0.5077, -1.4065 -4.5116 0.5418, -1.0735 -4.5739 0.4837, -1.1445 -4.5872 0.4713, -1.446 -4.4665 0.5839, -0.8932 -4.4156 0.6313, -0.9162 -4.4665 0.5839, -1.2177 -4.5872 0.4713, -0.626 -2.3636 0.5828, -0.6157 -2.3623 0.5827, -1.7449 -2.3623 0.5827, -1.6846 -2.3932 0.5844, -1.6809 -2.3977 0.5846, -0.6884 -2.411 0.5853, -1.6748 -2.4099 0.5852, -1.6723 -2.415 0.5855, -0.6923 -2.4254 0.586, -0.6936 -2.4299 0.5862, -0.6862 -2.4071 0.5851, -0.6788 -2.394 0.5844, -0.6758 -2.3909 0.5843, -1.707 -2.373 0.5833, -1.6982 -2.3796 0.5837, -1.6926 -2.3838 0.5839, -0.6941 -2.4338 0.5865, -1.6693 -2.4283 0.5862, -0.6939 -2.4323 0.5864, -0.6661 -2.3806 0.5837, -0.6616 -2.3777 0.5836, -0.6507 -2.3706 0.5832, -0.6447 -2.3684 0.5831, -0.6352 -2.3648 0.5828, -1.7332 -2.3639 0.5828, -1.7224 -2.3662 0.5829, -1.7147 -2.3696 0.5831, -1.7395 -2.3627 0.5827, 1.8232 -2.4239 0.5827, 1.8251 -2.4432 0.5827, 2.2953 -5.0394 0.5827, 1.8248 -2.4487 0.5827, 1.4674 -4.929 0.5827, 1.382 -4.9891 0.5827, 2.2953 -5.1103 0.5827, -1.8148 -2.4032 0.5828, -1.8113 -2.3964 0.5828, 1.6055 -4.6551 0.5827, 1.5826 -4.7569 0.5827, 1.5356 -4.85 0.5827, -1.382 -4.9891 0.5827, -1.4674 -4.929 0.5827, -2.2953 -5.1103 0.5827, -1.5356 -4.85 0.5827, -2.2953 -5.0394 0.5827, -1.5826 -4.7569 0.5827, -1.8247 -2.4402 0.5827, -1.8243 -2.4299 0.5827, -1.8221 -2.4211 0.5827, -1.8202 -2.4136 0.5827, -1.8035 -2.3876 0.5828, -1.7984 -2.3819 0.5828, -1.7887 -2.3753 0.5828, -0.539 -2.4239 0.5827, 2.3425 -1.2599 0.5827, -0.5455 -2.4056 0.5828, 2.3031 -1.2599 0.5827, -0.5563 -2.3895 0.5828, 0.8858 -1.2599 0.5827, -0.5707 -2.3765 0.5828, 1.2847 -5.0266 0.5827, 1.1811 -5.0394 0.5827, 1.0775 -5.0266 0.5827, 0.9802 -4.9891 0.5827, 0.5469 -2.403 0.5828, 0.5583 -2.3873 0.5828, 1.7555 -2.3629 0.5827, 1.7743 -2.3675 0.5827, 1.7915 -2.3765 0.5828, 1.8059 -2.3895 0.5828, 2.3425 -5.0394 0.5827, 1.8167 -2.4056 0.5828, -2.3425 -5.0394 0.5827, -1.7642 -2.3644 0.5827, -1.7713 -2.367 0.5827, -1.7824 -2.371 0.5828, 0.8948 -4.929 0.5827, -0.8266 -4.85 0.5827, -0.8948 -4.929 0.5827, -0.9802 -4.9891 0.5827, -1.0775 -5.0266 0.5827, -1.1811 -5.0394 0.5827, -1.2847 -5.0266 0.5827, 0.5732 -2.3748 0.5828, 0.5907 -2.3664 0.5827, 0.6097 -2.3626 0.5827, 0.6141 -2.3623 0.5827, -1.6055 -4.6551 0.5827, -0.8858 -1.2599 0.5827, -0.6067 -2.3629 0.5827, -0.5879 -2.3675 0.5827, 0.6169 -2.3623 0.5827, 1.7464 -2.3623 0.5827, -1.7524 -2.3631 0.5827, -0.5371 -2.4432 0.5827, 0.5371 -2.4402 0.5827, 0.5397 -2.421 0.5827, 0.8266 -4.85 0.5827, 0.7796 -4.7569 0.5827, -0.7796 -4.7569 0.5827, 0.7567 -4.6551 0.5827, -0.7567 -4.6551 0.5827, -0.5374 -2.4487 0.5827, 0.5374 -2.4487 0.5827, 0.5373 -2.4458 0.5827, -2.4606 -5.0394 0.748, -2.5787 -5.0394 0.748, -2.4606 -5.0394 0.7008, -2.5787 -5.0394 0.7008, -2.4566 -5.0394 0.6702, -2.5707 -5.0394 0.6397, -2.4448 -5.0394 0.6417, -2.5471 -5.0394 0.5827, -2.426 -5.0394 0.6173, -2.5096 -5.0394 0.5338, -2.4016 -5.0394 0.5985, -2.4606 -5.0394 0.4962, -2.3731 -5.0394 0.5867, -2.4037 -5.0394 0.4726, -2.5787 0.9921 0.9537, -2.5787 0.9921 2.5197, -2.5787 1.189 0.9537, -2.5787 1.189 2.5197, -2.5787 -2.429 1.2639, -2.5787 -2.429 1.9172, -2.579 -2.3956 1.2619, -2.5787 -2.3622 1.9213, -2.5787 -2.3622 1.2598, -2.4606 -2.3622 1.2598, -2.4606 -2.4269 1.2639, -2.4606 -2.4269 1.9172, -2.4606 -2.3622 1.9212, -2.5787 -2.3622 2.079, -2.4606 -2.3622 2.079, -2.5787 -4.4531 1.9649, -2.4606 -4.4531 1.9649, -2.5787 -4.4726 1.9614, -2.4606 -4.4726 1.9614, -2.5787 -4.4907 1.953, -2.4606 -4.4907 1.953, -2.5787 -4.506 1.9404, -2.4606 -4.506 1.9404, -2.5787 -4.5177 1.9244, -2.4606 -4.5177 1.9244, -2.5787 -4.5251 1.906, -2.4606 -4.5251 1.906, -2.5787 -4.5276 1.8863, -2.4606 -4.5276 1.8863, -2.5787 -4.5276 1.2948, -2.4606 -4.5276 1.2948, -2.5787 -4.5251 1.2751, -2.4606 -4.5251 1.2751, -2.5787 -4.5177 1.2567, -2.4606 -4.5177 1.2567, -2.5787 -4.506 1.2407, -2.4606 -4.506 1.2407, -2.5787 -4.4907 1.2281, -2.4606 -4.4907 1.2281, -2.5787 -4.4726 1.2198, -2.4606 -4.4726 1.2198, -2.5787 -4.4531 1.2162, -2.4606 -4.4531 1.2162, -2.5787 -2.3622 1.1021, -2.4606 -2.3622 1.1021, -2.4606 1.0039 0.4646, -2.4606 1.0039 2.126, -2.4606 0.9921 0.9537, -2.4606 0.9921 2.126, -2.4606 -1.2599 2.126, -2.4606 -5.0394 2.4331, -2.4606 -5.0394 2.4803, -2.4606 -5.1103 2.4331, -2.4606 -5.1103 0.748, -2.4606 1.0236 0.1614, -2.4606 1.0236 0.4646, -2.4606 0.1654 0.7815, -2.4606 0.1748 0.7937, -2.4606 -1.2599 2.4803, -2.4606 0.7066 0.3824, -2.4606 0.7007 0.3681, -2.4606 0.2012 0.809, -2.4606 0.2165 0.811, -2.4606 0.9527 0.9537, -2.4606 0.6496 0.811, -2.4606 0.6649 0.809, -2.4606 0.7007 0.7815, -2.4606 0.6913 0.7937, -2.4606 0.6791 0.8031, -2.4606 -1.2573 0.728, -2.4606 0.1654 0.3681, -2.4606 -0.1136 0.4743, -2.4606 0.1748 0.3559, -2.4606 0.187 0.3465, -2.4606 0.6649 0.3406, -2.4606 0.6496 0.3386, -2.4606 -0.1103 0.1614, -2.4606 0.2165 0.3386, -2.4606 0.2012 0.3406, -2.4606 -0.1103 0.4488, -2.4606 0.9527 2.126, -2.4606 0.187 0.8031, -2.4606 0.6913 0.3559, -2.4606 0.6791 0.3465, -2.4606 -1.2044 0.7809, -2.4606 -1.1851 0.7835, -2.4606 -1.1657 0.7809, -2.4606 -1.1477 0.7734, -2.4606 -1.1322 0.7616, -2.4606 -1.1203 0.7461, -2.4606 0.1595 0.3824, -2.4606 0.1575 0.3976, -2.4606 -0.1234 0.498, -2.4606 0.1575 0.752, -2.4606 -0.1391 0.5184, -2.4606 0.7066 0.7673, -2.4606 0.7086 0.752, -2.4606 0.7086 0.3976, -2.4606 -1.0981 0.1614, -2.4606 -0.3192 0.1614, -2.4606 -1.1103 0.252, -2.4606 -0.3071 0.252, -2.4606 -1.1103 0.7087, -2.4606 0.1595 0.7673, -2.4606 -0.1595 0.5341, -2.4606 -0.1832 0.5439, -2.4606 -1.2498 0.7461, -2.4606 -1.238 0.7616, -2.4606 -1.2225 0.7734, -2.4606 -0.3071 0.4488, -2.4606 -0.3038 0.4743, -2.4606 -1.1128 0.728, -2.4606 -0.2939 0.498, -2.4606 -0.2783 0.5184, -2.4606 -0.2579 0.5341, -2.4606 -0.2342 0.5439, -2.4606 -0.2087 0.5472, -2.6969 0.1575 0.3976, -2.6969 0.1575 0.752, -2.6969 0.1595 0.7673, -2.6969 0.1654 0.7815, -2.6969 0.1748 0.7937, -2.6969 0.187 0.8031, -2.6969 0.2012 0.809, -2.6969 0.2165 0.811, -2.6969 0.6496 0.811, -2.6969 0.6649 0.809, -2.6969 0.6791 0.8031, -2.6969 0.6913 0.7937, -2.6969 0.7007 0.7815, -2.6969 0.7066 0.7673, -2.6969 0.7086 0.752, -2.6969 0.7086 0.3976, -2.6969 0.7066 0.3824, -2.6969 0.7007 0.3681, -2.6969 0.6913 0.3559, -2.6969 0.6791 0.3465, -2.6969 0.6649 0.3406, -2.6969 0.6496 0.3386, -2.6969 0.2165 0.3386, -2.6969 0.2012 0.3406, -2.6969 0.187 0.3465, -2.6969 0.1748 0.3559, -2.6969 0.1654 0.3681, -2.6969 0.1595 0.3824, -2.6969 -0.1103 -0.0394, -2.6969 -0.1103 0.9537, -2.6969 1.189 -0.0394, -2.6969 1.189 0.9537, -2.6969 0.4222 -0.0394, -2.4409 0.9527 0.9537, -2.3228 0.9527 0.9537, -2.4409 0.9921 0.9537, -2.3228 0.9921 0.9537, 2.3031 0.9921 0.9537, -2.3031 0.9921 0.9537, 2.3031 0.9527 0.9537, -2.3031 0.9527 0.9537, 2.3228 0.9527 0.9537, 2.4409 0.9527 0.9537, 2.3228 0.9921 0.9537, 2.4409 0.9921 0.9537, -2.5787 -0.1103 0.9537, -2.5787 0.9527 0.9537, 2.6969 -0.1103 0.9537, 2.6969 1.189 0.9537, 2.5787 0.9921 0.9537, 2.5787 1.189 0.9537, 2.5787 -0.1103 0.9537, 2.5787 0.9527 0.9537, 2.4606 0.9527 0.9537, 2.4606 0.9921 0.9537, -2.3228 0.9527 2.126, -2.3228 -0.1103 2.126, -2.3228 -0.1103 0.1614, -2.3228 1.0236 0.1614, -2.3228 1.0039 0.4646, -2.3228 1.0236 0.4646, -2.3228 1.0039 2.126, -2.3228 0.9921 2.126, 2.4606 0.9921 2.126, 2.3228 0.9921 2.126, 2.5623 0.9921 2.5984, 2.0834 0.9921 2.5984, 2.572 0.9921 2.5706, 2.0834 0.9921 2.5197, 2.5787 0.9921 2.5197, 2.3031 0.9921 2.126, 2.4409 0.9921 2.126, 0.315 0.9921 2.5984, -0.315 0.9921 2.5984, 0.315 0.9921 2.5197, -0.315 0.9921 2.5197, -2.0834 0.9921 2.5197, -2.4409 0.9921 2.126, -2.0834 0.9921 2.5984, -2.5623 0.9921 2.5984, -2.572 0.9921 2.5706, -2.3031 0.9921 2.126, 2.3228 1.0039 2.126, 2.3031 1.0039 2.126, 2.4606 1.0039 2.126, 2.4409 1.0039 2.126, 2.3031 0.9527 2.126, 2.3228 0.9527 2.126, 2.3228 -0.1103 2.126, 2.4409 0.9527 2.126, 2.4606 0.9527 2.126, 2.4409 -0.1103 2.126, 2.4606 -1.2599 2.126, 2.3031 -1.2599 2.126, 2.3228 1.0039 0.4646, 2.3228 -0.1103 0.1614, 2.3228 1.0236 0.4646, 2.3228 1.0236 0.1614, 2.5623 0.9527 2.5984, 2.572 0.9527 2.5706, 2.0834 0.9527 2.5984, 2.5787 0.9527 2.5197, -2.572 0.9527 2.5706, -2.5623 0.9527 2.5984, -2.0834 0.9527 2.5984, -2.5787 0.9527 2.5197, -2.0834 0.9527 2.7165, -0.315 0.9527 2.7165, -0.315 0.9527 2.5984, 0.315 0.9527 2.5984, 2.0834 0.9527 2.7165, 0.315 0.9527 2.7165, -2.3031 0.9527 2.126, -2.4409 0.9527 2.126, -0.315 1.189 2.5197, -0.315 1.1822 2.5706, -0.315 1.1626 2.6181, -0.315 0.9921 2.7165, -0.315 1.0431 2.7098, -0.315 1.0905 2.6902, -0.315 1.1313 2.6589, 0.315 0.9921 2.7165, 0.315 1.0431 2.7098, 0.315 1.0905 2.6902, 0.315 1.1313 2.6589, 0.315 1.1626 2.6181, 0.315 1.1822 2.5706, 0.315 1.189 2.5197, 2.0834 1.189 2.7165, 2.0834 1.189 2.5197, -2.0834 1.189 2.5197, -2.0834 1.189 2.7165, -2.5524 1.189 2.6181, -2.572 1.189 2.5706, -2.5787 -5.0394 2.5197, -2.572 -5.0394 2.5706, -2.5524 -5.0394 2.6181, -2.5211 -5.0394 2.6589, -2.5211 1.189 2.6589, -2.4803 -5.0394 2.6902, -2.4803 1.189 2.6902, -2.4328 -5.0394 2.7098, -2.4328 1.189 2.7098, -2.3819 -5.0394 2.7165, -2.3819 1.189 2.7165, 2.3819 -5.0394 2.7165, 2.2953 -5.0394 2.7165, 2.2953 -5.0394 2.5984, 2.4606 -5.0394 2.4331, 2.5787 -5.0394 2.4331, 2.4606 -5.0394 2.4803, 2.5787 -5.0394 2.5197, 2.4566 -5.0394 2.5109, 2.572 -5.0394 2.5706, 2.4448 -5.0394 2.5394, 2.5524 -5.0394 2.6181, 2.426 -5.0394 2.5638, 2.5211 -5.0394 2.6589, 2.4016 -5.0394 2.5826, 2.3425 -5.0394 2.5984, 2.3731 -5.0394 2.5944, 2.4328 -5.0394 2.7098, 2.4803 -5.0394 2.6902, -2.5787 -5.0394 2.4331, -2.4566 -5.0394 2.5109, -2.4448 -5.0394 2.5394, -2.2953 -5.0394 2.5984, -2.2953 -5.0394 2.7165, -2.3425 -5.0394 2.5984, -2.3731 -5.0394 2.5944, -2.4016 -5.0394 2.5826, -2.426 -5.0394 2.5638, 2.5787 -5.1103 2.4331, 2.4606 -5.1103 2.4331, 2.5828 -5.1408 2.4331, 2.4687 -5.1714 2.4331, 2.5946 -5.1693 2.4331, 2.4923 -5.2284 2.4331, 2.6133 -5.1938 2.4331, 2.5298 -5.2773 2.4331, 2.6378 -5.2125 2.4331, 2.5787 -5.3148 2.4331, 2.6663 -5.2243 2.4331, 2.6357 -5.3384 2.4331, 2.6969 -5.2284 2.4331, 2.6969 -5.3465 2.4331, 2.7618 -5.2284 2.4331, 2.7618 -5.3465 2.4331, 2.8799 -5.2284 2.315, 2.7618 -5.2284 0.748, 2.6969 -5.2284 0.748, 2.8209 -5.2284 2.4173, 2.8453 -5.2284 2.3985, 2.8641 -5.2284 2.374, 2.7924 -5.2284 2.429, 2.8759 -5.2284 2.3455, 2.8799 -5.2284 0.8661, 2.8759 -5.2284 0.8356, 2.8641 -5.2284 0.8071, 2.8453 -5.2284 0.7826, 2.8209 -5.2284 0.7639, 2.7924 -5.2284 0.7521, 2.7618 -5.3465 0.748, 2.6969 -5.3465 0.748, 2.6663 -5.2243 0.748, 2.6357 -5.3384 0.748, 2.6378 -5.2125 0.748, 2.5787 -5.3148 0.748, 2.6133 -5.1938 0.748, 2.5298 -5.2773 0.748, 2.5946 -5.1693 0.748, 2.4923 -5.2284 0.748, 2.5828 -5.1408 0.748, 2.4687 -5.1714 0.748, 2.5787 -5.1103 0.748, 2.4606 -5.1103 0.748, 2.5787 -5.0394 0.748, 2.4606 -5.0394 0.748, 2.8799 -5.3465 0.8661, 2.8799 -5.3465 2.315, 2.8641 -5.3465 2.374, 2.8453 -5.3465 2.3985, 2.8209 -5.3465 2.4173, 2.7924 -5.3465 0.7521, 2.8209 -5.3465 0.7639, 2.8759 -5.3465 2.3455, 2.7924 -5.3465 2.429, 2.8453 -5.3465 0.7826, 2.8641 -5.3465 0.8071, 2.8759 -5.3465 0.8356, 2.3731 -5.0394 0.5867, 2.4037 -5.0394 0.4726, 2.4016 -5.0394 0.5985, 2.4606 -5.0394 0.4962, 2.426 -5.0394 0.6173, 2.5096 -5.0394 0.5338, 2.4448 -5.0394 0.6417, 2.5471 -5.0394 0.5827, 2.4566 -5.0394 0.6702, 2.5707 -5.0394 0.6397, 2.4606 -5.0394 0.7008, 2.5787 -5.0394 0.7008, 2.4037 -1.2599 0.4726, 2.4606 -1.2599 0.4962, 2.5096 -1.2599 0.5338, 2.5471 -1.2599 0.5827, 2.5707 -1.2599 0.6397, 2.5787 -1.2599 0.7008, 2.4606 -1.2599 0.7087, 2.5787 -1.2599 0.7087, 2.4606 -1.2599 0.7008, 2.4566 -1.2599 0.6702, 2.4448 -1.2599 0.6417, 2.426 -1.2599 0.6173, 2.4016 -1.2599 0.5985, 2.3731 -1.2599 0.5867, 2.5787 -1.2573 0.728, 2.4606 -1.2573 0.728, 2.5787 -1.2498 0.7461, 2.4606 -1.2498 0.7461, 2.5787 -1.238 0.7616, 2.4606 -1.238 0.7616, 2.5787 -1.2225 0.7734, 2.4606 -1.2225 0.7734, 2.5787 -1.2044 0.7809, 2.4606 -1.2044 0.7809, 2.5787 -1.1851 0.7835, 2.4606 -1.1851 0.7835, 2.5787 -1.1657 0.7809, 2.4606 -1.1657 0.7809, 2.5787 -1.1477 0.7734, 2.4606 -1.1477 0.7734, 2.5787 -1.1322 0.7616, 2.4606 -1.1322 0.7616, 2.5787 -1.1203 0.7461, 2.4606 -1.1203 0.7461, 2.5787 -1.1128 0.728, 2.4606 -1.1128 0.728, 2.5787 -1.1103 0.7087, 2.4606 -1.1103 0.7087, 2.4606 -1.1103 0.252, 2.5787 -1.1103 0.252, -2.9376 -0.9779 -0.736, -2.9475 -0.9818 -0.7076, -3.0652 -0.9796 -0.7228, -3.0709 -0.9873 -0.666, -2.7603 -1.0232 -0.3976, -2.7629 -1.0232 -0.3976, -2.9055 -1.003 -0.5486, -3.0279 -1.0075 -0.5148, -2.9292 -0.9987 -0.5799, -2.9462 -0.9934 -0.6194, -2.7604 -0.8874 -1.4116, -2.6307 -0.8874 -1.4116, -3.0451 -0.9713 -0.7848, -3.0487 -0.9724 -0.7768, -2.9529 -0.9873 -0.666, -2.9527 -0.9878 -0.6621, -3.0675 -0.9932 -0.6214, -3.053 -1.0006 -0.5662, -2.5787 -1.1103 0.252, -2.5787 -1.0902 0.1024, -2.4606 -1.0902 0.1024, -2.5839 -1.0826 0.0457, -2.4672 -1.0799 0.0256, -2.5843 -1.082 0.0414, -2.4834 -1.0712 -0.0394, -2.6011 -1.0741 -0.0178, -2.4939 -1.0679 -0.0644, -2.6027 -1.0737 -0.0211, -2.5104 -1.0626 -0.1039, -2.6283 -1.0667 -0.073, -2.537 -1.0567 -0.1478, -2.6353 -1.0654 -0.0824, -2.5446 -1.055 -0.1603, -2.6628 -1.0605 -0.1195, -2.5843 -1.0486 -0.2085, -2.6701 -1.0594 -0.1274, -2.9936 -1.0135 -0.4699, 2.7603 -0.3941 -0.3976, 2.7603 -1.0232 -0.3976, 2.7629 -0.3941 -0.3976, 2.7629 -1.0232 -0.3976, 2.9055 -0.4144 -0.5486, 2.9055 -1.003 -0.5486, 2.9528 -0.9873 -0.666, 2.9528 -0.4301 -0.666, 2.9483 -0.4348 -0.7015, 2.9376 -0.4395 -0.736, 2.9376 -0.9779 -0.736, 2.9475 -0.4356 -0.7076, 2.9483 -0.982 -0.7053, 2.9487 -0.9825 -0.7015, 2.5978 -0.5397 -1.4839, 2.6004 -0.8639 -1.4785, 2.6112 -0.8763 -1.4547, 2.5787 -0.5743 -1.526, 2.5787 -0.8273 -1.526, 2.5862 -0.5602 -1.5096, 2.5849 -0.8389 -1.5125, 2.5946 -0.5443 -1.4911, 2.5949 -0.8576 -1.4907, 2.6307 -0.8874 -1.4116, 2.618 -0.8802 -1.4396, -2.6863 -0.7008 -1.5748, -2.6863 -0.7022 -1.5748, -2.6865 -0.7136 -1.5744, -2.6837 -0.7221 -1.5736, -2.6878 -0.7295 -1.5714, -2.6808 -0.7297 -1.5723, -2.6901 -0.7557 -1.5666, -2.6753 -0.744 -1.5698, -2.693 -0.7701 -1.5602, -2.5848 -0.8393 -1.5127, -2.7107 -0.8325 -1.521, -2.7019 -0.8074 -1.5405, -2.5787 -0.8273 -1.526, -2.6109 -0.8075 -1.5406, -2.6291 -0.7963 -1.5488, -2.6986 -0.798 -1.5478, -2.6563 -0.7706 -1.5612, -2.6589 -0.7681 -1.5624, -2.7145 -0.8393 -1.5128, -2.5922 -0.854 -1.4964, -2.7246 -0.8576 -1.4907, -2.6003 -0.8639 -1.4784, -2.7302 -0.8639 -1.4785, -2.6101 -0.8758 -1.4568, -2.741 -0.8763 -1.4547, -2.618 -0.8802 -1.4396, -2.7478 -0.8802 -1.4396, -2.6841 -0.6812 -1.5738, -2.688 -0.6691 -1.5712, -2.5787 -0.5743 -1.526, -2.5846 -0.5773 -1.5286, -2.5861 -0.5602 -1.5097, -2.6065 -0.5913 -1.5386, -2.7276 -0.5397 -1.4839, -2.5978 -0.5397 -1.4839, -2.7211 -0.5493 -1.4983, -2.5941 -0.5449 -1.492, -2.7159 -0.5601 -1.5097, -2.7064 -0.5802 -1.5311, -2.7031 -0.5914 -1.5384, -2.6319 -0.6075 -1.5501, -2.6953 -0.6179 -1.5556, -2.6936 -0.6284 -1.5593, -2.6528 -0.6283 -1.5596, -2.6619 -0.6373 -1.5637, -2.6886 -0.659 -1.5701, -2.6774 -0.662 -1.5708, -2.6798 -0.6691 -1.5719, 2.7604 -0.8874 -1.4116, 2.611 -0.8075 -1.5406, 2.6928 -0.7703 -1.5605, 2.6969 -0.7915 -1.5514, 2.6286 -0.7966 -1.5486, 2.702 -0.8073 -1.5403, 2.7082 -0.8266 -1.5266, 2.7145 -0.8392 -1.5127, 2.7219 -0.854 -1.4963, 2.7301 -0.8638 -1.4784, 2.7399 -0.8758 -1.4567, 2.7477 -0.8802 -1.4396, 2.6564 -0.7706 -1.5613, 2.6581 -0.769 -1.562, 2.69 -0.7559 -1.5667, 2.675 -0.7444 -1.5697, 2.6876 -0.7296 -1.5719, 2.6806 -0.7296 -1.5723, 2.6836 -0.7219 -1.5736, 2.6867 -0.7197 -1.5739, 2.6863 -0.7022 -1.5748, 2.6863 -0.7008 -1.5748, 2.6841 -0.6816 -1.5738, 2.6879 -0.6691 -1.5712, 2.6798 -0.6691 -1.5719, 2.6885 -0.658 -1.57, 2.6774 -0.6622 -1.5708, 2.6933 -0.6283 -1.5593, 2.6648 -0.641 -1.5651, 2.6528 -0.6283 -1.5596, 2.6949 -0.6183 -1.5558, 2.6383 -0.6129 -1.553, 2.7028 -0.5913 -1.5384, 2.6067 -0.5912 -1.5387, 2.7059 -0.5806 -1.5315, 2.5936 -0.5822 -1.5327, 2.7157 -0.5596 -1.5101, 2.7276 -0.5397 -1.4839, 2.7186 -0.5533 -1.5036, -3.0451 -0.446 -0.7848, -2.9376 -0.4395 -0.736, -2.5787 -0.3071 0.252, -2.5787 -0.3272 0.1024, -2.4606 -0.3272 0.1024, -2.5838 -0.3347 0.0457, -2.4672 -0.3374 0.0256, -2.5839 -0.335 0.0436, -2.4834 -0.3461 -0.0394, -2.5997 -0.3427 -0.0142, -2.4939 -0.3495 -0.0644, -2.6029 -0.3437 -0.021, -2.5111 -0.355 -0.1055, -2.6237 -0.3496 -0.0652, -3.0709 -0.4301 -0.666, -3.0662 -0.4232 -0.6142, -2.9465 -0.4238 -0.6191, -3.0501 -0.4159 -0.5587, -2.932 -0.4191 -0.5841, -3.026 -0.4095 -0.5117, -2.9055 -0.4144 -0.5486, -2.9528 -0.4294 -0.6606, -2.9529 -0.4301 -0.666, -3.0658 -0.4373 -0.7197, -2.9483 -0.4354 -0.7053, -3.0504 -0.4444 -0.7724, -2.6357 -0.3519 -0.0822, -2.5372 -0.3607 -0.1477, -2.6574 -0.356 -0.1132, -2.5484 -0.3631 -0.1657, -2.6701 -0.3579 -0.1274, -2.5843 -0.3688 -0.2085, -2.9936 -0.4038 -0.4699, -2.7629 -0.3941 -0.3976, -2.7603 -0.3941 -0.3976, 2.5787 -0.3071 0.252, 2.4606 -0.3071 0.252, 2.5787 -0.3071 0.4488, 2.4606 -0.3071 0.4488, 2.5787 -0.3038 0.4743, 2.4606 -0.3038 0.4743, 2.5787 -0.2939 0.498, 2.4606 -0.2939 0.498, 2.5787 -0.2783 0.5184, 2.4606 -0.2783 0.5184, 2.5787 -0.2579 0.5341, 2.4606 -0.2579 0.5341, 2.5787 -0.2342 0.5439, 2.4606 -0.2342 0.5439, 2.5787 -0.2087 0.5472, 2.4606 -0.2087 0.5472, 2.5787 -0.1832 0.5439, 2.4606 -0.1832 0.5439, 2.5787 -0.1595 0.5341, 2.4606 -0.1595 0.5341, 2.5787 -0.1391 0.5184, 2.4606 -0.1391 0.5184, 2.5787 -0.1234 0.498, 2.4606 -0.1234 0.498, 2.5787 -0.1136 0.4743, 2.4606 -0.1136 0.4743, 2.5787 -0.1103 0.4488, 2.4606 -0.1103 0.4488, 2.4606 -0.1103 0.1614, 2.4606 -0.1103 -0.0394, 2.6969 -0.1103 -0.0394, 2.6969 0.1595 0.7673, 2.6969 0.1654 0.7815, 2.6969 0.6913 0.3559, 2.6969 1.189 -0.0394, 2.6969 0.7007 0.3681, 2.6969 0.7066 0.3824, 2.6969 0.6791 0.3465, 2.6969 0.6649 0.3406, 2.6969 0.4222 -0.0394, 2.6969 0.187 0.3465, 2.6969 0.1748 0.3559, 2.6969 0.1654 0.3681, 2.6969 0.6913 0.7937, 2.6969 0.7007 0.7815, 2.6969 0.1595 0.3824, 2.6969 0.1575 0.3976, 2.6969 0.1575 0.752, 2.6969 0.1748 0.7937, 2.6969 0.187 0.8031, 2.6969 0.2012 0.809, 2.6969 0.6791 0.8031, 2.6969 0.6496 0.3386, 2.6969 0.2165 0.3386, 2.6969 0.2012 0.3406, 2.6969 0.2165 0.811, 2.6969 0.6496 0.811, 2.6969 0.6649 0.809, 2.6969 0.7066 0.7673, 2.6969 0.7086 0.752, 2.6969 0.7086 0.3976, 1.2894 0.0669 -1.1535, 1.2894 0.0669 -0.0394, 1.2894 0.185 -1.1535, 1.2894 0.185 -0.0394, 1.4665 0.0669 -1.1535, 1.4665 0.0669 -0.0394, 1.4665 0.185 -1.1535, 1.4665 0.185 -0.0394, 0.4823 0.0669 -1.1535, 0.3051 0.0669 -1.1535, 0.4823 0.185 -1.1535, 0.3051 0.185 -1.1535, -0.3051 0.0669 -1.1535, -0.4823 0.0669 -1.1535, -0.3051 0.185 -1.1535, -0.4823 0.185 -1.1535, -1.2894 0.0669 -1.1535, -1.4665 0.0669 -1.1535, -1.2894 0.185 -1.1535, -1.4665 0.185 -1.1535, -1.4862 0.6594 -1.1535, -1.6634 0.6594 -1.1535, -1.4862 0.7775 -1.1535, -1.6634 0.7775 -1.1535, -0.6988 0.6594 -1.1535, -0.876 0.6594 -1.1535, -0.6988 0.7775 -1.1535, -0.876 0.7775 -1.1535, 0.0886 0.6594 -1.1535, -0.0886 0.6594 -1.1535, 0.0886 0.7775 -1.1535, -0.0886 0.7775 -1.1535, 0.876 0.6594 -1.1535, 0.6988 0.6594 -1.1535, 0.876 0.7775 -1.1535, 0.6988 0.7775 -1.1535, 1.6634 0.6594 -1.1535, 1.4862 0.6594 -1.1535, 1.6634 0.7775 -1.1535, 1.4862 0.7775 -1.1535, 0.3051 0.0669 -0.0394, 0.3051 0.185 -0.0394, 0.4823 0.0669 -0.0394, 0.4823 0.185 -0.0394, -0.4823 0.0669 -0.0394, -0.4823 0.185 -0.0394, -0.3051 0.0669 -0.0394, -0.3051 0.185 -0.0394, -1.4665 0.0669 -0.0394, -1.4665 0.185 -0.0394, -1.2894 0.0669 -0.0394, -1.2894 0.185 -0.0394, -1.6634 0.6594 -0.0394, -1.6634 0.7775 -0.0394, -1.4862 0.6594 -0.0394, -1.4862 0.7775 -0.0394, -0.876 0.6594 -0.0394, -0.876 0.7775 -0.0394, -0.6988 0.6594 -0.0394, -0.6988 0.7775 -0.0394, -0.0886 0.6594 -0.0394, -0.0886 0.7775 -0.0394, 0.0886 0.6594 -0.0394, 0.0886 0.7775 -0.0394, 0.6988 0.6594 -0.0394, 0.6988 0.7775 -0.0394, 0.876 0.6594 -0.0394, 0.876 0.7775 -0.0394, 1.4862 0.6594 -0.0394, 1.4862 0.7775 -0.0394, 1.6634 0.6594 -0.0394, 1.6634 0.7775 -0.0394
            ]
        }
        coordIndex [
            0,1,2,-1,2,1,3,-1,2,3,4,-1,4,3,5,-1,4,5,6,-1,6,5,7,-1,6,7,8,-1,8,7,9,-1,8,9,10,-1,10,9,11,-1,10,11,12,-1,12,11,13,-1,12,13,14,-1,14,13,15,-1,14,15,16,-1,16,15,17,-1,18,19,20,-1,20,19,21,-1,22,23,24,-1,24,23,3,-1,24,3,1,-1,25,26,20,-1,20,26,27,-1,28,29,24,-1,30,31,24,-1,32,33,20,-1,20,33,34,-1,20,34,24,-1,24,34,35,-1,36,37,38,-1,38,37,39,-1,38,39,40,-1,27,41,20,-1,20,41,42,-1,20,42,32,-1,43,44,45,-1,45,44,46,-1,47,35,48,-1,48,35,49,-1,47,50,35,-1,35,50,51,-1,35,51,24,-1,24,51,52,-1,24,52,53,-1,40,54,38,-1,38,54,55,-1,38,55,21,-1,21,55,56,-1,21,56,20,-1,20,56,57,-1,20,57,25,-1,49,35,44,-1,44,35,58,-1,44,58,59,-1,59,60,44,-1,44,60,61,-1,44,61,46,-1,53,62,24,-1,24,62,63,-1,24,63,28,-1,29,64,24,-1,24,64,65,-1,24,65,66,-1,43,67,44,-1,44,67,68,-1,44,68,69,-1,69,70,44,-1,44,70,71,-1,44,71,72,-1,72,71,73,-1,72,73,74,-1,66,75,24,-1,24,75,76,-1,24,76,77,-1,77,78,24,-1,24,78,79,-1,24,79,30,-1,31,80,24,-1,24,80,81,-1,24,81,22,-1,22,81,82,-1,22,82,83,-1,83,82,84,-1,83,84,85,-1,86,87,83,-1,83,87,36,-1,83,36,88,-1,88,36,38,-1,85,89,83,-1,83,89,90,-1,83,90,91,-1,86,83,92,-1,92,83,91,-1,92,91,93,-1,93,91,94,-1,93,94,95,-1,95,94,96,-1,95,96,97,-1,97,98,95,-1,95,98,99,-1,95,99,100,-1,100,99,101,-1,100,101,102,-1,102,101,74,-1,102,74,103,-1,103,74,73,-1,104,105,31,-1,31,105,80,-1,106,107,108,-1,108,107,109,-1,110,53,52,-1,111,112,107,-1,107,112,113,-1,52,114,115,-1,115,116,52,-1,52,116,117,-1,52,117,118,-1,118,119,52,-1,52,119,120,-1,52,120,110,-1,121,109,122,-1,122,109,107,-1,122,107,123,-1,123,107,113,-1,124,125,107,-1,107,125,126,-1,107,126,127,-1,127,128,107,-1,107,128,129,-1,107,129,111,-1,130,131,52,-1,52,131,132,-1,52,132,114,-1,130,52,133,-1,133,52,134,-1,133,134,107,-1,107,134,135,-1,107,135,124,-1,136,137,138,-1,138,137,139,-1,140,141,142,-1,142,141,138,-1,142,138,143,-1,143,138,139,-1,144,145,146,-1,146,145,147,-1,146,147,140,-1,140,147,148,-1,140,148,141,-1,144,146,149,-1,149,146,150,-1,149,150,151,-1,151,152,149,-1,149,152,153,-1,149,153,154,-1,154,153,155,-1,154,155,156,-1,157,158,159,-1,159,158,156,-1,159,156,160,-1,160,156,155,-1,161,162,157,-1,157,162,163,-1,157,163,158,-1,161,164,162,-1,162,164,109,-1,162,109,121,-1,165,136,166,-1,166,136,138,-1,166,138,167,-1,167,138,141,-1,167,141,168,-1,168,141,148,-1,168,148,169,-1,169,148,147,-1,169,147,170,-1,170,147,145,-1,170,145,171,-1,171,145,144,-1,171,144,172,-1,172,144,149,-1,172,149,173,-1,173,149,154,-1,173,154,174,-1,174,154,156,-1,174,156,175,-1,175,156,158,-1,175,158,176,-1,176,158,163,-1,176,163,177,-1,177,163,162,-1,177,162,178,-1,178,162,121,-1,171,172,179,-1,180,165,181,-1,181,165,166,-1,167,182,166,-1,166,182,183,-1,166,183,181,-1,184,185,169,-1,169,185,182,-1,169,182,168,-1,168,182,167,-1,184,169,179,-1,179,169,170,-1,179,170,171,-1,186,187,174,-1,174,187,173,-1,173,187,188,-1,173,188,172,-1,172,188,189,-1,172,189,179,-1,190,175,176,-1,191,192,174,-1,174,192,193,-1,174,193,186,-1,175,190,174,-1,174,190,194,-1,174,194,191,-1,176,177,190,-1,190,177,178,-1,190,178,108,-1,180,181,137,-1,137,181,139,-1,139,181,143,-1,143,181,183,-1,143,183,195,-1,195,183,182,-1,195,182,140,-1,140,182,185,-1,140,185,146,-1,146,185,184,-1,146,184,150,-1,184,179,150,-1,150,179,189,-1,150,189,196,-1,196,189,188,-1,108,109,190,-1,190,109,164,-1,190,164,194,-1,194,164,161,-1,194,161,191,-1,191,161,197,-1,191,197,192,-1,192,197,159,-1,192,159,193,-1,193,159,160,-1,193,160,186,-1,186,160,198,-1,186,198,187,-1,187,198,153,-1,187,153,188,-1,188,153,152,-1,188,152,196,-1,199,200,201,-1,201,200,202,-1,202,203,201,-1,201,203,204,-1,201,204,205,-1,205,204,206,-1,204,207,206,-1,206,207,208,-1,206,208,209,-1,209,208,210,-1,209,210,211,-1,211,210,212,-1,210,213,212,-1,212,213,214,-1,212,214,215,-1,215,214,216,-1,215,216,217,-1,217,216,218,-1,216,219,218,-1,218,219,220,-1,218,220,221,-1,221,220,222,-1,221,222,223,-1,223,222,224,-1,223,224,225,-1,225,224,226,-1,225,226,227,-1,227,226,228,-1,227,228,229,-1,229,228,230,-1,229,230,231,-1,232,233,234,-1,234,233,235,-1,234,235,236,-1,236,235,231,-1,236,231,237,-1,237,231,230,-1,238,239,240,-1,240,239,241,-1,240,241,242,-1,242,241,234,-1,234,241,243,-1,234,243,232,-1,180,137,244,-1,244,137,239,-1,244,239,245,-1,245,239,238,-1,199,201,246,-1,246,247,199,-1,199,247,248,-1,199,248,249,-1,201,250,246,-1,246,250,206,-1,246,206,251,-1,251,206,252,-1,252,206,209,-1,252,209,253,-1,209,254,253,-1,253,254,212,-1,253,212,255,-1,255,212,215,-1,255,215,256,-1,256,215,257,-1,256,257,258,-1,258,257,218,-1,258,218,259,-1,259,218,260,-1,218,261,260,-1,260,261,262,-1,260,262,263,-1,263,262,264,-1,263,264,265,-1,265,264,227,-1,265,227,266,-1,266,227,229,-1,266,229,267,-1,267,229,268,-1,267,268,235,-1,269,270,233,-1,233,270,271,-1,233,271,235,-1,235,271,272,-1,235,272,267,-1,137,136,273,-1,233,274,269,-1,269,274,243,-1,269,243,275,-1,275,243,276,-1,275,276,273,-1,273,276,239,-1,273,239,137,-1,277,249,278,-1,278,249,248,-1,278,248,279,-1,279,248,280,-1,280,248,281,-1,281,248,282,-1,281,282,283,-1,283,282,284,-1,284,282,246,-1,284,246,285,-1,285,252,284,-1,284,252,253,-1,284,253,286,-1,286,253,287,-1,288,289,265,-1,265,289,290,-1,265,290,291,-1,291,290,292,-1,291,292,293,-1,293,292,294,-1,293,294,295,-1,295,294,296,-1,295,296,258,-1,258,296,297,-1,258,297,256,-1,256,297,298,-1,256,298,287,-1,287,298,299,-1,287,299,286,-1,265,300,288,-1,288,300,267,-1,288,267,301,-1,301,267,272,-1,301,272,302,-1,302,272,303,-1,272,304,303,-1,303,304,270,-1,303,270,305,-1,305,270,269,-1,305,269,306,-1,306,269,307,-1,136,165,273,-1,273,165,308,-1,269,309,307,-1,307,309,273,-1,307,273,310,-1,310,273,308,-1,292,290,226,-1,281,204,280,-1,280,204,203,-1,280,203,279,-1,279,203,202,-1,279,202,278,-1,278,202,200,-1,278,200,277,-1,214,213,284,-1,284,213,210,-1,284,210,283,-1,283,210,208,-1,283,208,281,-1,281,208,207,-1,281,207,204,-1,216,297,219,-1,219,297,296,-1,284,286,214,-1,214,286,299,-1,214,299,216,-1,216,299,298,-1,216,298,297,-1,292,226,294,-1,226,224,294,-1,294,224,222,-1,294,222,296,-1,296,222,220,-1,296,220,219,-1,237,230,290,-1,290,230,228,-1,290,228,226,-1,290,289,237,-1,237,289,288,-1,237,288,236,-1,236,288,301,-1,236,301,234,-1,234,301,302,-1,234,302,242,-1,242,302,303,-1,242,303,305,-1,307,245,306,-1,306,245,238,-1,306,238,305,-1,305,238,240,-1,305,240,242,-1,307,310,245,-1,245,310,308,-1,245,308,244,-1,244,308,165,-1,244,165,180,-1,311,312,313,-1,313,312,314,-1,311,313,200,-1,200,313,315,-1,200,315,316,-1,314,317,313,-1,313,317,318,-1,313,318,319,-1,320,321,200,-1,200,321,322,-1,200,322,323,-1,323,324,200,-1,200,324,325,-1,200,325,277,-1,319,326,313,-1,313,326,327,-1,313,327,328,-1,328,329,313,-1,313,329,330,-1,313,330,331,-1,331,332,313,-1,313,332,333,-1,313,333,334,-1,316,335,200,-1,200,335,336,-1,200,336,337,-1,337,338,200,-1,200,338,339,-1,200,339,320,-1,340,249,325,-1,325,249,277,-1,341,199,249,-1,342,343,344,-1,345,346,347,-1,343,348,344,-1,344,348,349,-1,344,349,350,-1,249,340,341,-1,341,340,351,-1,341,351,344,-1,344,351,352,-1,344,352,342,-1,350,349,347,-1,347,349,353,-1,347,353,345,-1,340,325,324,-1,340,324,351,-1,344,350,317,-1,311,341,312,-1,312,341,344,-1,312,344,314,-1,314,344,317,-1,347,319,350,-1,350,319,318,-1,350,318,317,-1,346,327,347,-1,347,327,326,-1,347,326,319,-1,345,329,346,-1,346,329,328,-1,346,328,327,-1,333,332,353,-1,353,332,331,-1,353,331,345,-1,345,331,330,-1,345,330,329,-1,333,353,334,-1,334,353,349,-1,334,349,313,-1,313,349,315,-1,315,349,348,-1,315,348,316,-1,316,348,335,-1,335,348,343,-1,335,343,336,-1,342,338,343,-1,343,338,337,-1,343,337,336,-1,352,320,342,-1,342,320,339,-1,342,339,338,-1,324,323,351,-1,351,323,322,-1,351,322,352,-1,352,322,321,-1,352,321,320,-1,311,200,341,-1,341,200,199,-1,354,355,356,-1,357,358,359,-1,358,360,359,-1,359,360,361,-1,359,361,362,-1,362,361,363,-1,364,365,356,-1,356,365,366,-1,367,368,359,-1,359,368,369,-1,359,369,357,-1,108,178,106,-1,106,178,370,-1,361,371,363,-1,363,371,106,-1,363,106,372,-1,372,106,370,-1,366,373,356,-1,356,373,374,-1,356,374,375,-1,375,376,356,-1,356,376,377,-1,356,377,354,-1,378,379,359,-1,359,379,380,-1,359,380,367,-1,364,356,359,-1,359,356,381,-1,359,381,378,-1,382,383,384,-1,384,383,385,-1,386,387,388,-1,389,390,2,-1,385,391,384,-1,384,391,392,-1,384,392,388,-1,388,392,393,-1,388,393,386,-1,394,395,396,-1,396,395,397,-1,396,397,398,-1,398,397,399,-1,400,401,2,-1,401,402,2,-1,2,402,403,-1,2,403,389,-1,390,404,2,-1,2,404,405,-1,2,405,406,-1,407,408,409,-1,409,408,410,-1,409,410,411,-1,411,410,412,-1,411,412,413,-1,387,414,388,-1,388,414,415,-1,388,415,396,-1,396,415,416,-1,396,416,417,-1,407,418,419,-1,420,421,408,-1,408,421,422,-1,408,422,423,-1,384,424,382,-1,382,424,408,-1,382,408,425,-1,425,408,423,-1,2,426,398,-1,427,0,428,-1,428,0,2,-1,428,2,429,-1,429,2,406,-1,430,431,417,-1,417,431,432,-1,417,432,433,-1,433,434,417,-1,417,434,435,-1,417,435,396,-1,396,435,436,-1,396,436,394,-1,419,437,407,-1,407,437,438,-1,407,438,408,-1,408,438,439,-1,408,439,440,-1,399,441,398,-1,398,441,105,-1,398,105,2,-1,2,105,104,-1,2,104,400,-1,442,443,412,-1,412,443,444,-1,412,444,413,-1,440,445,408,-1,408,445,446,-1,408,446,420,-1,427,447,0,-1,0,447,356,-1,0,356,442,-1,442,356,355,-1,442,355,443,-1,448,449,407,-1,407,449,450,-1,407,450,418,-1,430,451,431,-1,431,451,452,-1,431,452,453,-1,453,452,454,-1,453,454,455,-1,455,454,456,-1,456,454,457,-1,456,457,448,-1,448,457,458,-1,448,458,449,-1,459,460,461,-1,461,460,462,-1,461,462,463,-1,463,462,464,-1,463,464,465,-1,465,464,466,-1,465,466,467,-1,467,466,468,-1,467,468,469,-1,469,468,470,-1,469,470,471,-1,471,470,472,-1,471,472,426,-1,426,472,23,-1,426,23,398,-1,398,23,22,-1,3,23,472,-1,3,472,5,-1,5,472,470,-1,5,470,7,-1,7,470,468,-1,7,468,9,-1,9,468,466,-1,9,466,11,-1,11,466,464,-1,11,464,13,-1,13,464,462,-1,13,462,15,-1,473,474,475,-1,475,474,476,-1,477,478,479,-1,479,478,480,-1,479,480,481,-1,481,482,479,-1,479,482,483,-1,479,483,477,-1,483,482,484,-1,484,482,485,-1,485,480,484,-1,484,480,478,-1,486,480,487,-1,487,480,485,-1,488,486,489,-1,489,486,487,-1,488,489,490,-1,490,489,491,-1,490,491,492,-1,492,491,493,-1,492,493,494,-1,494,493,495,-1,494,495,496,-1,496,495,497,-1,496,497,498,-1,498,497,499,-1,498,499,500,-1,500,499,501,-1,502,500,503,-1,503,500,501,-1,502,503,504,-1,504,503,505,-1,504,505,506,-1,506,505,507,-1,506,507,508,-1,508,507,509,-1,508,509,510,-1,510,509,511,-1,510,511,512,-1,512,511,513,-1,512,513,514,-1,514,513,515,-1,516,514,517,-1,517,514,515,-1,481,516,482,-1,482,516,517,-1,518,519,520,-1,520,519,521,-1,487,485,522,-1,522,485,482,-1,522,482,517,-1,499,497,523,-1,523,497,495,-1,523,495,524,-1,524,495,493,-1,524,493,491,-1,499,523,501,-1,501,523,525,-1,501,525,503,-1,503,525,526,-1,503,526,505,-1,505,526,459,-1,505,459,507,-1,515,513,461,-1,461,513,511,-1,461,511,459,-1,459,511,509,-1,459,509,507,-1,527,528,518,-1,522,529,530,-1,491,489,524,-1,524,489,487,-1,524,487,531,-1,531,487,522,-1,532,533,518,-1,534,535,536,-1,536,535,537,-1,536,537,538,-1,539,520,540,-1,540,520,536,-1,540,536,541,-1,541,536,538,-1,16,542,517,-1,543,544,545,-1,545,544,546,-1,518,547,527,-1,527,547,548,-1,527,548,549,-1,549,548,550,-1,550,551,549,-1,549,551,546,-1,549,546,552,-1,552,546,544,-1,536,553,534,-1,534,553,522,-1,534,522,554,-1,554,522,530,-1,533,555,518,-1,518,555,556,-1,518,556,547,-1,515,461,517,-1,517,461,14,-1,517,14,16,-1,557,558,522,-1,558,559,522,-1,522,559,560,-1,522,560,529,-1,529,560,561,-1,529,561,562,-1,543,563,544,-1,544,563,564,-1,544,564,565,-1,565,564,566,-1,565,566,567,-1,539,568,520,-1,520,568,569,-1,520,569,518,-1,518,569,570,-1,518,570,532,-1,571,572,573,-1,573,572,574,-1,573,574,575,-1,566,576,567,-1,567,576,529,-1,567,529,577,-1,577,529,578,-1,542,579,517,-1,517,579,580,-1,517,580,522,-1,522,580,581,-1,522,581,557,-1,574,582,575,-1,575,582,583,-1,575,583,584,-1,584,583,585,-1,584,585,562,-1,562,585,586,-1,586,587,562,-1,562,587,588,-1,562,588,529,-1,529,588,589,-1,529,589,578,-1,590,591,564,-1,564,591,566,-1,566,591,576,-1,576,591,592,-1,576,592,529,-1,529,592,593,-1,529,593,530,-1,530,593,594,-1,530,594,554,-1,554,594,595,-1,554,595,534,-1,534,595,596,-1,534,596,535,-1,535,596,597,-1,597,598,535,-1,535,598,537,-1,537,598,538,-1,538,598,599,-1,538,599,541,-1,541,599,600,-1,541,600,540,-1,540,600,601,-1,540,601,539,-1,539,601,602,-1,539,602,568,-1,568,602,603,-1,568,603,569,-1,569,603,604,-1,604,605,569,-1,569,605,570,-1,570,605,532,-1,532,605,606,-1,532,606,533,-1,533,606,607,-1,533,607,555,-1,555,607,608,-1,555,608,556,-1,556,608,609,-1,556,609,547,-1,547,609,610,-1,547,610,548,-1,548,610,611,-1,611,612,548,-1,548,612,550,-1,550,612,551,-1,551,612,613,-1,551,613,546,-1,546,613,614,-1,546,614,545,-1,545,614,615,-1,545,615,543,-1,543,615,616,-1,543,616,563,-1,563,616,617,-1,563,617,564,-1,564,617,590,-1,616,615,618,-1,616,618,617,-1,596,595,619,-1,619,595,594,-1,619,594,593,-1,609,608,620,-1,620,608,607,-1,603,602,621,-1,621,602,601,-1,621,601,600,-1,600,599,621,-1,621,599,598,-1,621,598,619,-1,619,598,597,-1,619,597,596,-1,607,606,620,-1,620,606,605,-1,620,605,621,-1,621,605,604,-1,621,604,603,-1,593,592,619,-1,619,592,591,-1,619,591,618,-1,618,591,590,-1,618,590,617,-1,615,614,618,-1,618,614,613,-1,618,613,622,-1,613,612,622,-1,622,612,611,-1,622,611,620,-1,620,611,610,-1,620,610,609,-1,623,624,625,-1,625,624,626,-1,627,628,629,-1,629,628,630,-1,631,632,633,-1,633,632,634,-1,473,475,621,-1,619,635,636,-1,536,520,636,-1,636,520,473,-1,636,473,619,-1,619,473,621,-1,637,638,639,-1,639,638,640,-1,641,637,642,-1,642,637,639,-1,642,639,643,-1,643,639,644,-1,624,645,646,-1,647,648,649,-1,649,648,650,-1,646,647,624,-1,624,647,649,-1,624,649,626,-1,626,649,651,-1,626,651,652,-1,653,644,639,-1,654,633,634,-1,655,656,657,-1,657,656,658,-1,657,658,659,-1,628,627,660,-1,639,659,653,-1,653,659,658,-1,653,658,661,-1,662,663,664,-1,664,663,665,-1,666,521,667,-1,473,520,521,-1,668,669,666,-1,666,669,670,-1,666,670,521,-1,521,670,474,-1,521,474,473,-1,625,626,667,-1,667,626,652,-1,667,652,666,-1,666,652,671,-1,666,671,665,-1,665,671,628,-1,665,628,664,-1,664,628,660,-1,664,660,658,-1,658,660,654,-1,658,654,661,-1,661,654,634,-1,672,654,673,-1,673,654,660,-1,674,653,675,-1,675,653,661,-1,676,677,678,-1,679,680,681,-1,681,680,682,-1,681,682,678,-1,678,682,683,-1,678,683,676,-1,654,672,633,-1,633,672,684,-1,678,677,685,-1,685,677,631,-1,686,687,684,-1,684,687,685,-1,684,685,633,-1,633,685,631,-1,642,643,680,-1,688,689,690,-1,690,689,691,-1,632,631,679,-1,679,631,677,-1,642,680,691,-1,691,680,679,-1,691,679,690,-1,690,679,677,-1,690,677,676,-1,692,693,694,-1,692,694,695,-1,696,697,694,-1,694,697,698,-1,698,699,629,-1,676,629,690,-1,690,629,699,-1,690,699,700,-1,700,699,701,-1,629,630,698,-1,698,630,702,-1,698,702,694,-1,694,702,645,-1,694,645,695,-1,536,636,553,-1,553,636,695,-1,553,695,703,-1,703,695,645,-1,703,645,623,-1,623,645,624,-1,698,663,699,-1,699,663,662,-1,656,655,690,-1,690,655,688,-1,694,693,668,-1,668,693,669,-1,704,665,705,-1,705,665,706,-1,698,697,663,-1,663,697,707,-1,707,708,663,-1,663,708,709,-1,663,709,665,-1,665,709,710,-1,665,710,706,-1,707,711,712,-1,707,712,708,-1,708,712,713,-1,708,713,709,-1,709,713,714,-1,709,714,710,-1,710,714,715,-1,710,715,706,-1,706,715,716,-1,706,716,705,-1,705,716,717,-1,705,717,704,-1,690,700,656,-1,656,700,718,-1,656,718,658,-1,658,718,719,-1,658,719,664,-1,664,719,717,-1,665,704,666,-1,666,704,720,-1,701,699,711,-1,711,699,662,-1,711,662,712,-1,664,717,716,-1,716,715,664,-1,664,715,714,-1,664,714,662,-1,662,714,713,-1,662,713,712,-1,666,720,668,-1,668,720,721,-1,668,721,694,-1,694,721,696,-1,476,474,670,-1,669,693,722,-1,669,722,670,-1,670,722,723,-1,670,723,476,-1,724,725,695,-1,695,725,692,-1,692,725,693,-1,693,725,726,-1,693,726,722,-1,722,726,727,-1,722,727,728,-1,728,727,729,-1,728,729,730,-1,730,729,731,-1,730,731,732,-1,732,731,733,-1,732,733,734,-1,735,736,737,-1,738,739,740,-1,740,739,741,-1,740,741,742,-1,742,741,743,-1,742,743,744,-1,744,743,745,-1,744,745,746,-1,746,745,747,-1,746,747,748,-1,737,749,735,-1,735,749,750,-1,735,750,751,-1,751,750,748,-1,751,748,752,-1,752,748,747,-1,724,753,523,-1,523,524,724,-1,724,524,754,-1,724,754,725,-1,725,754,755,-1,756,757,758,-1,758,757,733,-1,758,733,759,-1,759,733,731,-1,759,731,760,-1,760,731,729,-1,760,729,761,-1,761,729,727,-1,761,727,755,-1,755,727,726,-1,755,726,725,-1,739,738,762,-1,762,738,763,-1,762,763,764,-1,764,763,765,-1,764,765,766,-1,766,765,767,-1,766,767,768,-1,768,767,769,-1,768,769,770,-1,770,769,771,-1,770,771,772,-1,772,771,773,-1,772,773,774,-1,774,773,775,-1,774,775,776,-1,776,775,777,-1,778,779,776,-1,776,779,780,-1,776,780,774,-1,781,782,783,-1,776,784,778,-1,778,784,781,-1,778,781,785,-1,785,781,783,-1,778,786,779,-1,779,786,787,-1,779,787,788,-1,789,790,788,-1,788,790,791,-1,788,791,779,-1,779,792,780,-1,780,792,793,-1,780,793,794,-1,794,793,795,-1,794,795,796,-1,796,795,797,-1,796,797,798,-1,798,797,799,-1,798,799,800,-1,800,799,801,-1,800,801,802,-1,802,801,803,-1,802,803,804,-1,804,803,805,-1,804,805,806,-1,806,805,807,-1,808,809,777,-1,810,811,812,-1,775,793,777,-1,777,793,792,-1,777,792,808,-1,808,792,813,-1,808,813,814,-1,809,815,777,-1,777,815,810,-1,777,810,816,-1,816,810,812,-1,817,818,814,-1,814,818,819,-1,814,819,808,-1,808,786,809,-1,809,786,778,-1,792,779,791,-1,792,791,813,-1,813,791,790,-1,813,790,814,-1,814,790,789,-1,814,789,817,-1,817,789,788,-1,817,788,818,-1,818,788,787,-1,818,787,819,-1,819,787,786,-1,819,786,808,-1,776,777,816,-1,776,816,784,-1,784,816,812,-1,784,812,781,-1,781,812,811,-1,781,811,782,-1,782,811,810,-1,782,810,783,-1,783,810,815,-1,783,815,785,-1,785,815,809,-1,785,809,778,-1,793,775,773,-1,793,773,795,-1,795,773,771,-1,795,771,797,-1,797,771,769,-1,797,769,799,-1,799,769,767,-1,799,767,801,-1,801,767,765,-1,801,765,803,-1,803,765,763,-1,803,763,805,-1,804,762,802,-1,802,762,764,-1,802,764,800,-1,800,764,766,-1,800,766,798,-1,798,766,768,-1,798,768,796,-1,796,768,770,-1,796,770,794,-1,794,770,772,-1,794,772,780,-1,780,772,774,-1,384,38,424,-1,424,38,21,-1,424,21,820,-1,820,21,821,-1,820,821,822,-1,822,821,823,-1,822,823,824,-1,824,823,825,-1,824,825,826,-1,826,825,827,-1,826,827,828,-1,828,827,829,-1,828,829,830,-1,830,829,831,-1,830,831,807,-1,807,831,806,-1,21,19,832,-1,21,832,821,-1,821,832,833,-1,821,833,823,-1,823,833,834,-1,823,834,825,-1,825,834,835,-1,825,835,827,-1,827,835,836,-1,827,836,829,-1,829,836,837,-1,829,837,831,-1,838,839,840,-1,840,839,837,-1,840,837,841,-1,841,837,836,-1,841,836,842,-1,842,836,835,-1,842,835,843,-1,843,835,834,-1,843,834,844,-1,844,834,833,-1,844,833,845,-1,845,833,832,-1,845,832,408,-1,408,832,19,-1,408,19,410,-1,410,19,18,-1,839,838,846,-1,846,838,847,-1,846,847,848,-1,848,847,849,-1,848,849,850,-1,850,849,851,-1,850,851,852,-1,852,851,853,-1,852,853,854,-1,854,853,855,-1,854,855,856,-1,856,855,857,-1,856,857,858,-1,858,857,859,-1,858,859,860,-1,860,859,861,-1,860,861,862,-1,862,861,863,-1,862,863,864,-1,864,863,865,-1,864,865,866,-1,866,865,867,-1,866,867,868,-1,868,867,869,-1,870,871,869,-1,869,871,868,-1,872,873,874,-1,874,873,875,-1,876,877,878,-1,878,877,879,-1,878,879,880,-1,880,879,881,-1,882,883,884,-1,884,883,872,-1,884,872,885,-1,885,872,874,-1,873,886,875,-1,875,886,887,-1,875,887,888,-1,888,887,881,-1,888,881,889,-1,889,881,879,-1,573,890,571,-1,571,890,891,-1,571,891,892,-1,892,891,893,-1,892,893,894,-1,894,893,895,-1,894,895,896,-1,896,895,897,-1,896,897,898,-1,898,897,899,-1,898,899,900,-1,900,899,901,-1,900,901,902,-1,902,901,903,-1,902,903,904,-1,904,903,905,-1,904,905,906,-1,906,905,907,-1,906,907,877,-1,877,907,908,-1,877,908,879,-1,909,910,911,-1,911,910,912,-1,913,914,909,-1,909,914,910,-1,915,916,917,-1,918,919,920,-1,920,919,921,-1,920,921,917,-1,917,921,922,-1,917,922,915,-1,923,924,925,-1,926,927,928,-1,928,927,929,-1,923,930,924,-1,924,930,928,-1,924,928,931,-1,931,928,929,-1,919,918,932,-1,932,918,923,-1,932,923,933,-1,933,923,925,-1,934,935,936,-1,936,935,937,-1,936,937,938,-1,938,937,939,-1,938,939,940,-1,940,939,941,-1,940,941,942,-1,943,944,945,-1,946,943,947,-1,947,943,945,-1,947,945,948,-1,948,945,949,-1,948,949,950,-1,950,949,942,-1,950,942,951,-1,951,942,941,-1,944,943,952,-1,952,943,953,-1,952,953,954,-1,954,953,955,-1,954,955,956,-1,956,955,957,-1,956,957,958,-1,958,957,959,-1,958,959,960,-1,960,959,883,-1,960,883,882,-1,961,934,962,-1,963,964,965,-1,965,964,966,-1,967,968,969,-1,969,968,970,-1,969,970,971,-1,971,970,965,-1,971,965,972,-1,972,965,966,-1,972,966,973,-1,973,966,974,-1,973,974,975,-1,975,974,976,-1,974,977,976,-1,976,977,978,-1,976,978,979,-1,979,978,980,-1,979,980,962,-1,962,980,981,-1,962,981,961,-1,982,932,933,-1,929,927,983,-1,984,985,986,-1,986,985,987,-1,986,987,983,-1,983,987,988,-1,983,988,929,-1,929,988,989,-1,929,989,931,-1,931,989,990,-1,931,990,924,-1,924,990,991,-1,924,991,925,-1,925,991,992,-1,925,992,933,-1,933,992,993,-1,933,993,982,-1,986,994,984,-1,984,994,995,-1,984,995,996,-1,996,995,997,-1,996,997,998,-1,997,999,998,-1,998,999,1000,-1,998,1000,1001,-1,1001,1000,1002,-1,1001,1002,1003,-1,1003,1004,1005,-1,1005,1004,1006,-1,1005,1006,1007,-1,1007,1006,1008,-1,1007,1008,1009,-1,1008,1010,1009,-1,1009,1010,1011,-1,1009,1011,1012,-1,1012,1011,1013,-1,1012,1013,1014,-1,1014,1013,1015,-1,1014,1015,1016,-1,1016,1015,1017,-1,1016,1017,1018,-1,923,1019,1020,-1,923,1020,930,-1,930,1020,1018,-1,930,1018,928,-1,928,1018,1017,-1,928,1017,926,-1,958,960,945,-1,1021,967,884,-1,884,967,969,-1,969,971,884,-1,884,971,972,-1,884,972,973,-1,973,975,884,-1,884,975,976,-1,884,976,979,-1,979,962,884,-1,884,962,934,-1,884,934,936,-1,936,938,884,-1,884,938,940,-1,884,940,942,-1,960,882,945,-1,945,882,884,-1,945,884,949,-1,949,884,942,-1,945,944,952,-1,958,945,956,-1,956,945,952,-1,956,952,954,-1,1022,968,967,-1,1023,574,572,-1,1023,572,1024,-1,1024,572,1025,-1,1024,1025,1026,-1,1026,1025,1027,-1,1026,1027,1028,-1,1028,1027,1029,-1,1028,1029,1030,-1,1030,1029,1031,-1,1030,1031,1032,-1,1032,1031,1033,-1,1032,1033,1034,-1,1035,1036,1037,-1,1037,1036,1038,-1,1037,1038,1039,-1,1039,1038,1040,-1,1039,1040,1041,-1,1037,1042,1035,-1,1035,1042,1043,-1,1035,1043,1044,-1,1044,1043,1045,-1,1044,1045,1046,-1,1046,1045,1022,-1,1046,1022,1021,-1,1021,1022,967,-1,1034,1033,1047,-1,1047,1033,1048,-1,1047,1048,1049,-1,1049,1048,1050,-1,1049,1050,1051,-1,1051,1050,1052,-1,1051,1052,1053,-1,1053,1052,1054,-1,1053,1054,1040,-1,1040,1054,1055,-1,1040,1055,1041,-1,1056,1057,1058,-1,1058,1057,1059,-1,1058,1059,1060,-1,1060,1059,1061,-1,1060,1061,1062,-1,1062,1061,1063,-1,1062,1063,1064,-1,1064,1063,1065,-1,1064,1065,1066,-1,1066,1065,1067,-1,1066,1067,1068,-1,1068,1067,1069,-1,1068,1069,1070,-1,1070,1069,1071,-1,1070,1071,1072,-1,1072,1071,1073,-1,1072,1073,1074,-1,1074,1073,1075,-1,1074,1075,1076,-1,1076,1075,1077,-1,1076,1077,1078,-1,1078,1077,1079,-1,1078,1079,1080,-1,1080,1079,1081,-1,1080,1081,1082,-1,1082,1081,1083,-1,1084,1085,1086,-1,637,641,1082,-1,637,1082,1086,-1,1086,1082,1083,-1,1086,1083,1084,-1,637,1087,1088,-1,1089,1090,1091,-1,1091,1090,1092,-1,1089,1093,1090,-1,1090,1093,1094,-1,1090,1094,1095,-1,1096,1097,1086,-1,1086,1097,1098,-1,1099,1100,638,-1,1098,1101,1086,-1,1086,1101,1102,-1,1086,1102,637,-1,637,1102,1103,-1,637,1103,1087,-1,1088,1104,637,-1,637,1104,1105,-1,637,1105,1106,-1,1099,638,1107,-1,1094,1108,1095,-1,1095,1108,1109,-1,1095,1109,1086,-1,1086,1109,1110,-1,1086,1110,1096,-1,1106,1111,637,-1,637,1111,1112,-1,637,1112,638,-1,638,1112,1113,-1,638,1113,1107,-1,1100,1114,638,-1,638,1114,1115,-1,638,1115,1090,-1,1090,1115,1116,-1,1090,1116,1092,-1,1117,1118,1119,-1,1119,1118,1120,-1,1121,1122,1117,-1,1117,1122,1118,-1,1123,1124,1121,-1,1121,1124,1122,-1,1119,1120,1123,-1,1123,1120,1124,-1,1121,1117,1123,-1,1123,1117,1119,-1,1125,1126,1127,-1,1127,1126,1128,-1,1129,1130,1131,-1,1131,1130,1132,-1,1133,1134,1135,-1,1135,1134,1136,-1,1137,1138,1139,-1,1139,1138,1140,-1,1141,1142,1143,-1,1143,1142,1144,-1,1145,1146,1147,-1,1147,1146,1148,-1,1149,1150,1151,-1,1151,1150,1152,-1,1153,1154,1155,-1,1155,1154,1156,-1,1126,1157,1128,-1,1128,1157,1158,-1,1125,1159,1126,-1,1126,1159,1157,-1,1127,1160,1125,-1,1125,1160,1159,-1,1128,1158,1127,-1,1127,1158,1160,-1,1130,1161,1132,-1,1132,1161,1162,-1,1129,1163,1130,-1,1130,1163,1161,-1,1131,1164,1129,-1,1129,1164,1163,-1,1132,1162,1131,-1,1131,1162,1164,-1,1134,1165,1136,-1,1136,1165,1166,-1,1133,1167,1134,-1,1134,1167,1165,-1,1135,1168,1133,-1,1133,1168,1167,-1,1136,1166,1135,-1,1135,1166,1168,-1,1138,1169,1140,-1,1140,1169,1170,-1,1137,1171,1138,-1,1138,1171,1169,-1,1139,1172,1137,-1,1137,1172,1171,-1,1140,1170,1139,-1,1139,1170,1172,-1,1142,1173,1144,-1,1144,1173,1174,-1,1141,1175,1142,-1,1142,1175,1173,-1,1143,1176,1141,-1,1141,1176,1175,-1,1144,1174,1143,-1,1143,1174,1176,-1,1146,1177,1148,-1,1148,1177,1178,-1,1145,1179,1146,-1,1146,1179,1177,-1,1147,1180,1145,-1,1145,1180,1179,-1,1148,1178,1147,-1,1147,1178,1180,-1,1150,1181,1152,-1,1152,1181,1182,-1,1149,1183,1150,-1,1150,1183,1181,-1,1151,1184,1149,-1,1149,1184,1183,-1,1152,1182,1151,-1,1151,1182,1184,-1,1154,1185,1156,-1,1156,1185,1186,-1,1153,1187,1154,-1,1154,1187,1185,-1,1155,1188,1153,-1,1153,1188,1187,-1,1156,1186,1155,-1,1155,1186,1188,-1,
        ]
    }
}
Shape{
    appearance Appearance {
        material  Material 	{
            diffuseColor 0.2235294117647059 0.2235294117647059 0.2235294117647059
            specularColor 0.11372549019607843 0.11372549019607843 0.11372549019607843
            ambientIntensity 0.2235
            transparency 0.0
            shininess 0.5
        }
    }
    geometry IndexedFaceSet {
        ccw TRUE
        solid FALSE
        coord DEF co Coordinate {
            point [
                2.3031 -1.9606 0.4646, 2.3031 -1.9606 0.1614, 2.3031 -1.2599 0.4646, 2.3031 1.0039 0.1614, 2.3031 1.0039 0.4646, 2.3031 -1.2599 2.126, 2.3031 -1.2599 0.5827, 2.3031 0.9527 2.126, 2.3031 0.9527 0.9537, 2.3031 0.9921 0.9537, 2.3031 1.0039 2.126, 2.3031 0.9921 2.126
            ]
        }
        coordIndex [
            0,1,2,-1,2,1,3,-1,2,3,4,-1,5,6,7,-1,7,6,8,-1,6,2,8,-1,8,2,4,-1,8,4,9,-1,9,4,10,-1,9,10,11,-1,
        ]
    }
}
Shape{
    appearance Appearance {
        material  Material 	{
            diffuseColor 0.6470588235294118 0.6196078431372549 0.5882352941176471
            specularColor 0.45098039215686275 0.43529411764705883 0.4117647058823529
            ambientIntensity 0.6242
            transparency 0.0
            shininess 0.5
        }
    }
    geometry IndexedFaceSet {
        ccw TRUE
        solid FALSE
        coord DEF co Coordinate {
            point [
                2.3228 1.0039 0.4646, 2.3228 1.0039 2.126, 2.3031 1.0039 0.4646, 2.3031 1.0039 2.126, -2.3031 1.0039 0.4646, -2.3228 1.0039 0.4646, -2.3228 1.0236 0.4646, 2.3228 1.0236 0.4646, -2.3228 1.0236 0.1614, 2.3228 1.0236 0.1614, -2.3228 1.0039 2.126, -2.3031 1.0039 2.126, -2.4409 1.0039 2.126, -2.4409 0.9921 2.126, -2.4606 1.0039 2.126, -2.4606 0.9921 2.126, -2.3031 0.9921 2.126, -2.3228 0.9921 2.126, -2.4606 0.9527 2.126, -2.4409 0.9527 2.126, -2.4409 -0.1103 2.126, -2.3228 0.9527 2.126, -2.3031 0.9527 2.126, -2.3228 -0.1103 2.126, -2.3031 -1.2599 2.126, -2.4606 -1.2599 2.126, -2.4409 1.0039 0.4646, -2.4409 1.0236 0.4646, -2.4409 1.0236 0.1614, -2.4409 0.9527 0.9537, -2.4409 0.9921 0.9537, -2.4409 0.6299 0.7323, -2.4409 0.1771 0.7323, -2.4409 -0.1103 0.1614, -2.4409 0.1771 0.4173, -2.4409 0.6299 0.4173, -2.5591 0.6299 0.7323, -2.5591 0.6299 0.4173, -2.5591 0.4055 0.4173, -2.5591 0.4055 0.7323
            ]
        }
        coordIndex [
            0,1,2,-1,2,1,3,-1,4,5,6,-1,4,6,2,-1,2,6,7,-1,2,7,0,-1,6,8,7,-1,7,8,9,-1,10,5,11,-1,11,5,4,-1,12,13,14,-1,14,13,15,-1,11,16,10,-1,10,16,17,-1,18,19,20,-1,21,22,23,-1,23,22,24,-1,23,24,20,-1,20,24,25,-1,20,25,18,-1,26,27,28,-1,20,19,29,-1,13,12,30,-1,30,12,26,-1,30,26,29,-1,29,26,31,-1,29,31,20,-1,20,31,32,-1,20,32,33,-1,33,32,34,-1,33,34,28,-1,28,34,35,-1,28,35,26,-1,26,35,31,-1,31,35,36,-1,36,35,37,-1,35,34,37,-1,37,34,38,-1,34,32,38,-1,38,32,39,-1,32,31,39,-1,39,31,36,-1,37,38,36,-1,36,38,39,-1,
        ]
    }
}
Shape{
    appearance Appearance {
        material  Material 	{
            diffuseColor 0.2235294117647059 0.2235294117647059 0.2235294117647059
            specularColor 0.11372549019607843 0.11372549019607843 0.11372549019607843
            ambientIntensity 0.2235
            transparency 0.0
            shininess 0.5
        }
    }
    geometry IndexedFaceSet {
        ccw TRUE
        solid FALSE
        coord DEF co Coordinate {
            point [
                -2.4409 -0.1103 2.126, -2.4409 -0.1103 0.1614, -2.3228 -0.1103 2.126, -2.3228 -0.1103 0.1614
            ]
        }
        coordIndex [
            0,1,2,-1,2,1,3,-1,
        ]
    }
}
Shape{
    appearance Appearance {
        material  Material 	{
            diffuseColor 0.6470588235294118 0.6196078431372549 0.5882352941176471
            specularColor 0.45098039215686275 0.43529411764705883 0.4117647058823529
            ambientIntensity 0.6242
            transparency 0.0
            shininess 0.5
        }
    }
    geometry IndexedFaceSet {
        ccw TRUE
        solid FALSE
        coord DEF co Coordinate {
            point [
                -2.4606 1.0236 0.4646, -2.4606 1.0236 0.1614, -2.4409 1.0236 0.4646, -2.4409 1.0236 0.1614, -2.4409 1.0039 0.4646, -2.4606 1.0039 0.4646, -2.4409 1.0039 2.126, -2.4606 1.0039 2.126, 2.3031 1.0039 0.4646, 2.3031 1.0039 0.1614, -2.3031 1.0039 0.4646, -2.3031 1.0039 0.1614, 2.4834 -1.0712 -0.0394, 2.4672 -0.3374 0.0256, 2.4834 -0.3461 -0.0394, 2.4934 -1.0678 -0.0646, 2.4672 -1.0799 0.0256, 2.4606 -1.0902 0.1024, 2.4606 -0.3272 0.1024, 2.4934 -0.3495 -0.0646, 2.5041 -0.3531 -0.0914, 2.5034 -1.0645 -0.0897, 2.5366 -1.0567 -0.1481, 2.5393 -0.3613 -0.1528, 2.5843 -0.3688 -0.2085, 2.5843 -1.0486 -0.2085, 2.5366 -0.3607 -0.1481, 2.5386 -1.0562 -0.1517, 2.7629 -0.3941 -0.3976, 2.7629 -1.0232 -0.3976, -2.4606 -0.1103 0.1614, -2.4606 -0.1103 0.4488, -2.5787 -0.1103 0.4488, -2.4606 -0.1103 -0.0394, -2.6969 -0.1103 -0.0394, -2.6969 -0.1103 0.9537, -2.5787 -0.1103 0.9537, -2.4606 -0.3071 0.4488, -2.5787 -0.3071 0.4488, -2.4606 -0.3038 0.4743, -2.5787 -0.3038 0.4743, -2.4606 -0.2939 0.498, -2.5787 -0.2939 0.498, -2.4606 -0.2783 0.5184, -2.5787 -0.2783 0.5184, -2.4606 -0.2579 0.5341, -2.5787 -0.2579 0.5341, -2.4606 -0.2342 0.5439, -2.5787 -0.2342 0.5439, -2.4606 -0.2087 0.5472, -2.5787 -0.2087 0.5472, -2.4606 -0.1832 0.5439, -2.5787 -0.1832 0.5439, -2.4606 -0.1595 0.5341, -2.5787 -0.1595 0.5341, -2.4606 -0.1391 0.5184, -2.5787 -0.1391 0.5184, -2.4606 -0.1234 0.498, -2.5787 -0.1234 0.498, -2.4606 -0.1136 0.4743, -2.5787 -0.1136 0.4743, -2.4606 -0.3071 0.252, -2.5787 -0.3071 0.252, -2.4834 -1.0712 -0.0394, -2.4672 -0.3374 0.0256, -2.4672 -1.0799 0.0256, -2.4606 -0.3272 0.1024, -2.4606 -1.0902 0.1024, -2.5843 -1.0486 -0.2085, -2.5843 -0.3688 -0.2085, -2.5446 -1.055 -0.1603, -2.5484 -0.3631 -0.1657, -2.537 -1.0567 -0.1478, -2.5372 -0.3607 -0.1477, -2.5104 -1.0626 -0.1039, -2.5111 -0.355 -0.1055, -2.4939 -1.0679 -0.0644, -2.4939 -0.3495 -0.0644, -2.4834 -0.3461 -0.0394, -2.7629 -1.0232 -0.3976, -2.7629 -0.3941 -0.3976, -2.7603 -0.3941 -0.3976, -2.7603 -1.0232 -0.3976, -2.9055 -0.4144 -0.5486, -2.9055 -1.003 -0.5486, -2.9528 -0.4301 -0.666, -2.9528 -0.9873 -0.666, -2.9483 -0.9826 -0.7015, -2.9376 -0.9779 -0.736, -2.9376 -0.4395 -0.736, -2.9475 -0.9818 -0.7076, -2.9483 -0.4354 -0.7053, -2.9487 -0.4349 -0.7015, -2.618 -0.8802 -1.4396, -2.5978 -0.5397 -1.4839, -2.6307 -0.8874 -1.4116, -2.6101 -0.8758 -1.4568, -2.6003 -0.8639 -1.4784, -2.5941 -0.5449 -1.492, -2.5861 -0.5602 -1.5097, -2.5787 -0.8273 -1.526, -2.5787 -0.5743 -1.526, -2.5848 -0.8393 -1.5127, -2.5922 -0.854 -1.4964, -2.6109 -0.8075 -1.5406, -2.6065 -0.5913 -1.5386, -2.6563 -0.7706 -1.5612, -2.6319 -0.6075 -1.5501, -2.6528 -0.6283 -1.5596, -2.6291 -0.7963 -1.5488, -2.5846 -0.5773 -1.5286, -2.6798 -0.6691 -1.5719, -2.6589 -0.7681 -1.5624, -2.6774 -0.662 -1.5708, -2.6619 -0.6373 -1.5637, -2.6863 -0.7008 -1.5748, -2.6808 -0.7297 -1.5723, -2.6863 -0.7022 -1.5748, -2.6837 -0.7221 -1.5736, -2.6753 -0.744 -1.5698, -2.6841 -0.6812 -1.5738, 2.4606 0.1575 0.3976, 2.6969 0.1575 0.3976, 2.4606 0.1595 0.3824, 2.6969 0.1595 0.3824, 2.4606 0.1654 0.3681, 2.6969 0.1654 0.3681, 2.4606 0.1748 0.3559, 2.6969 0.1748 0.3559, 2.4606 0.187 0.3465, 2.6969 0.187 0.3465, 2.4606 0.2012 0.3406, 2.6969 0.2012 0.3406, 2.4606 0.2165 0.3386, 2.6969 0.2165 0.3386, 2.6969 0.6496 0.3386, 2.4606 0.6496 0.3386, 2.4606 0.6649 0.3406, 2.6969 0.6649 0.3406, 2.4606 0.6791 0.3465, 2.6969 0.6791 0.3465, 2.4606 0.6913 0.3559, 2.6969 0.6913 0.3559, 2.4606 0.7007 0.3681, 2.6969 0.7007 0.3681, 2.4606 0.7066 0.3824, 2.6969 0.7066 0.3824, 2.4606 0.7086 0.3976, 2.6969 0.7086 0.3976, 2.6969 0.7086 0.752, 2.4606 0.7086 0.752, 2.4606 0.7066 0.7673, 2.6969 0.7066 0.7673, 2.4606 0.7007 0.7815, 2.6969 0.7007 0.7815, 2.4606 0.6913 0.7937, 2.6969 0.6913 0.7937, 2.4606 0.6791 0.8031, 2.6969 0.6791 0.8031, 2.4606 0.6649 0.809, 2.6969 0.6649 0.809, 2.4606 0.6496 0.811, 2.6969 0.6496 0.811, 2.6969 0.2165 0.811, 2.4606 0.2165 0.811, 2.4606 0.2012 0.809, 2.6969 0.2012 0.809, 2.4606 0.187 0.8031, 2.6969 0.187 0.8031, 2.4606 0.1748 0.7937, 2.6969 0.1748 0.7937, 2.4606 0.1654 0.7815, 2.6969 0.1654 0.7815, 2.4606 0.1595 0.7673, 2.6969 0.1595 0.7673, 2.4606 0.1575 0.752, 2.6969 0.1575 0.752, 2.6701 -0.3579 -0.1274, 2.6701 -1.0594 -0.1274, 2.9936 -0.4038 -0.4699, 2.9936 -1.0135 -0.4699, 2.5787 -0.3272 0.1024, 2.5787 -1.0902 0.1024, 2.5792 -0.3296 0.0842, 2.5789 -1.0887 0.0912, 2.585 -0.3347 0.0459, 2.5858 -1.081 0.0336, 2.6027 -1.0737 -0.0212, 2.6032 -0.3437 -0.021, 2.5843 -1.0826 0.0457, 2.5886 -0.3379 0.0218, 2.635 -0.3519 -0.0826, 2.6318 -0.3514 -0.0784, 2.6323 -1.0659 -0.0793, 2.6039 -1.0732 -0.025, 2.607 -0.3452 -0.0323, 2.635 -1.0654 -0.0827, 3.0709 -0.4301 -0.666, 3.0709 -0.9873 -0.666, 3.0652 -0.4377 -0.7228, 3.0658 -0.9801 -0.7197, 3.0642 -0.4382 -0.7263, 3.0504 -0.973 -0.7724, 3.0451 -0.9713 -0.7848, 3.0451 -0.446 -0.7848, 3.0639 -0.9792 -0.7263, 3.0487 -0.4449 -0.7768, 2.7604 -0.8874 -1.4116, 2.6867 -0.7197 -1.5739, 2.6863 -0.7008 -1.5748, 2.6879 -0.6691 -1.5712, 2.6885 -0.658 -1.57, 2.6933 -0.6283 -1.5593, 2.7477 -0.8802 -1.4396, 2.7399 -0.8758 -1.4567, 2.7301 -0.8638 -1.4784, 2.7219 -0.854 -1.4963, 2.7145 -0.8392 -1.5127, 2.7082 -0.8266 -1.5266, 2.702 -0.8073 -1.5403, 2.6969 -0.7915 -1.5514, 2.6928 -0.7703 -1.5605, 2.69 -0.7559 -1.5667, 2.6876 -0.7296 -1.5719, 2.6949 -0.6183 -1.5558, 2.7028 -0.5913 -1.5384, 2.7059 -0.5806 -1.5315, 2.7157 -0.5596 -1.5101, 2.7186 -0.5533 -1.5036, 2.7276 -0.5397 -1.4839, -2.9936 -0.4038 -0.4699, -2.9936 -1.0135 -0.4699, -2.6701 -0.3579 -0.1274, -2.6701 -1.0594 -0.1274, -3.0709 -0.9873 -0.666, -3.0709 -0.4301 -0.666, -3.0652 -0.9796 -0.7228, -3.0658 -0.4373 -0.7197, -3.0642 -0.9792 -0.7263, -3.0504 -0.4444 -0.7724, -3.0451 -0.446 -0.7848, -3.0451 -0.9713 -0.7848, -3.0639 -0.4382 -0.7263, -3.0487 -0.9724 -0.7768, -2.5787 -1.0902 0.1024, -2.5787 -0.3272 0.1024, -2.5839 -1.0826 0.0457, -2.5838 -0.3347 0.0457, -2.5843 -1.082 0.0414, -2.6011 -1.0741 -0.0178, -2.6027 -1.0737 -0.0211, -2.5839 -0.335 0.0436, -2.5997 -0.3427 -0.0142, -2.6029 -0.3437 -0.021, -2.6237 -0.3496 -0.0652, -2.6283 -1.0667 -0.073, -2.6353 -1.0654 -0.0824, -2.6574 -0.356 -0.1132, -2.6357 -0.3519 -0.0822, -2.6628 -1.0605 -0.1195, 2.5787 -0.8273 -1.526, 2.5787 -0.5743 -1.526, 2.611 -0.8075 -1.5406, 2.5936 -0.5822 -1.5327, 2.6067 -0.5912 -1.5387, 2.6383 -0.6129 -1.553, 2.6528 -0.6283 -1.5596, 2.6648 -0.641 -1.5651, 2.6581 -0.769 -1.562, 2.6564 -0.7706 -1.5613, 2.6798 -0.6691 -1.5719, 2.6841 -0.6816 -1.5738, 2.6806 -0.7296 -1.5723, 2.6863 -0.7022 -1.5748, 2.6836 -0.7219 -1.5736, 2.6774 -0.6622 -1.5708, 2.6286 -0.7966 -1.5486, 2.675 -0.7444 -1.5697, -2.5787 -1.1103 0.252, -2.4606 -1.1103 0.252, -2.5787 -1.1103 0.7087, -2.4606 -1.1103 0.7087, -2.4606 -1.2599 0.7087, -2.5787 -1.2599 0.7087, -2.4606 -1.2573 0.728, -2.5787 -1.2573 0.728, -2.4606 -1.2498 0.7461, -2.5787 -1.2498 0.7461, -2.4606 -1.238 0.7616, -2.5787 -1.238 0.7616, -2.4606 -1.2225 0.7734, -2.5787 -1.2225 0.7734, -2.4606 -1.2044 0.7809, -2.5787 -1.2044 0.7809, -2.4606 -1.1851 0.7835, -2.5787 -1.1851 0.7835, -2.4606 -1.1657 0.7809, -2.5787 -1.1657 0.7809, -2.4606 -1.1477 0.7734, -2.5787 -1.1477 0.7734, -2.4606 -1.1322 0.7616, -2.5787 -1.1322 0.7616, -2.4606 -1.1203 0.7461, -2.5787 -1.1203 0.7461, -2.4606 -1.1128 0.728, -2.5787 -1.1128 0.728, 2.3425 -1.2599 0.5827, 2.3425 -5.0394 0.5827, 2.3731 -1.2599 0.5867, 2.3731 -5.0394 0.5867, 2.4016 -1.2599 0.5985, 2.4016 -5.0394 0.5985, 2.426 -1.2599 0.6173, 2.426 -5.0394 0.6173, 2.4448 -1.2599 0.6417, 2.4448 -5.0394 0.6417, 2.4566 -1.2599 0.6702, 2.4566 -5.0394 0.6702, 2.4606 -1.2599 0.7008, 2.4606 -5.0394 0.7008, 2.2953 -5.0394 0.4646, 2.2953 -5.0394 0.5827, 2.2953 -5.1103 0.4646, 2.2953 -5.1103 0.5827, 2.2953 -5.1408 0.4605, 2.2953 -5.1714 0.5746, 2.2953 -5.1693 0.4487, 2.2953 -5.2284 0.551, 2.2953 -5.1938 0.43, 2.2953 -5.2773 0.5135, 2.2953 -5.2125 0.4055, 2.2953 -5.3148 0.4646, 2.2953 -5.2243 0.377, 2.2953 -5.3384 0.4076, 2.2953 -5.2284 0.3465, 2.2953 -5.3465 0.3465, 2.2953 -5.2284 0.2815, 2.2953 -5.3465 0.2815, -2.2953 -5.2284 0.3465, -2.2953 -5.2284 0.2815, 2.1772 -5.2284 0.1634, 2.2607 -5.2284 0.198, 2.2362 -5.2284 0.1792, 2.2077 -5.2284 0.1674, 2.2913 -5.2284 0.2509, 2.2795 -5.2284 0.2224, -2.1772 -5.2284 0.1634, -2.2077 -5.2284 0.1674, -2.2913 -5.2284 0.2509, -2.2362 -5.2284 0.1792, -2.2795 -5.2284 0.2224, -2.2607 -5.2284 0.198, -2.2953 -5.3465 0.2815, -2.2953 -5.3465 0.3465, -2.2953 -5.2243 0.377, -2.2953 -5.3384 0.4076, -2.2953 -5.2125 0.4055, -2.2953 -5.3148 0.4646, -2.2953 -5.1938 0.43, -2.2953 -5.2773 0.5135, -2.2953 -5.1693 0.4487, -2.2953 -5.2284 0.551, -2.2953 -5.1408 0.4605, -2.2953 -5.1714 0.5746, -2.2953 -5.1103 0.4646, -2.2953 -5.1103 0.5827, -2.2953 -5.0394 0.4646, -2.2953 -5.0394 0.5827, -2.2077 -5.3465 0.1674, -2.1772 -5.3465 0.1634, -2.2913 -5.3465 0.2509, 2.1772 -5.3465 0.1634, -2.2362 -5.3465 0.1792, -2.2795 -5.3465 0.2224, -2.2607 -5.3465 0.198, 2.2077 -5.3465 0.1674, 2.2362 -5.3465 0.1792, 2.2607 -5.3465 0.198, 2.2795 -5.3465 0.2224, 2.2913 -5.3465 0.2509, 2.3425 -5.0394 2.5984, 2.3425 -1.2599 2.5984, 2.3731 -5.0394 2.5944, 2.3731 -1.2599 2.5944, 2.4016 -5.0394 2.5826, 2.4016 -1.2599 2.5826, 2.426 -5.0394 2.5638, 2.426 -1.2599 2.5638, 2.4448 -5.0394 2.5394, 2.4448 -1.2599 2.5394, 2.4566 -5.0394 2.5109, 2.4566 -1.2599 2.5109, 2.4606 -5.0394 2.4803, 2.4606 -1.2599 2.4803, 2.2953 -5.2284 2.8996, 2.2953 -5.3465 2.8996, 2.2953 -5.2284 2.8346, 2.2953 -5.3465 2.8346, 2.2953 -5.2243 2.8041, 2.2953 -5.3384 2.7735, 2.2953 -5.2125 2.7756, 2.2953 -5.3148 2.7165, 2.2953 -5.1938 2.7511, 2.2953 -5.2773 2.6676, 2.2953 -5.1693 2.7324, 2.2953 -5.2284 2.6301, 2.2953 -5.1408 2.7206, 2.2953 -5.1714 2.6065, 2.2953 -5.1103 2.7165, 2.2953 -5.1103 2.5984, 2.2953 -5.0394 2.7165, 2.2953 -5.0394 2.5984, 2.1772 -5.3465 3.0177, -2.2953 -5.3465 2.8346, -2.1772 -5.3465 3.0177, -2.2953 -5.3465 2.8996, -2.2362 -5.3465 3.0019, -2.2607 -5.3465 2.9831, -2.2795 -5.3465 2.9587, -2.2077 -5.3465 3.0137, -2.2913 -5.3465 2.9302, 2.2913 -5.3465 2.9302, 2.2077 -5.3465 3.0137, 2.2795 -5.3465 2.9587, 2.2362 -5.3465 3.0019, 2.2607 -5.3465 2.9831, -2.2953 -5.0394 2.7165, -2.2953 -5.0394 2.5984, -2.2953 -5.1103 2.7165, -2.2953 -5.1103 2.5984, -2.2953 -5.1408 2.7206, -2.2953 -5.1714 2.6065, -2.2953 -5.1693 2.7324, -2.2953 -5.2284 2.6301, -2.2953 -5.1938 2.7511, -2.2953 -5.2773 2.6676, -2.2953 -5.2125 2.7756, -2.2953 -5.3148 2.7165, -2.2953 -5.2243 2.8041, -2.2953 -5.3384 2.7735, -2.2953 -5.2284 2.8346, -2.2953 -5.2284 2.8996, -2.2795 -5.2284 2.9587, -2.2607 -5.2284 2.9831, -2.2362 -5.2284 3.0019, -2.1772 -5.2284 3.0177, 2.1772 -5.2284 3.0177, -2.2913 -5.2284 2.9302, -2.2077 -5.2284 3.0137, 2.2913 -5.2284 2.9302, 2.2077 -5.2284 3.0137, 2.2795 -5.2284 2.9587, 2.2362 -5.2284 3.0019, 2.2607 -5.2284 2.9831, -2.3425 -1.2599 2.5984, -2.3425 -5.0394 2.5984, -2.3731 -1.2599 2.5944, -2.3731 -5.0394 2.5944, -2.4016 -1.2599 2.5826, -2.4016 -5.0394 2.5826, -2.426 -1.2599 2.5638, -2.426 -5.0394 2.5638, -2.4448 -1.2599 2.5394, -2.4448 -5.0394 2.5394, -2.4566 -1.2599 2.5109, -2.4566 -5.0394 2.5109, -2.4606 -1.2599 2.4803, -2.4606 -5.0394 2.4803, -2.7618 -5.2284 2.4331, -2.7618 -5.3465 2.4331, -2.6969 -5.2284 2.4331, -2.6969 -5.3465 2.4331, -2.6663 -5.2243 2.4331, -2.6357 -5.3384 2.4331, -2.6378 -5.2125 2.4331, -2.5787 -5.3148 2.4331, -2.6133 -5.1938 2.4331, -2.5298 -5.2773 2.4331, -2.5946 -5.1693 2.4331, -2.4923 -5.2284 2.4331, -2.5828 -5.1408 2.4331, -2.4687 -5.1714 2.4331, -2.5787 -5.1103 2.4331, -2.4606 -5.1103 2.4331, -2.5787 -5.0394 2.4331, -2.4606 -5.0394 2.4331, -2.7618 -5.3465 0.748, -2.6969 -5.3465 0.748, -2.7924 -5.3465 0.7521, -2.8759 -5.3465 0.8356, -2.8209 -5.3465 2.4173, -2.8453 -5.3465 2.3985, -2.8641 -5.3465 2.374, -2.7924 -5.3465 2.429, -2.8799 -5.3465 2.315, -2.8759 -5.3465 2.3455, -2.8799 -5.3465 0.8661, -2.8209 -5.3465 0.7639, -2.8641 -5.3465 0.8071, -2.8453 -5.3465 0.7826, -2.5787 -5.0394 0.748, -2.4606 -5.0394 0.748, -2.5787 -5.1103 0.748, -2.4606 -5.1103 0.748, -2.5828 -5.1408 0.748, -2.4687 -5.1714 0.748, -2.5946 -5.1693 0.748, -2.4923 -5.2284 0.748, -2.6133 -5.1938 0.748, -2.5298 -5.2773 0.748, -2.6378 -5.2125 0.748, -2.5787 -5.3148 0.748, -2.6663 -5.2243 0.748, -2.6357 -5.3384 0.748, -2.6969 -5.2284 0.748, -2.7618 -5.2284 0.748, -2.7924 -5.2284 0.7521, -2.8209 -5.2284 0.7639, -2.8799 -5.2284 0.8661, -2.7924 -5.2284 2.429, -2.8799 -5.2284 2.315, -2.8453 -5.2284 0.7826, -2.8641 -5.2284 0.8071, -2.8759 -5.2284 0.8356, -2.8759 -5.2284 2.3455, -2.8641 -5.2284 2.374, -2.8209 -5.2284 2.4173, -2.8453 -5.2284 2.3985, 2.4409 -0.1103 0.1614, 2.4409 1.0236 0.1614, 2.4409 0.6299 0.4173, 2.4409 0.1771 0.4173, 2.4409 0.1771 0.7323, 2.4409 -0.1103 2.126, 2.4409 0.6299 0.7323, 2.4409 1.0236 0.4646, 2.4409 1.0039 0.4646, 2.4409 0.9527 0.9537, 2.4409 0.9921 0.9537, 2.4409 1.0039 2.126, 2.4409 0.9921 2.126, 2.4409 0.9527 2.126, 2.5591 0.4055 0.7323, 2.5591 0.4055 0.4173, 2.5591 0.6299 0.4173, 2.5591 0.6299 0.7323, 2.4606 1.0039 2.126, 2.4606 1.0039 0.4646, 2.4606 1.0236 0.4646, 2.4606 1.0236 0.1614
            ]
        }
        coordIndex [
            0,1,2,-1,2,1,3,-1,2,4,0,-1,0,4,5,-1,4,6,5,-1,5,6,7,-1,8,9,10,-1,10,9,11,-1,12,13,14,-1,12,14,15,-1,12,16,13,-1,13,16,17,-1,13,17,18,-1,14,19,15,-1,15,19,20,-1,15,20,21,-1,21,20,22,-1,23,24,25,-1,20,26,22,-1,22,26,23,-1,22,23,27,-1,27,23,25,-1,24,28,25,-1,25,28,29,-1,30,31,32,-1,33,30,34,-1,34,30,32,-1,34,32,35,-1,35,32,36,-1,37,38,39,-1,39,38,40,-1,39,40,41,-1,41,40,42,-1,41,42,43,-1,43,42,44,-1,43,44,45,-1,45,44,46,-1,45,46,47,-1,47,46,48,-1,47,48,49,-1,49,48,50,-1,49,50,51,-1,51,50,52,-1,51,52,53,-1,53,52,54,-1,53,54,55,-1,55,54,56,-1,55,56,57,-1,57,56,58,-1,57,58,59,-1,59,58,60,-1,59,60,31,-1,31,60,32,-1,61,62,37,-1,37,62,38,-1,63,64,65,-1,65,64,66,-1,65,66,67,-1,68,69,70,-1,70,69,71,-1,70,71,72,-1,72,71,73,-1,72,73,74,-1,74,73,75,-1,74,75,76,-1,76,75,77,-1,76,77,63,-1,63,77,78,-1,63,78,64,-1,68,79,69,-1,69,79,80,-1,80,79,81,-1,81,79,82,-1,81,82,83,-1,83,82,84,-1,85,86,87,-1,88,89,90,-1,90,89,91,-1,90,91,87,-1,87,91,92,-1,87,92,85,-1,93,94,95,-1,95,94,89,-1,95,89,88,-1,93,96,94,-1,94,96,97,-1,94,97,98,-1,98,97,99,-1,100,101,102,-1,102,101,99,-1,102,99,103,-1,103,99,97,-1,101,100,104,-1,105,106,107,-1,107,106,108,-1,104,109,101,-1,101,109,106,-1,101,106,110,-1,110,106,105,-1,111,106,112,-1,111,113,106,-1,106,113,114,-1,106,114,108,-1,115,116,117,-1,117,116,118,-1,112,119,111,-1,111,119,116,-1,111,116,120,-1,120,116,115,-1,121,122,123,-1,123,122,124,-1,123,124,125,-1,125,124,126,-1,125,126,127,-1,127,126,128,-1,127,128,129,-1,129,128,130,-1,129,130,131,-1,131,130,132,-1,131,132,133,-1,133,132,134,-1,134,135,133,-1,133,135,136,-1,136,135,137,-1,137,135,138,-1,137,138,139,-1,139,138,140,-1,139,140,141,-1,141,140,142,-1,141,142,143,-1,143,142,144,-1,143,144,145,-1,145,144,146,-1,145,146,147,-1,147,146,148,-1,148,149,147,-1,147,149,150,-1,150,149,151,-1,151,149,152,-1,151,152,153,-1,153,152,154,-1,153,154,155,-1,155,154,156,-1,155,156,157,-1,157,156,158,-1,157,158,159,-1,159,158,160,-1,159,160,161,-1,161,160,162,-1,162,163,161,-1,161,163,164,-1,164,163,165,-1,165,163,166,-1,165,166,167,-1,167,166,168,-1,167,168,169,-1,169,168,170,-1,169,170,171,-1,171,170,172,-1,171,172,173,-1,173,172,174,-1,173,174,175,-1,175,174,176,-1,176,122,175,-1,175,122,121,-1,177,178,179,-1,179,178,180,-1,181,182,183,-1,183,182,184,-1,183,184,185,-1,186,187,188,-1,184,189,185,-1,185,189,186,-1,185,186,190,-1,190,186,188,-1,191,192,193,-1,187,194,188,-1,188,194,193,-1,188,193,195,-1,195,193,192,-1,193,196,191,-1,191,196,178,-1,191,178,177,-1,197,198,199,-1,199,198,200,-1,199,200,201,-1,202,203,204,-1,200,205,201,-1,201,205,202,-1,201,202,206,-1,206,202,204,-1,204,203,207,-1,204,208,209,-1,209,210,204,-1,204,210,211,-1,204,211,212,-1,207,213,204,-1,204,213,214,-1,204,214,215,-1,215,216,204,-1,204,216,217,-1,204,217,218,-1,218,219,204,-1,204,219,220,-1,204,220,221,-1,221,222,204,-1,204,222,223,-1,204,223,208,-1,212,224,204,-1,204,224,225,-1,204,225,226,-1,226,227,204,-1,204,227,228,-1,204,228,229,-1,230,231,232,-1,232,231,233,-1,234,235,236,-1,236,235,237,-1,236,237,238,-1,239,240,241,-1,237,242,238,-1,238,242,239,-1,238,239,243,-1,243,239,241,-1,244,245,246,-1,246,245,247,-1,246,247,248,-1,248,247,249,-1,249,247,250,-1,250,247,251,-1,250,251,252,-1,252,253,250,-1,250,253,254,-1,250,254,255,-1,255,254,256,-1,257,232,233,-1,254,258,256,-1,256,258,257,-1,256,257,259,-1,259,257,233,-1,260,261,262,-1,262,261,263,-1,262,263,264,-1,264,265,262,-1,262,265,266,-1,262,266,267,-1,268,269,270,-1,271,209,272,-1,272,209,273,-1,272,273,274,-1,267,275,262,-1,262,275,270,-1,262,270,276,-1,276,270,269,-1,271,272,270,-1,270,272,277,-1,270,277,268,-1,278,279,280,-1,280,279,281,-1,282,283,284,-1,284,283,285,-1,284,285,286,-1,286,285,287,-1,286,287,288,-1,288,287,289,-1,288,289,290,-1,290,289,291,-1,290,291,292,-1,292,291,293,-1,292,293,294,-1,294,293,295,-1,294,295,296,-1,296,295,297,-1,296,297,298,-1,298,297,299,-1,298,299,300,-1,300,299,301,-1,300,301,302,-1,302,301,303,-1,302,303,304,-1,304,303,305,-1,304,305,281,-1,281,305,280,-1,306,307,308,-1,308,307,309,-1,308,309,310,-1,310,309,311,-1,310,311,312,-1,312,311,313,-1,312,313,314,-1,314,313,315,-1,314,315,316,-1,316,315,317,-1,316,317,318,-1,318,317,319,-1,320,321,322,-1,322,321,323,-1,322,323,324,-1,324,323,325,-1,324,325,326,-1,326,325,327,-1,326,327,328,-1,328,327,329,-1,328,329,330,-1,330,329,331,-1,330,331,332,-1,332,331,333,-1,332,333,334,-1,334,333,335,-1,334,335,336,-1,336,335,337,-1,338,334,339,-1,339,334,340,-1,341,342,343,-1,334,336,340,-1,340,336,344,-1,340,344,343,-1,343,344,345,-1,343,345,341,-1,340,346,339,-1,339,346,347,-1,339,347,348,-1,348,347,349,-1,348,349,350,-1,350,349,351,-1,339,352,338,-1,338,352,353,-1,338,353,354,-1,354,353,355,-1,354,355,356,-1,356,355,357,-1,356,357,358,-1,358,357,359,-1,358,359,360,-1,360,359,361,-1,360,361,362,-1,362,361,363,-1,362,363,364,-1,364,363,365,-1,364,365,366,-1,366,365,367,-1,335,353,352,-1,368,369,370,-1,371,335,369,-1,369,335,352,-1,369,352,370,-1,368,370,372,-1,372,370,373,-1,372,373,374,-1,375,376,377,-1,377,378,375,-1,375,378,379,-1,375,379,371,-1,371,379,337,-1,371,337,335,-1,369,346,371,-1,371,346,340,-1,352,339,348,-1,352,348,370,-1,370,348,350,-1,370,350,373,-1,373,350,351,-1,373,351,374,-1,374,351,349,-1,374,349,372,-1,372,349,347,-1,372,347,368,-1,368,347,346,-1,368,346,369,-1,336,337,379,-1,336,379,344,-1,344,379,378,-1,344,378,345,-1,345,378,377,-1,345,377,341,-1,341,377,376,-1,341,376,342,-1,342,376,375,-1,342,375,343,-1,343,375,371,-1,343,371,340,-1,353,335,333,-1,353,333,355,-1,355,333,331,-1,355,331,357,-1,357,331,329,-1,357,329,359,-1,359,329,327,-1,359,327,361,-1,361,327,325,-1,361,325,363,-1,363,325,323,-1,363,323,365,-1,364,322,362,-1,362,322,324,-1,362,324,360,-1,360,324,326,-1,360,326,358,-1,358,326,328,-1,358,328,356,-1,356,328,330,-1,356,330,354,-1,354,330,332,-1,354,332,338,-1,338,332,334,-1,380,381,382,-1,382,381,383,-1,382,383,384,-1,384,383,385,-1,384,385,386,-1,386,385,387,-1,386,387,388,-1,388,387,389,-1,388,389,390,-1,390,389,391,-1,390,391,392,-1,392,391,393,-1,394,395,396,-1,396,395,397,-1,396,397,398,-1,398,397,399,-1,398,399,400,-1,400,399,401,-1,400,401,402,-1,402,401,403,-1,402,403,404,-1,404,403,405,-1,404,405,406,-1,406,405,407,-1,406,407,408,-1,408,407,409,-1,408,409,410,-1,410,409,411,-1,397,412,413,-1,413,412,414,-1,413,414,415,-1,416,417,418,-1,414,419,415,-1,415,419,416,-1,415,416,420,-1,420,416,418,-1,397,395,412,-1,412,395,421,-1,412,421,422,-1,422,421,423,-1,422,423,424,-1,424,423,425,-1,426,427,428,-1,428,427,429,-1,428,429,430,-1,430,429,431,-1,430,431,432,-1,432,431,433,-1,432,433,434,-1,434,433,435,-1,434,435,436,-1,436,435,437,-1,436,437,438,-1,438,437,439,-1,438,439,440,-1,440,439,413,-1,440,413,441,-1,441,413,415,-1,396,440,441,-1,442,443,444,-1,441,445,396,-1,396,445,446,-1,396,446,394,-1,441,447,445,-1,445,447,442,-1,445,442,448,-1,448,442,444,-1,394,446,449,-1,449,446,450,-1,449,450,451,-1,451,450,452,-1,451,452,453,-1,445,414,446,-1,446,414,412,-1,441,415,420,-1,441,420,447,-1,447,420,418,-1,447,418,442,-1,442,418,417,-1,442,417,443,-1,443,417,416,-1,443,416,444,-1,444,416,419,-1,444,419,448,-1,448,419,414,-1,448,414,445,-1,395,394,449,-1,395,449,421,-1,421,449,451,-1,421,451,423,-1,423,451,453,-1,423,453,425,-1,425,453,452,-1,425,452,424,-1,424,452,450,-1,424,450,422,-1,422,450,446,-1,422,446,412,-1,440,396,438,-1,438,396,398,-1,438,398,436,-1,436,398,400,-1,436,400,434,-1,434,400,402,-1,434,402,432,-1,432,402,404,-1,432,404,430,-1,430,404,406,-1,430,406,428,-1,428,406,408,-1,429,409,407,-1,429,407,431,-1,431,407,405,-1,431,405,433,-1,433,405,403,-1,433,403,435,-1,435,403,401,-1,435,401,437,-1,437,401,399,-1,437,399,439,-1,439,399,397,-1,439,397,413,-1,454,455,456,-1,456,455,457,-1,456,457,458,-1,458,457,459,-1,458,459,460,-1,460,459,461,-1,460,461,462,-1,462,461,463,-1,462,463,464,-1,464,463,465,-1,464,465,466,-1,466,465,467,-1,468,469,470,-1,470,469,471,-1,470,471,472,-1,472,471,473,-1,472,473,474,-1,474,473,475,-1,474,475,476,-1,476,475,477,-1,476,477,478,-1,478,477,479,-1,478,479,480,-1,480,479,481,-1,480,481,482,-1,482,481,483,-1,482,483,484,-1,484,483,485,-1,486,487,469,-1,469,487,471,-1,488,486,489,-1,490,491,492,-1,469,493,494,-1,494,493,490,-1,494,490,495,-1,495,490,492,-1,469,494,486,-1,486,494,496,-1,486,496,489,-1,488,489,497,-1,497,489,498,-1,497,498,499,-1,500,501,502,-1,502,501,503,-1,502,503,504,-1,504,503,505,-1,504,505,506,-1,506,505,507,-1,506,507,508,-1,508,507,509,-1,508,509,510,-1,510,509,511,-1,510,511,512,-1,512,511,513,-1,512,513,514,-1,514,513,487,-1,514,487,515,-1,515,487,486,-1,470,514,515,-1,516,517,518,-1,519,468,520,-1,520,468,470,-1,520,470,518,-1,518,470,515,-1,518,515,516,-1,521,522,517,-1,517,522,523,-1,517,523,518,-1,520,524,519,-1,519,524,525,-1,519,525,526,-1,526,525,527,-1,518,496,520,-1,520,496,494,-1,515,486,488,-1,515,488,516,-1,516,488,497,-1,516,497,517,-1,517,497,499,-1,517,499,521,-1,521,499,498,-1,521,498,522,-1,522,498,489,-1,522,489,523,-1,523,489,496,-1,523,496,518,-1,469,468,519,-1,469,519,493,-1,493,519,526,-1,493,526,490,-1,490,526,527,-1,490,527,491,-1,491,527,525,-1,491,525,492,-1,492,525,524,-1,492,524,495,-1,495,524,520,-1,495,520,494,-1,514,470,512,-1,512,470,472,-1,512,472,510,-1,510,472,474,-1,510,474,508,-1,508,474,476,-1,508,476,506,-1,506,476,478,-1,506,478,504,-1,504,478,480,-1,504,480,502,-1,502,480,482,-1,503,483,481,-1,503,481,505,-1,505,481,479,-1,505,479,507,-1,507,479,477,-1,507,477,509,-1,509,477,475,-1,509,475,511,-1,511,475,473,-1,511,473,513,-1,513,473,471,-1,513,471,487,-1,528,529,530,-1,530,531,528,-1,528,531,532,-1,528,532,533,-1,533,532,534,-1,529,535,536,-1,537,536,538,-1,538,536,539,-1,538,539,540,-1,529,536,530,-1,530,536,537,-1,530,537,534,-1,534,537,541,-1,534,541,533,-1,532,531,542,-1,542,531,543,-1,531,530,543,-1,543,530,544,-1,530,534,544,-1,544,534,545,-1,534,532,545,-1,545,532,542,-1,543,544,542,-1,542,544,545,-1,539,536,546,-1,546,536,547,-1,536,535,547,-1,547,535,548,-1,535,529,548,-1,548,529,549,-1,
        ]
    }
}
Shape{
    appearance Appearance {
        material  Material 	{
            diffuseColor 0.2235294117647059 0.2235294117647059 0.2235294117647059
            specularColor 0.11372549019607843 0.11372549019607843 0.11372549019607843
            ambientIntensity 0.2235
            transparency 0.0
            shininess 0.5
        }
    }
    geometry IndexedFaceSet {
        ccw TRUE
        solid FALSE
        coord DEF co Coordinate {
            point [
                2.3228 -0.1103 2.126, 2.3228 -0.1103 0.1614, 2.4409 -0.1103 2.126, 2.4409 -0.1103 0.1614
            ]
        }
        coordIndex [
            0,1,2,-1,2,1,3,-1,
        ]
    }
}
Shape{
    appearance Appearance {
        material  Material 	{
            diffuseColor 0.6470588235294118 0.6196078431372549 0.5882352941176471
            specularColor 0.45098039215686275 0.43529411764705883 0.4117647058823529
            ambientIntensity 0.6242
            transparency 0.0
            shininess 0.5
        }
    }
    geometry IndexedFaceSet {
        ccw TRUE
        solid FALSE
        coord DEF co Coordinate {
            point [
                -2.3425 -5.0394 0.5827, -2.3425 -1.2599 0.5827, -2.3731 -5.0394 0.5867, -2.3731 -1.2599 0.5867, -2.4016 -5.0394 0.5985, -2.4016 -1.2599 0.5985, -2.426 -5.0394 0.6173, -2.426 -1.2599 0.6173, -2.4448 -5.0394 0.6417, -2.4448 -1.2599 0.6417, -2.4566 -5.0394 0.6702, -2.4566 -1.2599 0.6702, -2.4606 -5.0394 0.7008, -2.4606 -1.2599 0.7008, -2.4606 -2.4269 1.9172, -2.5787 -2.429 1.9172, -2.4504 -2.7783 1.8956, -2.5661 -2.8445 1.8917, -2.4478 -2.8474 1.8913, -2.5659 -2.8505 1.8913, -2.4473 -2.8585 1.8907, -2.5576 -3.0545 1.8788, -2.4313 -3.2679 1.8655, -2.5493 -3.272 1.8655, -2.5493 -3.272 1.3156, -2.5654 -2.8616 1.2904, -2.5658 -2.8505 1.2898, -2.5685 -2.7812 1.2855, -2.5787 -2.429 1.2639, -2.4313 -3.2679 1.3156, -2.4396 -3.0509 1.3022, -2.4478 -2.8474 1.2898, -2.448 -2.8414 1.2894, -2.4606 -2.4269 1.2639, -2.3915 -3.3523 1.3278, -2.4035 -3.3388 1.3251, -2.3894 -3.354 1.8528, -2.374 -3.3642 1.3306, -2.3829 -3.3581 1.3292, -2.3655 -3.3697 1.849, -2.3389 -3.3791 1.8465, -2.3389 -3.3791 1.3346, -2.3565 -3.3728 1.8482, -2.3565 -3.3728 1.3329, -2.3584 -3.3722 1.8483, -2.3584 -3.3721 1.3327, -2.3668 -3.3691 1.3318, -2.3902 -3.3531 1.328, -2.383 -3.3582 1.8518, -2.374 -3.3641 1.8504, -2.4147 -3.3229 1.3223, -2.4145 -3.3228 1.8589, -2.4091 -3.3328 1.8572, -2.4103 -3.3311 1.3236, -2.4035 -3.3388 1.856, -2.3902 -3.3531 1.853, -2.4304 -3.2786 1.8647, -2.4284 -3.2863 1.8638, -2.4302 -3.2798 1.3165, -2.4188 -3.315 1.8602, -2.4189 -3.315 1.321, -2.423 -3.3073 1.8614, -2.423 -3.3073 1.3198, -2.4235 -3.3054 1.8617, -2.4235 -3.3054 1.3196, -2.4279 -3.2883 1.8636, -2.428 -3.2883 1.3175, -2.4285 -3.2864 1.3173, -2.4349 -3.4646 1.8512, -2.4133 -3.4778 1.8496, -2.4025 -3.4815 1.8489, -2.4 -3.4823 1.8488, -2.3646 -3.4944 1.8465, -2.4527 -3.4538 1.8525, -2.5254 -3.3661 1.8595, -2.533 -3.3466 1.8608, -2.5229 -3.3725 1.8591, -2.5166 -3.3821 1.8584, -2.4949 -3.4147 1.856, -2.4035 -3.3388 1.856, -2.4944 -3.4153 1.8559, -2.4667 -3.442 1.8536, -2.4573 -3.451 1.8528, -2.5415 -3.3245 1.8623, -2.5434 -3.3116 1.863, -2.5438 -3.3091 1.8632, -2.5471 -3.2968 1.3171, -2.5438 -3.3089 1.3179, -2.5431 -3.3114 1.3181, -2.5248 -3.3656 1.3216, -2.5316 -3.3536 1.3207, -2.5334 -3.3468 1.3203, -2.5158 -3.3817 1.3227, -2.5035 -3.4038 1.3243, -2.4949 -3.4147 1.856, -2.494 -3.4139 1.3251, -2.467 -3.4423 1.3275, -2.464 -3.4455 1.3278, -2.4522 -3.453 1.3287, -2.4346 -3.4643 1.3299, -2.4147 -3.477 1.3314, -2.4024 -3.4812 1.3322, -2.3999 -3.4821 1.3323, -2.3646 -3.4944 1.3346, -2.2932 -3.7247 1.3525, -2.2932 -3.7247 1.8286, -2.2894 -3.7204 1.3522, -2.275 -3.6996 1.8305, -2.2753 -3.6994 1.3506, -2.2625 -3.6694 1.3486, -2.2712 -3.6932 1.3502, -2.2622 -3.6695 1.8325, -2.2724 -3.695 1.3503, -2.2724 -3.695 1.8308, -2.2731 -3.6969 1.8307, -2.2594 -3.661 1.3481, -2.2604 -3.6649 1.8328, -2.2594 -3.6609 1.3481, -2.2596 -3.6609 1.833, -2.2572 -3.649 1.8338, -2.2567 -3.6374 1.3466, -2.2571 -3.6374 1.8345, -2.2559 -3.6306 1.3462, -2.2569 -3.6247 1.8353, -2.2566 -3.6248 1.3458, -2.259 -3.6048 1.3446, -2.2567 -3.6148 1.8359, -2.2591 -3.605 1.8365, -2.26 -3.5963 1.3441, -2.2629 -3.589 1.8375, -2.2628 -3.5891 1.3436, -2.2646 -3.5814 1.838, -2.2687 -3.5738 1.3426, -2.2686 -3.5738 1.8385, -2.2724 -3.5643 1.342, -2.2779 -3.556 1.8398, -2.2781 -3.5562 1.3413, -2.2854 -3.5459 1.3406, -2.2806 -3.5509 1.8401, -2.2851 -3.5457 1.8405, -2.2921 -3.5365 1.3399, -2.3007 -3.5278 1.842, -2.3009 -3.5279 1.3391, -2.3007 -3.5278 1.842, -2.3037 -3.5251 1.3389, -2.3078 -3.5223 1.3386, -2.308 -3.5226 1.8425, -2.3307 -3.507 1.3369, -2.3286 -3.5078 1.8441, -2.3323 -3.5059 1.3367, -2.3591 -3.4957 1.8461, -2.3354 -3.5048 1.3365, -2.3355 -3.5051 1.8446, -2.3306 -3.507 1.8442, -2.1689 -3.7504 1.3491, -2.1739 -3.7613 1.3496, -2.1835 -3.7741 1.3505, -2.2894 -3.7204 1.3522, -2.2068 -3.8052 1.3525, -2.2712 -3.6932 1.3502, -2.153 -3.7159 1.3476, -2.2594 -3.6609 1.3481, -2.1404 -3.6665 1.3461, -2.1454 -3.6874 1.3467, -2.1513 -3.7121 1.3475, -2.1383 -3.6205 1.345, -2.1397 -3.6517 1.3457, -2.2559 -3.6306 1.3462, -2.1381 -3.6164 1.3449, -2.1427 -3.5861 1.3442, -2.1456 -3.5672 1.3439, -2.26 -3.5963 1.3441, -2.1504 -3.5543 1.3436, -2.1619 -3.5233 1.3429, -2.1651 -3.5147 1.3428, -2.2724 -3.5643 1.342, -2.1788 -3.4932 1.3422, -2.1934 -3.4703 1.3416, -2.1962 -3.4674 1.3415, -2.2921 -3.5365 1.3399, -2.2214 -3.4411 1.3405, -2.2272 -3.4351 1.3403, -2.3037 -3.5251 1.3389, -2.2445 -3.423 1.3395, -2.2693 -3.4056 1.3384, -2.2764 -3.4026 1.3381, -2.3323 -3.5059 1.3367, -2.3021 -3.3915 1.3367, -2.3182 -3.3846 1.3359, -2.1378 -3.6297 1.5907, -2.1398 -3.6516 1.591, -2.185 -3.7784 1.6417, -2.185 -3.7784 1.8305, -2.1955 -3.7922 1.8296, -2.2068 -3.8052 1.8286, -2.1845 -3.7776 1.6341, -2.1843 -3.7773 1.6332, -2.1678 -3.7505 1.6035, -2.1651 -3.7447 1.6017, -2.1561 -3.7253 1.5957, -2.1544 -3.7195 1.5951, -2.1741 -3.7615 1.6104, -2.1754 -3.7638 1.6118, -2.1802 -3.7713 1.62, -2.1806 -3.772 1.6211, -2.1825 -3.7748 1.626, -2.1828 -3.7753 1.6269, -2.1423 -3.6782 1.5913, -2.1424 -3.6785 1.5913, -2.1534 -3.7159 1.5948, -2.1614 -3.5232 1.5993, -2.1557 -3.5355 1.5955, -2.1544 -3.5398 1.595, -2.1423 -3.586 1.5913, -2.1424 -3.5853 1.5913, -2.1433 -3.577 1.5914, -2.185 -3.4814 1.6417, -2.1847 -3.4819 1.636, -2.1842 -3.4827 1.6332, -2.1832 -3.484 1.6282, -2.1806 -3.4879 1.6211, -2.1802 -3.4886 1.62, -2.176 -3.4951 1.6126, -2.174 -3.4985 1.6104, -2.168 -3.5091 1.6036, -2.1651 -3.5153 1.6017, -2.185 -3.4814 1.8392, -2.1902 -3.4744 1.8394, -2.1966 -3.4678 1.8396, -2.2218 -3.4416 1.8406, -2.2322 -3.4309 1.841, -2.2446 -3.4231 1.8416, -2.302 -3.3916 1.8444, -2.286 -3.3971 1.8435, -2.2766 -3.403 1.8431, -2.3591 -3.4957 1.8461, -2.2322 -3.4309 1.841, -2.1902 -3.4744 1.8394, -2.3007 -3.5278 1.842, -2.2806 -3.5509 1.8401, -2.185 -3.496 1.8389, -2.185 -3.5573 1.8377, -2.2647 -3.5814 1.838, -2.185 -3.5642 1.8375, -2.2567 -3.6148 1.8359, -2.185 -3.6217 1.8357, -2.2572 -3.649 1.8338, -2.185 -3.6797 1.8339, -2.2604 -3.6649 1.8328, -2.185 -3.7027 1.8331, -2.185 -3.7432 1.8317, -2.2731 -3.6969 1.8307
            ]
        }
        coordIndex [
            0,1,2,-1,2,1,3,-1,2,3,4,-1,4,3,5,-1,4,5,6,-1,6,5,7,-1,6,7,8,-1,8,7,9,-1,8,9,10,-1,10,9,11,-1,10,11,12,-1,12,11,13,-1,14,15,16,-1,16,15,17,-1,16,17,18,-1,18,17,19,-1,18,19,20,-1,20,19,21,-1,20,21,22,-1,22,21,23,-1,24,23,25,-1,25,23,21,-1,25,21,26,-1,26,21,19,-1,26,19,27,-1,27,19,17,-1,27,17,28,-1,28,17,15,-1,29,24,30,-1,30,24,25,-1,30,25,31,-1,31,25,26,-1,31,26,32,-1,32,26,27,-1,32,27,33,-1,33,27,28,-1,31,20,30,-1,30,20,22,-1,30,22,29,-1,33,14,32,-1,32,14,16,-1,32,16,31,-1,31,16,18,-1,31,18,20,-1,34,35,36,-1,37,38,39,-1,40,41,42,-1,42,41,43,-1,42,43,44,-1,44,43,45,-1,44,45,39,-1,39,45,46,-1,39,46,37,-1,34,36,47,-1,47,36,48,-1,47,48,38,-1,38,48,49,-1,38,49,39,-1,50,51,52,-1,50,52,53,-1,53,52,54,-1,53,54,35,-1,35,54,55,-1,35,55,36,-1,22,56,29,-1,29,56,57,-1,29,57,58,-1,51,50,59,-1,59,50,60,-1,59,60,61,-1,61,60,62,-1,61,62,63,-1,63,62,64,-1,63,64,65,-1,65,64,66,-1,65,66,57,-1,57,66,67,-1,57,67,58,-1,68,69,39,-1,39,69,70,-1,39,70,44,-1,44,70,71,-1,44,71,42,-1,42,71,72,-1,42,72,40,-1,36,73,48,-1,48,73,68,-1,48,68,49,-1,49,68,39,-1,74,51,59,-1,74,59,75,-1,74,76,51,-1,51,76,77,-1,51,77,52,-1,52,77,78,-1,52,78,79,-1,79,78,80,-1,79,80,55,-1,55,80,81,-1,55,81,36,-1,36,81,82,-1,36,82,73,-1,59,61,75,-1,75,61,63,-1,75,63,83,-1,83,63,65,-1,83,65,84,-1,84,65,85,-1,22,23,56,-1,56,23,85,-1,56,85,57,-1,57,85,65,-1,24,86,23,-1,23,86,87,-1,23,87,85,-1,85,87,88,-1,77,76,89,-1,89,76,74,-1,89,74,90,-1,90,74,75,-1,90,75,91,-1,91,75,83,-1,91,83,88,-1,88,83,84,-1,88,84,85,-1,89,92,77,-1,77,92,93,-1,77,93,94,-1,94,93,95,-1,94,95,80,-1,80,95,96,-1,80,96,81,-1,81,96,97,-1,81,97,82,-1,82,97,98,-1,82,98,73,-1,73,98,68,-1,98,99,68,-1,68,99,100,-1,68,100,69,-1,69,100,101,-1,69,101,70,-1,70,101,102,-1,70,102,71,-1,71,102,103,-1,71,103,72,-1,104,105,106,-1,106,105,107,-1,106,107,108,-1,109,110,111,-1,111,110,112,-1,111,112,113,-1,108,107,112,-1,112,107,114,-1,112,114,113,-1,109,111,115,-1,115,111,116,-1,115,116,117,-1,116,118,117,-1,117,118,119,-1,117,119,120,-1,120,119,121,-1,120,121,122,-1,122,121,123,-1,122,123,124,-1,124,123,125,-1,123,126,125,-1,125,126,127,-1,125,127,128,-1,128,127,129,-1,128,129,130,-1,130,129,131,-1,130,131,132,-1,132,131,133,-1,132,133,134,-1,134,133,135,-1,134,135,136,-1,136,135,137,-1,135,138,137,-1,137,138,139,-1,137,139,140,-1,140,139,141,-1,140,141,142,-1,142,141,143,-1,142,143,144,-1,144,143,145,-1,145,143,146,-1,145,146,147,-1,147,146,148,-1,147,148,149,-1,72,103,150,-1,150,103,151,-1,150,151,152,-1,152,151,149,-1,152,149,153,-1,153,149,148,-1,154,155,108,-1,108,155,156,-1,108,156,157,-1,157,156,158,-1,157,158,104,-1,108,112,154,-1,154,112,159,-1,154,159,160,-1,160,159,109,-1,161,162,115,-1,115,162,163,-1,115,163,109,-1,109,163,164,-1,109,164,160,-1,120,165,161,-1,161,165,166,-1,161,166,162,-1,120,167,165,-1,165,167,124,-1,165,124,168,-1,168,124,125,-1,168,125,169,-1,169,125,170,-1,170,125,171,-1,170,171,172,-1,172,171,130,-1,172,130,173,-1,173,130,132,-1,173,132,174,-1,174,132,175,-1,174,175,176,-1,176,175,136,-1,176,136,177,-1,177,136,137,-1,177,137,178,-1,178,137,179,-1,178,179,180,-1,180,179,142,-1,180,142,181,-1,181,142,182,-1,181,182,183,-1,183,182,145,-1,183,145,184,-1,184,145,147,-1,184,147,185,-1,185,147,186,-1,185,186,187,-1,187,186,151,-1,187,151,188,-1,188,151,103,-1,188,103,41,-1,189,190,166,-1,191,192,193,-1,193,194,191,-1,191,194,158,-1,191,158,195,-1,195,158,196,-1,197,156,198,-1,198,156,155,-1,198,155,199,-1,199,155,154,-1,199,154,200,-1,200,154,160,-1,197,201,156,-1,156,201,202,-1,156,202,203,-1,203,204,156,-1,156,204,205,-1,156,205,158,-1,158,205,206,-1,158,206,196,-1,166,190,162,-1,162,190,207,-1,162,207,163,-1,163,207,164,-1,164,207,208,-1,164,208,160,-1,160,208,209,-1,160,209,200,-1,173,210,211,-1,173,211,172,-1,172,211,212,-1,172,212,170,-1,166,165,189,-1,189,165,168,-1,189,168,213,-1,213,168,169,-1,213,169,214,-1,214,169,170,-1,214,170,215,-1,215,170,212,-1,216,217,178,-1,178,217,218,-1,178,218,219,-1,219,220,178,-1,178,220,221,-1,178,221,222,-1,222,223,178,-1,178,223,224,-1,178,224,177,-1,210,173,225,-1,225,173,174,-1,225,174,224,-1,224,174,176,-1,224,176,177,-1,226,216,227,-1,227,216,178,-1,227,178,228,-1,228,178,180,-1,228,180,229,-1,229,180,181,-1,229,181,230,-1,230,181,183,-1,230,183,231,-1,187,232,233,-1,231,183,234,-1,234,183,184,-1,234,184,233,-1,233,184,185,-1,233,185,187,-1,232,187,40,-1,40,187,188,-1,40,188,41,-1,234,233,152,-1,152,233,232,-1,152,232,235,-1,235,232,40,-1,235,40,72,-1,152,153,234,-1,234,153,148,-1,234,148,231,-1,231,148,146,-1,231,146,236,-1,236,146,143,-1,226,237,238,-1,238,237,228,-1,238,228,143,-1,143,228,229,-1,143,229,236,-1,238,139,226,-1,226,139,239,-1,226,239,240,-1,239,135,240,-1,240,135,133,-1,240,133,241,-1,241,133,242,-1,241,242,243,-1,244,245,127,-1,127,245,243,-1,127,243,129,-1,129,243,242,-1,246,247,121,-1,121,247,245,-1,121,245,123,-1,123,245,244,-1,246,118,247,-1,247,118,248,-1,247,248,249,-1,249,248,111,-1,249,111,250,-1,111,113,250,-1,250,113,251,-1,250,251,192,-1,192,251,107,-1,192,107,193,-1,193,107,105,-1,193,105,194,-1,
        ]
    }
}
Shape{
    appearance Appearance {
        material  Material 	{
            diffuseColor 0.2235294117647059 0.2235294117647059 0.2235294117647059
            specularColor 0.11372549019607843 0.11372549019607843 0.11372549019607843
            ambientIntensity 0.2235
            transparency 0.0
            shininess 0.5
        }
    }
    geometry IndexedFaceSet {
        ccw TRUE
        solid FALSE
        coord DEF co Coordinate {
            point [
                -2.185 -3.7784 1.6417, -2.185 -5.0591 1.6417, -2.185 -3.7784 1.8305, -2.185 -5.0591 2.1969, -2.185 -3.7432 1.8317, -2.185 -3.496 1.8389, -2.185 -3.4814 1.8392, -2.185 -1.2599 2.1969, -2.185 -3.4814 1.6417, -2.185 -1.2599 1.6417, -2.185 -3.5573 1.8377, -2.185 -3.5642 1.8375, -2.185 -3.6217 1.8357, -2.185 -3.6797 1.8339, -2.185 -3.7027 1.8331, -2.1402 -4.9975 1.5909, -2.1424 -4.9983 1.5914, -2.1424 -3.6785 1.5913, -2.1542 -5.0043 1.5948, -2.1545 -5.0045 1.5949, -2.1544 -3.7195 1.5951, -2.1561 -3.7253 1.5957, -2.1678 -3.7505 1.6035, -2.1651 -3.7447 1.6017, -2.1652 -5.0159 1.6016, -2.1754 -3.7638 1.6118, -2.1741 -3.7615 1.6104, -2.174 -5.0312 1.6104, -2.1829 -5.0601 1.6271, -2.1832 -5.0622 1.6283, -2.1842 -5.0605 1.6332, -2.1799 -5.0504 1.6215, -2.1806 -3.772 1.6211, -2.1802 -3.7713 1.62, -2.1732 -5.0287 1.609, -2.1634 -5.0132 1.6, -2.1534 -3.7159 1.5948, -2.1464 -4.9996 1.5921, -2.1378 -3.6297 1.5907, -2.1339 -3.3853 1.5906, -2.1339 -4.1342 1.5906, -2.1339 -4.9805 1.5906, -2.1339 -4.9968 1.5906, -2.1398 -3.6516 1.591, -2.1423 -3.6782 1.5913, -2.1424 -1.2599 1.5913, -2.1339 -1.2599 1.5906, -2.1843 -1.2599 1.6332, -2.1842 -3.4827 1.6332, -2.1847 -3.4819 1.636, -2.1742 -1.2599 1.6103, -2.174 -3.4985 1.6104, -2.1807 -1.2599 1.6211, -2.176 -3.4951 1.6126, -2.1802 -3.4886 1.62, -2.1806 -3.4879 1.6211, -2.1832 -3.484 1.6282, -2.1557 -3.5355 1.5955, -2.1653 -1.2599 1.6014, -2.1545 -1.2599 1.5949, -2.1614 -3.5232 1.5993, -2.1651 -3.5153 1.6017, -2.168 -3.5091 1.6036, -2.1423 -3.586 1.5913, -2.1424 -3.5853 1.5913, -2.1433 -3.577 1.5914, -2.1544 -3.5398 1.595, -2.185 -5.0591 1.641, -2.1845 -3.7776 1.6341, -2.1843 -3.7773 1.6332, -2.1828 -3.7753 1.6269, -2.1825 -3.7748 1.626, -2.1846 -5.0599 1.6349, 2.1798 -5.0505 1.6215, 2.1832 -5.0622 1.6283, 2.0714 -5.2559 1.7402, 2.1473 -5.0 1.5924, 2.1545 -5.0045 1.5949, 2.1652 -5.0157 1.6015, 2.1736 -5.0296 1.6095, 2.1741 -5.0311 1.6104, -2.0714 -5.2559 1.7402, -1.7224 -4.9968 1.5906, -1.1319 -4.9968 1.5906, -0.8366 -4.9968 1.5906, 2.1545 -5.0045 1.5949, 2.1645 -5.0144 1.6007, -0.3937 -4.9968 1.5906, 0.0 -4.9968 1.5906, 0.3937 -4.9968 1.5906, 1.1319 -4.9968 1.5906, 1.2303 -4.9968 1.5906, 1.7224 -4.9968 1.5906, 2.1339 -4.9968 1.5906, 2.1348 -4.9968 1.5906, 2.1407 -4.9976 1.591, 2.1424 -4.9983 1.5914, 2.1754 -3.4961 1.6118, 2.1741 -3.4984 1.6104, 2.1742 -1.2599 1.6103, 2.1832 -3.7759 1.6282, 2.1842 -3.7772 1.6332, 2.1847 -3.778 1.636, 2.185 -3.7784 1.6417, 2.185 -5.0591 1.6417, 2.1842 -5.0605 1.6332, 2.1846 -5.0598 1.635, 2.1802 -3.7713 1.62, 2.1806 -3.772 1.6211, 2.1825 -3.7748 1.6262, 2.1651 -3.7446 1.6017, 2.168 -3.7508 1.6036, 2.174 -3.7613 1.6104, 2.176 -3.7647 1.6126, 2.1557 -3.7244 1.5955, 2.1544 -3.7201 1.595, 2.1433 -3.6829 1.5914, 2.1424 -3.6746 1.5913, 2.1532 -3.7159 1.5946, 2.1339 -4.9805 1.5906, 2.1339 -3.3853 1.5906, 2.1339 -1.2599 1.5906, 2.1424 -1.2599 1.5913, 2.1423 -3.5817 1.5913, 2.1419 -3.586 1.5912, 2.1378 -3.6302 1.5907, 2.1339 -4.1342 1.5906, 2.14 -3.6516 1.591, 2.1424 -3.5814 1.5913, 2.1544 -3.5404 1.5951, 2.1545 -1.2599 1.5949, 2.1561 -3.5345 1.5957, 2.1653 -1.2599 1.6014, 2.1678 -3.5093 1.6035, 2.1651 -3.5152 1.6017, 2.1614 -3.5232 1.5992, 2.1807 -1.2599 1.6211, 2.1806 -3.4879 1.6211, 2.1802 -3.4885 1.62, 2.1843 -1.2599 1.6332, 2.185 -1.2599 1.6417, 2.185 -3.4814 1.6417, 2.1845 -3.4823 1.6341, 2.1843 -3.4825 1.6332, 2.1828 -3.4846 1.6269, 2.185 -3.4814 1.848, 2.185 -5.0591 2.1969, 2.185 -3.7784 1.8295, 2.185 -3.7433 1.8313, 2.185 -3.622 1.839, 2.185 -3.618 1.8393, 2.185 -3.5616 1.8429, 2.185 -3.495 1.8472, 2.185 -1.2599 2.1969, 2.185 -3.6969 1.8337, 2.185 -3.6786 1.835
            ]
        }
        coordIndex [
            0,1,2,-1,2,1,3,-1,2,3,4,-1,5,3,6,-1,6,3,7,-1,6,7,8,-1,8,7,9,-1,5,10,3,-1,3,10,11,-1,3,11,12,-1,12,13,3,-1,3,13,14,-1,3,14,4,-1,15,16,17,-1,18,19,20,-1,20,19,21,-1,22,23,24,-1,25,26,27,-1,28,29,30,-1,28,30,31,-1,31,32,27,-1,27,32,33,-1,27,33,25,-1,22,24,26,-1,26,24,34,-1,26,34,27,-1,21,19,23,-1,23,19,35,-1,23,35,24,-1,17,16,36,-1,36,16,20,-1,20,16,37,-1,20,37,18,-1,38,39,40,-1,41,42,15,-1,41,15,40,-1,38,40,43,-1,15,17,40,-1,40,17,44,-1,40,44,43,-1,45,46,39,-1,47,48,9,-1,9,48,49,-1,9,49,8,-1,50,51,52,-1,52,51,53,-1,53,54,52,-1,52,54,55,-1,52,55,47,-1,47,55,56,-1,47,56,48,-1,57,58,59,-1,57,60,58,-1,58,60,61,-1,58,61,50,-1,50,61,62,-1,50,62,51,-1,38,63,39,-1,39,63,64,-1,39,64,45,-1,45,64,65,-1,45,65,59,-1,59,65,66,-1,59,66,57,-1,67,1,0,-1,68,69,30,-1,30,69,70,-1,30,70,31,-1,31,70,71,-1,31,71,32,-1,68,30,0,-1,0,30,72,-1,0,72,67,-1,73,74,75,-1,76,77,75,-1,78,79,75,-1,75,79,80,-1,75,80,73,-1,81,29,28,-1,28,31,81,-1,81,31,27,-1,81,27,34,-1,34,24,81,-1,81,24,35,-1,81,35,19,-1,19,18,81,-1,81,18,37,-1,81,37,16,-1,82,83,81,-1,81,83,84,-1,77,85,75,-1,75,85,86,-1,75,86,78,-1,16,15,81,-1,81,15,42,-1,81,42,82,-1,84,87,81,-1,81,87,88,-1,81,88,75,-1,88,89,75,-1,75,89,90,-1,75,90,91,-1,91,92,75,-1,75,92,93,-1,75,93,94,-1,94,95,75,-1,75,95,96,-1,75,96,76,-1,97,98,99,-1,73,100,101,-1,102,103,104,-1,102,104,101,-1,74,73,105,-1,105,73,101,-1,105,101,106,-1,106,101,104,-1,107,108,73,-1,73,108,109,-1,73,109,100,-1,110,111,80,-1,80,111,112,-1,80,112,73,-1,73,112,113,-1,73,113,107,-1,80,79,110,-1,110,79,78,-1,110,78,114,-1,114,78,86,-1,86,85,114,-1,114,85,77,-1,114,77,115,-1,76,96,116,-1,116,96,117,-1,76,116,77,-1,77,116,118,-1,77,118,115,-1,94,93,119,-1,120,121,122,-1,123,124,120,-1,120,124,125,-1,120,125,126,-1,126,125,127,-1,127,117,126,-1,126,117,96,-1,126,96,119,-1,119,96,95,-1,119,95,94,-1,123,120,128,-1,128,120,122,-1,128,122,129,-1,129,122,130,-1,129,130,131,-1,99,98,132,-1,98,133,132,-1,132,133,134,-1,132,134,130,-1,130,134,135,-1,130,135,131,-1,136,137,99,-1,99,137,138,-1,99,138,97,-1,139,140,141,-1,141,142,139,-1,139,142,143,-1,139,143,136,-1,136,143,144,-1,136,144,137,-1,145,141,140,-1,104,103,146,-1,146,103,147,-1,146,147,148,-1,149,150,146,-1,146,150,151,-1,151,152,146,-1,146,152,145,-1,146,145,153,-1,153,145,140,-1,148,154,146,-1,146,154,155,-1,146,155,149,-1,
        ]
    }
}
Shape{
    appearance Appearance {
        material  Material 	{
            diffuseColor 0.6470588235294118 0.6196078431372549 0.5882352941176471
            specularColor 0.45098039215686275 0.43529411764705883 0.4117647058823529
            ambientIntensity 0.6242
            transparency 0.0
            shininess 0.5
        }
    }
    geometry IndexedFaceSet {
        ccw TRUE
        solid FALSE
        coord DEF co Coordinate {
            point [
                2.3389 -3.3791 1.8591, 2.3389 -3.3791 1.322, 2.3307 -3.3811 1.8586, 2.302 -3.3916 1.3243, 2.3023 -3.3921 1.8568, 2.286 -3.3971 1.3253, 2.2759 -3.4023 1.8552, 2.2742 -3.403 1.855, 2.2765 -3.4031 1.3259, 2.2449 -3.4236 1.8529, 2.2446 -3.4232 1.3282, 2.2321 -3.431 1.329, 2.1678 -3.5093 1.6035, 2.1791 -3.4935 1.3339, 2.1651 -3.5152 1.6017, 2.1618 -3.5234 1.3359, 2.1614 -3.5232 1.5992, 2.1741 -3.4984 1.6104, 2.1966 -3.4678 1.332, 2.19 -3.4746 1.3326, 2.1754 -3.4961 1.6118, 2.1802 -3.4885 1.62, 2.1806 -3.4879 1.6211, 2.1828 -3.4846 1.6269, 2.1843 -3.4825 1.6332, 2.1845 -3.4823 1.6341, 2.185 -3.4814 1.6417, 2.185 -3.4814 1.848, 2.1969 -3.468 1.8491, 2.2217 -3.4418 1.3299, 2.2209 -3.441 1.8512, 2.2221 -3.4396 1.8513, 2.1419 -3.586 1.5912, 2.1423 -3.5817 1.5913, 2.1511 -3.5544 1.3378, 2.1561 -3.5345 1.5957, 2.1581 -3.5298 1.3363, 2.1544 -3.5404 1.5951, 2.1424 -3.5814 1.5913, 2.1421 -3.5861 1.3398, 2.1408 -3.5909 1.3401, 2.1378 -3.6302 1.5907, 2.14 -3.6204 1.3418, 2.14 -3.6516 1.591, 2.1391 -3.6517 1.3436, 2.139 -3.6546 1.3438, 2.1424 -3.6746 1.5913, 2.1462 -3.687 1.3457, 2.1433 -3.6829 1.5914, 2.1806 -3.772 1.6211, 2.1802 -3.7713 1.62, 2.1826 -3.7747 1.3514, 2.176 -3.7647 1.6126, 2.174 -3.7613 1.6104, 2.1557 -3.7244 1.5955, 2.1815 -3.7733 1.3513, 2.1651 -3.7446 1.6017, 2.168 -3.7508 1.6036, 2.1532 -3.7159 1.5946, 2.1527 -3.7161 1.3475, 2.1544 -3.7201 1.595, 2.1528 -3.7164 1.3475, 2.1696 -3.7497 1.3497, 2.185 -3.7784 1.6417, 2.1847 -3.778 1.636, 2.2068 -3.8052 1.3536, 2.2068 -3.8052 1.8275, 2.1955 -3.7922 1.8285, 2.185 -3.7784 1.8295, 2.1842 -3.7772 1.6332, 2.1832 -3.7759 1.6282, 2.1825 -3.7748 1.6262, 2.2932 -3.7247 1.8275, 2.1955 -3.7922 1.8285, 2.2802 -3.708 1.829, 2.2785 -3.7059 1.8291, 2.185 -3.7433 1.8313, 2.2603 -3.6608 1.8341, 2.185 -3.6786 1.835, 2.2636 -3.6757 1.8323, 2.185 -3.6969 1.8337, 2.2639 -3.6761 1.8323, 2.273 -3.6947 1.8303, 2.2567 -3.6446 1.836, 2.2567 -3.6412 1.8364, 2.185 -3.622 1.839, 2.257 -3.6247 1.8385, 2.185 -3.618 1.8393, 2.2629 -3.589 1.8433, 2.185 -3.5616 1.8429, 2.2586 -3.6055 1.841, 2.2572 -3.6109 1.8403, 2.2656 -3.5791 1.8447, 2.2695 -3.5716 1.8458, 2.185 -3.495 1.8472, 2.2779 -3.556 1.8481, 2.2807 -3.5508 1.8488, 2.2889 -3.5417 1.8503, 2.3011 -3.5282 1.8525, 2.2221 -3.4396 1.8513, 2.3048 -3.5241 1.8532, 2.3148 -3.5175 1.8544, 2.2742 -3.403 1.855, 2.3306 -3.507 1.8563, 2.3319 -3.5061 1.8565, 2.3463 -3.5009 1.8576, 2.3307 -3.3811 1.8586, 2.3646 -3.4944 1.8591, 2.3998 -3.4821 1.8608, 2.3565 -3.3728 1.8602, 2.3824 -3.3585 1.8619, 2.4637 -3.4457 1.8629, 2.3903 -3.3533 1.8625, 2.4669 -3.4424 1.863, 2.3905 -3.3531 1.8625, 2.3576 -3.3724 1.8603, 2.4024 -3.4812 1.8609, 2.3664 -3.3693 1.8608, 2.4145 -3.477 1.8615, 2.374 -3.3642 1.8613, 2.4345 -3.4643 1.8621, 2.4523 -3.453 1.8626, 2.4236 -3.3059 1.8659, 2.4186 -3.3152 1.8653, 2.5159 -3.3816 1.8643, 2.4146 -3.3228 1.8648, 2.5031 -3.4043 1.8638, 2.4101 -3.3314 1.8642, 2.494 -3.4139 1.8636, 2.4035 -3.3387 1.8637, 2.4032 -3.3391 1.8636, 2.5249 -3.3657 1.8647, 2.5312 -3.3544 1.8649, 2.4237 -3.3054 1.866, 2.5333 -3.3467 1.8652, 2.4279 -3.2884 1.867, 2.5431 -3.3114 1.8664, 2.4284 -3.2863 1.8671, 2.5439 -3.3088 1.8665, 2.4305 -3.2774 1.8677, 2.5469 -3.2979 1.8669, 2.4313 -3.2679 1.8682, 2.5493 -3.272 1.8682, 2.357 -3.3726 1.3209, 2.3576 -3.3724 1.3208, 2.3904 -3.3531 1.3186, 2.3906 -3.353 1.3186, 2.4032 -3.3391 1.3175, 2.3662 -3.3693 1.3203, 2.3742 -3.3639 1.3197, 2.3824 -3.3585 1.3192, 2.4186 -3.3152 1.3158, 2.4145 -3.3229 1.3163, 2.4035 -3.3387 1.3175, 2.4098 -3.3318 1.3169, 2.4278 -3.2884 1.3141, 2.4235 -3.3057 1.3152, 2.4233 -3.3065 1.3152, 2.4313 -3.2679 1.3129, 2.4305 -3.2778 1.3135, 2.4282 -3.2868 1.314, 2.4512 -3.4555 1.3186, 2.4355 -3.4646 1.3191, 2.4098 -3.4794 1.3199, 2.4026 -3.4818 1.3202, 2.401 -3.4823 1.3203, 2.3646 -3.4944 1.322, 2.4529 -3.4541 1.3185, 2.4668 -3.4417 1.3182, 2.4872 -3.4236 1.3176, 2.4942 -3.4142 1.3174, 2.5165 -3.3842 1.3168, 2.5171 -3.3828 1.3168, 2.5251 -3.3659 1.3164, 2.5337 -3.3475 1.3159, 2.5356 -3.3434 1.3158, 2.5433 -3.3115 1.3147, 2.5493 -3.272 1.3129, 2.5474 -3.2945 1.3141, 2.5437 -3.3099 1.3146, 2.2808 -3.7075 1.352, 2.2932 -3.7247 1.3536, 2.3461 -3.5002 1.3234, 2.3418 -3.5015 1.3237, 2.286 -3.3971 1.3253, 2.331 -3.5076 1.3249, 2.3145 -3.5169 1.3267, 2.3125 -3.5181 1.3269, 2.2321 -3.431 1.329, 2.3013 -3.5284 1.3286, 2.2892 -3.5398 1.3305, 2.19 -3.4746 1.3326, 2.2882 -3.5411 1.3307, 2.2782 -3.5563 1.3331, 2.2706 -3.5678 1.3348, 2.1581 -3.5298 1.3363, 2.2693 -3.5714 1.3353, 2.2629 -3.5891 1.3378, 2.2594 -3.5988 1.3392, 2.1408 -3.5909 1.3401, 2.2587 -3.6055 1.3401, 2.2566 -3.6248 1.3426, 2.2559 -3.6306 1.3434, 2.2573 -3.641 1.3446, 2.139 -3.6546 1.3438, 2.26 -3.6609 1.3471, 2.2608 -3.6663 1.3477, 2.2646 -3.6759 1.3488, 2.1528 -3.7164 1.3475, 2.2723 -3.6951 1.3509, 2.2729 -3.6965 1.351, 2.1815 -3.7733 1.3513, 2.5258 -3.9741 1.3736, 2.5258 -3.9741 1.8075, 2.5618 -4.0126 1.7829, 2.5697 -4.0212 1.7669, 2.5747 -4.0265 1.7485, 2.5513 -4.0015 1.7955, 2.5618 -4.0126 1.3982, 2.5513 -4.0015 1.3856, 2.5697 -4.0212 1.4142, 2.5391 -3.9883 1.3772, 2.5747 -4.0265 1.4326, 2.5764 -4.0283 1.4522, 2.5764 -4.0283 1.7289, 2.5391 -3.9883 1.8039, 2.4394 -4.0547 1.3736, 2.4394 -4.0547 1.8075, 2.4527 -4.0689 1.3772, 2.4883 -4.1071 1.4326, 2.49 -4.1089 1.4522, 2.49 -4.1089 1.7289, 2.4527 -4.0689 1.8039, 2.4883 -4.1071 1.7485, 2.4833 -4.1017 1.7669, 2.465 -4.082 1.7955, 2.4754 -4.0932 1.7829, 2.465 -4.082 1.3856, 2.4754 -4.0932 1.3982, 2.4833 -4.1017 1.4142
            ]
        }
        coordIndex [
            0,1,2,-1,2,1,3,-1,2,3,4,-1,4,3,5,-1,4,5,6,-1,6,5,7,-1,7,5,8,-1,7,8,9,-1,9,8,10,-1,9,10,11,-1,12,13,14,-1,14,13,15,-1,14,15,16,-1,17,18,12,-1,12,18,19,-1,12,19,13,-1,17,20,18,-1,18,20,21,-1,18,21,22,-1,22,23,18,-1,18,23,24,-1,18,24,25,-1,26,27,28,-1,25,26,18,-1,18,26,28,-1,18,28,29,-1,29,28,30,-1,29,30,11,-1,11,30,31,-1,11,31,9,-1,32,33,34,-1,16,15,35,-1,35,15,36,-1,35,36,37,-1,34,33,36,-1,36,33,38,-1,36,38,37,-1,34,39,32,-1,32,39,40,-1,32,40,41,-1,41,40,42,-1,41,42,43,-1,42,44,43,-1,43,44,45,-1,43,45,46,-1,46,45,47,-1,46,47,48,-1,49,50,51,-1,51,50,52,-1,51,52,53,-1,54,55,56,-1,56,55,51,-1,56,51,57,-1,57,51,53,-1,48,47,58,-1,58,47,59,-1,58,59,60,-1,60,59,61,-1,60,61,54,-1,54,61,62,-1,54,62,55,-1,63,64,65,-1,65,66,63,-1,63,66,67,-1,63,67,68,-1,64,69,65,-1,65,69,70,-1,65,70,51,-1,51,70,71,-1,51,71,49,-1,66,72,73,-1,73,72,74,-1,73,74,68,-1,68,74,75,-1,68,75,76,-1,77,78,79,-1,79,78,80,-1,79,80,81,-1,81,80,76,-1,81,76,82,-1,82,76,75,-1,77,83,78,-1,78,83,84,-1,78,84,85,-1,85,84,86,-1,85,86,87,-1,88,89,90,-1,90,89,87,-1,90,87,91,-1,91,87,86,-1,88,92,89,-1,89,92,93,-1,89,93,94,-1,94,93,95,-1,94,95,27,-1,27,95,96,-1,27,96,28,-1,28,96,97,-1,28,97,30,-1,30,97,98,-1,30,98,99,-1,99,98,100,-1,99,100,9,-1,9,100,101,-1,9,101,102,-1,102,101,103,-1,102,103,6,-1,6,103,104,-1,6,104,4,-1,4,104,105,-1,4,105,106,-1,106,105,107,-1,106,107,0,-1,107,108,0,-1,0,108,109,-1,110,111,112,-1,112,111,113,-1,112,113,114,-1,109,108,115,-1,115,108,116,-1,115,116,117,-1,117,116,118,-1,117,118,119,-1,119,118,120,-1,119,120,110,-1,110,120,121,-1,110,121,111,-1,122,123,124,-1,124,123,125,-1,124,125,126,-1,126,125,127,-1,126,127,128,-1,128,127,129,-1,128,129,113,-1,113,129,130,-1,113,130,114,-1,124,131,122,-1,122,131,132,-1,122,132,133,-1,133,132,134,-1,133,134,135,-1,135,134,136,-1,135,136,137,-1,137,136,138,-1,137,138,139,-1,139,138,140,-1,139,140,141,-1,141,140,142,-1,1,0,143,-1,143,0,109,-1,143,109,144,-1,145,130,146,-1,146,130,147,-1,109,115,144,-1,144,115,117,-1,144,117,148,-1,148,117,119,-1,148,119,149,-1,149,119,110,-1,149,110,150,-1,150,110,112,-1,150,112,145,-1,145,112,114,-1,145,114,130,-1,123,151,152,-1,147,130,153,-1,153,130,129,-1,153,129,154,-1,154,129,127,-1,154,127,152,-1,152,127,125,-1,152,125,123,-1,122,155,156,-1,122,156,123,-1,123,156,157,-1,123,157,151,-1,158,159,141,-1,141,159,160,-1,141,160,139,-1,122,133,155,-1,155,133,135,-1,155,135,160,-1,160,135,137,-1,160,137,139,-1,161,162,149,-1,149,162,148,-1,162,163,148,-1,148,163,164,-1,148,164,144,-1,144,164,165,-1,144,165,143,-1,143,165,166,-1,143,166,1,-1,161,149,167,-1,167,149,150,-1,167,150,168,-1,168,150,145,-1,168,145,169,-1,169,145,146,-1,169,146,170,-1,146,147,170,-1,170,147,153,-1,170,153,171,-1,171,153,154,-1,171,154,172,-1,172,154,152,-1,172,152,173,-1,173,152,151,-1,173,151,174,-1,151,157,174,-1,174,157,156,-1,174,156,175,-1,175,156,155,-1,175,155,176,-1,176,155,160,-1,158,177,159,-1,159,177,178,-1,159,178,160,-1,160,178,179,-1,160,179,176,-1,180,181,65,-1,1,166,182,-1,1,182,3,-1,3,182,183,-1,3,183,184,-1,184,183,185,-1,184,185,8,-1,8,185,186,-1,8,186,10,-1,10,186,187,-1,10,187,188,-1,188,187,189,-1,188,189,29,-1,29,189,18,-1,18,189,190,-1,18,190,191,-1,191,190,192,-1,191,192,13,-1,13,192,193,-1,13,193,15,-1,15,193,194,-1,15,194,195,-1,195,194,196,-1,195,196,34,-1,34,196,197,-1,34,197,39,-1,39,197,198,-1,39,198,199,-1,199,198,200,-1,199,200,42,-1,200,201,42,-1,42,201,202,-1,42,202,44,-1,44,202,203,-1,44,203,204,-1,204,203,47,-1,203,205,47,-1,47,205,206,-1,47,206,59,-1,59,206,207,-1,59,207,208,-1,208,207,62,-1,207,209,62,-1,62,209,210,-1,62,210,211,-1,211,210,180,-1,211,180,51,-1,51,180,65,-1,183,182,103,-1,72,181,180,-1,81,82,210,-1,210,82,75,-1,210,75,180,-1,180,75,74,-1,180,74,72,-1,206,84,83,-1,210,209,81,-1,81,209,207,-1,81,207,79,-1,79,207,206,-1,79,206,77,-1,77,206,83,-1,206,205,84,-1,84,205,203,-1,84,203,86,-1,86,203,202,-1,86,202,91,-1,91,202,201,-1,91,201,200,-1,198,88,200,-1,200,88,90,-1,200,90,91,-1,197,93,198,-1,198,93,92,-1,198,92,88,-1,97,96,193,-1,193,96,95,-1,193,95,194,-1,194,95,93,-1,194,93,196,-1,196,93,197,-1,101,100,186,-1,186,100,98,-1,186,98,187,-1,193,192,97,-1,97,192,190,-1,97,190,98,-1,98,190,189,-1,98,189,187,-1,103,182,104,-1,101,186,103,-1,103,186,185,-1,103,185,183,-1,104,182,105,-1,105,182,166,-1,105,166,107,-1,181,72,212,-1,212,72,213,-1,214,215,216,-1,214,216,217,-1,218,219,220,-1,220,219,221,-1,220,221,222,-1,222,221,212,-1,222,212,223,-1,223,212,224,-1,224,212,213,-1,224,213,216,-1,216,213,225,-1,216,225,217,-1,212,226,181,-1,181,226,65,-1,66,65,227,-1,227,65,226,-1,228,229,226,-1,226,229,230,-1,226,230,227,-1,227,230,231,-1,227,231,232,-1,231,233,232,-1,232,233,234,-1,232,234,235,-1,235,234,236,-1,237,238,228,-1,228,238,239,-1,228,239,229,-1,230,223,231,-1,231,223,224,-1,226,212,221,-1,226,221,228,-1,228,221,219,-1,228,219,237,-1,237,219,218,-1,237,218,238,-1,238,218,220,-1,238,220,239,-1,239,220,222,-1,239,222,229,-1,229,222,223,-1,229,223,230,-1,213,227,232,-1,213,232,225,-1,225,232,235,-1,225,235,217,-1,217,235,236,-1,217,236,214,-1,214,236,234,-1,214,234,215,-1,215,234,233,-1,215,233,216,-1,216,233,231,-1,216,231,224,-1,227,213,66,-1,66,213,72,-1,
        ]
    }
}
Shape{
    appearance Appearance {
        material  Material 	{
            diffuseColor 0.2235294117647059 0.2235294117647059 0.2235294117647059
            specularColor 0.11372549019607843 0.11372549019607843 0.11372549019607843
            ambientIntensity 0.2235
            transparency 0.0
            shininess 0.5
        }
    }
    geometry IndexedFaceSet {
        ccw TRUE
        solid FALSE
        coord DEF co Coordinate {
            point [
                2.1501 -5.1195 2.1969, 2.0714 -5.2559 2.1181, 2.0714 -5.2559 1.7402, 2.1832 -5.0622 1.6283, 2.1842 -5.0605 1.6332, 2.185 -5.0591 2.1969, 2.185 -5.0591 1.6417, 2.1846 -5.0598 1.635, -2.0714 -5.2559 2.1181, -2.0714 -5.2559 1.7402, -2.1842 -5.0605 1.6332, -2.1832 -5.0622 1.6283, -2.1846 -5.0599 1.6349, -2.1501 -5.1195 2.1969, -2.185 -5.0591 2.1969, -2.185 -5.0591 1.6417, -2.185 -5.0591 1.641, -2.1798 -5.0591 2.2318, -2.1832 -5.0591 2.2166, -2.1652 -5.091 2.2133, -2.1837 -5.0591 2.2146, -2.1638 -5.0936 2.2118, -2.0669 -1.2599 2.315, -2.0867 -1.2599 2.3133, -2.0867 -4.9182 2.3131, -2.0842 -4.9172 2.3137, -2.0701 -4.915 2.3149, -2.0669 -4.915 2.315, -2.1395 -1.2599 2.29, -2.1211 -4.9378 2.3018, -2.1146 -1.2599 2.3049, -2.1144 -4.9332 2.3045, -2.1009 -4.9237 2.31, -2.1601 -1.2599 2.2695, -2.1449 -4.966 2.2855, -2.1392 -4.9591 2.2895, -2.1834 -1.2599 2.2166, -2.1739 -5.038 2.244, -2.175 -1.2599 2.2445, -2.1651 -5.0058 2.2626, -2.1595 -4.9948 2.2689, -2.185 -1.2599 2.1969, -1.4926 -4.2953 2.315, -1.4946 -4.2571 2.315, -1.5018 -4.1045 2.315, -1.5008 -4.1284 2.315, -1.4984 -4.1802 2.315, -1.5029 -4.0676 2.315, -1.5041 -4.0274 2.315, -0.8582 -4.0274 2.315, 0.8717 -4.3348 2.315, 2.0669 -4.915 2.315, -1.4957 -4.2346 2.315, -1.4984 -4.1815 2.315, 1.5029 -4.0676 2.315, 1.5041 -4.0274 2.315, 2.0669 -1.2599 2.315, 0.8582 -4.0274 2.315, 1.5018 -4.1043 2.315, 1.5008 -4.1284 2.315, 1.4984 -4.1803 2.315, 1.4946 -4.2572 2.315, 1.4926 -4.2953 2.315, 1.4905 -4.3348 2.315, 0.8638 -4.1802 2.315, 0.8614 -4.1284 2.315, -0.8604 -4.1043 2.315, 0.8604 -4.1045 2.315, 0.8593 -4.0676 2.315, 1.4984 -4.1815 2.315, 1.4957 -4.2346 2.315, -0.8676 -4.2572 2.315, -0.8696 -4.2953 2.315, -0.8717 -4.3348 2.315, -1.4905 -4.3348 2.315, -0.8593 -4.0676 2.315, 0.8638 -4.1815 2.315, -0.8614 -4.1284 2.315, 0.8665 -4.2346 2.315, -0.8638 -4.1803 2.315, 0.8676 -4.2571 2.315, 0.8696 -4.2953 2.315, -0.8638 -4.1815 2.315, -0.8665 -4.2346 2.315, 2.1122 -4.9307 2.306, 2.1145 -4.9328 2.3047, 2.1146 -1.2599 2.3049, 2.1832 -5.0591 2.2166, 2.1834 -1.2599 2.2166, 2.175 -1.2599 2.2445, 2.1601 -1.2599 2.2695, 2.1595 -4.9946 2.2691, 2.1798 -5.0591 2.2318, 2.1746 -5.0374 2.2443, 2.1718 -5.0255 2.2512, 2.1395 -1.2599 2.29, 2.1328 -4.9498 2.2949, 2.139 -4.9592 2.2894, 2.1554 -4.9841 2.2751, 2.0867 -1.2599 2.3133, 2.08 -4.9163 2.3142, 2.0867 -4.9183 2.3131, 2.0945 -4.9207 2.3117, 2.185 -1.2599 2.1969, 2.1837 -5.0591 2.2145, 2.1638 -5.0938 2.2117, 2.1652 -5.091 2.2133
            ]
        }
        coordIndex [
            0,1,2,-1,2,3,4,-1,5,0,6,-1,6,0,2,-1,6,2,7,-1,7,2,4,-1,8,9,1,-1,1,9,2,-1,10,11,9,-1,10,9,12,-1,13,14,15,-1,9,8,13,-1,13,15,9,-1,9,15,16,-1,9,16,12,-1,17,18,19,-1,19,18,20,-1,19,20,21,-1,21,20,14,-1,21,14,13,-1,22,23,24,-1,24,25,22,-1,22,25,26,-1,22,26,27,-1,28,29,30,-1,30,29,31,-1,30,31,23,-1,23,31,32,-1,23,32,24,-1,33,34,28,-1,28,34,35,-1,28,35,29,-1,36,37,38,-1,38,37,39,-1,38,39,33,-1,33,39,40,-1,33,40,34,-1,36,41,14,-1,17,37,18,-1,18,37,36,-1,18,36,20,-1,20,36,14,-1,42,43,27,-1,44,27,45,-1,45,27,46,-1,44,47,27,-1,27,47,48,-1,27,48,22,-1,22,48,49,-1,50,27,51,-1,43,52,27,-1,27,52,53,-1,27,53,46,-1,54,51,55,-1,55,51,56,-1,55,56,57,-1,54,58,51,-1,51,58,59,-1,51,59,60,-1,61,62,51,-1,51,62,63,-1,51,63,50,-1,64,65,66,-1,66,65,67,-1,66,67,68,-1,60,69,51,-1,51,69,70,-1,51,70,61,-1,71,72,50,-1,50,72,73,-1,50,73,27,-1,27,73,74,-1,27,74,42,-1,56,22,57,-1,57,22,49,-1,57,49,68,-1,68,49,75,-1,68,75,66,-1,64,66,76,-1,76,66,77,-1,76,77,78,-1,78,77,79,-1,78,79,80,-1,80,79,81,-1,81,79,82,-1,81,82,50,-1,50,82,83,-1,50,83,71,-1,84,85,86,-1,87,88,89,-1,89,90,91,-1,92,87,93,-1,93,87,89,-1,93,89,94,-1,94,89,91,-1,86,85,95,-1,85,96,95,-1,95,96,97,-1,95,97,90,-1,90,97,98,-1,90,98,91,-1,99,56,51,-1,51,100,99,-1,99,100,101,-1,99,101,86,-1,86,101,102,-1,86,102,84,-1,88,87,103,-1,103,87,104,-1,103,104,5,-1,5,104,0,-1,0,104,105,-1,105,104,106,-1,106,104,87,-1,106,87,92,-1,13,8,1,-1,17,19,1,-1,1,19,21,-1,1,21,13,-1,92,93,106,-1,106,93,105,-1,94,1,93,-1,93,1,0,-1,93,0,105,-1,24,32,1,-1,1,32,31,-1,1,31,29,-1,94,91,1,-1,1,91,98,-1,1,98,97,-1,29,35,1,-1,1,35,34,-1,1,34,40,-1,40,39,1,-1,1,39,37,-1,1,37,17,-1,97,96,1,-1,1,96,85,-1,1,85,84,-1,84,102,1,-1,1,102,101,-1,1,101,100,-1,100,51,1,-1,1,51,27,-1,1,27,24,-1,24,27,26,-1,24,26,25,-1,
        ]
    }
}
Shape{
    appearance Appearance {
        material  Material 	{
            diffuseColor 0.6470588235294118 0.6196078431372549 0.5882352941176471
            specularColor 0.45098039215686275 0.43529411764705883 0.4117647058823529
            ambientIntensity 0.6242
            transparency 0.0
            shininess 0.5
        }
    }
    geometry IndexedFaceSet {
        ccw TRUE
        solid FALSE
        coord DEF co Coordinate {
            point [
                1.5091 -3.9614 2.3884, 0.8526 -3.9587 2.3939, 1.5096 -3.9588 2.394, 0.8487 -3.9385 2.4384, 1.5135 -3.9385 2.4384, 0.856 -3.9916 2.3481, 0.8558 -3.989 2.3506, 1.5087 -3.9665 2.3817, 0.8535 -3.9665 2.3817, 0.8529 -3.9603 2.3903, 1.5041 -4.0274 2.315, 0.8582 -4.0274 2.315, 1.5052 -4.0072 2.333, 0.8569 -4.0075 2.3334, 1.5059 -3.9954 2.3435, 1.5063 -3.9918 2.3482, 0.8709 -4.2473 2.3987, 0.8709 -4.2472 2.3987, 0.8665 -4.2346 2.315, 0.874 -4.3556 2.3324, 0.874 -4.2751 2.4187, 0.8717 -4.3348 2.315, 0.8709 -4.248 2.399, 0.8696 -4.2953 2.315, 0.8676 -4.2571 2.315, 0.8678 -4.2161 2.3863, 0.8677 -4.2153 2.3862, 0.8638 -4.1815 2.315, 0.8677 -4.2153 2.3861, 0.8646 -4.1822 2.3817, 0.8645 -4.1813 2.3818, 0.8638 -4.1802 2.315, 0.8645 -4.1813 2.3818, 0.8614 -4.1284 2.315, 0.8615 -4.1484 2.3857, 0.8614 -4.1472 2.386, 0.8613 -4.1468 2.3861, 0.8604 -4.1045 2.315, 0.8582 -4.1153 2.3985, 0.8593 -4.0676 2.315, 0.8582 -4.1152 2.3985, 0.8582 -4.1149 2.3987, 0.8551 -4.0874 2.4186, 0.8551 -4.0874 2.4186, 0.855 -4.0871 2.4188, 0.8519 -4.0653 2.4449, 0.8519 -4.0652 2.4451, 0.8487 -4.0504 2.4758, 0.8519 -4.0653 2.4449, 1.4882 -4.3556 2.3324, 1.4905 -4.3348 2.315, 1.5135 -4.0504 2.4758, 1.5104 -4.0649 2.4455, 1.5103 -4.0654 2.4449, 1.5103 -4.0654 2.4449, 1.5072 -4.0867 2.4191, 1.5072 -4.0874 2.4186, 1.5072 -4.0874 2.4186, 1.5029 -4.0676 2.315, 1.5041 -4.1144 2.3989, 1.504 -4.1153 2.3986, 1.5018 -4.1043 2.315, 1.5008 -4.1284 2.315, 1.504 -4.1153 2.3986, 1.5009 -4.146 2.3863, 1.5008 -4.1472 2.386, 1.5008 -4.1476 2.3859, 1.4984 -4.1803 2.315, 1.4977 -4.1813 2.3818, 1.4984 -4.1815 2.315, 1.4977 -4.1813 2.3818, 1.4957 -4.2346 2.315, 1.4976 -4.1816 2.3817, 1.4945 -4.2153 2.3861, 1.4945 -4.2153 2.3861, 1.4946 -4.2572 2.315, 1.4945 -4.2156 2.3861, 1.4926 -4.2953 2.315, 1.4914 -4.2473 2.3987, 1.4914 -4.2473 2.3987, 1.4913 -4.2475 2.3988, 1.4882 -4.2751 2.4187, 1.4733 -4.3939 2.5295, 1.4733 -4.4744 2.4432, 1.0988 -4.6608 2.617, 1.074 -4.6535 2.6102, 0.924 -4.5582 2.5213, 0.9172 -4.5467 2.5106, 0.9013 -4.5196 2.4853, 0.8943 -4.496 2.4633, 1.1446 -4.6672 2.6228, 1.4677 -4.496 2.4633, 1.0455 -4.6452 2.6023, 1.0098 -4.6281 2.5864, 0.9975 -4.6222 2.581, 0.8898 -4.4808 2.4491, 0.8889 -4.4744 2.4432, 1.4625 -4.5157 2.4816, 1.4452 -4.5468 2.5106, 1.1551 -4.6686 2.6242, 1.2127 -4.6682 2.6238, 0.9564 -4.5929 2.5536, 0.9557 -4.5922 2.5529, 1.369 -4.6196 2.5786, 1.4063 -4.592 2.5528, 1.4408 -4.5546 2.5179, 1.4094 -4.5897 2.5506, 1.3523 -4.628 2.5863, 1.3217 -4.6432 2.6005, 1.2882 -4.6536 2.6102, 1.2687 -4.6596 2.6159, 1.2176 -4.6674 2.6231, 0.8889 -4.3939 2.5295, 1.469 -4.4156 2.5498, 0.8932 -4.4156 2.5498, 0.9162 -4.4665 2.5972, 0.9557 -4.5116 2.6393, 1.0092 -4.5482 2.6734, 1.0735 -4.5739 2.6974, 1.446 -4.4665 2.5972, 1.1445 -4.5872 2.7098, 1.2177 -4.5872 2.7098, 1.2887 -4.5739 2.6974, 1.4065 -4.5116 2.6393, 1.353 -4.5482 2.6734, 1.4913 -4.2475 2.3988, 0.8709 -4.248 2.399, 0.8678 -4.2161 2.3863, 1.4945 -4.2156 2.3861, 0.8646 -4.1822 2.3817, 1.4976 -4.1816 2.3817, 0.8615 -4.1484 2.3857, 0.8614 -4.1472 2.386, 1.5008 -4.1476 2.3859, 1.5008 -4.1472 2.386, 0.8613 -4.1468 2.3861, 1.5009 -4.146 2.3863, 0.8582 -4.1149 2.3987, 0.855 -4.0871 2.4188, 1.5072 -4.0867 2.4191, 1.5041 -4.1144 2.3989, 0.8519 -4.0652 2.4451, 1.5104 -4.0649 2.4455, 0.8452 -4.0342 2.5106, 1.5154 -4.0416 2.4947, 1.5196 -4.02 2.5344, 0.8438 -4.0278 2.5244, 1.5184 -4.0276 2.5248, 1.517 -4.0342 2.5106, 0.8356 -3.967 2.5893, 0.8383 -3.9907 2.5712, 1.5219 -4.0045 2.5539, 0.8403 -4.0044 2.5538, 0.8422 -4.0172 2.5378, 0.8355 -3.9663 2.5898, 1.5236 -3.9924 2.569, 1.5239 -3.9905 2.5714, 1.5267 -3.9663 2.5898, 1.5277 -3.9582 2.596, 0.833 -3.9445 2.6065, 1.5293 -3.9436 2.6071, 0.8306 -3.9213 2.6165, 1.5348 -3.8887 2.6305, 0.8289 -3.9041 2.624, 1.5318 -3.9186 2.6177, 1.5316 -3.9213 2.6166, 1.5359 -3.877 2.6324, 0.8258 -3.8716 2.6331, 0.8276 -3.8906 2.6298, 1.5364 -3.8716 2.6333, 1.5398 -3.8354 2.6393, 0.8224 -3.8354 2.6393, 0.826 -3.8556 2.5171, 0.8249 -3.8476 2.5184, 0.8224 -3.8292 2.5215, 0.8459 -3.9301 2.456, 0.8445 -3.9258 2.465, 0.8432 -3.9217 2.4699, 0.8411 -3.915 2.4779, 0.8382 -3.9057 2.4891, 0.8356 -3.8962 2.496, 0.8355 -3.8958 2.4963, 0.8316 -3.8816 2.5065, 0.8297 -3.873 2.51, 0.8278 -3.8641 2.5136, 1.5226 -3.9102 2.4847, 1.5149 -3.934 2.4479, 1.5173 -3.9265 2.4638, 1.5161 -3.9302 2.456, 1.5209 -3.9153 2.4782, 1.5184 -3.9231 2.4682, 1.5294 -3.8864 2.5037, 1.5279 -3.8917 2.4995, 1.5267 -3.8957 2.4963, 1.523 -3.909 2.4857, 1.5328 -3.8715 2.5104, 1.5325 -3.8728 2.5098, 1.5368 -3.8503 2.5177, 1.5357 -3.8585 2.5162, 1.5372 -3.8476 2.5182, 1.5398 -3.8292 2.5215, 1.5184 -4.0276 2.5248, 1.5239 -3.9905 2.5714, 1.5348 -3.8887 2.6305, 1.5293 -3.9436 2.6071, 1.6686 -2.4335 2.7128, 1.6681 -2.4338 2.5947, 1.7365 -2.3634 2.7165, 1.7468 -2.3622 2.7165, 0.6154 -2.3622 2.7165, 1.6741 -2.4109 2.714, 1.6702 -2.4251 2.7132, 1.6689 -2.4298 2.713, 0.6858 -2.4069 2.7142, 0.6891 -2.4132 2.7138, 0.6919 -2.4251 2.7132, 0.6936 -2.4335 2.7128, 0.6935 -2.432 2.7129, 1.6687 -2.432 2.7129, 0.6257 -2.3635 2.7164, 0.6356 -2.3647 2.7164, 0.6443 -2.3682 2.7162, 1.6763 -2.4068 2.7142, 1.6837 -2.3938 2.7148, 1.6868 -2.3906 2.715, 0.6534 -2.3719 2.7159, 0.6613 -2.3775 2.7156, 0.6681 -2.3824 2.7154, 0.6754 -2.3906 2.715, 0.6802 -2.3961 2.7147, 1.6963 -2.3804 2.7155, 1.7009 -2.3774 2.7157, 1.7117 -2.3704 2.716, 1.7178 -2.3681 2.7162, 1.7274 -2.3645 2.7164, 0.6941 -2.4338 2.5947, 0.6446 -2.3685 2.598, 0.6358 -2.365 2.5983, 1.6728 -2.4135 2.5957, 1.7262 -2.365 2.5983, 0.6164 -2.3623 2.5984, 1.7362 -2.3636 2.5983, 1.7456 -2.3623 2.5984, 0.626 -2.3636 2.5983, 1.6761 -2.4071 2.596, 1.6817 -2.3964 2.5966, 1.7176 -2.3685 2.598, 1.7084 -2.3722 2.5978, 1.7006 -2.3778 2.5975, 1.6937 -2.3827 2.5973, 1.6865 -2.3909 2.5968, 0.6938 -2.4323 2.5948, 0.6923 -2.4254 2.5951, 0.6897 -2.4145 2.5957, 0.686 -2.4072 2.596, 0.6809 -2.397 2.5965, 0.6756 -2.3909 2.5968, 0.6689 -2.383 2.5972, 0.6615 -2.3778 2.5975, 0.654 -2.3723 2.5978, 1.6684 -2.4323 2.5948, 1.67 -2.4254 2.5951, 1.8248 -2.4487 2.5984, 1.6055 -4.6551 2.5984, 1.8249 -2.4485 2.7165, 1.6055 -4.6551 2.7165, -0.8487 -3.9385 2.4384, -0.8487 -4.0504 2.4758, -0.8526 -3.9588 2.394, -0.8518 -4.0649 2.4455, -0.857 -4.0072 2.333, -0.8563 -3.9954 2.3435, -0.8519 -4.0654 2.4449, -0.856 -3.9918 2.3482, -0.8519 -4.0654 2.4449, -0.8535 -3.9665 2.3817, -0.8531 -3.9614 2.3884, -0.855 -4.0867 2.4191, -0.8551 -4.0874 2.4186, -0.8582 -4.0274 2.315, -0.8551 -4.0874 2.4186, -0.8593 -4.0676 2.315, -0.8581 -4.1144 2.3989, -0.8582 -4.1153 2.3986, -0.8604 -4.1043 2.315, -0.8614 -4.1284 2.315, -0.8582 -4.1153 2.3986, -0.8613 -4.146 2.3863, -0.8614 -4.1472 2.386, -0.8614 -4.1476 2.3859, -0.8638 -4.1803 2.315, -0.8645 -4.1813 2.3818, -0.8638 -4.1815 2.315, -0.8645 -4.1813 2.3818, -0.8665 -4.2346 2.315, -0.8646 -4.1816 2.3817, -0.8677 -4.2153 2.3861, -0.8677 -4.2153 2.3861, -0.8676 -4.2572 2.315, -0.8677 -4.2156 2.3861, -0.8696 -4.2953 2.315, -0.8709 -4.2473 2.3987, -0.8709 -4.2473 2.3987, -0.8717 -4.3348 2.315, -0.8709 -4.2475 2.3988, -0.874 -4.3556 2.3324, -0.874 -4.2751 2.4187, -0.8473 -3.934 2.4479, -0.8468 -4.0416 2.4947, -0.8452 -4.0342 2.5106, -0.8461 -3.9302 2.456, -0.8438 -4.0276 2.5248, -0.8449 -3.9265 2.4638, -0.8426 -4.02 2.5344, -0.8438 -3.9231 2.4682, -0.8403 -4.0045 2.5539, -0.8413 -3.9153 2.4782, -0.8386 -3.9924 2.569, -0.8396 -3.9102 2.4847, -0.8393 -3.909 2.4857, -0.8383 -3.9905 2.5714, -0.8355 -3.8957 2.4963, -0.8224 -3.8292 2.5215, -0.8224 -3.8354 2.6393, -0.825 -3.8476 2.5182, -0.8258 -3.8716 2.6333, -0.8254 -3.8503 2.5177, -0.8263 -3.877 2.6324, -0.8265 -3.8585 2.5162, -0.8274 -3.8887 2.6305, -0.8294 -3.8715 2.5104, -0.8304 -3.9186 2.6177, -0.8297 -3.8728 2.5098, -0.8306 -3.9213 2.6166, -0.8328 -3.8864 2.5037, -0.8329 -3.9436 2.6071, -0.8343 -3.8917 2.4995, -0.8345 -3.9582 2.596, -0.8355 -3.9663 2.5898, -1.5135 -4.0504 2.4758, -1.517 -4.0342 2.5106, -1.5184 -4.0278 2.5244, -0.8438 -4.0276 2.5248, -1.5266 -3.967 2.5893, -1.5239 -3.9907 2.5712, -1.5219 -4.0044 2.5538, -1.52 -4.0172 2.5378, -1.5267 -3.9663 2.5898, -0.8383 -3.9905 2.5714, -1.5293 -3.9445 2.6065, -0.8329 -3.9436 2.6071, -1.5316 -3.9213 2.6165, -0.8274 -3.8887 2.6305, -1.5333 -3.9041 2.624, -1.5364 -3.8716 2.6331, -1.5346 -3.8906 2.6298, -1.5398 -3.8354 2.6393, -1.5135 -3.9385 2.4384, -1.5163 -3.9301 2.456, -1.5177 -3.9258 2.465, -1.519 -3.9217 2.4699, -1.5211 -3.915 2.4779, -1.524 -3.9057 2.4891, -1.5266 -3.8962 2.496, -1.5267 -3.8958 2.4963, -1.5306 -3.8816 2.5065, -1.5325 -3.873 2.51, -1.5344 -3.8641 2.5136, -1.5362 -3.8556 2.5171, -1.5373 -3.8476 2.5184, -1.5398 -3.8292 2.5215, -0.6757 -2.3909 2.5968, -0.6805 -2.3964 2.5966, -1.7464 -2.3623 2.5984, -0.6861 -2.4072 2.596, -0.6894 -2.4135 2.5957, -1.7332 -2.364 2.5983, -1.675 -2.4083 2.596, -1.6834 -2.3941 2.5967, -1.6844 -2.393 2.5967, -0.6447 -2.3684 2.5981, -0.6538 -2.3722 2.5978, -0.6616 -2.3778 2.5975, -0.6685 -2.3827 2.5973, -1.696 -2.3807 2.5974, -1.6981 -2.3794 2.5974, -1.7113 -2.3707 2.5979, -1.7146 -2.3694 2.598, -1.727 -2.3648 2.5983, -0.6158 -2.3623 2.5984, -0.6214 -2.3626 2.5984, -0.6261 -2.3634 2.5984, -0.6387 -2.3658 2.5982, -0.6922 -2.4254 2.5951, -1.6695 -2.4248 2.5951, -1.6745 -2.4097 2.5959, -0.6941 -2.4338 2.5947, -1.6681 -2.4338 2.5947, -0.6939 -2.4323 2.5948, -1.669 -2.4283 2.5949, -0.6936 -2.4335 2.7128, -1.6849 -2.393 2.7148, -1.6812 -2.3974 2.7146, -0.6154 -2.3622 2.7165, -0.692 -2.4251 2.7132, -0.6881 -2.4109 2.714, -1.6726 -2.4147 2.7138, -1.6751 -2.4096 2.714, -0.6257 -2.3634 2.7165, -0.6935 -2.432 2.7129, -0.6933 -2.4298 2.713, -1.6686 -2.4335 2.7128, -1.715 -2.3693 2.7161, -1.7074 -2.3726 2.7159, -1.6985 -2.3793 2.7155, -1.6929 -2.3834 2.7153, -1.6698 -2.4281 2.7131, -0.6859 -2.4068 2.7142, -0.6785 -2.3938 2.7148, -0.6755 -2.3906 2.715, -1.7468 -2.3622 2.7165, -1.7409 -2.3623 2.7165, -0.6659 -2.3804 2.7155, -0.6613 -2.3774 2.7156, -0.6505 -2.3704 2.716, -0.6444 -2.3681 2.7162, -0.6348 -2.3645 2.7164, -1.7335 -2.3637 2.7164, -1.7236 -2.3656 2.7163, -1.8253 -2.4455 2.7165, -1.8249 -2.4485 2.7165, -1.825 -2.4458 2.5984, -1.8248 -2.4487 2.5984, -1.6055 -4.6551 2.5984, -1.6055 -4.6551 2.7165, -1.5826 -4.7569 2.5984, -1.5826 -4.7569 2.7165, -1.5356 -4.85 2.5984, -1.5356 -4.85 2.7165, -1.4674 -4.929 2.5984, -1.4674 -4.929 2.7165, -1.382 -4.9891 2.5984, -1.382 -4.9891 2.7165, -1.2847 -5.0266 2.5984, -1.2847 -5.0266 2.7165, -1.1811 -5.0394 2.5984, -1.1811 -5.0394 2.7165, -1.0775 -5.0266 2.5984, -1.0775 -5.0266 2.7165, -0.9802 -4.9891 2.5984, -0.9802 -4.9891 2.7165, -0.8948 -4.929 2.5984, -0.8948 -4.929 2.7165, -0.8266 -4.85 2.5984, -0.8266 -4.85 2.7165, -0.7796 -4.7569 2.5984, -0.7796 -4.7569 2.7165, -0.7567 -4.6551 2.5984, -0.7567 -4.6551 2.7165, -0.5374 -2.4487 2.5984, -0.5373 -2.4485 2.7165, -1.5096 -3.9587 2.3939, -1.5062 -3.9916 2.3481, -1.5064 -3.989 2.3506, -1.5087 -3.9665 2.3817, -1.5093 -3.9603 2.3903, -1.5041 -4.0274 2.315, -1.5053 -4.0075 2.3334, -1.4914 -4.2473 2.3987, -1.4914 -4.2472 2.3987, -1.4957 -4.2346 2.315, -1.4882 -4.3556 2.3324, -1.4882 -4.2751 2.4187, -1.4905 -4.3348 2.315, -1.4913 -4.248 2.399, -1.4926 -4.2953 2.315, -1.4946 -4.2571 2.315, -1.4944 -4.2161 2.3863, -1.4945 -4.2153 2.3862, -1.4984 -4.1815 2.315, -1.4945 -4.2153 2.3861, -1.4976 -4.1822 2.3817, -1.4977 -4.1813 2.3818, -1.4984 -4.1802 2.315, -1.4977 -4.1813 2.3818, -1.5008 -4.1284 2.315, -1.5007 -4.1484 2.3857, -1.5008 -4.1472 2.386, -1.5009 -4.1468 2.3861, -1.5018 -4.1045 2.315, -1.504 -4.1153 2.3985, -1.5029 -4.0676 2.315, -1.504 -4.1152 2.3985, -1.504 -4.1149 2.3987, -1.5072 -4.0874 2.4186, -1.5072 -4.0874 2.4186, -1.5072 -4.0871 2.4188, -1.5103 -4.0653 2.4449, -1.5103 -4.0652 2.4451, -1.5103 -4.0653 2.4449, -0.8709 -4.2475 2.3988, -1.4913 -4.248 2.399, -1.4944 -4.2161 2.3863, -0.8677 -4.2156 2.3861, -1.4976 -4.1822 2.3817, -0.8646 -4.1816 2.3817, -1.5007 -4.1484 2.3857, -1.5008 -4.1472 2.386, -0.8614 -4.1476 2.3859, -0.8614 -4.1472 2.386, -1.5009 -4.1468 2.3861, -0.8613 -4.146 2.3863, -1.504 -4.1149 2.3987, -1.5072 -4.0871 2.4188, -0.855 -4.0867 2.4191, -0.8581 -4.1144 2.3989, -1.5103 -4.0652 2.4451, -0.8518 -4.0649 2.4455, -1.446 -4.4665 2.5972, -1.4065 -4.5116 2.6393, -0.8932 -4.4156 2.5498, -0.8889 -4.3939 2.5295, -1.4733 -4.3939 2.5295, -1.469 -4.4156 2.5498, -1.353 -4.5482 2.6734, -1.2887 -4.5739 2.6974, -0.9162 -4.4665 2.5972, -0.9557 -4.5116 2.6393, -1.2177 -4.5872 2.7098, -1.1445 -4.5872 2.7098, -1.0092 -4.5482 2.6734, -1.0735 -4.5739 2.6974, -0.8889 -4.4744 2.4432, -1.2634 -4.6608 2.617, -1.2882 -4.6535 2.6102, -1.0405 -4.6432 2.6005, -1.074 -4.6536 2.6102, -1.4382 -4.5582 2.5213, -1.445 -4.5467 2.5106, -1.4609 -4.5196 2.4853, -1.4679 -4.496 2.4633, -1.4724 -4.4808 2.4491, -1.4733 -4.4744 2.4432, -1.0935 -4.6596 2.6159, -1.1446 -4.6674 2.6231, -1.1496 -4.6682 2.6238, -1.3167 -4.6452 2.6023, -1.3524 -4.6281 2.5864, -1.3647 -4.6222 2.581, -1.0099 -4.628 2.5863, -0.8946 -4.496 2.4633, -0.9528 -4.5897 2.5506, -0.9559 -4.592 2.5528, -0.9214 -4.5546 2.5179, -0.917 -4.5468 2.5106, -0.8997 -4.5157 2.4816, -0.9932 -4.6196 2.5786, -1.2071 -4.6686 2.6242, -1.2176 -4.6672 2.6228, -1.4058 -4.5929 2.5536, -1.4065 -4.5922 2.5529, 1.1417 -1.2599 1.5906, 1.1417 -1.2599 1.9803, 1.2303 -1.2599 1.5906, 1.6142 -1.2599 1.9803, 1.6142 -1.2599 1.5906
            ]
        }
        coordIndex [
            0,1,2,-1,2,1,3,-1,2,3,4,-1,5,6,7,-1,7,6,8,-1,7,8,0,-1,0,8,9,-1,0,9,1,-1,10,11,12,-1,12,11,13,-1,12,13,14,-1,14,13,5,-1,14,5,15,-1,15,5,7,-1,16,17,18,-1,19,20,21,-1,21,20,22,-1,21,22,23,-1,23,22,16,-1,23,16,24,-1,24,16,18,-1,17,25,18,-1,18,25,26,-1,18,26,27,-1,27,26,28,-1,28,29,27,-1,27,29,30,-1,27,30,31,-1,31,30,32,-1,31,32,33,-1,33,32,34,-1,34,35,33,-1,33,35,36,-1,33,36,37,-1,37,36,38,-1,37,38,39,-1,39,38,40,-1,39,40,11,-1,11,40,41,-1,11,41,13,-1,41,42,13,-1,13,42,43,-1,13,43,5,-1,5,43,44,-1,5,44,6,-1,6,44,8,-1,1,45,3,-1,3,45,46,-1,3,46,47,-1,44,48,8,-1,8,48,45,-1,8,45,9,-1,9,45,1,-1,19,21,49,-1,49,21,50,-1,4,51,2,-1,2,51,52,-1,12,14,53,-1,53,14,15,-1,53,15,54,-1,54,15,7,-1,54,7,52,-1,52,7,0,-1,52,0,2,-1,53,55,12,-1,12,55,56,-1,12,56,10,-1,10,56,57,-1,10,57,58,-1,57,59,58,-1,58,59,60,-1,58,60,61,-1,61,60,62,-1,62,60,63,-1,62,63,64,-1,64,65,62,-1,62,65,66,-1,62,66,67,-1,67,66,68,-1,67,68,69,-1,69,68,70,-1,69,70,71,-1,71,70,72,-1,72,73,71,-1,71,73,74,-1,71,74,75,-1,75,74,76,-1,75,76,77,-1,76,78,77,-1,77,78,79,-1,77,79,50,-1,50,79,80,-1,50,80,49,-1,49,80,81,-1,82,83,81,-1,81,83,49,-1,84,85,49,-1,86,87,49,-1,49,87,88,-1,49,88,89,-1,84,49,90,-1,90,49,83,-1,90,83,91,-1,85,92,49,-1,49,92,93,-1,49,93,94,-1,89,95,49,-1,49,95,96,-1,49,96,19,-1,91,97,90,-1,90,97,98,-1,90,98,99,-1,99,98,100,-1,94,101,49,-1,49,101,102,-1,49,102,86,-1,103,98,104,-1,104,98,105,-1,104,105,106,-1,103,107,98,-1,98,107,108,-1,98,108,109,-1,109,110,98,-1,98,110,111,-1,98,111,100,-1,96,112,19,-1,19,112,20,-1,81,20,82,-1,82,20,112,-1,82,112,113,-1,112,114,113,-1,113,114,115,-1,113,115,116,-1,116,117,113,-1,113,117,118,-1,113,118,119,-1,119,118,120,-1,120,121,119,-1,119,121,122,-1,119,122,123,-1,123,122,124,-1,113,119,98,-1,83,82,91,-1,91,82,113,-1,91,113,97,-1,97,113,98,-1,112,96,95,-1,112,95,114,-1,95,89,114,-1,114,89,88,-1,114,88,115,-1,88,87,115,-1,115,87,86,-1,115,86,116,-1,94,117,101,-1,101,117,116,-1,101,116,102,-1,102,116,86,-1,94,93,117,-1,117,93,92,-1,117,92,118,-1,92,85,118,-1,118,85,84,-1,118,84,120,-1,100,121,99,-1,99,121,120,-1,99,120,90,-1,90,120,84,-1,100,111,121,-1,121,111,110,-1,121,110,122,-1,110,109,122,-1,122,109,108,-1,122,108,124,-1,108,107,124,-1,124,107,103,-1,124,103,123,-1,103,104,123,-1,123,104,106,-1,123,106,119,-1,119,106,105,-1,119,105,98,-1,81,125,17,-1,17,16,81,-1,81,16,126,-1,81,126,20,-1,125,79,17,-1,17,79,78,-1,17,78,127,-1,127,78,26,-1,26,78,128,-1,26,128,28,-1,128,74,28,-1,28,74,73,-1,28,73,129,-1,129,73,30,-1,30,73,130,-1,30,130,32,-1,130,70,32,-1,32,70,68,-1,32,68,131,-1,131,68,132,-1,68,133,132,-1,132,133,134,-1,132,134,135,-1,135,134,136,-1,135,136,38,-1,38,136,63,-1,38,63,40,-1,40,63,60,-1,40,60,137,-1,137,60,42,-1,48,138,53,-1,53,138,43,-1,53,43,139,-1,60,140,42,-1,42,140,57,-1,42,57,43,-1,43,57,56,-1,43,56,139,-1,51,47,141,-1,48,53,45,-1,45,53,54,-1,45,54,141,-1,141,54,142,-1,141,142,51,-1,47,51,143,-1,143,51,144,-1,145,146,147,-1,147,146,143,-1,147,143,148,-1,148,143,144,-1,149,150,151,-1,151,150,152,-1,151,152,145,-1,145,152,153,-1,145,153,146,-1,149,151,154,-1,154,151,155,-1,154,155,156,-1,156,157,154,-1,154,157,158,-1,154,158,159,-1,159,158,160,-1,159,160,161,-1,162,163,164,-1,164,163,161,-1,164,161,165,-1,165,161,160,-1,166,167,162,-1,162,167,168,-1,162,168,163,-1,166,169,167,-1,167,169,170,-1,167,170,171,-1,172,167,173,-1,173,167,171,-1,173,171,174,-1,3,47,175,-1,175,47,143,-1,175,143,176,-1,176,143,146,-1,176,146,177,-1,177,146,153,-1,177,153,178,-1,178,153,152,-1,178,152,179,-1,179,152,150,-1,179,150,180,-1,180,150,149,-1,180,149,181,-1,181,149,154,-1,181,154,182,-1,182,154,159,-1,182,159,183,-1,183,159,161,-1,183,161,184,-1,184,161,163,-1,184,163,172,-1,172,163,168,-1,172,168,167,-1,180,181,185,-1,4,3,186,-1,186,3,175,-1,176,187,175,-1,175,187,188,-1,175,188,186,-1,189,190,178,-1,178,190,187,-1,178,187,177,-1,177,187,176,-1,189,178,185,-1,185,178,179,-1,185,179,180,-1,191,192,183,-1,183,192,182,-1,182,192,193,-1,182,193,181,-1,181,193,194,-1,181,194,185,-1,184,195,183,-1,183,195,196,-1,183,196,191,-1,197,198,173,-1,173,198,195,-1,173,195,172,-1,172,195,184,-1,197,173,199,-1,199,173,174,-1,199,174,200,-1,4,186,51,-1,51,186,144,-1,144,186,148,-1,148,186,188,-1,148,188,201,-1,201,188,187,-1,201,187,145,-1,145,187,190,-1,145,190,151,-1,151,190,189,-1,151,189,155,-1,189,185,155,-1,155,185,194,-1,155,194,202,-1,202,194,193,-1,200,170,199,-1,199,170,169,-1,199,169,197,-1,197,169,166,-1,197,166,198,-1,198,166,203,-1,198,203,195,-1,195,203,164,-1,195,164,196,-1,196,164,165,-1,196,165,191,-1,191,165,204,-1,191,204,192,-1,192,204,158,-1,192,158,193,-1,193,158,157,-1,193,157,202,-1,205,170,206,-1,206,170,200,-1,207,208,209,-1,210,209,211,-1,211,209,212,-1,213,214,205,-1,205,214,215,-1,171,170,216,-1,216,170,205,-1,216,205,217,-1,217,205,215,-1,212,209,218,-1,218,209,219,-1,218,219,205,-1,205,219,220,-1,205,220,221,-1,210,222,209,-1,209,222,223,-1,209,223,224,-1,221,225,205,-1,205,225,226,-1,205,226,227,-1,227,228,205,-1,205,228,229,-1,205,229,213,-1,224,230,209,-1,209,230,231,-1,209,231,232,-1,232,233,209,-1,209,233,234,-1,209,234,207,-1,216,235,171,-1,171,235,174,-1,236,237,238,-1,239,240,241,-1,241,240,242,-1,237,243,238,-1,238,243,240,-1,238,240,244,-1,244,240,245,-1,239,246,240,-1,240,246,247,-1,240,247,248,-1,248,249,240,-1,240,249,250,-1,240,250,245,-1,251,252,238,-1,238,252,253,-1,238,253,254,-1,254,255,238,-1,238,255,256,-1,238,256,257,-1,257,258,238,-1,238,258,259,-1,238,259,236,-1,200,174,206,-1,206,174,235,-1,206,235,260,-1,251,238,235,-1,235,238,261,-1,235,261,260,-1,218,205,260,-1,260,205,206,-1,262,263,264,-1,264,263,265,-1,266,267,268,-1,268,267,269,-1,270,271,272,-1,272,271,273,-1,272,273,274,-1,274,273,275,-1,274,275,269,-1,269,275,276,-1,269,276,268,-1,272,277,270,-1,270,277,278,-1,270,278,279,-1,279,278,280,-1,279,280,281,-1,280,282,281,-1,281,282,283,-1,281,283,284,-1,284,283,285,-1,285,283,286,-1,285,286,287,-1,287,288,285,-1,285,288,289,-1,285,289,290,-1,290,289,291,-1,290,291,292,-1,292,291,293,-1,292,293,294,-1,294,293,295,-1,295,296,294,-1,294,296,297,-1,294,297,298,-1,298,297,299,-1,298,299,300,-1,299,301,300,-1,300,301,302,-1,300,302,303,-1,303,302,304,-1,303,304,305,-1,305,304,306,-1,266,307,267,-1,267,307,308,-1,308,307,309,-1,309,307,310,-1,309,310,311,-1,311,310,312,-1,311,312,313,-1,313,312,314,-1,313,314,315,-1,315,314,316,-1,315,316,317,-1,316,318,317,-1,317,318,319,-1,317,319,320,-1,320,319,321,-1,322,323,324,-1,324,323,325,-1,324,325,326,-1,326,325,327,-1,326,327,328,-1,328,327,329,-1,328,329,330,-1,330,329,331,-1,330,331,332,-1,332,331,333,-1,332,333,334,-1,334,333,335,-1,334,335,336,-1,336,335,337,-1,336,337,321,-1,321,337,338,-1,321,338,320,-1,339,267,340,-1,340,267,308,-1,313,341,342,-1,342,341,340,-1,342,340,309,-1,309,340,308,-1,343,344,315,-1,315,344,345,-1,315,345,313,-1,313,345,346,-1,313,346,341,-1,343,315,347,-1,347,315,317,-1,347,317,348,-1,348,338,347,-1,347,338,337,-1,347,337,349,-1,349,337,350,-1,349,350,351,-1,352,353,331,-1,331,353,351,-1,331,351,333,-1,333,351,350,-1,327,354,352,-1,352,354,355,-1,352,355,353,-1,327,325,354,-1,354,325,323,-1,354,323,356,-1,357,339,358,-1,358,339,340,-1,358,340,359,-1,359,340,341,-1,359,341,360,-1,360,341,346,-1,360,346,361,-1,361,346,345,-1,361,345,362,-1,362,345,344,-1,362,344,363,-1,363,344,343,-1,363,343,364,-1,364,343,347,-1,364,347,365,-1,365,347,349,-1,365,349,366,-1,366,349,351,-1,366,351,367,-1,367,351,353,-1,367,353,368,-1,368,353,355,-1,368,355,369,-1,369,355,354,-1,369,354,370,-1,370,354,356,-1,363,364,318,-1,266,357,307,-1,307,357,358,-1,359,312,358,-1,358,312,310,-1,358,310,307,-1,316,314,361,-1,361,314,312,-1,361,312,360,-1,360,312,359,-1,316,361,318,-1,318,361,362,-1,318,362,363,-1,334,336,366,-1,366,336,365,-1,365,336,321,-1,365,321,364,-1,364,321,319,-1,364,319,318,-1,324,367,368,-1,328,330,366,-1,366,330,332,-1,366,332,334,-1,367,324,366,-1,366,324,326,-1,366,326,328,-1,368,369,324,-1,324,369,370,-1,324,370,322,-1,371,372,373,-1,372,374,373,-1,373,374,375,-1,373,375,376,-1,377,378,375,-1,375,378,379,-1,380,381,373,-1,381,382,373,-1,373,382,383,-1,373,383,371,-1,379,384,375,-1,375,384,385,-1,375,385,386,-1,386,387,375,-1,375,387,388,-1,375,388,376,-1,373,389,390,-1,390,391,373,-1,373,391,392,-1,373,392,380,-1,393,394,375,-1,375,394,395,-1,375,395,377,-1,322,370,396,-1,396,370,397,-1,393,398,394,-1,394,398,396,-1,394,396,399,-1,399,396,397,-1,396,400,322,-1,322,400,323,-1,401,402,403,-1,404,405,406,-1,402,407,403,-1,403,407,406,-1,403,406,408,-1,409,410,411,-1,412,413,403,-1,413,414,403,-1,403,414,415,-1,403,415,401,-1,404,406,410,-1,410,406,416,-1,410,416,411,-1,409,411,400,-1,400,411,356,-1,400,356,323,-1,405,417,406,-1,406,417,418,-1,406,418,419,-1,403,420,421,-1,419,422,406,-1,406,422,423,-1,406,423,424,-1,424,425,406,-1,406,425,426,-1,406,426,408,-1,421,427,403,-1,403,427,428,-1,403,428,412,-1,429,430,431,-1,431,430,432,-1,411,397,356,-1,356,397,370,-1,433,432,434,-1,434,432,430,-1,433,434,435,-1,435,434,436,-1,435,436,437,-1,437,436,438,-1,437,438,439,-1,439,438,440,-1,439,440,441,-1,441,440,442,-1,441,442,443,-1,443,442,444,-1,443,444,445,-1,445,444,446,-1,445,446,447,-1,447,446,448,-1,447,448,449,-1,449,448,450,-1,449,450,451,-1,451,450,452,-1,451,452,453,-1,453,452,454,-1,453,454,455,-1,455,454,456,-1,455,456,457,-1,457,456,458,-1,459,457,460,-1,460,457,458,-1,409,400,398,-1,398,400,396,-1,276,461,268,-1,268,461,357,-1,268,357,266,-1,462,463,275,-1,275,463,464,-1,275,464,276,-1,276,464,465,-1,276,465,461,-1,279,466,270,-1,270,466,467,-1,270,467,271,-1,271,467,462,-1,271,462,273,-1,273,462,275,-1,468,469,470,-1,471,472,473,-1,473,472,474,-1,473,474,475,-1,475,474,468,-1,475,468,476,-1,476,468,470,-1,469,477,470,-1,470,477,478,-1,470,478,479,-1,479,478,480,-1,480,481,479,-1,479,481,482,-1,479,482,483,-1,483,482,484,-1,483,484,485,-1,485,484,486,-1,486,487,485,-1,485,487,488,-1,485,488,489,-1,489,488,490,-1,489,490,491,-1,491,490,492,-1,491,492,466,-1,466,492,493,-1,466,493,467,-1,493,494,467,-1,467,494,495,-1,467,495,462,-1,462,495,496,-1,462,496,463,-1,463,496,464,-1,461,497,357,-1,357,497,498,-1,357,498,339,-1,496,499,464,-1,464,499,497,-1,464,497,465,-1,465,497,461,-1,306,500,469,-1,469,468,306,-1,306,468,501,-1,306,501,472,-1,500,302,469,-1,469,302,301,-1,469,301,502,-1,502,301,478,-1,478,301,503,-1,478,503,480,-1,503,297,480,-1,480,297,296,-1,480,296,504,-1,504,296,482,-1,482,296,505,-1,482,505,484,-1,505,293,484,-1,484,293,291,-1,484,291,506,-1,506,291,507,-1,291,508,507,-1,507,508,509,-1,507,509,510,-1,510,509,511,-1,510,511,490,-1,490,511,286,-1,490,286,492,-1,492,286,283,-1,492,283,512,-1,512,283,494,-1,499,513,272,-1,272,513,495,-1,272,495,514,-1,283,515,494,-1,494,515,280,-1,494,280,495,-1,495,280,278,-1,495,278,514,-1,267,339,516,-1,499,272,497,-1,497,272,274,-1,497,274,516,-1,516,274,517,-1,516,517,267,-1,518,519,520,-1,306,472,521,-1,521,472,522,-1,521,522,520,-1,520,522,523,-1,520,523,518,-1,519,524,520,-1,520,524,525,-1,520,525,526,-1,526,525,527,-1,525,528,527,-1,527,528,529,-1,527,529,530,-1,530,529,531,-1,521,532,306,-1,306,532,305,-1,533,534,305,-1,535,536,305,-1,537,538,305,-1,305,538,539,-1,305,539,540,-1,540,541,305,-1,305,541,542,-1,305,542,471,-1,536,543,305,-1,305,543,544,-1,305,544,545,-1,534,546,305,-1,305,546,547,-1,305,547,548,-1,535,305,549,-1,549,305,532,-1,549,532,550,-1,551,552,553,-1,553,552,554,-1,550,555,549,-1,549,555,554,-1,549,554,556,-1,556,554,552,-1,545,557,305,-1,305,557,558,-1,305,558,533,-1,548,559,305,-1,305,559,560,-1,305,560,537,-1,542,522,471,-1,471,522,472,-1,520,526,554,-1,532,521,550,-1,550,521,520,-1,550,520,555,-1,555,520,554,-1,522,542,541,-1,522,541,523,-1,541,540,523,-1,523,540,539,-1,523,539,518,-1,539,538,518,-1,518,538,537,-1,518,537,519,-1,548,524,559,-1,559,524,519,-1,559,519,560,-1,560,519,537,-1,548,547,524,-1,524,547,546,-1,524,546,525,-1,546,534,525,-1,525,534,533,-1,525,533,528,-1,545,529,557,-1,557,529,528,-1,557,528,558,-1,558,528,533,-1,545,544,529,-1,529,544,543,-1,529,543,531,-1,543,536,531,-1,531,536,535,-1,531,535,530,-1,535,549,530,-1,530,549,556,-1,530,556,527,-1,556,552,527,-1,527,552,551,-1,527,551,526,-1,526,551,553,-1,526,553,554,-1,471,473,305,-1,305,473,303,-1,561,562,563,-1,563,562,564,-1,563,564,565,-1,
        ]
    }
}
Shape{
    appearance Appearance {
        material  Material 	{
            diffuseColor 0.2235294117647059 0.2235294117647059 0.2235294117647059
            specularColor 0.11372549019607843 0.11372549019607843 0.11372549019607843
            ambientIntensity 0.2235
            transparency 0.0
            shininess 0.5
        }
    }
    geometry IndexedFaceSet {
        ccw TRUE
        solid FALSE
        coord DEF co Coordinate {
            point [
                1.1417 -1.2599 1.1732, 1.1417 -0.8662 1.1732, 1.1417 -1.2599 1.5906, 1.1417 -0.8662 1.9803, 1.1417 -1.2599 1.9803, 1.6142 -1.2599 1.1732, 1.6142 -0.8662 1.1732, 1.6142 -0.8662 1.9803, 1.6142 -1.2599 1.5906, 1.6142 -1.2599 1.9803
            ]
        }
        coordIndex [
            0,1,2,-1,2,1,3,-1,2,3,4,-1,5,6,0,-1,0,6,1,-1,1,6,3,-1,3,6,7,-1,6,5,7,-1,7,5,8,-1,7,8,9,-1,
        ]
    }
}
Shape{
    appearance Appearance {
        material  Material 	{
            diffuseColor 0.6470588235294118 0.6196078431372549 0.5882352941176471
            specularColor 0.45098039215686275 0.43529411764705883 0.4117647058823529
            ambientIntensity 0.6242
            transparency 0.0
            shininess 0.5
        }
    }
    geometry IndexedFaceSet {
        ccw TRUE
        solid FALSE
        coord DEF co Coordinate {
            point [
                1.6142 -1.2599 1.9803, 1.1417 -1.2599 1.9803, 1.6142 -0.8662 1.9803, 1.1417 -0.8662 1.9803, 0.1575 -1.2599 1.5906, 0.1575 -1.2599 1.9803, 0.3937 -1.2599 1.5906, 0.6299 -1.2599 1.9803, 0.6299 -1.2599 1.5906
            ]
        }
        coordIndex [
            0,1,2,-1,2,1,3,-1,4,5,6,-1,6,5,7,-1,6,7,8,-1,
        ]
    }
}
Shape{
    appearance Appearance {
        material  Material 	{
            diffuseColor 0.2235294117647059 0.2235294117647059 0.2235294117647059
            specularColor 0.11372549019607843 0.11372549019607843 0.11372549019607843
            ambientIntensity 0.2235
            transparency 0.0
            shininess 0.5
        }
    }
    geometry IndexedFaceSet {
        ccw TRUE
        solid FALSE
        coord DEF co Coordinate {
            point [
                0.1575 -1.2599 1.1732, 0.1575 -0.8662 1.1732, 0.1575 -1.2599 1.5906, 0.1575 -0.8662 1.9803, 0.1575 -1.2599 1.9803, 0.6299 -1.2599 1.1732, 0.6299 -0.8662 1.1732, 0.6299 -0.8662 1.9803, 0.6299 -1.2599 1.5906, 0.6299 -1.2599 1.9803
            ]
        }
        coordIndex [
            0,1,2,-1,2,1,3,-1,2,3,4,-1,5,6,0,-1,0,6,1,-1,1,6,3,-1,3,6,7,-1,6,5,7,-1,7,5,8,-1,7,8,9,-1,
        ]
    }
}
Shape{
    appearance Appearance {
        material  Material 	{
            diffuseColor 0.6470588235294118 0.6196078431372549 0.5882352941176471
            specularColor 0.45098039215686275 0.43529411764705883 0.4117647058823529
            ambientIntensity 0.6242
            transparency 0.0
            shininess 0.5
        }
    }
    geometry IndexedFaceSet {
        ccw TRUE
        solid FALSE
        coord DEF co Coordinate {
            point [
                0.6299 -1.2599 1.9803, 0.1575 -1.2599 1.9803, 0.6299 -0.8662 1.9803, 0.1575 -0.8662 1.9803, -0.6299 -1.2599 1.5906, -0.6299 -1.2599 1.9803, -0.3937 -1.2599 1.5906, -0.1575 -1.2599 1.9803, -0.1575 -1.2599 1.5906
            ]
        }
        coordIndex [
            0,1,2,-1,2,1,3,-1,4,5,6,-1,6,5,7,-1,6,7,8,-1,
        ]
    }
}
Shape{
    appearance Appearance {
        material  Material 	{
            diffuseColor 0.2235294117647059 0.2235294117647059 0.2235294117647059
            specularColor 0.11372549019607843 0.11372549019607843 0.11372549019607843
            ambientIntensity 0.2235
            transparency 0.0
            shininess 0.5
        }
    }
    geometry IndexedFaceSet {
        ccw TRUE
        solid FALSE
        coord DEF co Coordinate {
            point [
                -0.6299 -1.2599 1.1732, -0.6299 -0.8662 1.1732, -0.6299 -1.2599 1.5906, -0.6299 -0.8662 1.9803, -0.6299 -1.2599 1.9803, -0.1575 -1.2599 1.1732, -0.1575 -0.8662 1.1732, -0.1575 -0.8662 1.9803, -0.1575 -1.2599 1.5906, -0.1575 -1.2599 1.9803
            ]
        }
        coordIndex [
            0,1,2,-1,2,1,3,-1,2,3,4,-1,0,5,1,-1,1,5,6,-1,6,5,7,-1,7,5,8,-1,7,8,9,-1,6,7,1,-1,1,7,3,-1,
        ]
    }
}
Shape{
    appearance Appearance {
        material  Material 	{
            diffuseColor 0.6470588235294118 0.6196078431372549 0.5882352941176471
            specularColor 0.45098039215686275 0.43529411764705883 0.4117647058823529
            ambientIntensity 0.6242
            transparency 0.0
            shininess 0.5
        }
    }
    geometry IndexedFaceSet {
        ccw TRUE
        solid FALSE
        coord DEF co Coordinate {
            point [
                -0.1575 -1.2599 1.9803, -0.6299 -1.2599 1.9803, -0.1575 -0.8662 1.9803, -0.6299 -0.8662 1.9803, -1.1417 -1.2599 1.5906, -1.6142 -1.2599 1.5906, -1.1417 -1.2599 1.9803, -1.6142 -1.2599 1.9803
            ]
        }
        coordIndex [
            0,1,2,-1,2,1,3,-1,4,5,6,-1,6,5,7,-1,
        ]
    }
}
Shape{
    appearance Appearance {
        material  Material 	{
            diffuseColor 0.2235294117647059 0.2235294117647059 0.2235294117647059
            specularColor 0.11372549019607843 0.11372549019607843 0.11372549019607843
            ambientIntensity 0.2235
            transparency 0.0
            shininess 0.5
        }
    }
    geometry IndexedFaceSet {
        ccw TRUE
        solid FALSE
        coord DEF co Coordinate {
            point [
                -1.6142 -1.2599 1.1732, -1.6142 -0.8662 1.1732, -1.6142 -1.2599 1.5906, -1.6142 -0.8662 1.9803, -1.6142 -1.2599 1.9803, -1.1417 -1.2599 1.1732, -1.1417 -0.8662 1.1732, -1.1417 -0.8662 1.9803, -1.1417 -1.2599 1.5906, -1.1417 -1.2599 1.9803
            ]
        }
        coordIndex [
            0,1,2,-1,2,1,3,-1,2,3,4,-1,0,5,1,-1,1,5,6,-1,6,5,7,-1,7,5,8,-1,7,8,9,-1,6,7,1,-1,1,7,3,-1,
        ]
    }
}
Shape{
    appearance Appearance {
        material  Material 	{
            diffuseColor 0.6470588235294118 0.6196078431372549 0.5882352941176471
            specularColor 0.45098039215686275 0.43529411764705883 0.4117647058823529
            ambientIntensity 0.6242
            transparency 0.0
            shininess 0.5
        }
    }
    geometry IndexedFaceSet {
        ccw TRUE
        solid FALSE
        coord DEF co Coordinate {
            point [
                -1.1417 -1.2599 1.9803, -1.6142 -1.2599 1.9803, -1.1417 -0.8662 1.9803, -1.6142 -0.8662 1.9803, -1.1811 -2.8287 1.5906, -1.5748 -2.8287 1.5906, -1.1811 -2.9144 1.5684, -1.5748 -2.9144 1.5684, -1.5748 -2.4356 1.5906, -1.5748 -2.8898 1.4731, -1.5748 -4.0643 1.5906, -1.5748 -3.942 1.5906, -1.5748 -3.9526 1.4595, -1.5748 -3.8431 1.4965, -1.5748 -3.8119 1.3603, -1.5748 -3.7253 1.4277, -1.5748 -3.651 1.299, -1.5748 -3.5949 1.3877, -1.5748 -3.48 1.2796, -1.5748 -3.4588 1.3787, -1.5748 -3.3094 1.3031, -1.5748 -3.3242 1.4012, -1.5748 -3.1501 1.3682, -1.5748 -3.1984 1.454, -1.5748 -3.0233 1.4291, -1.5748 -3.0601 1.5204, -1.1811 -2.4356 1.5906, -1.1811 -2.8898 1.4731, -1.1811 -3.942 1.5906, -1.1811 -4.0643 1.5906, -1.1811 -3.8431 1.4965, -1.1811 -3.9526 1.4595, -1.1811 -3.7253 1.4277, -1.1811 -3.8119 1.3603, -1.1811 -3.5949 1.3877, -1.1811 -3.651 1.299, -1.1811 -3.4588 1.3787, -1.1811 -3.48 1.2796, -1.1811 -3.3242 1.4012, -1.1811 -3.3094 1.3031, -1.1811 -3.1984 1.454, -1.1811 -3.1501 1.3682, -1.1811 -3.0601 1.5204, -1.1811 -3.0233 1.4291, 1.1811 -2.8287 1.5906, 1.1811 -2.9144 1.5684, 1.2303 -2.8287 1.5906, 1.5748 -2.9144 1.5684, 1.5748 -2.8287 1.5906, 1.1811 -3.1984 1.454, 1.5748 -3.1984 1.454, 1.5748 -3.0601 1.5204, 1.1811 -3.0601 1.5204, 1.2303 -3.942 1.5906, 1.5748 -3.942 1.5906, 1.5748 -3.8431 1.4965, 1.1811 -3.942 1.5906, 1.1811 -3.8431 1.4965, 1.1811 -3.7253 1.4277, 1.5748 -3.7253 1.4277, 1.1811 -3.5949 1.3877, 1.5748 -3.5949 1.3877, 1.1811 -3.4588 1.3787, 1.5748 -3.4588 1.3787, 1.1811 -3.3242 1.4012, 1.5748 -3.3242 1.4012, 1.1811 -2.4356 1.5906, 1.1811 -2.8898 1.4731, 1.1811 -4.0643 1.5906, 1.1811 -3.9526 1.4595, 1.1811 -3.8119 1.3603, 1.1811 -3.651 1.299, 1.1811 -3.48 1.2796, 1.1811 -3.3094 1.3031, 1.1811 -3.1501 1.3682, 1.1811 -3.0233 1.4291, 1.5748 -3.1501 1.3682, 1.5748 -3.3094 1.3031, 1.5748 -3.9526 1.4595, 1.5748 -4.0643 1.5906, 1.2303 -4.0643 1.5906, 1.5748 -3.48 1.2796, 1.5748 -3.651 1.299, 1.5748 -3.8119 1.3603, 1.5748 -2.8898 1.4731, 1.5748 -3.0233 1.4291, 1.5748 -2.4356 1.5906, 1.2303 -2.4356 1.5906, -0.1969 -2.9144 1.5684, -0.1969 -2.8287 1.5906, -0.5906 -2.9144 1.5684, -0.3937 -2.8287 1.5906, -0.5906 -2.8287 1.5906, -0.5906 -2.4356 1.5906, -0.5906 -2.8898 1.4731, -0.5906 -4.0643 1.5906, -0.5906 -3.942 1.5906, -0.5906 -3.9526 1.4595, -0.5906 -3.8431 1.4965, -0.5906 -3.8119 1.3603, -0.5906 -3.7253 1.4277, -0.5906 -3.651 1.299, -0.5906 -3.5949 1.3877, -0.5906 -3.48 1.2796, -0.5906 -3.4588 1.3787, -0.5906 -3.3094 1.3031, -0.5906 -3.3242 1.4012, -0.5906 -3.1501 1.3682, -0.5906 -3.1984 1.454, -0.5906 -3.0233 1.4291, -0.5906 -3.0601 1.5204, -0.1969 -2.4356 1.5906, -0.1969 -2.8898 1.4731, -0.3937 -2.4356 1.5906, -0.1969 -3.942 1.5906, -0.1969 -4.0643 1.5906, -0.1969 -3.8431 1.4965, -0.1969 -3.9526 1.4595, -0.1969 -3.7253 1.4277, -0.1969 -3.8119 1.3603, -0.1969 -3.5949 1.3877, -0.1969 -3.651 1.299, -0.1969 -3.4588 1.3787, -0.1969 -3.48 1.2796, -0.1969 -3.3242 1.4012, -0.1969 -3.3094 1.3031, -0.1969 -3.1984 1.454, -0.1969 -3.1501 1.3682, -0.1969 -3.0601 1.5204, -0.1969 -3.0233 1.4291, -0.3937 -4.0643 1.5906, -0.3937 -3.942 1.5906, 0.5906 -2.9144 1.5684, 0.5906 -2.8287 1.5906, 0.1969 -2.9144 1.5684, 0.3937 -2.8287 1.5906, 0.1969 -2.8287 1.5906, 0.1969 -3.1984 1.454, 0.5906 -3.1984 1.454, 0.5906 -3.0601 1.5204, 0.1969 -3.0601 1.5204, 0.3937 -3.942 1.5906, 0.5906 -3.942 1.5906, 0.5906 -3.8431 1.4965, 0.1969 -3.942 1.5906, 0.5906 -3.3242 1.4012, 0.1969 -3.3242 1.4012, 0.5906 -3.4588 1.3787, 0.1969 -3.4588 1.3787, 0.5906 -3.5949 1.3877, 0.1969 -3.5949 1.3877, 0.5906 -3.7253 1.4277, 0.1969 -3.7253 1.4277, 0.1969 -3.8431 1.4965, 0.1969 -2.4356 1.5906, 0.1969 -2.8898 1.4731, 0.1969 -4.0643 1.5906, 0.1969 -3.9526 1.4595, 0.1969 -3.8119 1.3603, 0.1969 -3.651 1.299, 0.1969 -3.48 1.2796, 0.1969 -3.3094 1.3031, 0.1969 -3.1501 1.3682, 0.1969 -3.0233 1.4291, 0.5906 -3.1501 1.3682, 0.5906 -3.3094 1.3031, 0.5906 -3.9526 1.4595, 0.5906 -4.0643 1.5906, 0.3937 -4.0643 1.5906, 0.5906 -3.48 1.2796, 0.5906 -3.651 1.299, 0.5906 -3.8119 1.3603, 0.5906 -2.8898 1.4731, 0.5906 -3.0233 1.4291, 0.5906 -2.4356 1.5906, 0.3937 -2.4356 1.5906, -2.526 -3.9743 1.8077, -2.4396 -4.0548 1.8077, -2.2932 -3.7247 1.8286, -2.2068 -3.8052 1.8286, -2.2068 -3.8052 1.3525, -2.4396 -4.0548 1.3734, -2.49 -4.1089 1.7291, -2.4528 -4.069 1.804, -2.465 -4.0821 1.7956, -2.49 -4.1089 1.452, -2.4754 -4.0932 1.783, -2.4834 -4.1017 1.7671, -2.4883 -4.1071 1.7487, -2.4754 -4.0932 1.3981, -2.4834 -4.1017 1.414, -2.4883 -4.1071 1.4324, -2.465 -4.0821 1.3855, -2.4528 -4.069 1.3771, -2.5764 -4.0283 1.7291, -2.5764 -4.0283 1.452, -2.2932 -3.7247 1.3525, -2.526 -3.9743 1.3734, -2.5747 -4.0265 1.7487, -2.5697 -4.0212 1.7671, -2.5618 -4.0127 1.783, -2.5514 -4.0015 1.7956, -2.5392 -3.9885 1.804, -2.5392 -3.9885 1.3771, -2.5514 -4.0015 1.3855, -2.5618 -4.0127 1.3981, -2.5697 -4.0212 1.414, -2.5747 -4.0265 1.4324, -2.3646 -3.4944 1.3346, -2.3999 -3.4821 1.3323, -2.3389 -3.3791 1.3346, -2.3565 -3.3728 1.3329, -2.3584 -3.3721 1.3327, -2.4024 -3.4812 1.3322, -2.3668 -3.3691 1.3318, -2.4147 -3.477 1.3314, -2.374 -3.3642 1.3306, -2.4346 -3.4643 1.3299, -2.3829 -3.3581 1.3292, -2.4522 -3.453 1.3287, -2.3902 -3.3531 1.328, -2.464 -3.4455 1.3278, -2.467 -3.4423 1.3275, -2.5493 -3.272 1.3156, -2.4313 -3.2679 1.3156, -2.5471 -3.2968 1.3171, -2.4302 -3.2798 1.3165, -2.5438 -3.3089 1.3179, -2.4285 -3.2864 1.3173, -2.5431 -3.3114 1.3181, -2.428 -3.2883 1.3175, -2.5334 -3.3468 1.3203, -2.4235 -3.3054 1.3196, -2.5316 -3.3536 1.3207, -2.423 -3.3073 1.3198, -2.5248 -3.3656 1.3216, -2.4189 -3.315 1.321, -2.5158 -3.3817 1.3227, -2.4147 -3.3229 1.3223, -2.5035 -3.4038 1.3243, -2.4103 -3.3311 1.3236, -2.494 -3.4138 1.3251, -2.4035 -3.3388 1.3251, -2.3915 -3.3523 1.3278, -1.6055 -4.6551 0.4646, -1.6055 -4.6551 0.5827, -1.5826 -4.7569 0.4646, -1.5826 -4.7569 0.5827, -1.5356 -4.85 0.4646, -1.5356 -4.85 0.5827, -1.4674 -4.929 0.4646, -1.4674 -4.929 0.5827, -1.382 -4.9891 0.4646, -1.382 -4.9891 0.5827, -1.2847 -5.0266 0.4646, -1.2847 -5.0266 0.5827, -1.1811 -5.0394 0.4646, -1.1811 -5.0394 0.5827, -1.0775 -5.0266 0.4646, -1.0775 -5.0266 0.5827, -0.9802 -4.9891 0.4646, -0.9802 -4.9891 0.5827, -0.8948 -4.929 0.4646, -0.8948 -4.929 0.5827, -0.8266 -4.85 0.4646, -0.8266 -4.85 0.5827, -0.7796 -4.7569 0.4646, -0.7796 -4.7569 0.5827, -0.7567 -4.6551 0.4646, -0.7567 -4.6551 0.5827, -0.5374 -2.4487 0.5827, -0.5373 -2.4485 0.4646, -0.6939 -2.4323 0.5864, -0.6941 -2.4338 0.5865, -0.6935 -2.432 0.4682, -0.6936 -2.4335 0.4683, -0.8224 -3.8354 0.5418, -0.8224 -3.8292 0.6597, -1.8248 -2.4487 0.5827, -1.8249 -2.4485 0.4646, 1.7362 -2.3636 0.5828, 1.7464 -2.3623 0.5827, 0.6169 -2.3623 0.5827, 0.6776 -2.3932 0.5844, 0.6813 -2.3977 0.5846, 1.6738 -2.411 0.5853, 0.6874 -2.4099 0.5852, 0.6899 -2.415 0.5855, 1.6699 -2.4254 0.586, 1.6686 -2.4299 0.5862, 1.676 -2.4071 0.5851, 1.6834 -2.394 0.5844, 1.6864 -2.3909 0.5843, 0.6552 -2.373 0.5833, 0.664 -2.3796 0.5837, 0.6696 -2.3838 0.5839, 0.8224 -3.8292 0.6597, 1.5398 -3.8292 0.6597, 0.6941 -2.4338 0.5865, 1.6681 -2.4338 0.5865, 0.6929 -2.4283 0.5862, 1.6684 -2.4323 0.5864, 1.6961 -2.3807 0.5837, 1.7006 -2.3777 0.5836, 1.7115 -2.3706 0.5832, 1.7175 -2.3684 0.5831, 1.727 -2.3648 0.5828, 0.629 -2.364 0.5828, 0.6396 -2.3661 0.5829, 0.6475 -2.3696 0.5831, 0.6224 -2.3626 0.5827, 0.6936 -2.4335 0.4683, 0.8224 -3.8354 0.5418, 0.8487 -3.9385 0.7428, 0.8473 -3.934 0.7332, 0.8487 -4.0504 0.7053, 0.8468 -4.0416 0.6864, 0.8452 -4.0342 0.6705, 0.8461 -3.9302 0.7251, 0.8438 -4.0276 0.6563, 0.8449 -3.9265 0.7173, 0.8426 -4.02 0.6467, 0.8438 -3.9231 0.7129, 0.8403 -4.0045 0.6272, 0.8413 -3.9153 0.7029, 0.8386 -3.9924 0.6121, 0.8396 -3.9102 0.6964, 0.8393 -3.909 0.6954, 0.8383 -3.9905 0.6097, 0.8355 -3.8957 0.6848, 0.825 -3.8476 0.6629, 0.8258 -3.8716 0.5478, 0.8254 -3.8503 0.6634, 0.8263 -3.877 0.5487, 0.8265 -3.8585 0.6649, 0.8274 -3.8887 0.5506, 0.8294 -3.8715 0.6707, 0.8304 -3.9186 0.5634, 0.8297 -3.8728 0.6713, 0.8306 -3.9213 0.5646, 0.8328 -3.8864 0.6774, 0.8329 -3.9436 0.574, 0.8343 -3.8917 0.6816, 0.8345 -3.9582 0.5851, 0.8355 -3.9663 0.5913, 1.5135 -4.0504 0.7053, 1.517 -4.0342 0.6705, 1.5184 -4.0278 0.6567, 0.8438 -4.0276 0.6563, 1.5266 -3.967 0.5918, 1.5239 -3.9907 0.6099, 1.5219 -4.0044 0.6273, 1.52 -4.0172 0.6433, 1.5267 -3.9663 0.5913, 0.8383 -3.9905 0.6097, 1.5293 -3.9445 0.5746, 0.8329 -3.9436 0.574, 1.5316 -3.9213 0.5646, 0.8274 -3.8887 0.5506, 1.5333 -3.9041 0.5571, 1.5364 -3.8716 0.548, 1.5346 -3.8906 0.5513, 1.5398 -3.8354 0.5418, 1.5135 -3.9385 0.7428, 1.5163 -3.9301 0.7251, 1.5177 -3.9258 0.7161, 1.519 -3.9217 0.7112, 1.5211 -3.915 0.7032, 1.524 -3.9057 0.692, 1.5266 -3.8962 0.6851, 1.5267 -3.8958 0.6848, 1.5306 -3.8816 0.6746, 1.5325 -3.873 0.6711, 1.5344 -3.8641 0.6675, 1.5362 -3.8556 0.664, 1.5373 -3.8476 0.6627, 1.5012 -4.1075 0.9066, 1.5018 -4.0888 0.899, 0.8604 -4.0886 0.8994, 1.4929 -4.306 0.8842, 0.8671 -4.2716 0.9004, 0.8674 -4.2777 0.8985, 0.8694 -4.3057 0.8837, 0.8706 -4.3227 0.8747, 1.4925 -4.3118 0.8816, 0.871 -4.3267 0.8716, 1.4911 -4.3261 0.8708, 0.874 -4.3556 0.8487, 1.4882 -4.3556 0.8487, 0.8644 -4.211 0.9145, 0.8651 -4.2303 0.9127, 1.4963 -4.2463 0.9078, 0.8659 -4.2463 0.9079, 1.4957 -4.2626 0.9041, 1.4951 -4.2714 0.9001, 0.8623 -4.1489 0.9142, 0.8632 -4.1786 0.9174, 1.4988 -4.1824 0.9161, 0.8634 -4.1824 0.9171, 1.4979 -4.2104 0.9158, 1.4979 -4.2111 0.9156, 1.5008 -4.1183 0.9087, 1.4997 -4.1574 0.9164, 1.4999 -4.149 0.9147, 0.8617 -4.1289 0.9121, 0.8614 -4.1184 0.9088, 0.8584 -4.0341 0.871, 0.8594 -4.0585 0.8846, 0.8602 -4.0804 0.8968, 1.5027 -4.0612 0.8876, 1.5028 -4.058 0.8855, 0.8584 -4.0335 0.8705, 1.5038 -4.0342 0.8695, 0.8569 -4.0063 0.8468, 1.5045 -4.0181 0.8588, 0.8562 -3.9938 0.8359, 1.5053 -4.0063 0.8469, 1.5065 -3.9877 0.8283, 1.5088 -3.9656 0.7973, 0.8531 -3.9613 0.7925, 1.5068 -3.9832 0.8237, 0.8534 -3.9651 0.7976, 0.8556 -3.988 0.8281, 1.51 -3.955 0.7813, 1.5105 -3.953 0.7767, 0.8516 -3.9538 0.7763, 0.874 -4.2751 0.7624, 0.871 -4.2483 0.7818, 0.8709 -4.2475 0.7823, 0.8709 -4.2473 0.7824, 0.8678 -4.2161 0.7948, 0.8677 -4.2156 0.795, 0.8677 -4.2153 0.795, 0.8646 -4.1817 0.7994, 0.8646 -4.1816 0.7994, 0.8645 -4.1813 0.7993, 0.8614 -4.1476 0.7952, 0.8614 -4.1472 0.7951, 0.8613 -4.146 0.7948, 0.8582 -4.1153 0.7825, 0.8582 -4.1149 0.7823, 0.8581 -4.1144 0.7822, 0.855 -4.0867 0.762, 0.855 -4.0868 0.762, 0.8551 -4.0874 0.7625, 0.8518 -4.0647 0.7352, 0.8518 -4.0649 0.7356, 0.8519 -4.0654 0.7362, 1.4914 -4.2472 0.7824, 1.4913 -4.248 0.7821, 1.4912 -4.2483 0.7818, 1.4882 -4.2751 0.7624, 0.8709 -4.2475 0.7823, 1.4944 -4.2161 0.7949, 1.4944 -4.2161 0.7949, 1.4945 -4.2153 0.795, 0.8677 -4.2156 0.795, 1.4976 -4.1822 0.7994, 1.4976 -4.1817 0.7993, 0.8646 -4.1816 0.7994, 1.4977 -4.1813 0.7993, 1.5007 -4.1484 0.7954, 1.5008 -4.1472 0.7951, 0.8614 -4.1476 0.7952, 0.8614 -4.1472 0.7951, 1.5009 -4.1468 0.795, 0.8613 -4.146 0.7948, 1.504 -4.1153 0.7826, 1.504 -4.1149 0.7824, 1.504 -4.1149 0.7824, 0.8581 -4.1144 0.7822, 1.5103 -4.0653 0.7362, 1.5072 -4.0868 0.762, 1.5072 -4.0871 0.7624, 1.5072 -4.0874 0.7625, 1.5104 -4.0647 0.7352, 0.855 -4.0867 0.762, 1.5103 -4.0652 0.736, 0.8518 -4.0649 0.7356, 1.4913 -4.248 0.7821, 1.4944 -4.2161 0.7949, 1.4976 -4.1822 0.7994, 1.5009 -4.1468 0.795, 1.5008 -4.1472 0.7951, 1.5007 -4.1484 0.7954, 1.504 -4.1149 0.7824, 1.5072 -4.0871 0.7624, 1.5103 -4.0652 0.736, 1.4733 -4.4744 0.7379, 1.4733 -4.3939 0.6516, 0.8889 -4.3939 0.6516, 1.469 -4.4156 0.6313, 0.8932 -4.4156 0.6313, 1.4065 -4.5116 0.5418, 1.353 -4.5482 0.5077, 1.2887 -4.5739 0.4837, 1.2177 -4.5872 0.4713, 1.1445 -4.5872 0.4713, 1.0735 -4.5739 0.4837, 1.0092 -4.5482 0.5077, 1.446 -4.4665 0.5839, 0.9557 -4.5116 0.5418, 0.9162 -4.4665 0.5839, 0.8889 -4.4744 0.7379, 0.9932 -4.6196 0.6026, 1.0099 -4.628 0.5948, 0.8946 -4.496 0.7179, 1.4724 -4.4808 0.732, 1.074 -4.6536 0.5709, 1.0405 -4.6432 0.5806, 1.4382 -4.5582 0.6598, 1.445 -4.5467 0.6705, 0.8997 -4.5157 0.6995, 0.917 -4.5468 0.6705, 0.9214 -4.5546 0.6632, 1.4609 -4.5196 0.6958, 1.4679 -4.496 0.7178, 0.9528 -4.5897 0.6305, 0.9559 -4.592 0.6283, 1.2882 -4.6535 0.571, 1.3167 -4.6452 0.5788, 1.3524 -4.6281 0.5947, 1.3647 -4.6222 0.6001, 1.0935 -4.6596 0.5653, 1.2176 -4.6672 0.5583, 1.2634 -4.6608 0.5642, 1.1446 -4.6674 0.558, 1.1496 -4.6682 0.5573, 1.2071 -4.6686 0.5569, 1.4058 -4.5929 0.6275, 1.4065 -4.5922 0.6282, 1.6686 -2.4335 0.4683, 1.6687 -2.432 0.4682, 1.6055 -4.6551 0.5827, 1.8248 -2.4487 0.5827, 1.6055 -4.6551 0.4646, 1.8249 -2.4485 0.4646, 0.7567 -4.6551 0.4646, 0.7567 -4.6551 0.5827, 0.7796 -4.7569 0.4646, 0.7796 -4.7569 0.5827, 0.8266 -4.85 0.4646, 0.8266 -4.85 0.5827, 0.8948 -4.929 0.4646, 0.8948 -4.929 0.5827, 0.9802 -4.9891 0.4646, 0.9802 -4.9891 0.5827, 1.0775 -5.0266 0.4646, 1.0775 -5.0266 0.5827, 1.1811 -5.0394 0.4646, 1.1811 -5.0394 0.5827, 1.2847 -5.0266 0.4646, 1.2847 -5.0266 0.5827, 1.382 -4.9891 0.4646, 1.382 -4.9891 0.5827, 1.4674 -4.929 0.4646, 1.4674 -4.929 0.5827, 1.5356 -4.85 0.4646, 1.5356 -4.85 0.5827, 1.5826 -4.7569 0.4646, 1.5826 -4.7569 0.5827, 0.5374 -2.4487 0.5827, 0.5373 -2.4485 0.4646, 0.5373 -2.4458 0.5827, 0.5369 -2.4455 0.4646, 0.6287 -2.3638 0.4647, 0.6154 -2.3622 0.4646, 1.7468 -2.3622 0.4646, 1.6764 -2.4069 0.467, 1.6731 -2.4132 0.4673, 1.6703 -2.4251 0.4679, 0.6787 -2.394 0.4663, 0.6775 -2.3928 0.4663, 0.6661 -2.3806 0.4656, 0.6638 -2.3791 0.4656, 0.6508 -2.3705 0.4651, 0.6472 -2.3692 0.465, 0.6349 -2.3645 0.4647, 1.7179 -2.3682 0.465, 1.7088 -2.3719 0.4652, 1.7009 -2.3775 0.4655, 1.6941 -2.3824 0.4657, 1.6868 -2.3906 0.4661, 1.682 -2.3961 0.4664, 0.6924 -2.4246 0.4678, 0.6874 -2.4094 0.4671, 0.687 -2.4082 0.467, 0.6928 -2.428 0.468, 1.7365 -2.3635 0.4647, 1.7266 -2.3647 0.4647, 0.1504 -2.8347 2.7165, 0.1504 -2.8347 2.5984, 0.1793 -2.8383 2.7165, 0.1793 -2.8383 2.5984, 0.2064 -2.8488 2.7165, 0.2064 -2.8488 2.5984, 0.2301 -2.8656 2.7165, 0.2301 -2.8656 2.5984, 0.249 -2.8878 2.7165, 0.249 -2.8878 2.5984, 0.2619 -2.9139 2.7165, 0.2619 -2.9139 2.5984, 0.268 -2.9423 2.7165, 0.268 -2.9423 2.5984, -0.1504 -2.8347 2.7165, -0.1504 -2.8347 2.5984, -0.268 -2.9423 2.7165, -0.268 -2.9423 2.5984, -0.2619 -2.9139 2.7165, -0.2619 -2.9139 2.5984, -0.249 -2.8878 2.7165, -0.249 -2.8878 2.5984, -0.2301 -2.8656 2.7165, -0.2301 -2.8656 2.5984, -0.2064 -2.8488 2.7165, -0.2064 -2.8488 2.5984, -0.1793 -2.8383 2.7165, -0.1793 -2.8383 2.5984, -0.3906 -4.3232 2.7165, -0.3906 -4.3231 2.5984, -0.3908 -4.3288 2.5984, -0.391 -4.3289 2.7165, -0.3887 -4.3483 2.5984, -0.3889 -4.3485 2.7165, -0.3819 -4.3668 2.5984, -0.382 -4.3669 2.7165, -0.3707 -4.3829 2.5984, -0.3708 -4.3831 2.7165, -0.3558 -4.3959 2.5984, -0.356 -4.396 2.7165, -0.3383 -4.4048 2.5984, -0.3384 -4.4049 2.7165, -0.3191 -4.409 2.5984, -0.3192 -4.4092 2.7165, -0.3115 -4.4094 2.5984, -0.3117 -4.4095 2.7165, -0.3057 -4.4092 2.5984, -0.2996 -4.4081 2.7166, -0.2995 -4.408 2.5985, -0.2873 -4.4056 2.5985, -0.2926 -4.4072 2.7166, -0.2807 -4.4026 2.5986, -0.2809 -4.4026 2.7167, -0.2702 -4.3978 2.5987, -0.2736 -4.3998 2.7168, -0.2639 -4.3927 2.5988, -0.2639 -4.3929 2.7169, -0.2549 -4.3856 2.5989, -0.2587 -4.3892 2.717, -0.2499 -4.379 2.599, -0.2498 -4.3793 2.7171, -0.243 -4.3699 2.5991, -0.2474 -4.3766 2.7171, -0.2396 -4.3624 2.5991, -0.2397 -4.3626 2.7172, -0.2362 -4.3547 2.5991, -0.2381 -4.3597 2.7172, -0.2338 -4.3437 2.599, -0.2329 -4.3383 2.7172, -0.2326 -4.3383 2.599, -0.2335 -4.3433 2.7172, -0.2337 -4.3439 2.7172, 0.2921 -4.407 2.5985, 0.2334 -4.3433 2.599, -0.2293 -4.3063 2.5984, 0.2293 -4.3063 2.5984, 0.2326 -4.3383 2.599, 0.2335 -4.3438 2.599, 0.238 -4.3597 2.5991, 0.2395 -4.3624 2.5991, 0.2473 -4.3766 2.599, 0.2497 -4.3792 2.599, 0.2586 -4.3891 2.5989, 0.273 -4.3994 2.5987, 0.2638 -4.3928 2.5988, 0.2807 -4.4025 2.5986, 0.2995 -4.4079 2.5985, 0.3115 -4.4094 2.5984, 0.3906 -4.3232 2.7165, 0.3906 -4.3231 2.5984, 0.391 -4.3289 2.7165, 0.3908 -4.3288 2.5984, 0.3889 -4.3485 2.7165, 0.3887 -4.3483 2.5984, 0.382 -4.3669 2.7165, 0.3819 -4.3668 2.5984, 0.3708 -4.3831 2.7165, 0.3707 -4.3829 2.5984, 0.356 -4.396 2.7165, 0.3558 -4.3959 2.5984, 0.3384 -4.4049 2.7165, 0.3383 -4.4048 2.5984, 0.3192 -4.4092 2.7165, 0.3191 -4.409 2.5984, 0.3117 -4.4095 2.7165, 0.3057 -4.4093 2.7165, 0.2997 -4.4081 2.7166, 0.2873 -4.4057 2.7167, 0.2809 -4.4027 2.7167, 0.2702 -4.3978 2.7168, 0.264 -4.3929 2.7169, 0.255 -4.3856 2.717, 0.2501 -4.3792 2.7171, 0.243 -4.3699 2.7172, 0.2398 -4.3626 2.7172, 0.2363 -4.3547 2.7172, 0.234 -4.3438 2.7172, 0.2329 -4.3383 2.7172, 0.2293 -4.3032 2.7165, -0.2293 -4.3032 2.7165, -0.1998 -4.0139 2.7033, 0.2043 -4.058 2.7059, -0.1994 -4.0096 2.7031, 0.1994 -4.0096 2.7031, -0.1848 -3.8677 2.6945, 0.1986 -4.0019 2.7026, -0.1694 -3.7161 2.6858, 0.1694 -3.7161 2.6858, -0.1694 -3.7223 2.5678, -0.1986 -4.0066 2.5846, -0.1995 -4.016 2.5851, -0.2043 -4.0623 2.5878, 0.1998 -4.0185 2.5853, 0.1995 -4.016 2.5851, 0.1849 -3.8731 2.5765, 0.1694 -3.7223 2.5678, 0.1654 -3.6977 2.5638, 0.1641 -3.6656 2.6775, 0.1654 -3.6781 2.6796, 0.1663 -3.7035 2.5647, 0.1681 -3.7038 2.6838, 0.1684 -3.7162 2.5668, 0.164 -3.6642 2.677, 0.1651 -3.6966 2.5633, 0.1604 -3.6312 2.6637, 0.1608 -3.6804 2.5566, 0.1593 -3.6215 2.6598, 0.1596 -3.6756 2.5546, 0.1589 -3.6181 2.6585, 0.1542 -3.6573 2.5426, 0.1553 -3.5887 2.6383, 0.1548 -3.6594 2.5441, 0.1583 -3.6708 2.5526, 0.1464 -3.6299 2.5132, 0.1464 -3.5295 2.5754, 0.1467 -3.6312 2.5153, 0.1493 -3.5458 2.5984, 0.1495 -3.6413 2.5277, 0.1502 -3.552 2.6049, 0.1497 -3.6421 2.5286, 0.1505 -3.5539 2.6068, 0.1512 -3.6475 2.5353, 0.1537 -3.5759 2.6295, 0.1547 -3.5843 2.6353, -0.1597 -3.6247 2.6619, -0.1604 -3.631 2.6642, -0.1681 -3.7037 2.6839, -0.1654 -3.678 2.6801, -0.1648 -3.6722 2.6792, -0.164 -3.6644 2.6764, -0.1593 -3.6215 2.6599, -0.1553 -3.588 2.6393, -0.1553 -3.5876 2.639, -0.1464 -3.5295 2.5754, -0.15 -3.5502 2.604, -0.1502 -3.5516 2.6053, -0.1505 -3.5535 2.6071, -0.1548 -3.5841 2.6357, -0.1662 -3.7035 2.5646, -0.1684 -3.7162 2.5668, -0.1649 -3.6965 2.5635, -0.1649 -3.6961 2.5634, -0.1608 -3.6804 2.5566, -0.1595 -3.6757 2.5546, -0.1579 -3.6695 2.5519, -0.1548 -3.6593 2.5442, -0.1541 -3.6572 2.5426, -0.1514 -3.6484 2.5359, -0.1497 -3.6422 2.5285, -0.1464 -3.6299 2.5132, -0.1467 -3.6314 2.5155, -0.1495 -3.6414 2.5275, 0.1342 -3.404 2.4028, 0.1342 -3.4041 2.4028, -0.1341 -3.4042 2.4038, -0.1436 -3.6088 2.4863, 0.1435 -3.6089 2.4864, 0.1451 -3.6224 2.5018, -0.1398 -3.567 2.4471, 0.1399 -3.5668 2.4475, -0.142 -3.5973 2.4718, 0.1413 -3.5891 2.4638, -0.1422 -3.5992 2.4741, 0.1424 -3.5986 2.4747, 0.1375 -3.5168 2.4195, 0.1386 -3.5467 2.4328, -0.1391 -3.5576 2.4394, -0.1392 -3.5589 2.4405, 0.1393 -3.5583 2.4413, -0.1375 -3.5172 2.4187, -0.1374 -3.5152 2.4176, 0.1373 -3.5115 2.4172, -0.1373 -3.5118 2.4167, 0.1369 -3.5013 2.4127, 0.1358 -3.4615 2.4045, -0.1342 -3.4075 2.4033, -0.136 -3.469 2.4048, -0.1358 -3.4616 2.4043, 0.1358 -3.4603 2.4042, 0.1356 -3.4519 2.4025, -0.1358 -3.4604 2.4043, 0.1343 -3.4074 2.4027, -0.1346 -3.4186 2.4017, 0.1324 -3.3574 2.4126, -0.133 -3.3696 2.4091, 0.1323 -3.3557 2.4133, -0.1322 -3.356 2.4143, 0.1319 -3.3484 2.4166, -0.1318 -3.3485 2.4171, 0.1296 -3.3104 2.4334, -0.1303 -3.3205 2.4279, 0.1293 -3.308 2.4352, -0.1292 -3.3084 2.4359, 0.1282 -3.2975 2.443, -0.1251 -3.2681 2.4649, 0.1251 -3.2681 2.4649, -0.1265 -3.2784 2.4558, -0.1282 -3.2975 2.4431, 0.1447 -3.5188 2.5621, 0.1439 -3.5138 2.5559, 0.1434 -3.5112 2.5527, 0.1417 -3.4979 2.5427, 0.1412 -3.4934 2.5394, 0.1404 -3.4877 2.5351, 0.1388 -3.4729 2.5289, 0.1385 -3.47 2.5277, 0.1374 -3.4607 2.5238, 0.1358 -3.4453 2.5215, 0.1358 -3.4447 2.5215, 0.1345 -3.4318 2.5196, 0.1331 -3.4185 2.5207, 0.1329 -3.4167 2.5209, 0.1318 -3.4058 2.5219, 0.1251 -3.3486 2.5513, 0.1304 -3.3929 2.526, 0.13 -3.3888 2.5273, 0.1291 -3.3811 2.5298, 0.1277 -3.369 2.5368, 0.127 -3.3632 2.5402, 0.1265 -3.3586 2.5429, -0.1358 -3.4447 2.5215, -0.1358 -3.4453 2.5215, -0.1385 -3.4701 2.5276, -0.1388 -3.473 2.5287, -0.1451 -3.5221 2.5647, -0.1447 -3.5192 2.5618, -0.1412 -3.4935 2.5394, -0.1417 -3.4981 2.5424, -0.1424 -3.5039 2.5461, -0.1439 -3.5136 2.5561, -0.1398 -3.4821 2.532, -0.1371 -3.4575 2.523, -0.1341 -3.4285 2.5195, -0.1331 -3.4186 2.5208, -0.1329 -3.4167 2.5211, -0.1311 -3.3995 2.5233, -0.1304 -3.3929 2.5259, -0.13 -3.3889 2.5275, -0.1281 -3.3723 2.5341, -0.1277 -3.3689 2.5365, -0.127 -3.3634 2.5405, -0.1251 -3.3486 2.5513, -0.1076 -3.2228 2.6686, -0.1076 -3.1422 2.5822, -0.0821 -3.1053 2.6166, -0.0663 -3.0972 2.6242, -0.0484 -3.0922 2.6289, 0.0484 -3.0922 2.6289, 0.1076 -3.1422 2.5822, 0.0293 -3.0905 2.6305, -0.0293 -3.0905 2.6305, -0.0946 -3.1159 2.6067, -0.1033 -3.1285 2.595, 0.0663 -3.0972 2.6242, 0.0821 -3.1053 2.6166, 0.0946 -3.1159 2.6067, 0.1033 -3.1285 2.595, -0.0293 -3.171 2.7169, 0.0293 -3.171 2.7169, 0.0484 -3.1727 2.7153, 0.1076 -3.2228 2.6686, -0.0484 -3.1727 2.7153, -0.0663 -3.1778 2.7106, -0.0821 -3.1859 2.703, -0.0946 -3.1965 2.6931, -0.1033 -3.209 2.6814, 0.1033 -3.209 2.6814, 0.0946 -3.1965 2.6931, 0.0663 -3.1778 2.7106, 0.0821 -3.1859 2.703
            ]
        }
        coordIndex [
            0,1,2,-1,2,1,3,-1,4,5,6,-1,6,5,7,-1,5,8,9,-1,10,11,12,-1,12,11,13,-1,12,13,14,-1,14,13,15,-1,14,15,16,-1,16,15,17,-1,16,17,18,-1,18,17,19,-1,18,19,20,-1,20,19,21,-1,20,21,22,-1,22,21,23,-1,22,23,24,-1,24,23,25,-1,24,25,9,-1,9,25,7,-1,9,7,5,-1,8,26,9,-1,9,26,27,-1,28,29,30,-1,30,29,31,-1,30,31,32,-1,32,31,33,-1,32,33,34,-1,34,33,35,-1,34,35,36,-1,36,35,37,-1,36,37,38,-1,38,37,39,-1,38,39,40,-1,40,39,41,-1,40,41,42,-1,42,41,43,-1,42,43,6,-1,6,43,27,-1,6,27,4,-1,4,27,26,-1,9,27,24,-1,24,27,43,-1,24,43,22,-1,22,43,41,-1,22,41,39,-1,22,39,20,-1,20,39,37,-1,20,37,18,-1,18,37,35,-1,18,35,16,-1,16,35,33,-1,16,33,14,-1,14,33,31,-1,14,31,12,-1,12,31,29,-1,12,29,10,-1,11,28,13,-1,13,28,30,-1,13,30,15,-1,15,30,32,-1,15,32,17,-1,17,32,34,-1,17,34,19,-1,19,34,36,-1,19,36,21,-1,21,36,38,-1,21,38,23,-1,23,38,40,-1,23,40,42,-1,23,42,25,-1,25,42,6,-1,25,6,7,-1,44,45,46,-1,46,45,47,-1,46,47,48,-1,49,50,51,-1,49,51,52,-1,52,51,47,-1,52,47,45,-1,53,54,55,-1,56,53,57,-1,57,53,55,-1,57,55,58,-1,58,55,59,-1,58,59,60,-1,60,59,61,-1,60,61,62,-1,62,61,63,-1,62,63,64,-1,64,63,65,-1,64,65,49,-1,49,65,50,-1,44,66,67,-1,68,56,69,-1,69,56,57,-1,69,57,70,-1,70,57,58,-1,70,58,71,-1,71,58,60,-1,71,60,72,-1,72,60,62,-1,72,62,73,-1,73,62,64,-1,73,64,74,-1,74,64,49,-1,74,49,75,-1,75,49,52,-1,75,52,67,-1,67,52,45,-1,67,45,44,-1,74,76,77,-1,78,79,80,-1,74,77,73,-1,73,77,81,-1,73,81,72,-1,72,81,82,-1,72,82,71,-1,71,82,83,-1,71,83,70,-1,70,83,78,-1,70,78,69,-1,69,78,80,-1,69,80,68,-1,67,84,75,-1,75,84,85,-1,75,85,74,-1,74,85,76,-1,86,84,87,-1,87,84,67,-1,87,67,66,-1,54,79,55,-1,55,79,78,-1,55,78,59,-1,59,78,83,-1,59,83,61,-1,61,83,82,-1,61,82,63,-1,63,82,81,-1,63,81,65,-1,65,81,77,-1,65,77,50,-1,50,77,76,-1,50,76,51,-1,51,76,85,-1,51,85,47,-1,47,85,84,-1,47,84,48,-1,48,84,86,-1,88,89,90,-1,90,89,91,-1,90,91,92,-1,92,93,94,-1,95,96,97,-1,97,96,98,-1,97,98,99,-1,99,98,100,-1,99,100,101,-1,101,100,102,-1,101,102,103,-1,103,102,104,-1,103,104,105,-1,105,104,106,-1,105,106,107,-1,107,106,108,-1,107,108,109,-1,109,108,110,-1,109,110,94,-1,94,110,90,-1,94,90,92,-1,111,112,113,-1,113,112,94,-1,113,94,93,-1,114,115,116,-1,116,115,117,-1,116,117,118,-1,118,117,119,-1,118,119,120,-1,120,119,121,-1,120,121,122,-1,122,121,123,-1,122,123,124,-1,124,123,125,-1,124,125,126,-1,126,125,127,-1,126,127,128,-1,128,127,129,-1,128,129,88,-1,88,129,112,-1,88,112,89,-1,89,112,111,-1,94,112,109,-1,109,112,129,-1,109,129,107,-1,107,129,127,-1,107,127,125,-1,117,115,130,-1,107,125,105,-1,105,125,123,-1,105,123,103,-1,103,123,121,-1,103,121,101,-1,101,121,119,-1,101,119,99,-1,99,119,117,-1,99,117,97,-1,97,117,130,-1,97,130,95,-1,131,114,116,-1,131,116,96,-1,126,108,124,-1,124,108,106,-1,124,106,122,-1,122,106,104,-1,122,104,120,-1,120,104,102,-1,120,102,118,-1,118,102,100,-1,118,100,116,-1,116,100,98,-1,116,98,96,-1,108,126,128,-1,108,128,110,-1,110,128,88,-1,110,88,90,-1,132,133,134,-1,134,133,135,-1,134,135,136,-1,137,138,139,-1,137,139,140,-1,140,139,132,-1,140,132,134,-1,141,142,143,-1,141,143,144,-1,138,137,145,-1,145,137,146,-1,145,146,147,-1,147,146,148,-1,147,148,149,-1,149,148,150,-1,149,150,151,-1,151,150,152,-1,151,152,143,-1,143,152,153,-1,143,153,144,-1,136,154,155,-1,156,144,157,-1,157,144,153,-1,157,153,158,-1,158,153,152,-1,158,152,159,-1,159,152,150,-1,159,150,160,-1,160,150,148,-1,160,148,161,-1,161,148,146,-1,161,146,162,-1,162,146,137,-1,162,137,163,-1,163,137,140,-1,163,140,155,-1,155,140,134,-1,155,134,136,-1,162,164,165,-1,166,167,168,-1,162,165,161,-1,161,165,169,-1,161,169,160,-1,160,169,170,-1,160,170,159,-1,159,170,171,-1,159,171,158,-1,158,171,166,-1,158,166,157,-1,157,166,168,-1,157,168,156,-1,155,172,163,-1,163,172,173,-1,163,173,162,-1,162,173,164,-1,174,172,175,-1,175,172,155,-1,175,155,154,-1,142,167,143,-1,143,167,166,-1,143,166,151,-1,151,166,171,-1,151,171,149,-1,149,171,170,-1,149,170,147,-1,147,170,169,-1,147,169,145,-1,145,169,165,-1,145,165,138,-1,138,165,164,-1,138,164,139,-1,139,164,173,-1,139,173,132,-1,132,173,172,-1,132,172,133,-1,133,172,174,-1,176,177,178,-1,178,177,179,-1,180,179,181,-1,181,179,177,-1,182,183,184,-1,185,181,182,-1,182,181,177,-1,182,177,183,-1,184,186,182,-1,182,186,187,-1,182,187,188,-1,189,185,190,-1,190,185,191,-1,189,192,185,-1,185,192,193,-1,185,193,181,-1,182,194,185,-1,185,194,195,-1,178,196,176,-1,176,196,197,-1,198,199,176,-1,199,200,176,-1,176,200,201,-1,176,201,202,-1,203,204,205,-1,205,206,203,-1,203,206,207,-1,203,207,197,-1,197,207,195,-1,197,195,176,-1,176,195,194,-1,176,194,198,-1,177,176,202,-1,177,202,183,-1,183,202,201,-1,183,201,184,-1,184,201,200,-1,184,200,186,-1,186,200,199,-1,186,199,187,-1,187,199,198,-1,187,198,188,-1,188,198,194,-1,188,194,182,-1,197,181,193,-1,197,193,203,-1,203,193,192,-1,203,192,204,-1,204,192,189,-1,204,189,205,-1,205,189,190,-1,205,190,206,-1,206,190,191,-1,206,191,207,-1,207,191,185,-1,207,185,195,-1,181,197,180,-1,180,197,196,-1,208,209,210,-1,210,209,211,-1,211,209,212,-1,212,209,213,-1,212,213,214,-1,214,213,215,-1,214,215,216,-1,216,215,217,-1,216,217,218,-1,218,217,219,-1,218,219,220,-1,220,219,221,-1,220,221,222,-1,223,224,225,-1,225,224,226,-1,225,226,227,-1,227,226,228,-1,227,228,229,-1,229,228,230,-1,229,230,231,-1,231,230,232,-1,231,232,233,-1,233,232,234,-1,233,234,235,-1,235,234,236,-1,235,236,237,-1,237,236,238,-1,237,238,239,-1,239,238,240,-1,239,240,241,-1,241,240,242,-1,241,242,222,-1,222,242,243,-1,222,243,220,-1,244,245,246,-1,246,245,247,-1,246,247,248,-1,248,247,249,-1,248,249,250,-1,250,249,251,-1,250,251,252,-1,252,251,253,-1,252,253,254,-1,254,253,255,-1,254,255,256,-1,256,255,257,-1,256,257,258,-1,258,257,259,-1,258,259,260,-1,260,259,261,-1,260,261,262,-1,262,261,263,-1,262,263,264,-1,264,263,265,-1,264,265,266,-1,266,265,267,-1,266,267,268,-1,268,267,269,-1,269,270,268,-1,268,270,271,-1,272,273,274,-1,274,273,275,-1,275,273,276,-1,276,273,277,-1,278,245,279,-1,279,245,244,-1,280,281,282,-1,283,284,285,-1,284,286,285,-1,285,286,287,-1,285,287,288,-1,288,287,289,-1,290,291,282,-1,282,291,292,-1,293,294,285,-1,285,294,295,-1,285,295,283,-1,296,297,298,-1,298,297,299,-1,287,300,289,-1,289,300,298,-1,289,298,301,-1,301,298,299,-1,292,302,282,-1,282,302,303,-1,282,303,304,-1,304,305,282,-1,282,305,306,-1,282,306,280,-1,307,308,285,-1,285,308,309,-1,285,309,293,-1,290,282,285,-1,285,282,310,-1,285,310,307,-1,311,312,298,-1,298,312,296,-1,313,314,315,-1,315,314,316,-1,316,314,317,-1,317,314,318,-1,317,318,319,-1,319,318,320,-1,319,320,321,-1,321,320,322,-1,321,322,323,-1,323,322,324,-1,323,324,325,-1,324,326,325,-1,325,326,327,-1,325,327,328,-1,328,327,329,-1,296,312,330,-1,330,312,331,-1,330,331,332,-1,332,331,333,-1,332,333,334,-1,334,333,335,-1,334,335,336,-1,336,335,337,-1,336,337,338,-1,338,337,339,-1,338,339,340,-1,340,339,341,-1,340,341,342,-1,342,341,343,-1,342,343,329,-1,329,343,344,-1,329,344,328,-1,345,315,346,-1,346,315,316,-1,321,347,348,-1,348,347,346,-1,348,346,317,-1,317,346,316,-1,349,350,323,-1,323,350,351,-1,323,351,321,-1,321,351,352,-1,321,352,347,-1,349,323,353,-1,353,323,325,-1,353,325,354,-1,354,344,353,-1,353,344,343,-1,353,343,355,-1,355,343,356,-1,355,356,357,-1,358,359,337,-1,337,359,357,-1,337,357,339,-1,339,357,356,-1,333,360,358,-1,358,360,361,-1,358,361,359,-1,333,331,360,-1,360,331,312,-1,360,312,362,-1,363,345,364,-1,364,345,346,-1,364,346,365,-1,365,346,347,-1,365,347,366,-1,366,347,352,-1,366,352,367,-1,367,352,351,-1,367,351,368,-1,368,351,350,-1,368,350,369,-1,369,350,349,-1,369,349,370,-1,370,349,353,-1,370,353,371,-1,371,353,355,-1,371,355,372,-1,372,355,357,-1,372,357,373,-1,373,357,359,-1,373,359,374,-1,374,359,361,-1,374,361,375,-1,375,361,360,-1,375,360,297,-1,297,360,362,-1,369,370,326,-1,313,363,314,-1,314,363,364,-1,365,320,364,-1,364,320,318,-1,364,318,314,-1,324,322,367,-1,367,322,320,-1,367,320,366,-1,366,320,365,-1,324,367,326,-1,326,367,368,-1,326,368,369,-1,338,340,372,-1,372,340,342,-1,372,342,371,-1,371,342,329,-1,371,329,370,-1,370,329,327,-1,370,327,326,-1,338,372,336,-1,336,372,373,-1,336,373,334,-1,374,330,373,-1,373,330,332,-1,373,332,334,-1,374,375,330,-1,330,375,297,-1,330,297,296,-1,376,377,378,-1,379,380,381,-1,381,382,379,-1,379,382,383,-1,379,383,384,-1,384,383,385,-1,384,385,386,-1,386,385,387,-1,386,387,388,-1,389,390,391,-1,391,390,392,-1,391,392,393,-1,393,392,380,-1,393,380,394,-1,394,380,379,-1,395,396,397,-1,397,396,398,-1,397,398,399,-1,399,398,389,-1,399,389,400,-1,400,389,391,-1,376,378,401,-1,397,402,395,-1,395,402,403,-1,395,403,404,-1,404,403,401,-1,404,401,405,-1,405,401,378,-1,406,407,377,-1,377,407,408,-1,377,408,378,-1,377,409,406,-1,406,409,410,-1,406,410,411,-1,411,410,412,-1,411,412,413,-1,413,412,414,-1,413,414,415,-1,415,414,416,-1,415,416,417,-1,418,419,420,-1,420,419,421,-1,420,421,417,-1,417,421,422,-1,417,422,415,-1,418,423,419,-1,419,423,424,-1,419,424,425,-1,425,424,363,-1,425,363,313,-1,426,387,427,-1,427,387,385,-1,385,383,427,-1,427,383,382,-1,427,382,428,-1,428,382,429,-1,382,381,429,-1,429,381,380,-1,429,380,430,-1,430,380,392,-1,430,392,431,-1,431,392,432,-1,392,390,432,-1,432,390,389,-1,432,389,433,-1,433,389,398,-1,433,398,434,-1,434,398,435,-1,398,396,435,-1,435,396,395,-1,435,395,436,-1,436,395,404,-1,436,404,437,-1,437,404,405,-1,437,405,438,-1,438,405,378,-1,438,378,439,-1,439,378,408,-1,439,408,440,-1,440,408,407,-1,440,407,441,-1,442,443,413,-1,413,443,444,-1,413,444,411,-1,411,444,441,-1,411,441,406,-1,406,441,407,-1,421,445,422,-1,422,445,446,-1,422,446,415,-1,415,446,413,-1,413,446,447,-1,413,447,442,-1,313,315,425,-1,425,315,445,-1,425,445,419,-1,419,445,421,-1,426,427,448,-1,448,449,426,-1,426,449,450,-1,426,450,451,-1,427,452,448,-1,448,452,429,-1,448,429,453,-1,453,429,454,-1,454,429,430,-1,454,430,455,-1,430,456,455,-1,455,456,432,-1,455,432,457,-1,457,432,433,-1,457,433,458,-1,458,433,459,-1,458,459,460,-1,460,459,435,-1,460,435,461,-1,461,435,462,-1,435,463,462,-1,462,463,464,-1,462,464,465,-1,465,464,466,-1,465,466,467,-1,467,466,439,-1,467,439,468,-1,468,439,440,-1,468,440,469,-1,469,440,470,-1,469,470,444,-1,471,472,443,-1,443,472,473,-1,443,473,444,-1,444,473,474,-1,444,474,469,-1,315,345,475,-1,443,476,471,-1,471,476,447,-1,471,447,477,-1,477,447,478,-1,477,478,475,-1,475,478,445,-1,475,445,315,-1,388,451,386,-1,386,451,450,-1,386,450,384,-1,384,450,379,-1,379,450,394,-1,394,450,479,-1,394,479,393,-1,393,479,391,-1,391,479,448,-1,391,448,480,-1,480,454,391,-1,391,454,455,-1,391,455,400,-1,400,455,481,-1,410,409,467,-1,467,409,377,-1,467,377,482,-1,482,377,376,-1,482,376,483,-1,483,376,401,-1,483,401,484,-1,484,401,403,-1,484,403,460,-1,460,403,402,-1,460,402,458,-1,458,402,397,-1,458,397,481,-1,481,397,399,-1,481,399,400,-1,467,485,410,-1,410,485,469,-1,410,469,412,-1,412,469,474,-1,412,474,414,-1,414,474,416,-1,474,486,416,-1,416,486,472,-1,416,472,417,-1,417,472,471,-1,417,471,420,-1,420,471,418,-1,345,363,475,-1,475,363,424,-1,471,487,418,-1,418,487,475,-1,418,475,423,-1,423,475,424,-1,488,489,388,-1,388,489,451,-1,490,426,451,-1,451,489,490,-1,490,489,491,-1,490,491,492,-1,493,494,495,-1,496,497,491,-1,491,497,498,-1,491,498,499,-1,496,491,495,-1,495,491,500,-1,495,500,493,-1,499,501,491,-1,491,501,502,-1,491,502,492,-1,490,503,426,-1,426,503,387,-1,504,505,388,-1,506,388,503,-1,503,388,387,-1,507,488,508,-1,508,488,388,-1,508,388,509,-1,509,388,505,-1,510,511,508,-1,506,512,388,-1,388,512,513,-1,388,513,514,-1,511,515,508,-1,508,515,516,-1,508,516,507,-1,514,517,388,-1,388,517,518,-1,388,518,504,-1,519,520,508,-1,508,520,521,-1,508,521,522,-1,523,524,508,-1,508,524,525,-1,508,525,519,-1,523,526,524,-1,524,526,527,-1,524,527,528,-1,522,529,508,-1,508,529,530,-1,508,530,510,-1,489,488,507,-1,489,507,491,-1,492,502,513,-1,503,490,506,-1,506,490,492,-1,506,492,512,-1,512,492,513,-1,501,517,502,-1,502,517,514,-1,502,514,513,-1,499,504,501,-1,501,504,518,-1,501,518,517,-1,498,509,499,-1,499,509,505,-1,499,505,504,-1,527,526,497,-1,497,526,523,-1,497,523,498,-1,498,523,508,-1,498,508,509,-1,527,497,528,-1,528,497,496,-1,528,496,524,-1,524,496,525,-1,525,496,495,-1,525,495,519,-1,519,495,520,-1,520,495,494,-1,520,494,521,-1,493,529,494,-1,494,529,522,-1,494,522,521,-1,500,510,493,-1,493,510,530,-1,493,530,529,-1,507,516,491,-1,491,516,515,-1,491,515,500,-1,500,515,511,-1,500,511,510,-1,362,531,297,-1,297,531,299,-1,301,299,532,-1,532,299,531,-1,533,534,535,-1,535,534,536,-1,537,538,539,-1,539,538,540,-1,539,540,541,-1,541,540,542,-1,541,542,543,-1,543,542,544,-1,543,544,545,-1,545,544,546,-1,545,546,547,-1,547,546,548,-1,547,548,549,-1,549,548,550,-1,549,550,551,-1,551,550,552,-1,551,552,553,-1,553,552,554,-1,553,554,555,-1,555,554,556,-1,555,556,557,-1,557,556,558,-1,557,558,559,-1,559,558,560,-1,559,560,535,-1,535,560,533,-1,561,538,562,-1,562,538,537,-1,563,561,564,-1,564,561,562,-1,565,566,567,-1,568,569,311,-1,311,569,570,-1,567,571,572,-1,572,573,567,-1,567,573,574,-1,567,574,575,-1,575,576,567,-1,567,576,577,-1,567,577,565,-1,362,312,531,-1,531,312,311,-1,531,311,532,-1,532,311,570,-1,578,579,311,-1,311,579,580,-1,311,580,581,-1,581,582,311,-1,311,582,583,-1,311,583,568,-1,584,585,567,-1,567,585,586,-1,567,586,571,-1,584,567,587,-1,587,567,588,-1,587,588,311,-1,311,588,589,-1,311,589,578,-1,590,591,592,-1,592,591,593,-1,592,593,594,-1,594,593,595,-1,594,595,596,-1,596,595,597,-1,596,597,598,-1,598,597,599,-1,598,599,600,-1,600,599,601,-1,600,601,602,-1,602,601,603,-1,604,605,590,-1,590,605,591,-1,606,607,608,-1,608,607,609,-1,608,609,610,-1,610,609,611,-1,610,611,612,-1,612,611,613,-1,612,613,614,-1,614,613,615,-1,614,615,616,-1,616,615,617,-1,616,617,604,-1,604,617,605,-1,618,619,606,-1,606,619,607,-1,619,618,620,-1,620,618,621,-1,620,621,622,-1,622,621,623,-1,622,623,624,-1,624,623,625,-1,624,625,626,-1,626,625,627,-1,626,627,628,-1,628,627,629,-1,628,629,630,-1,630,629,631,-1,630,631,632,-1,632,631,633,-1,632,633,634,-1,634,633,635,-1,634,635,636,-1,636,635,637,-1,636,637,638,-1,638,637,639,-1,639,637,640,-1,639,640,641,-1,641,640,642,-1,641,642,643,-1,643,642,644,-1,643,644,645,-1,645,644,646,-1,645,646,647,-1,647,646,648,-1,647,648,649,-1,649,648,650,-1,649,650,651,-1,651,650,652,-1,651,652,653,-1,653,652,654,-1,653,654,655,-1,655,654,656,-1,655,656,657,-1,658,659,660,-1,660,659,657,-1,660,657,661,-1,661,657,656,-1,662,636,638,-1,638,639,662,-1,662,639,641,-1,662,641,643,-1,657,659,663,-1,664,665,659,-1,659,665,666,-1,659,666,663,-1,657,663,655,-1,655,663,667,-1,655,667,668,-1,669,651,668,-1,668,651,653,-1,668,653,655,-1,669,670,651,-1,651,670,671,-1,651,671,672,-1,647,649,673,-1,673,649,651,-1,673,651,674,-1,674,651,672,-1,643,645,662,-1,662,645,647,-1,662,647,675,-1,675,647,673,-1,636,662,634,-1,634,662,676,-1,634,676,677,-1,678,679,680,-1,680,679,681,-1,680,681,682,-1,682,681,683,-1,682,683,684,-1,684,683,685,-1,684,685,686,-1,686,685,687,-1,686,687,688,-1,688,687,689,-1,688,689,690,-1,690,689,691,-1,690,691,692,-1,692,691,693,-1,692,693,694,-1,694,693,677,-1,694,677,695,-1,695,677,676,-1,695,676,696,-1,696,676,697,-1,697,676,662,-1,697,662,698,-1,698,662,675,-1,698,675,699,-1,699,675,673,-1,699,673,700,-1,673,674,700,-1,700,674,672,-1,700,672,701,-1,701,672,671,-1,701,671,702,-1,702,671,670,-1,702,670,703,-1,703,670,669,-1,703,669,704,-1,704,669,668,-1,704,668,705,-1,705,668,667,-1,705,667,706,-1,706,667,707,-1,707,667,663,-1,707,663,666,-1,679,678,603,-1,603,678,602,-1,640,695,696,-1,696,697,640,-1,640,697,698,-1,640,698,699,-1,706,707,660,-1,708,709,707,-1,707,709,658,-1,707,658,660,-1,706,660,705,-1,705,660,661,-1,705,661,656,-1,654,703,656,-1,656,703,704,-1,656,704,705,-1,654,652,703,-1,703,652,650,-1,703,650,648,-1,701,702,644,-1,644,702,703,-1,644,703,646,-1,646,703,648,-1,699,700,640,-1,640,700,701,-1,640,701,642,-1,642,701,644,-1,695,640,694,-1,694,640,637,-1,694,637,635,-1,709,708,710,-1,710,708,711,-1,710,711,712,-1,712,711,713,-1,712,713,714,-1,714,713,715,-1,714,715,716,-1,716,715,717,-1,716,718,714,-1,714,718,719,-1,714,719,712,-1,712,719,720,-1,712,720,710,-1,710,720,721,-1,710,721,709,-1,709,721,664,-1,665,664,722,-1,722,664,721,-1,722,721,723,-1,721,720,723,-1,723,720,719,-1,723,719,724,-1,724,719,718,-1,724,718,725,-1,725,717,724,-1,724,717,715,-1,724,715,723,-1,723,715,713,-1,723,713,722,-1,722,713,711,-1,722,711,665,-1,665,711,708,-1,726,727,728,-1,726,728,729,-1,729,728,730,-1,729,730,731,-1,731,730,717,-1,731,717,725,-1,727,726,732,-1,732,726,733,-1,732,733,734,-1,734,733,735,-1,734,735,736,-1,736,735,737,-1,736,737,738,-1,739,740,741,-1,741,740,738,-1,741,738,742,-1,742,738,737,-1,743,744,745,-1,745,744,746,-1,745,746,747,-1,747,746,748,-1,747,748,749,-1,749,748,750,-1,749,750,751,-1,751,750,752,-1,751,752,739,-1,739,752,753,-1,739,753,740,-1,754,755,734,-1,716,717,730,-1,716,730,756,-1,756,730,728,-1,756,728,757,-1,757,728,758,-1,758,728,727,-1,758,727,759,-1,759,727,755,-1,755,727,732,-1,755,732,734,-1,734,736,754,-1,754,736,738,-1,754,738,760,-1,760,738,740,-1,760,740,761,-1,761,740,762,-1,762,740,753,-1,762,753,752,-1,744,763,746,-1,746,763,764,-1,746,764,748,-1,748,764,765,-1,748,765,750,-1,750,765,766,-1,750,766,752,-1,752,766,767,-1,752,767,762,-1,768,769,756,-1,756,769,718,-1,756,718,716,-1,756,757,768,-1,768,757,758,-1,768,758,770,-1,770,758,759,-1,770,759,771,-1,771,759,772,-1,772,759,755,-1,772,755,773,-1,755,754,773,-1,773,754,760,-1,773,760,774,-1,774,760,761,-1,774,761,775,-1,775,761,762,-1,775,762,776,-1,776,762,767,-1,776,767,777,-1,777,767,766,-1,777,766,778,-1,763,779,780,-1,778,766,781,-1,781,766,765,-1,781,765,780,-1,780,765,764,-1,780,764,763,-1,725,718,731,-1,731,718,769,-1,731,769,729,-1,729,769,768,-1,729,768,726,-1,726,768,733,-1,775,776,751,-1,751,776,777,-1,751,777,749,-1,749,777,778,-1,749,778,747,-1,768,770,733,-1,733,770,771,-1,733,771,735,-1,735,771,772,-1,735,772,737,-1,737,772,773,-1,737,773,742,-1,742,773,774,-1,742,774,741,-1,741,774,775,-1,741,775,739,-1,739,775,751,-1,780,779,743,-1,778,781,747,-1,747,781,780,-1,747,780,745,-1,745,780,743,-1,782,783,784,-1,785,786,779,-1,779,786,787,-1,779,787,743,-1,788,789,790,-1,790,789,791,-1,785,792,786,-1,786,792,790,-1,786,790,793,-1,793,790,791,-1,794,795,796,-1,788,797,789,-1,789,797,796,-1,789,796,798,-1,798,796,795,-1,796,799,794,-1,794,799,800,-1,794,800,801,-1,801,800,802,-1,801,802,803,-1,803,802,804,-1,784,783,805,-1,802,806,804,-1,804,806,807,-1,804,807,808,-1,808,807,809,-1,809,807,810,-1,809,810,811,-1,811,810,783,-1,783,810,812,-1,783,812,805,-1,782,784,813,-1,813,784,814,-1,813,814,815,-1,815,814,816,-1,815,816,817,-1,817,816,818,-1,817,818,819,-1,819,818,820,-1,819,820,821,-1,821,820,822,-1,821,822,823,-1,824,825,826,-1,826,825,823,-1,826,823,827,-1,827,823,822,-1,744,743,787,-1,744,787,828,-1,828,787,786,-1,828,786,829,-1,829,786,793,-1,829,793,830,-1,830,793,791,-1,830,791,831,-1,831,791,789,-1,831,789,832,-1,832,789,798,-1,832,798,833,-1,833,798,795,-1,833,795,834,-1,834,795,794,-1,834,794,835,-1,835,794,801,-1,835,801,836,-1,836,801,803,-1,836,803,837,-1,837,803,804,-1,837,804,838,-1,838,804,808,-1,838,808,839,-1,839,808,809,-1,839,809,840,-1,840,809,811,-1,840,811,841,-1,841,811,783,-1,841,783,842,-1,823,825,843,-1,783,782,842,-1,842,782,813,-1,842,813,844,-1,844,813,815,-1,844,815,845,-1,845,815,817,-1,845,817,846,-1,846,817,819,-1,846,819,847,-1,847,819,821,-1,847,821,848,-1,848,821,823,-1,848,823,849,-1,849,823,843,-1,850,851,839,-1,852,853,836,-1,763,744,854,-1,854,744,828,-1,854,828,855,-1,855,828,829,-1,855,829,830,-1,856,857,831,-1,831,857,858,-1,831,858,830,-1,830,858,859,-1,830,859,855,-1,831,832,856,-1,856,832,833,-1,856,833,860,-1,860,833,834,-1,860,834,853,-1,853,834,835,-1,853,835,836,-1,852,836,861,-1,861,836,837,-1,861,837,851,-1,851,837,838,-1,851,838,839,-1,850,839,862,-1,862,839,840,-1,862,840,863,-1,863,840,841,-1,863,841,864,-1,864,841,842,-1,864,842,865,-1,865,842,844,-1,865,844,866,-1,866,844,845,-1,866,845,867,-1,867,845,846,-1,867,846,868,-1,868,846,869,-1,869,846,847,-1,869,847,870,-1,843,871,849,-1,849,871,870,-1,849,870,848,-1,848,870,847,-1,785,779,763,-1,763,854,785,-1,785,854,855,-1,785,855,792,-1,792,855,859,-1,792,859,790,-1,790,859,858,-1,790,858,788,-1,788,858,857,-1,788,857,797,-1,797,857,856,-1,797,856,796,-1,796,856,860,-1,796,860,799,-1,799,860,800,-1,800,860,853,-1,800,853,802,-1,802,853,852,-1,802,852,806,-1,806,852,861,-1,806,861,807,-1,807,861,851,-1,807,851,810,-1,810,851,850,-1,810,850,812,-1,812,850,862,-1,812,862,805,-1,805,862,863,-1,805,863,784,-1,784,863,864,-1,784,864,814,-1,814,864,865,-1,814,865,816,-1,816,865,866,-1,816,866,818,-1,818,866,867,-1,818,867,820,-1,820,867,868,-1,820,868,822,-1,822,868,869,-1,822,869,827,-1,827,869,870,-1,827,870,826,-1,826,870,871,-1,826,871,824,-1,872,873,871,-1,871,873,824,-1,874,875,876,-1,877,878,879,-1,879,878,825,-1,879,825,880,-1,874,876,881,-1,825,824,880,-1,880,824,873,-1,880,873,876,-1,876,873,882,-1,876,882,881,-1,877,883,884,-1,884,885,877,-1,877,885,886,-1,877,886,878,-1,880,887,879,-1,879,887,888,-1,889,888,890,-1,890,888,872,-1,890,872,843,-1,843,872,871,-1,888,887,872,-1,872,887,891,-1,872,891,892,-1,892,893,872,-1,872,893,894,-1,872,894,895,-1,890,896,889,-1,889,896,897,-1,889,897,898,-1,898,897,899,-1,873,872,895,-1,873,895,882,-1,882,895,894,-1,882,894,881,-1,881,894,893,-1,881,893,874,-1,874,893,892,-1,874,892,875,-1,875,892,891,-1,875,891,876,-1,876,891,887,-1,876,887,880,-1,890,878,886,-1,890,886,896,-1,896,886,885,-1,896,885,897,-1,897,885,884,-1,897,884,899,-1,899,884,883,-1,899,883,898,-1,898,883,877,-1,898,877,889,-1,889,877,879,-1,889,879,888,-1,878,890,825,-1,825,890,843,-1,707,666,708,-1,708,666,665,-1,659,658,664,-1,664,658,709,-1,
        ]
    }
}
Shape{
    appearance Appearance {
        material  Material 	{
            diffuseColor 1.0 1.0 1.0
            specularColor 0.8784313725490196 0.8784313725490196 0.8784313725490196
            ambientIntensity 1.0
            transparency 0.0
            shininess 0.5
        }
    }
    geometry IndexedFaceSet {
        ccw TRUE
        solid FALSE
        coord DEF co Coordinate {
            point [
                -1.8701 -4.2041 1.5709, -1.8701 -4.9643 1.5709, -1.8701 -4.2041 1.5906, -1.8701 -4.9643 1.5906, -1.2795 -4.2041 1.5906, -1.2795 -4.2041 1.5709, -1.7224 -4.2041 1.5906, -1.2795 -4.9643 1.5709, -1.2795 -4.9643 1.5906, -1.7224 -4.9643 1.5906, -1.0827 -4.9643 1.5906, -1.0827 -4.9643 1.5709, -0.8366 -4.9643 1.5906, -0.4921 -4.9643 1.5709, -0.4921 -4.9643 1.5906, -1.0827 -4.2041 1.5709, -1.0827 -4.2041 1.5906, -0.4921 -4.2041 1.5906, -0.4921 -4.2041 1.5709, -0.8366 -4.2041 1.5906, -0.2953 -4.9643 1.5906, -0.2953 -4.9643 1.5709, 0.0 -4.9643 1.5906, 0.2953 -4.9643 1.5709, 0.2953 -4.9643 1.5906, -0.2953 -4.2041 1.5709, -0.2953 -4.2041 1.5906, 0.2953 -4.2041 1.5906, 0.2953 -4.2041 1.5709, 0.0 -4.2041 1.5906, 0.4921 -4.9643 1.5709, 1.0827 -4.9643 1.5709, 0.4921 -4.9643 1.5906, 1.0827 -4.9643 1.5906, 0.4921 -4.2041 1.5709, 0.4921 -4.2041 1.5906, 1.0827 -4.2041 1.5709, 1.0827 -4.2041 1.5906, 1.2795 -4.9643 1.5906, 1.2795 -4.9643 1.5709, 1.7224 -4.9643 1.5906, 1.8701 -4.9643 1.5709, 1.8701 -4.9643 1.5906, 1.2795 -4.2041 1.5709, 1.2795 -4.2041 1.5906, 1.8701 -4.2041 1.5906, 1.8701 -4.2041 1.5709, 1.7224 -4.2041 1.5906
            ]
        }
        coordIndex [
            0,1,2,-1,2,1,3,-1,4,5,6,-1,6,5,0,-1,6,0,2,-1,7,5,8,-1,8,5,4,-1,3,1,9,-1,9,1,7,-1,9,7,8,-1,5,7,0,-1,0,7,1,-1,10,11,12,-1,12,11,13,-1,12,13,14,-1,15,11,16,-1,16,11,10,-1,17,18,19,-1,19,18,15,-1,19,15,16,-1,13,18,14,-1,14,18,17,-1,15,18,11,-1,11,18,13,-1,20,21,22,-1,22,21,23,-1,22,23,24,-1,25,21,26,-1,26,21,20,-1,27,28,29,-1,29,28,25,-1,29,25,26,-1,23,28,24,-1,24,28,27,-1,25,28,21,-1,21,28,23,-1,30,31,32,-1,32,31,33,-1,34,30,35,-1,35,30,32,-1,36,34,37,-1,37,34,35,-1,31,36,33,-1,33,36,37,-1,34,36,30,-1,30,36,31,-1,38,39,40,-1,40,39,41,-1,40,41,42,-1,43,39,44,-1,44,39,38,-1,45,46,47,-1,47,46,43,-1,47,43,44,-1,41,46,42,-1,42,46,45,-1,43,46,39,-1,39,46,41,-1,
        ]
    }
}
Shape{
    appearance Appearance {
        material  Material 	{
            diffuseColor 0.2235294117647059 0.2235294117647059 0.2235294117647059
            specularColor 0.11372549019607843 0.11372549019607843 0.11372549019607843
            ambientIntensity 0.2235
            transparency 0.0
            shininess 0.5
        }
    }
    geometry IndexedFaceSet {
        ccw TRUE
        solid FALSE
        coord DEF co Coordinate {
            point [
                2.4606 -1.0902 0.1024, 2.4606 -1.0981 0.1614, 2.4606 -1.9606 0.1614, 2.4606 -0.1103 0.1614, 2.4606 -0.3192 0.1614, 2.4606 -0.1103 -0.0394, 2.4606 -0.3272 0.1024, 2.4606 -0.9469 -0.0394, 2.4606 -1.9606 -0.0394, -2.4606 -1.9606 0.1614, -2.4606 -1.0981 0.1614, -2.4606 -1.9606 -0.0394, -2.4606 -1.0902 0.1024, -2.4606 -0.3192 0.1614, -2.4606 -0.1103 0.1614, -2.4606 -0.3272 0.1024, -2.4606 -0.1103 -0.0394, -2.4606 -0.9469 -0.0394
            ]
        }
        coordIndex [
            0,1,2,-1,3,4,5,-1,5,4,6,-1,5,6,7,-1,7,6,0,-1,7,0,8,-1,8,0,2,-1,9,10,11,-1,11,10,12,-1,13,14,15,-1,15,14,16,-1,15,16,12,-1,12,16,17,-1,12,17,11,-1,
        ]
    }
}
Shape{
    appearance Appearance {
        material  Material 	{
            diffuseColor 0.0 0.0 0.0
            specularColor 0.0 0.0 0.0
            ambientIntensity 0.0
            transparency 0.0
            shininess 0.5
        }
    }
    geometry IndexedFaceSet {
        ccw TRUE
        solid FALSE
        coord DEF co Coordinate {
            point [
                -0.326 1.189 1.3358, -0.3258 1.189 1.3175, -0.326 1.189 1.3358, -0.3258 1.189 1.3175, -0.2622 1.189 1.3362, -0.2622 1.189 1.3362, -0.2632 1.189 1.4781, -0.2632 1.189 1.4781, -0.2632 1.189 1.4774, -0.2425 1.189 1.4783, -0.2425 1.189 1.4783, -0.2414 1.189 1.3181, -0.2414 1.189 1.3181, -0.2425 1.189 1.4774, -0.4079 1.189 1.3143, -0.4079 1.189 1.3143, -0.413 1.189 1.3147, -0.4324 1.189 1.3164, -0.4324 1.189 1.3164, -0.4496 1.189 1.3219, -0.4496 1.189 1.3219, -0.4523 1.189 1.3233, -0.4523 1.189 1.3233, -0.4525 1.189 1.3431, -0.4525 1.189 1.3431, -0.4366 1.189 1.3361, -0.4366 1.189 1.3361, -0.4185 1.189 1.3329, -0.4185 1.189 1.3329, -0.4111 1.189 1.3327, -0.4111 1.189 1.3327, -0.3968 1.189 1.3342, -0.3968 1.189 1.3342, -0.3851 1.189 1.3384, -0.3851 1.189 1.3384, -0.3744 1.189 1.3456, -0.3744 1.189 1.3456, -0.37 1.189 1.3498, -0.37 1.189 1.3498, -0.3627 1.189 1.36, -0.3627 1.189 1.36, -0.3574 1.189 1.3728, -0.3574 1.189 1.3728, -0.3548 1.189 1.3886, -0.3548 1.189 1.3886, -0.3546 1.189 1.3956, -0.3546 1.189 1.3956, -0.3574 1.189 1.4175, -0.3574 1.189 1.4175, -0.3629 1.189 1.4313, -0.3629 1.189 1.4313, -0.3707 1.189 1.4424, -0.3707 1.189 1.4424, -0.3718 1.189 1.4436, -0.3718 1.189 1.4436, -0.3819 1.189 1.452, -0.3819 1.189 1.452, -0.3944 1.189 1.458, -0.3944 1.189 1.458, -0.4082 1.189 1.4608, -0.4082 1.189 1.4608, -0.4156 1.189 1.4611, -0.4156 1.189 1.4611, -0.4353 1.189 1.4586, -0.4353 1.189 1.4586, -0.4515 1.189 1.4523, -0.4515 1.189 1.4523, -0.4532 1.189 1.4513, -0.4532 1.189 1.4513, -0.4534 1.189 1.4729, -0.4534 1.189 1.4729, -0.4155 1.189 1.4797, -0.4155 1.189 1.4797, -0.4365 1.189 1.478, -0.4383 1.189 1.4774, -0.4365 1.189 1.478, -0.3924 1.189 1.4771, -0.395 1.189 1.4774, -0.3924 1.189 1.4771, -0.3756 1.189 1.4707, -0.3756 1.189 1.4707, -0.3605 1.189 1.4604, -0.3605 1.189 1.4604, -0.3565 1.189 1.4566, -0.3565 1.189 1.4566, -0.3448 1.189 1.4415, -0.3448 1.189 1.4415, -0.339 1.189 1.4282, -0.3371 1.189 1.4238, -0.3371 1.189 1.4238, -0.3333 1.189 1.4029, -0.3333 1.189 1.4029, -0.3329 1.189 1.3945, -0.3329 1.189 1.3945, -0.3359 1.189 1.3685, -0.3359 1.189 1.3685, -0.339 1.189 1.3604, -0.3423 1.189 1.3517, -0.3423 1.189 1.3517, -0.3517 1.189 1.338, -0.3517 1.189 1.338, -0.3531 1.189 1.3365, -0.3531 1.189 1.3365, -0.4015 1.189 1.3147, -0.3954 1.189 1.3151, -0.3954 1.189 1.3151, -0.3786 1.189 1.3193, -0.3786 1.189 1.3193, -0.3639 1.189 1.3271, -0.3639 1.189 1.3271, -0.5706 1.189 1.3341, -0.5705 1.189 1.3158, -0.5706 1.189 1.3341, -0.5705 1.189 1.3158, -0.5051 1.189 1.3345, -0.5051 1.189 1.3345, -0.547 1.189 1.3342, -0.5055 1.189 1.3884, -0.5055 1.189 1.3884, -0.5628 1.189 1.388, -0.5628 1.189 1.388, -0.547 1.189 1.3881, -0.5629 1.189 1.4063, -0.5629 1.189 1.4063, -0.5057 1.189 1.4067, -0.5057 1.189 1.4067, -0.547 1.189 1.4064, -0.506 1.189 1.458, -0.506 1.189 1.458, -0.5678 1.189 1.4575, -0.5678 1.189 1.4575, -0.547 1.189 1.4577, -0.568 1.189 1.476, -0.568 1.189 1.476, -0.4855 1.189 1.4766, -0.4855 1.189 1.4766, -0.547 1.189 1.4761, -0.4843 1.189 1.3164, -0.4843 1.189 1.3164, -0.547 1.189 1.316, -0.7071 1.189 1.3373, -0.6906 1.189 1.3481, -0.6902 1.189 1.3254, -0.6802 1.189 1.341, -0.6719 1.189 1.3184, -0.6669 1.189 1.336, -0.6448 1.189 1.3153, -0.6448 1.189 1.3335, -0.6007 1.189 1.3156, -0.6215 1.189 1.3337, -0.6019 1.189 1.4757, -0.6224 1.189 1.4572, -0.6475 1.189 1.4754, -0.6466 1.189 1.457, -0.6478 1.189 1.457, -0.672 1.189 1.4725, -0.6684 1.189 1.4542, -0.6912 1.189 1.4653, -0.6821 1.189 1.4489, -0.7079 1.189 1.4538, -0.6927 1.189 1.4416, -0.7136 1.189 1.4482, -0.6972 1.189 1.4371, -0.7234 1.189 1.4341, -0.7033 1.189 1.4281, -0.7292 1.189 1.4188, -0.7077 1.189 1.4163, -0.7317 1.189 1.3968, -0.7099 1.189 1.3964, -0.7311 1.189 1.3866, -0.7093 1.189 1.3857, -0.7271 1.189 1.3678, -0.706 1.189 1.3712, -0.7191 1.189 1.3513, -0.7003 1.189 1.3594, -0.6925 1.189 1.3499, -0.6448 1.189 1.3153, -0.6007 1.189 1.3156, -0.7071 1.189 1.3373, -0.6719 1.189 1.3184, -0.6727 1.189 1.3187, -0.6902 1.189 1.3254, -0.7191 1.189 1.3513, -0.7271 1.189 1.3678, -0.7311 1.189 1.3866, -0.7317 1.189 1.3968, -0.7292 1.189 1.4188, -0.7234 1.189 1.4341, -0.7136 1.189 1.4482, -0.7079 1.189 1.4538, -0.6475 1.189 1.4754, -0.6912 1.189 1.4653, -0.6727 1.189 1.4723, -0.672 1.189 1.4725, -0.6019 1.189 1.4757, -0.6466 1.189 1.457, -0.6224 1.189 1.4572, -0.6215 1.189 1.3337, -0.6448 1.189 1.3335, -0.6925 1.189 1.3499, -0.6906 1.189 1.3481, -0.6802 1.189 1.341, -0.6669 1.189 1.336, -0.7099 1.189 1.3964, -0.7093 1.189 1.3857, -0.706 1.189 1.3712, -0.7003 1.189 1.3594, -0.6927 1.189 1.4416, -0.6972 1.189 1.4371, -0.7033 1.189 1.4281, -0.7077 1.189 1.4163, -0.6478 1.189 1.457, -0.6684 1.189 1.4542, -0.6821 1.189 1.4489
            ]
        }
        coordIndex [
            0,1,2,-1,2,1,3,-1,4,0,5,-1,5,0,2,-1,6,7,8,-1,8,7,4,-1,8,4,5,-1,9,7,10,-1,10,7,6,-1,11,12,13,-1,13,12,9,-1,13,9,10,-1,1,12,3,-1,3,12,11,-1,7,9,4,-1,4,9,12,-1,4,12,0,-1,0,12,1,-1,14,15,16,-1,14,16,17,-1,16,18,17,-1,17,18,19,-1,17,19,20,-1,20,19,21,-1,20,21,22,-1,23,22,24,-1,24,22,21,-1,23,24,25,-1,23,25,26,-1,26,25,27,-1,26,27,28,-1,28,27,29,-1,28,29,30,-1,30,29,31,-1,30,31,32,-1,32,31,33,-1,32,33,34,-1,34,33,35,-1,34,35,36,-1,36,35,37,-1,36,37,38,-1,38,37,39,-1,38,39,40,-1,40,39,41,-1,40,41,42,-1,42,41,43,-1,42,43,44,-1,44,43,45,-1,44,45,46,-1,46,45,47,-1,46,47,48,-1,48,47,49,-1,48,49,50,-1,50,49,51,-1,50,51,52,-1,52,51,53,-1,52,53,54,-1,54,53,55,-1,54,55,56,-1,56,55,57,-1,56,57,58,-1,58,57,59,-1,58,59,60,-1,60,59,61,-1,60,61,62,-1,62,61,63,-1,62,63,64,-1,64,63,65,-1,64,65,66,-1,66,65,67,-1,66,67,68,-1,69,68,70,-1,70,68,67,-1,71,72,73,-1,69,70,74,-1,69,74,73,-1,73,74,75,-1,73,75,71,-1,76,72,77,-1,77,72,71,-1,77,78,76,-1,76,78,79,-1,76,79,80,-1,80,79,81,-1,80,81,82,-1,82,81,83,-1,82,83,84,-1,84,83,85,-1,84,85,86,-1,86,85,87,-1,86,87,88,-1,87,89,88,-1,88,89,90,-1,88,90,91,-1,91,90,92,-1,91,92,93,-1,93,92,94,-1,93,94,95,-1,95,94,96,-1,95,96,97,-1,96,98,97,-1,97,98,99,-1,97,99,100,-1,100,99,101,-1,100,101,102,-1,15,14,103,-1,103,14,104,-1,103,104,105,-1,105,104,106,-1,105,106,107,-1,107,106,108,-1,107,108,109,-1,109,108,102,-1,109,102,101,-1,48,50,86,-1,86,50,84,-1,93,46,91,-1,91,46,48,-1,91,48,88,-1,88,48,86,-1,50,52,84,-1,84,52,54,-1,84,54,82,-1,82,54,56,-1,82,56,80,-1,80,56,76,-1,76,56,58,-1,76,58,72,-1,22,23,20,-1,20,23,26,-1,20,26,17,-1,17,26,28,-1,17,28,14,-1,14,28,30,-1,14,30,104,-1,104,30,32,-1,104,32,106,-1,106,32,34,-1,106,34,108,-1,108,34,36,-1,108,36,102,-1,102,36,38,-1,102,38,100,-1,100,38,40,-1,100,40,97,-1,97,40,95,-1,95,40,42,-1,95,42,93,-1,93,42,44,-1,93,44,46,-1,58,60,72,-1,72,60,62,-1,72,62,73,-1,73,62,64,-1,73,64,69,-1,69,64,66,-1,69,66,68,-1,110,111,112,-1,112,111,113,-1,114,115,116,-1,116,115,110,-1,116,110,112,-1,117,115,118,-1,118,115,114,-1,119,120,121,-1,121,120,117,-1,121,117,118,-1,122,120,123,-1,123,120,119,-1,124,125,126,-1,126,125,122,-1,126,122,123,-1,127,125,128,-1,128,125,124,-1,129,130,131,-1,131,130,127,-1,131,127,128,-1,132,130,133,-1,133,130,129,-1,134,135,136,-1,136,135,132,-1,136,132,133,-1,137,135,138,-1,138,135,134,-1,113,111,139,-1,139,111,137,-1,139,137,138,-1,137,111,110,-1,110,115,137,-1,137,115,117,-1,137,117,135,-1,130,132,127,-1,127,132,135,-1,127,135,125,-1,125,135,117,-1,125,117,122,-1,122,117,120,-1,140,141,142,-1,142,141,143,-1,142,143,144,-1,144,143,145,-1,144,145,146,-1,146,145,147,-1,146,147,148,-1,148,147,149,-1,148,149,150,-1,150,149,151,-1,150,151,152,-1,151,153,152,-1,152,153,154,-1,152,154,155,-1,155,154,156,-1,155,156,157,-1,157,156,158,-1,157,158,159,-1,159,158,160,-1,159,160,161,-1,161,160,162,-1,161,162,163,-1,163,162,164,-1,163,164,165,-1,165,164,166,-1,165,166,167,-1,167,166,168,-1,167,168,169,-1,169,168,170,-1,169,170,171,-1,171,170,172,-1,171,172,173,-1,173,172,174,-1,173,174,140,-1,140,174,175,-1,140,175,141,-1,146,148,176,-1,176,148,177,-1,178,140,142,-1,146,176,179,-1,146,179,144,-1,144,179,180,-1,144,180,142,-1,142,180,181,-1,142,181,178,-1,140,178,182,-1,140,182,173,-1,173,182,183,-1,173,183,171,-1,171,183,184,-1,171,184,169,-1,169,184,185,-1,169,185,167,-1,167,185,186,-1,167,186,165,-1,165,186,187,-1,165,187,163,-1,163,187,188,-1,163,188,161,-1,161,188,189,-1,161,189,159,-1,190,152,155,-1,159,189,191,-1,159,191,157,-1,157,191,192,-1,157,192,155,-1,155,192,193,-1,155,193,190,-1,150,152,194,-1,194,152,190,-1,148,150,177,-1,177,150,194,-1,153,151,195,-1,195,151,196,-1,151,149,196,-1,196,149,197,-1,149,147,197,-1,197,147,198,-1,175,199,200,-1,175,200,141,-1,141,200,201,-1,141,201,143,-1,143,201,202,-1,143,202,145,-1,145,202,198,-1,145,198,147,-1,168,203,204,-1,168,204,170,-1,170,204,205,-1,170,205,172,-1,172,205,206,-1,172,206,174,-1,174,206,199,-1,174,199,175,-1,160,207,208,-1,160,208,162,-1,162,208,209,-1,162,209,164,-1,164,209,210,-1,164,210,166,-1,166,210,203,-1,166,203,168,-1,153,195,211,-1,153,211,154,-1,154,211,212,-1,154,212,156,-1,156,212,213,-1,156,213,158,-1,158,213,207,-1,158,207,160,-1,
        ]
    }
}
Shape{
    appearance Appearance {
        material  Material 	{
            diffuseColor 0.6470588235294118 0.6196078431372549 0.5882352941176471
            specularColor 0.45098039215686275 0.43529411764705883 0.4117647058823529
            ambientIntensity 0.6242
            transparency 0.0
            shininess 0.5
        }
    }
    geometry IndexedFaceSet {
        ccw TRUE
        solid FALSE
        coord DEF co Coordinate {
            point [
                -0.6802 1.189 1.341, -0.6906 1.189 1.3481, -0.6478 1.189 1.457, -0.6224 1.189 1.4572, -0.6215 1.189 1.3337, -0.6466 1.189 1.457, -0.6448 1.189 1.3335, -0.6669 1.189 1.336, -0.6925 1.189 1.3499, -0.7003 1.189 1.3594, -0.706 1.189 1.3712, -0.7099 1.189 1.3964, -0.6927 1.189 1.4416, -0.6821 1.189 1.4489, -0.7077 1.189 1.4163, -0.7033 1.189 1.4281, -0.6972 1.189 1.4371, -0.7093 1.189 1.3857, -0.6684 1.189 1.4542
            ]
        }
        coordIndex [
            0,1,2,-1,3,4,5,-1,5,4,6,-1,5,6,2,-1,2,6,7,-1,2,7,0,-1,1,8,2,-1,2,8,9,-1,2,9,10,-1,11,12,13,-1,14,15,11,-1,11,15,16,-1,11,16,12,-1,10,17,2,-1,2,17,11,-1,2,11,18,-1,18,11,13,-1,
        ]
    }
}
Shape{
    appearance Appearance {
        material  Material 	{
            diffuseColor 0.0 0.0 0.0
            specularColor 0.0 0.0 0.0
            ambientIntensity 0.0
            transparency 0.0
            shininess 0.5
        }
    }
    geometry IndexedFaceSet {
        ccw TRUE
        solid FALSE
        coord DEF co Coordinate {
            point [
                -0.7852 1.189 1.3762, -0.8096 1.189 1.4426, -0.8021 1.189 1.4743, -0.74 1.189 1.3146, -0.7628 1.189 1.3144, -0.7785 1.189 1.3581, -0.811 1.189 1.4473, -0.8123 1.189 1.4538, -0.8242 1.189 1.4741, -0.8128 1.189 1.4538, -0.8141 1.189 1.447, -0.8152 1.189 1.4425, -0.8389 1.189 1.3758, -0.8841 1.189 1.3136, -0.8612 1.189 1.3137, -0.8452 1.189 1.3577, -0.8242 1.189 1.4741, -0.8836 1.189 1.3147, -0.8841 1.189 1.3136, -0.8021 1.189 1.4743, -0.74 1.189 1.3147, -0.74 1.189 1.3146, -0.7844 1.189 1.4288, -0.7628 1.189 1.3144, -0.7785 1.189 1.3581, -0.7629 1.189 1.3147, -0.8452 1.189 1.3577, -0.7844 1.189 1.3581, -0.8612 1.189 1.3137, -0.8609 1.189 1.3147, -0.7852 1.189 1.3762, -0.8389 1.189 1.3758, -0.8152 1.189 1.4425, -0.8128 1.189 1.4538, -0.8141 1.189 1.447, -0.8123 1.189 1.4538, -0.8096 1.189 1.4426, -0.811 1.189 1.4473
            ]
        }
        coordIndex [
            0,1,2,-1,3,4,5,-1,1,6,2,-1,2,6,7,-1,2,7,8,-1,8,7,9,-1,8,9,10,-1,10,11,8,-1,8,11,12,-1,8,12,13,-1,14,13,15,-1,15,13,12,-1,15,12,5,-1,5,12,0,-1,5,0,3,-1,3,0,2,-1,16,8,17,-1,17,8,13,-1,17,13,18,-1,2,8,19,-1,19,8,16,-1,20,21,3,-1,20,3,22,-1,22,3,2,-1,22,2,19,-1,4,3,23,-1,23,3,21,-1,24,5,25,-1,25,5,4,-1,25,4,23,-1,26,15,27,-1,27,15,5,-1,27,5,24,-1,28,14,29,-1,29,14,15,-1,29,15,26,-1,13,14,18,-1,18,14,28,-1,0,12,30,-1,30,12,31,-1,12,11,31,-1,31,11,32,-1,9,33,34,-1,9,34,10,-1,10,34,32,-1,10,32,11,-1,9,7,33,-1,33,7,35,-1,1,36,37,-1,1,37,6,-1,6,37,35,-1,6,35,7,-1,1,0,36,-1,36,0,30,-1,
        ]
    }
}
Shape{
    appearance Appearance {
        material  Material 	{
            diffuseColor 0.6470588235294118 0.6196078431372549 0.5882352941176471
            specularColor 0.45098039215686275 0.43529411764705883 0.4117647058823529
            ambientIntensity 0.6242
            transparency 0.0
            shininess 0.5
        }
    }
    geometry IndexedFaceSet {
        ccw TRUE
        solid FALSE
        coord DEF co Coordinate {
            point [
                -0.8128 1.189 1.4538, -0.8123 1.189 1.4538, -0.8141 1.189 1.447, -0.811 1.189 1.4473, -0.8152 1.189 1.4425, -0.8096 1.189 1.4426, -0.8389 1.189 1.3758, -0.7852 1.189 1.3762
            ]
        }
        coordIndex [
            0,1,2,-1,2,1,3,-1,2,3,4,-1,4,3,5,-1,4,5,6,-1,6,5,7,-1,
        ]
    }
}
Shape{
    appearance Appearance {
        material  Material 	{
            diffuseColor 0.0 0.0 0.0
            specularColor 0.0 0.0 0.0
            ambientIntensity 0.0
            transparency 0.0
            shininess 0.5
        }
    }
    geometry IndexedFaceSet {
        ccw TRUE
        solid FALSE
        coord DEF co Coordinate {
            point [
                -0.3258 1.189 1.0817, -0.3257 1.189 1.0635, -0.3258 1.189 1.0817, -0.3257 1.189 1.0635, -0.2604 1.189 1.0822, -0.2604 1.189 1.0822, -0.2608 1.189 1.1361, -0.2608 1.189 1.1361, -0.318 1.189 1.1357, -0.318 1.189 1.1357, -0.3182 1.189 1.154, -0.3182 1.189 1.154, -0.2609 1.189 1.1544, -0.2609 1.189 1.1544, -0.2613 1.189 1.2057, -0.2613 1.189 1.2057, -0.3231 1.189 1.2052, -0.3231 1.189 1.2052, -0.3232 1.189 1.2196, -0.3232 1.189 1.2237, -0.3232 1.189 1.2227, -0.3232 1.189 1.2237, -0.2407 1.189 1.2242, -0.2407 1.189 1.2242, -0.2407 1.189 1.2227, -0.2396 1.189 1.0641, -0.2396 1.189 1.0641, -0.2405 1.189 1.1911, -0.2407 1.189 1.2196, -0.2405 1.189 1.0641, -0.4168 1.189 1.0628, -0.4368 1.189 1.0627, -0.4169 1.189 1.0805, -0.4373 1.189 1.1363, -0.4173 1.189 1.1355, -0.3734 1.189 1.1118, -0.378 1.189 1.114, -0.4163 1.189 1.0805, -0.4058 1.189 1.0836, -0.4131 1.189 1.0756, -0.4001 1.189 1.0798, -0.3904 1.189 1.1168, -0.4172 1.189 1.1202, -0.4171 1.189 1.1093, -0.4171 1.189 1.1079, -0.4157 1.189 1.099, -0.4127 1.189 1.0919, -0.4083 1.189 1.086, -0.4166 1.189 1.1444, -0.4359 1.189 1.1513, -0.4146 1.189 1.1516, -0.4329 1.189 1.1605, -0.4123 1.189 1.1557, -0.4288 1.189 1.1671, -0.4093 1.189 1.159, -0.4236 1.189 1.1722, -0.4057 1.189 1.1613, -0.4169 1.189 1.1761, -0.4011 1.189 1.1629, -0.4085 1.189 1.1788, -0.3943 1.189 1.1637, -0.3963 1.189 1.18, -0.3813 1.189 1.1623, -0.376 1.189 1.1777, -0.3688 1.189 1.1579, -0.3611 1.189 1.172, -0.3567 1.189 1.1501, -0.3568 1.189 1.1696, -0.3695 1.189 1.0838, -0.3548 1.189 1.0696, -0.3712 1.189 1.0821, -0.3615 1.189 1.0648, -0.3752 1.189 1.0793, -0.3692 1.189 1.0619, -0.3797 1.189 1.0776, -0.3812 1.189 1.0604, -0.3865 1.189 1.0768, -0.3916 1.189 1.0615, -0.394 1.189 1.0776, -0.3997 1.189 1.0644, -0.4067 1.189 1.0689, -0.3657 1.189 1.0986, -0.3452 1.189 1.0968, -0.3655 1.189 1.0955, -0.3451 1.189 1.094, -0.366 1.189 1.0909, -0.3461 1.189 1.0848, -0.3673 1.189 1.0872, -0.3485 1.189 1.078, -0.3526 1.189 1.0719, -0.3833 1.189 1.131, -0.3686 1.189 1.1276, -0.3709 1.189 1.1099, -0.3599 1.189 1.1233, -0.3685 1.189 1.107, -0.3536 1.189 1.118, -0.3667 1.189 1.1032, -0.3495 1.189 1.1123, -0.3466 1.189 1.1053, -0.3963 1.189 1.18, -0.376 1.189 1.1777, -0.3611 1.189 1.172, -0.3568 1.189 1.1696, -0.3567 1.189 1.1501, -0.3688 1.189 1.1579, -0.3813 1.189 1.1623, -0.3943 1.189 1.1637, -0.4011 1.189 1.1629, -0.4057 1.189 1.1613, -0.4093 1.189 1.159, -0.4123 1.189 1.1557, -0.4146 1.189 1.1516, -0.4166 1.189 1.1444, -0.4173 1.189 1.1355, -0.3833 1.189 1.131, -0.3686 1.189 1.1276, -0.3599 1.189 1.1233, -0.3536 1.189 1.118, -0.3495 1.189 1.1123, -0.3466 1.189 1.1053, -0.3452 1.189 1.0968, -0.3451 1.189 1.094, -0.3461 1.189 1.0848, -0.3485 1.189 1.078, -0.3526 1.189 1.0719, -0.3548 1.189 1.0696, -0.3615 1.189 1.0648, -0.3692 1.189 1.0619, -0.3812 1.189 1.0604, -0.3916 1.189 1.0615, -0.3997 1.189 1.0644, -0.4067 1.189 1.0689, -0.4131 1.189 1.0756, -0.4163 1.189 1.0805, -0.4169 1.189 1.0805, -0.4168 1.189 1.0628, -0.4368 1.189 1.0627, -0.4373 1.189 1.1363, -0.4359 1.189 1.1513, -0.4329 1.189 1.1605, -0.4288 1.189 1.1671, -0.4236 1.189 1.1722, -0.4169 1.189 1.1761, -0.4085 1.189 1.1788, -0.3709 1.189 1.1099, -0.3734 1.189 1.1118, -0.378 1.189 1.114, -0.3904 1.189 1.1168, -0.3655 1.189 1.0955, -0.3657 1.189 1.0986, -0.3667 1.189 1.1032, -0.3685 1.189 1.107, -0.3712 1.189 1.0821, -0.3695 1.189 1.0838, -0.3673 1.189 1.0872, -0.366 1.189 1.0909, -0.3865 1.189 1.0768, -0.3797 1.189 1.0776, -0.3752 1.189 1.0793, -0.4083 1.189 1.086, -0.4058 1.189 1.0836, -0.4001 1.189 1.0798, -0.394 1.189 1.0776, -0.4171 1.189 1.1093, -0.4171 1.189 1.1079, -0.4157 1.189 1.099, -0.4127 1.189 1.0919, -0.4172 1.189 1.1202
            ]
        }
        coordIndex [
            0,1,2,-1,2,1,3,-1,4,0,5,-1,5,0,2,-1,6,4,7,-1,7,4,5,-1,8,6,9,-1,9,6,7,-1,10,8,11,-1,11,8,9,-1,12,10,13,-1,13,10,11,-1,14,12,15,-1,15,12,13,-1,16,14,17,-1,17,14,15,-1,16,17,18,-1,16,18,19,-1,19,18,20,-1,19,20,21,-1,22,19,23,-1,23,19,21,-1,22,23,24,-1,25,26,27,-1,27,26,22,-1,27,22,28,-1,28,22,24,-1,3,1,29,-1,29,1,26,-1,29,26,25,-1,26,1,0,-1,0,4,26,-1,26,4,6,-1,26,6,22,-1,16,19,14,-1,14,19,22,-1,14,22,12,-1,12,22,6,-1,12,6,10,-1,10,6,8,-1,30,31,32,-1,32,31,33,-1,34,35,36,-1,37,38,39,-1,39,38,40,-1,41,42,33,-1,33,42,43,-1,43,44,33,-1,33,44,45,-1,33,45,32,-1,32,45,46,-1,32,46,37,-1,37,46,47,-1,37,47,38,-1,36,41,34,-1,34,41,33,-1,34,33,48,-1,48,33,49,-1,48,49,50,-1,50,49,51,-1,50,51,52,-1,52,51,53,-1,52,53,54,-1,54,53,55,-1,54,55,56,-1,56,55,57,-1,56,57,58,-1,58,57,59,-1,58,59,60,-1,60,59,61,-1,60,61,62,-1,62,61,63,-1,62,63,64,-1,64,63,65,-1,64,65,66,-1,66,65,67,-1,68,69,70,-1,70,69,71,-1,70,71,72,-1,72,71,73,-1,72,73,74,-1,74,73,75,-1,74,75,76,-1,76,75,77,-1,76,77,78,-1,78,77,79,-1,78,79,40,-1,40,79,80,-1,40,80,39,-1,81,82,83,-1,83,82,84,-1,83,84,85,-1,85,84,86,-1,85,86,87,-1,87,86,88,-1,87,88,68,-1,68,88,89,-1,68,89,69,-1,34,90,35,-1,35,90,91,-1,35,91,92,-1,92,91,93,-1,92,93,94,-1,94,93,95,-1,94,95,96,-1,96,95,97,-1,96,97,81,-1,81,97,98,-1,81,98,82,-1,61,99,100,-1,61,100,63,-1,63,100,101,-1,63,101,65,-1,65,101,102,-1,65,102,67,-1,66,67,103,-1,103,67,102,-1,66,103,104,-1,66,104,64,-1,64,104,105,-1,64,105,62,-1,62,105,106,-1,62,106,60,-1,60,106,107,-1,60,107,58,-1,58,107,108,-1,58,108,56,-1,56,108,109,-1,56,109,54,-1,54,109,110,-1,54,110,52,-1,52,110,111,-1,52,111,50,-1,50,111,112,-1,50,112,48,-1,48,112,113,-1,48,113,34,-1,90,34,114,-1,114,34,113,-1,90,114,115,-1,90,115,91,-1,91,115,116,-1,91,116,93,-1,93,116,117,-1,93,117,95,-1,95,117,118,-1,95,118,97,-1,97,118,119,-1,97,119,98,-1,98,119,120,-1,98,120,82,-1,82,120,121,-1,82,121,84,-1,84,121,122,-1,84,122,86,-1,86,122,123,-1,86,123,88,-1,88,123,124,-1,88,124,89,-1,89,124,125,-1,89,125,69,-1,69,125,126,-1,69,126,71,-1,71,126,127,-1,71,127,73,-1,73,127,128,-1,73,128,75,-1,75,128,129,-1,75,129,77,-1,77,129,130,-1,77,130,79,-1,79,130,131,-1,79,131,80,-1,80,131,132,-1,80,132,39,-1,39,132,133,-1,39,133,37,-1,32,37,134,-1,134,37,133,-1,30,32,135,-1,135,32,134,-1,31,30,136,-1,136,30,135,-1,33,31,137,-1,137,31,136,-1,33,137,138,-1,33,138,49,-1,49,138,139,-1,49,139,51,-1,51,139,140,-1,51,140,53,-1,53,140,141,-1,53,141,55,-1,55,141,142,-1,55,142,57,-1,57,142,143,-1,57,143,59,-1,59,143,99,-1,59,99,61,-1,92,144,145,-1,92,145,35,-1,35,145,146,-1,35,146,36,-1,36,146,147,-1,36,147,41,-1,83,148,149,-1,83,149,81,-1,81,149,150,-1,81,150,96,-1,96,150,151,-1,96,151,94,-1,94,151,144,-1,94,144,92,-1,70,152,153,-1,70,153,68,-1,68,153,154,-1,68,154,87,-1,87,154,155,-1,87,155,85,-1,85,155,148,-1,85,148,83,-1,76,156,157,-1,76,157,74,-1,74,157,158,-1,74,158,72,-1,72,158,152,-1,72,152,70,-1,47,159,160,-1,47,160,38,-1,38,160,161,-1,38,161,40,-1,40,161,162,-1,40,162,78,-1,78,162,156,-1,78,156,76,-1,43,163,164,-1,43,164,44,-1,44,164,165,-1,44,165,45,-1,45,165,166,-1,45,166,46,-1,46,166,159,-1,46,159,47,-1,43,42,163,-1,163,42,167,-1,42,41,167,-1,167,41,147,-1,
        ]
    }
}
Shape{
    appearance Appearance {
        material  Material 	{
            diffuseColor 0.6470588235294118 0.6196078431372549 0.5882352941176471
            specularColor 0.45098039215686275 0.43529411764705883 0.4117647058823529
            ambientIntensity 0.6242
            transparency 0.0
            shininess 0.5
        }
    }
    geometry IndexedFaceSet {
        ccw TRUE
        solid FALSE
        coord DEF co Coordinate {
            point [
                -0.4171 1.189 1.1079, -0.4171 1.189 1.1093, -0.3709 1.189 1.1099, -0.4172 1.189 1.1202, -0.3904 1.189 1.1168, -0.378 1.189 1.114, -0.3734 1.189 1.1118, -0.4157 1.189 1.099, -0.3685 1.189 1.107, -0.4127 1.189 1.0919, -0.3695 1.189 1.0838, -0.3712 1.189 1.0821, -0.4058 1.189 1.0836, -0.3673 1.189 1.0872, -0.4001 1.189 1.0798, -0.394 1.189 1.0776, -0.3865 1.189 1.0768, -0.3667 1.189 1.1032, -0.3657 1.189 1.0986, -0.4083 1.189 1.086, -0.3655 1.189 1.0955, -0.366 1.189 1.0909, -0.3752 1.189 1.0793, -0.3797 1.189 1.0776
            ]
        }
        coordIndex [
            0,1,2,-1,1,3,4,-1,4,5,1,-1,1,5,6,-1,1,6,2,-1,0,2,7,-1,7,2,8,-1,7,8,9,-1,10,11,12,-1,10,12,13,-1,14,12,15,-1,15,12,16,-1,8,17,9,-1,9,17,18,-1,9,18,19,-1,19,18,20,-1,19,20,12,-1,12,20,21,-1,12,21,13,-1,11,22,12,-1,12,22,23,-1,12,23,16,-1,
        ]
    }
}
Shape{
    appearance Appearance {
        material  Material 	{
            diffuseColor 0.0 0.0 0.0
            specularColor 0.0 0.0 0.0
            ambientIntensity 0.0
            transparency 0.0
            shininess 0.5
        }
    }
    geometry IndexedFaceSet {
        ccw TRUE
        solid FALSE
        coord DEF co Coordinate {
            point [
                -0.4642 1.189 1.0872, -0.4642 1.189 1.0872, -0.472 1.189 1.0823, -0.4971 1.189 1.0759, -0.4971 1.189 1.0759, -0.4845 1.189 1.0775, -0.4845 1.189 1.0775, -0.4742 1.189 1.0815, -0.472 1.189 1.0823, -0.464 1.189 1.0665, -0.464 1.189 1.0665, -0.495 1.189 1.0596, -0.495 1.189 1.0596, -0.4764 1.189 1.0619, -0.4742 1.189 1.0627, -0.4764 1.189 1.0619, -0.5104 1.189 1.061, -0.5104 1.189 1.061, -0.5216 1.189 1.0646, -0.5216 1.189 1.0646, -0.5284 1.189 1.0684, -0.5284 1.189 1.0684, -0.5342 1.189 1.0734, -0.5342 1.189 1.0734, -0.5379 1.189 1.0787, -0.5379 1.189 1.0787, -0.5404 1.189 1.085, -0.5404 1.189 1.085, -0.5415 1.189 1.0931, -0.5415 1.189 1.0931, -0.5407 1.189 1.1006, -0.5407 1.189 1.1006, -0.5386 1.189 1.1065, -0.5386 1.189 1.1065, -0.5349 1.189 1.112, -0.5349 1.189 1.112, -0.5301 1.189 1.1163, -0.5301 1.189 1.1163, -0.5169 1.189 1.1238, -0.5169 1.189 1.1238, -0.5091 1.189 1.127, -0.5091 1.189 1.127, -0.4967 1.189 1.1325, -0.4967 1.189 1.1325, -0.4897 1.189 1.137, -0.4897 1.189 1.137, -0.4878 1.189 1.1392, -0.4878 1.189 1.1392, -0.4863 1.189 1.1419, -0.4863 1.189 1.1419, -0.4856 1.189 1.145, -0.4856 1.189 1.145, -0.4854 1.189 1.1477, -0.4854 1.189 1.1477, -0.4858 1.189 1.1509, -0.4858 1.189 1.1509, -0.4868 1.189 1.1536, -0.4868 1.189 1.1536, -0.4885 1.189 1.1561, -0.4885 1.189 1.1561, -0.4916 1.189 1.1588, -0.4916 1.189 1.1588, -0.4961 1.189 1.1611, -0.4961 1.189 1.1611, -0.5015 1.189 1.1625, -0.5015 1.189 1.1625, -0.5074 1.189 1.1629, -0.5074 1.189 1.1629, -0.5205 1.189 1.1613, -0.5205 1.189 1.1613, -0.5318 1.189 1.1571, -0.5318 1.189 1.1571, -0.5364 1.189 1.1544, -0.5364 1.189 1.1544, -0.5365 1.189 1.1739, -0.5365 1.189 1.1739, -0.5233 1.189 1.1779, -0.5233 1.189 1.1779, -0.5095 1.189 1.1792, -0.5095 1.189 1.1792, -0.4952 1.189 1.1778, -0.4952 1.189 1.1778, -0.4841 1.189 1.174, -0.4841 1.189 1.174, -0.4777 1.189 1.1703, -0.4777 1.189 1.1703, -0.4718 1.189 1.165, -0.4742 1.189 1.1672, -0.4718 1.189 1.165, -0.468 1.189 1.1596, -0.468 1.189 1.1596, -0.4656 1.189 1.1532, -0.4656 1.189 1.1532, -0.4647 1.189 1.146, -0.4647 1.189 1.146, -0.4655 1.189 1.1382, -0.4655 1.189 1.1382, -0.4677 1.189 1.1321, -0.4677 1.189 1.1321, -0.4703 1.189 1.1279, -0.4703 1.189 1.1279, -0.4948 1.189 1.1126, -0.4948 1.189 1.1126, -0.4829 1.189 1.1181, -0.4735 1.189 1.1244, -0.4735 1.189 1.1244, -0.4742 1.189 1.124, -0.4829 1.189 1.1181, -0.508 1.189 1.107, -0.508 1.189 1.107, -0.5158 1.189 1.1022, -0.5158 1.189 1.1022, -0.5183 1.189 1.0996, -0.5183 1.189 1.0996, -0.5198 1.189 1.0969, -0.5198 1.189 1.0969, -0.5207 1.189 1.0937, -0.5207 1.189 1.0937, -0.5209 1.189 1.0913, -0.5209 1.189 1.0913, -0.5204 1.189 1.0874, -0.5204 1.189 1.0874, -0.5194 1.189 1.0846, -0.5194 1.189 1.0846, -0.5176 1.189 1.082, -0.5176 1.189 1.082, -0.5153 1.189 1.08, -0.5153 1.189 1.08, -0.5134 1.189 1.0789, -0.5134 1.189 1.0789, -0.5083 1.189 1.077, -0.5083 1.189 1.077, -0.498 1.189 1.0759, -0.498 1.189 1.0759, -0.6415 1.189 1.1756, -0.6623 1.189 1.1755, -0.6415 1.189 1.1756, -0.6623 1.189 1.1755, -0.6096 1.189 1.0897, -0.6096 1.189 1.0897, -0.6081 1.189 1.0844, -0.6081 1.189 1.0844, -0.6071 1.189 1.0805, -0.6071 1.189 1.0805, -0.6066 1.189 1.0805, -0.6066 1.189 1.0805, -0.6042 1.189 1.0899, -0.6042 1.189 1.0899, -0.5749 1.189 1.1761, -0.5749 1.189 1.1761, -0.5857 1.189 1.1445, -0.5525 1.189 1.1763, -0.5525 1.189 1.1763, -0.5965 1.189 1.0618, -0.5965 1.189 1.0618, -0.5857 1.189 1.0901, -0.5876 1.189 1.0411, -0.5876 1.189 1.0411, -0.5857 1.189 1.0376, -0.5836 1.189 1.0338, -0.5836 1.189 1.0338, -0.5798 1.189 1.0297, -0.5798 1.189 1.0297, -0.5763 1.189 1.0273, -0.5763 1.189 1.0273, -0.5719 1.189 1.0256, -0.5719 1.189 1.0256, -0.5669 1.189 1.0251, -0.5669 1.189 1.0251, -0.5597 1.189 1.0261, -0.5597 1.189 1.0261, -0.5556 1.189 1.0275, -0.5556 1.189 1.0275, -0.5554 1.189 1.0096, -0.5554 1.189 1.0096, -0.5639 1.189 1.0081, -0.5639 1.189 1.0081, -0.5684 1.189 1.0079, -0.5684 1.189 1.0079, -0.5765 1.189 1.0088, -0.5765 1.189 1.0088, -0.5844 1.189 1.0117, -0.5844 1.189 1.0117, -0.5857 1.189 1.0126, -0.5915 1.189 1.0166, -0.5915 1.189 1.0166, -0.5928 1.189 1.0178, -0.5928 1.189 1.0178, -0.6002 1.189 1.0266, -0.6002 1.189 1.0266, -0.6094 1.189 1.0442, -0.6094 1.189 1.0442, -0.7693 1.189 1.0786, -0.7692 1.189 1.0603, -0.7693 1.189 1.0786, -0.7692 1.189 1.0603, -0.7039 1.189 1.0791, -0.7039 1.189 1.0791, -0.7358 1.189 1.0788, -0.7043 1.189 1.1329, -0.7043 1.189 1.1329, -0.7615 1.189 1.1325, -0.7615 1.189 1.1325, -0.7358 1.189 1.1327, -0.7617 1.189 1.1509, -0.7617 1.189 1.1509, -0.7044 1.189 1.1513, -0.7044 1.189 1.1513, -0.7358 1.189 1.1511, -0.7048 1.189 1.2025, -0.7048 1.189 1.2025, -0.7666 1.189 1.2021, -0.7666 1.189 1.2021, -0.7358 1.189 1.2023, -0.7667 1.189 1.2205, -0.7667 1.189 1.2205, -0.7667 1.189 1.2196, -0.6842 1.189 1.2211, -0.6842 1.189 1.2211, -0.7358 1.189 1.2207, -0.6831 1.189 1.061, -0.6831 1.189 1.061, -0.6842 1.189 1.2196, -0.7358 1.189 1.0606, -0.9058 1.189 1.0818, -0.8893 1.189 1.0927, -0.889 1.189 1.0699, -0.8789 1.189 1.0856, -0.8706 1.189 1.0629, -0.8656 1.189 1.0805, -0.8435 1.189 1.0598, -0.8435 1.189 1.0781, -0.7995 1.189 1.0601, -0.8203 1.189 1.0782, -0.8006 1.189 1.2203, -0.8211 1.189 1.2017, -0.8463 1.189 1.2199, -0.8453 1.189 1.2015, -0.8465 1.189 1.2015, -0.8707 1.189 1.2171, -0.8672 1.189 1.1988, -0.89 1.189 1.2099, -0.8808 1.189 1.1935, -0.9067 1.189 1.1983, -0.8914 1.189 1.1861, -0.9123 1.189 1.1927, -0.8959 1.189 1.1817, -0.9221 1.189 1.1787, -0.902 1.189 1.1726, -0.9279 1.189 1.1633, -0.9065 1.189 1.1609, -0.9304 1.189 1.1413, -0.9087 1.189 1.1409, -0.9299 1.189 1.1311, -0.908 1.189 1.1302, -0.9258 1.189 1.1124, -0.9047 1.189 1.1157, -0.9178 1.189 1.0959, -0.899 1.189 1.1039, -0.8912 1.189 1.0944, -0.8435 1.189 1.0598, -0.7995 1.189 1.0601, -0.8706 1.189 1.0629, -0.889 1.189 1.0699, -0.9058 1.189 1.0818, -0.9178 1.189 1.0959, -0.9258 1.189 1.1124, -0.9299 1.189 1.1311, -0.9304 1.189 1.1413, -0.9279 1.189 1.1633, -0.9221 1.189 1.1787, -0.9123 1.189 1.1927, -0.9067 1.189 1.1983, -0.8463 1.189 1.2199, -0.8496 1.189 1.2196, -0.8707 1.189 1.2171, -0.89 1.189 1.2099, -0.8006 1.189 1.2203, -0.8006 1.189 1.2196, -0.8453 1.189 1.2015, -0.8211 1.189 1.2017, -0.8203 1.189 1.0782, -0.8435 1.189 1.0781, -0.8912 1.189 1.0944, -0.8893 1.189 1.0927, -0.8789 1.189 1.0856, -0.8656 1.189 1.0805, -0.9087 1.189 1.1409, -0.908 1.189 1.1302, -0.9047 1.189 1.1157, -0.899 1.189 1.1039, -0.8914 1.189 1.1861, -0.8959 1.189 1.1817, -0.902 1.189 1.1726, -0.9065 1.189 1.1609, -0.8465 1.189 1.2015, -0.8672 1.189 1.1988, -0.8808 1.189 1.1935
            ]
        }
        coordIndex [
            0,1,2,-1,3,4,5,-1,3,5,6,-1,6,5,7,-1,6,7,2,-1,2,7,8,-1,2,8,0,-1,9,1,10,-1,10,1,0,-1,11,12,13,-1,9,10,14,-1,9,14,13,-1,13,14,15,-1,13,15,11,-1,12,11,16,-1,12,16,17,-1,17,16,18,-1,17,18,19,-1,19,18,20,-1,19,20,21,-1,21,20,22,-1,21,22,23,-1,23,22,24,-1,23,24,25,-1,25,24,26,-1,25,26,27,-1,27,26,28,-1,27,28,29,-1,29,28,30,-1,29,30,31,-1,31,30,32,-1,31,32,33,-1,33,32,34,-1,33,34,35,-1,35,34,36,-1,35,36,37,-1,37,36,38,-1,37,38,39,-1,39,38,40,-1,39,40,41,-1,41,40,42,-1,41,42,43,-1,43,42,44,-1,43,44,45,-1,45,44,46,-1,45,46,47,-1,47,46,48,-1,47,48,49,-1,49,48,50,-1,49,50,51,-1,51,50,52,-1,51,52,53,-1,53,52,54,-1,53,54,55,-1,55,54,56,-1,55,56,57,-1,57,56,58,-1,57,58,59,-1,59,58,60,-1,59,60,61,-1,61,60,62,-1,61,62,63,-1,63,62,64,-1,63,64,65,-1,65,64,66,-1,65,66,67,-1,67,66,68,-1,67,68,69,-1,69,68,70,-1,69,70,71,-1,71,70,72,-1,71,72,73,-1,74,73,75,-1,75,73,72,-1,74,75,76,-1,74,76,77,-1,77,76,78,-1,77,78,79,-1,79,78,80,-1,79,80,81,-1,81,80,82,-1,81,82,83,-1,83,82,84,-1,83,84,85,-1,86,85,87,-1,87,85,84,-1,87,88,86,-1,86,88,89,-1,86,89,90,-1,90,89,91,-1,90,91,92,-1,92,91,93,-1,92,93,94,-1,94,93,95,-1,94,95,96,-1,96,95,97,-1,96,97,98,-1,98,97,99,-1,98,99,100,-1,101,102,103,-1,100,99,104,-1,100,104,105,-1,105,104,106,-1,105,106,103,-1,103,106,107,-1,103,107,101,-1,102,101,108,-1,102,108,109,-1,109,108,110,-1,109,110,111,-1,111,110,112,-1,111,112,113,-1,113,112,114,-1,113,114,115,-1,115,114,116,-1,115,116,117,-1,117,116,118,-1,117,118,119,-1,119,118,120,-1,119,120,121,-1,121,120,122,-1,121,122,123,-1,123,122,124,-1,123,124,125,-1,125,124,126,-1,125,126,127,-1,127,126,128,-1,127,128,129,-1,129,128,130,-1,129,130,131,-1,131,130,132,-1,131,132,133,-1,133,132,4,-1,133,4,3,-1,59,61,83,-1,83,61,81,-1,43,102,41,-1,41,102,109,-1,41,109,39,-1,12,3,13,-1,13,3,6,-1,13,6,9,-1,9,6,2,-1,9,2,1,-1,61,63,81,-1,81,63,65,-1,81,65,79,-1,79,65,67,-1,79,67,77,-1,77,67,69,-1,77,69,74,-1,74,69,71,-1,74,71,73,-1,39,109,37,-1,37,109,111,-1,37,111,35,-1,35,111,113,-1,35,113,33,-1,33,113,115,-1,33,115,31,-1,31,115,117,-1,31,117,29,-1,29,117,119,-1,29,119,27,-1,27,119,121,-1,27,121,25,-1,25,121,123,-1,25,123,23,-1,23,123,125,-1,23,125,21,-1,21,125,127,-1,21,127,19,-1,19,127,129,-1,19,129,17,-1,17,129,131,-1,17,131,12,-1,12,131,133,-1,12,133,3,-1,83,85,59,-1,59,85,86,-1,59,86,57,-1,57,86,90,-1,57,90,55,-1,55,90,92,-1,55,92,53,-1,53,92,94,-1,53,94,51,-1,51,94,96,-1,51,96,49,-1,49,96,98,-1,49,98,47,-1,47,98,100,-1,47,100,45,-1,45,100,105,-1,45,105,43,-1,43,105,103,-1,43,103,102,-1,134,135,136,-1,136,135,137,-1,138,134,139,-1,139,134,136,-1,138,139,140,-1,138,140,141,-1,141,140,142,-1,141,142,143,-1,144,143,145,-1,145,143,142,-1,146,144,147,-1,147,144,145,-1,148,149,150,-1,150,149,146,-1,150,146,147,-1,151,149,152,-1,152,149,148,-1,153,154,155,-1,155,154,151,-1,155,151,152,-1,156,154,157,-1,157,154,153,-1,156,157,158,-1,156,158,159,-1,158,160,159,-1,159,160,161,-1,159,161,162,-1,162,161,163,-1,162,163,164,-1,164,163,165,-1,164,165,166,-1,166,165,167,-1,166,167,168,-1,168,167,169,-1,168,169,170,-1,170,169,171,-1,170,171,172,-1,173,172,174,-1,174,172,171,-1,173,174,175,-1,173,175,176,-1,176,175,177,-1,176,177,178,-1,178,177,179,-1,178,179,180,-1,180,179,181,-1,180,181,182,-1,182,181,183,-1,182,183,184,-1,183,185,184,-1,184,185,186,-1,184,186,187,-1,187,186,188,-1,187,188,189,-1,189,188,190,-1,189,190,191,-1,135,191,137,-1,137,191,190,-1,141,143,191,-1,135,134,191,-1,191,134,138,-1,191,138,141,-1,149,151,146,-1,146,151,154,-1,146,154,144,-1,172,173,170,-1,170,173,176,-1,170,176,168,-1,168,176,178,-1,168,178,166,-1,166,178,180,-1,166,180,164,-1,164,180,182,-1,164,182,162,-1,143,144,191,-1,191,144,154,-1,191,154,189,-1,154,156,189,-1,189,156,159,-1,189,159,187,-1,187,159,162,-1,187,162,184,-1,184,162,182,-1,192,193,194,-1,194,193,195,-1,196,197,198,-1,198,197,192,-1,198,192,194,-1,199,197,200,-1,200,197,196,-1,201,202,203,-1,203,202,199,-1,203,199,200,-1,204,202,205,-1,205,202,201,-1,206,207,208,-1,208,207,204,-1,208,204,205,-1,209,207,210,-1,210,207,206,-1,211,212,213,-1,213,212,209,-1,213,209,210,-1,214,215,216,-1,216,215,212,-1,216,212,211,-1,217,218,219,-1,219,218,215,-1,219,215,214,-1,220,221,222,-1,222,221,218,-1,222,218,217,-1,195,193,223,-1,223,193,221,-1,223,221,220,-1,221,193,192,-1,192,197,221,-1,221,197,199,-1,221,199,218,-1,212,215,209,-1,209,215,218,-1,209,218,207,-1,207,218,199,-1,207,199,204,-1,204,199,202,-1,224,225,226,-1,226,225,227,-1,226,227,228,-1,228,227,229,-1,228,229,230,-1,230,229,231,-1,230,231,232,-1,232,231,233,-1,232,233,234,-1,234,233,235,-1,234,235,236,-1,235,237,236,-1,236,237,238,-1,236,238,239,-1,239,238,240,-1,239,240,241,-1,241,240,242,-1,241,242,243,-1,243,242,244,-1,243,244,245,-1,245,244,246,-1,245,246,247,-1,247,246,248,-1,247,248,249,-1,249,248,250,-1,249,250,251,-1,251,250,252,-1,251,252,253,-1,253,252,254,-1,253,254,255,-1,255,254,256,-1,255,256,257,-1,257,256,258,-1,257,258,224,-1,224,258,259,-1,224,259,225,-1,230,232,260,-1,260,232,261,-1,230,260,262,-1,230,262,228,-1,228,262,263,-1,228,263,226,-1,226,263,264,-1,226,264,224,-1,224,264,265,-1,224,265,257,-1,257,265,266,-1,257,266,255,-1,255,266,267,-1,255,267,253,-1,253,267,268,-1,253,268,251,-1,251,268,269,-1,251,269,249,-1,249,269,270,-1,249,270,247,-1,247,270,271,-1,247,271,245,-1,245,271,272,-1,245,272,243,-1,273,236,274,-1,274,236,239,-1,274,239,275,-1,275,239,241,-1,275,241,276,-1,276,241,243,-1,276,243,272,-1,234,236,277,-1,277,236,273,-1,261,232,278,-1,278,232,234,-1,278,234,277,-1,237,235,279,-1,279,235,280,-1,235,233,280,-1,280,233,281,-1,233,231,281,-1,281,231,282,-1,259,283,284,-1,259,284,225,-1,225,284,285,-1,225,285,227,-1,227,285,286,-1,227,286,229,-1,229,286,282,-1,229,282,231,-1,252,287,288,-1,252,288,254,-1,254,288,289,-1,254,289,256,-1,256,289,290,-1,256,290,258,-1,258,290,283,-1,258,283,259,-1,244,291,292,-1,244,292,246,-1,246,292,293,-1,246,293,248,-1,248,293,294,-1,248,294,250,-1,250,294,287,-1,250,287,252,-1,237,279,295,-1,237,295,238,-1,238,295,296,-1,238,296,240,-1,240,296,297,-1,240,297,242,-1,242,297,291,-1,242,291,244,-1,
        ]
    }
}
Shape{
    appearance Appearance {
        material  Material 	{
            diffuseColor 0.6470588235294118 0.6196078431372549 0.5882352941176471
            specularColor 0.45098039215686275 0.43529411764705883 0.4117647058823529
            ambientIntensity 0.6242
            transparency 0.0
            shininess 0.5
        }
    }
    geometry IndexedFaceSet {
        ccw TRUE
        solid FALSE
        coord DEF co Coordinate {
            point [
                -0.8789 1.189 1.0856, -0.8893 1.189 1.0927, -0.8465 1.189 1.2015, -0.8211 1.189 1.2017, -0.8203 1.189 1.0782, -0.8453 1.189 1.2015, -0.8435 1.189 1.0781, -0.8656 1.189 1.0805, -0.8912 1.189 1.0944, -0.899 1.189 1.1039, -0.9047 1.189 1.1157, -0.9087 1.189 1.1409, -0.8914 1.189 1.1861, -0.8808 1.189 1.1935, -0.9065 1.189 1.1609, -0.902 1.189 1.1726, -0.8959 1.189 1.1817, -0.908 1.189 1.1302, -0.8672 1.189 1.1988
            ]
        }
        coordIndex [
            0,1,2,-1,3,4,5,-1,5,4,6,-1,5,6,2,-1,2,6,7,-1,2,7,0,-1,1,8,2,-1,2,8,9,-1,2,9,10,-1,11,12,13,-1,14,15,11,-1,11,15,16,-1,11,16,12,-1,10,17,2,-1,2,17,11,-1,2,11,18,-1,18,11,13,-1,
        ]
    }
}
Shape{
    appearance Appearance {
        material  Material 	{
            diffuseColor 0.0 0.0 0.0
            specularColor 0.0 0.0 0.0
            ambientIntensity 0.0
            transparency 0.0
            shininess 0.5
        }
    }
    geometry IndexedFaceSet {
        ccw TRUE
        solid FALSE
        coord DEF co Coordinate {
            point [
                -0.9839 1.189 1.1207, -1.0083 1.189 1.1871, -1.0008 1.189 1.2188, -0.9387 1.189 1.0591, -0.9616 1.189 1.059, -0.9773 1.189 1.1027, -1.0098 1.189 1.1919, -1.011 1.189 1.1983, -1.0229 1.189 1.2187, -1.0115 1.189 1.1983, -1.0128 1.189 1.1915, -1.014 1.189 1.1871, -1.0377 1.189 1.1203, -1.0828 1.189 1.0581, -1.06 1.189 1.0583, -1.0439 1.189 1.1022, -1.0229 1.189 1.2187, -1.0828 1.189 1.0581, -1.0008 1.189 1.2188, -0.9387 1.189 1.0591, -0.9616 1.189 1.059, -0.9773 1.189 1.1027, -1.0439 1.189 1.1022, -1.06 1.189 1.0583, -0.9839 1.189 1.1207, -1.0377 1.189 1.1203, -1.014 1.189 1.1871, -1.0115 1.189 1.1983, -1.0128 1.189 1.1915, -1.011 1.189 1.1983, -1.0083 1.189 1.1871, -1.0098 1.189 1.1919
            ]
        }
        coordIndex [
            0,1,2,-1,3,4,5,-1,1,6,2,-1,2,6,7,-1,2,7,8,-1,8,7,9,-1,8,9,10,-1,10,11,8,-1,8,11,12,-1,8,12,13,-1,14,13,15,-1,15,13,12,-1,15,12,5,-1,5,12,0,-1,5,0,3,-1,3,0,2,-1,8,13,16,-1,16,13,17,-1,2,8,18,-1,18,8,16,-1,3,2,19,-1,19,2,18,-1,4,3,20,-1,20,3,19,-1,5,4,21,-1,21,4,20,-1,15,5,22,-1,22,5,21,-1,14,15,23,-1,23,15,22,-1,13,14,17,-1,17,14,23,-1,0,12,24,-1,24,12,25,-1,12,11,25,-1,25,11,26,-1,9,27,28,-1,9,28,10,-1,10,28,26,-1,10,26,11,-1,9,7,27,-1,27,7,29,-1,1,30,31,-1,1,31,6,-1,6,31,29,-1,6,29,7,-1,1,0,30,-1,30,0,24,-1,
        ]
    }
}
Shape{
    appearance Appearance {
        material  Material 	{
            diffuseColor 0.6470588235294118 0.6196078431372549 0.5882352941176471
            specularColor 0.45098039215686275 0.43529411764705883 0.4117647058823529
            ambientIntensity 0.6242
            transparency 0.0
            shininess 0.5
        }
    }
    geometry IndexedFaceSet {
        ccw TRUE
        solid FALSE
        coord DEF co Coordinate {
            point [
                -1.0115 1.189 1.1983, -1.011 1.189 1.1983, -1.0128 1.189 1.1915, -1.0098 1.189 1.1919, -1.014 1.189 1.1871, -1.0083 1.189 1.1871, -1.0377 1.189 1.1203, -0.9839 1.189 1.1207
            ]
        }
        coordIndex [
            0,1,2,-1,2,1,3,-1,2,3,4,-1,4,3,5,-1,4,5,6,-1,6,5,7,-1,
        ]
    }
}
Shape{
    appearance Appearance {
        material  Material 	{
            diffuseColor 0.0 0.0 0.0
            specularColor 0.0 0.0 0.0
            ambientIntensity 0.0
            transparency 0.0
            shininess 0.5
        }
    }
    geometry IndexedFaceSet {
        ccw TRUE
        solid FALSE
        coord DEF co Coordinate {
            point [
                0.4678 1.189 1.0464, 0.451 1.189 1.0254, 0.4774 1.189 1.1472, 0.4957 1.189 1.3452, 0.4703 1.189 1.3585, 0.4758 1.189 1.4286, 0.4047 1.189 1.4313, 0.37 1.189 1.348, 0.3524 1.189 1.3839, 0.2568 1.189 1.1058, 0.2567 1.189 1.1172, 0.3529 1.189 1.1456, 0.3636 1.189 1.1491, 0.5021 1.189 1.1627, 0.4934 1.189 1.0753, 0.479 1.189 1.0709, 0.4309 1.189 1.4338, 0.336 1.189 1.1317, 0.3307 1.189 1.1225, 0.2575 1.189 1.0939, 0.0967 1.189 1.2003, 0.1315 1.189 1.2609, 0.2847 1.189 1.1823, 0.3714 1.189 1.1499, 0.3824 1.189 1.1485, 0.397 1.189 1.2184, 0.3924 1.189 1.1447, 0.4222 1.189 1.209, 0.4014 1.189 1.1385, 0.4456 1.189 1.193, 0.4063 1.189 1.1333, 0.4646 1.189 1.1716, 0.4122 1.189 1.1239, 0.4155 1.189 1.1131, 0.416 1.189 1.102, 0.3285 1.189 1.2136, 0.356 1.189 1.2207, 0.3698 1.189 1.2216, 0.3435 1.189 1.1397, 0.0583 1.189 1.3127, 0.0492 1.189 1.3127, 0.0021 1.189 1.3738, 0.0276 1.189 1.3098, -0.0035 1.189 1.3719, 0.0077 1.189 1.302, -0.0373 1.189 1.3548, -0.068 1.189 1.3285, 0.3812 1.189 1.4583, 0.3266 1.189 1.4142, 0.3543 1.189 1.4811, 0.2959 1.189 1.4363, 0.3227 1.189 1.5, 0.4421 1.189 1.3649, 0.4303 1.189 1.3655, 0.4178 1.189 1.433, 0.4036 1.189 1.362, 0.3781 1.189 1.3525, 0.4139 1.189 1.0914, 0.4094 1.189 1.0818, 0.3045 1.189 1.2005, -0.0667 1.189 1.116, -0.0139 1.189 1.1616, -0.0355 1.189 1.09, 0.003 1.189 1.1479, -0.0006 1.189 1.0733, 0.0232 1.189 1.1388, 0.0373 1.189 1.0655, 0.0436 1.189 1.135, 0.1045 1.189 1.066, 0.0949 1.189 1.1354, 0.1109 1.189 1.0671, -0.0098 1.189 1.2896, -0.0228 1.189 1.2749, -0.091 1.189 1.2959, -0.0333 1.189 1.2551, -0.1046 1.189 1.2611, -0.0385 1.189 1.2332, -0.1096 1.189 1.2239, -0.039 1.189 1.2232, -0.1041 1.189 1.1833, -0.0361 1.189 1.2011, -0.0895 1.189 1.1473, -0.0281 1.189 1.1808, -0.0154 1.189 1.1632, 0.0629 1.189 1.4642, 0.1078 1.189 1.4122, 0.0244 1.189 1.4186, 0.0824 1.189 1.3813, 0.0651 1.189 1.3445, 0.5413 1.189 1.28, 0.6163 1.189 1.2616, 0.5449 1.189 1.2524, 0.6167 1.189 1.2507, 0.5437 1.189 1.2349, 0.6115 1.189 1.206, 0.5357 1.189 1.2069, 0.5955 1.189 1.1635, 0.5223 1.189 1.1838, 0.5697 1.189 1.1262, 0.5344 1.189 1.0956, 0.3278 1.189 1.1121, 0.3276 1.189 1.1011, 0.2643 1.189 1.0659, 0.3301 1.189 1.0901, 0.278 1.189 1.0406, 0.3353 1.189 1.0802, 0.2956 1.189 1.0211, 0.3423 1.189 1.0722, 0.3184 1.189 1.0055, 0.3511 1.189 1.0662, 0.3438 1.189 0.9959, 0.361 1.189 1.0624, 0.3714 1.189 0.9927, 0.3721 1.189 1.0611, 0.3758 1.189 0.9928, 0.374 1.189 1.0611, 0.4026 1.189 0.9972, 0.3842 1.189 1.0628, 0.4288 1.189 1.0084, 0.3945 1.189 1.0673, 0.4031 1.189 1.0741, 0.2698 1.189 1.5189, 0.2586 1.189 1.4511, 0.2174 1.189 1.5245, 0.2167 1.189 1.4562, 0.1645 1.189 1.5178, 0.1781 1.189 1.4512, 0.108 1.189 1.4958, 0.1425 1.189 1.4372, 0.1107 1.189 1.4148, 0.5181 1.189 1.4125, 0.5545 1.189 1.3873, 0.5155 1.189 1.3279, 0.5622 1.189 1.3801, 0.5314 1.189 1.3053, 0.5898 1.189 1.3452, 0.6083 1.189 1.3043, 0.1006 1.189 1.1365, 0.1284 1.189 1.0781, 0.1257 1.189 1.0754, 0.0972 1.189 1.1357, 0.1184 1.189 1.0701, 0.1372 1.189 1.1015, 0.1362 1.189 1.093, 0.1333 1.189 1.0853, 0.1105 1.189 1.1355, 0.1184 1.189 1.1325, 0.1369 1.189 1.106, 0.1254 1.189 1.1275, 0.1301 1.189 1.1224, 0.1346 1.189 1.1147, 0.1017 1.189 1.1366, -0.1096 1.189 1.2239, -0.1046 1.189 1.2611, -0.1016 1.189 1.2689, -0.091 1.189 1.2959, -0.0777 1.189 1.3147, -0.068 1.189 1.3285, -0.0373 1.189 1.3548, -0.0035 1.189 1.3719, 0.0021 1.189 1.3738, 0.0244 1.189 1.4186, 0.0629 1.189 1.4642, 0.2174 1.189 1.5245, 0.0818 1.189 1.4774, 0.108 1.189 1.4958, 0.1244 1.189 1.5022, 0.1645 1.189 1.5178, 0.3543 1.189 1.4811, 0.2698 1.189 1.5189, 0.3165 1.189 1.5022, 0.3227 1.189 1.5, 0.4047 1.189 1.4313, 0.3586 1.189 1.4774, 0.3812 1.189 1.4583, 0.4178 1.189 1.433, 0.4309 1.189 1.4338, 0.4758 1.189 1.4286, 0.5181 1.189 1.4125, 0.5545 1.189 1.3873, 0.5622 1.189 1.3801, 0.6167 1.189 1.2507, 0.5898 1.189 1.3452, 0.6036 1.189 1.3147, 0.6083 1.189 1.3043, 0.6149 1.189 1.2689, 0.6163 1.189 1.2616, 0.613 1.189 1.2196, 0.6134 1.189 1.2227, 0.6115 1.189 1.206, 0.5955 1.189 1.1635, 0.5697 1.189 1.1262, 0.5344 1.189 1.0956, 0.4934 1.189 1.0753, 0.479 1.189 1.0709, 0.4678 1.189 1.0464, 0.451 1.189 1.0254, 0.4288 1.189 1.0084, 0.4026 1.189 0.9972, 0.3758 1.189 0.9928, 0.3714 1.189 0.9927, 0.3438 1.189 0.9959, 0.3184 1.189 1.0055, 0.2956 1.189 1.0211, 0.278 1.189 1.0406, 0.2643 1.189 1.0659, 0.2575 1.189 1.0939, 0.2568 1.189 1.1058, 0.2567 1.189 1.1172, 0.0967 1.189 1.2003, 0.1315 1.189 1.2609, 0.1096 1.189 1.2227, 0.1078 1.189 1.2196, 0.212 1.189 1.2196, 0.2847 1.189 1.1823, 0.206 1.189 1.2227, 0.3698 1.189 1.2216, 0.3045 1.189 1.2005, 0.3285 1.189 1.2136, 0.3516 1.189 1.2196, 0.356 1.189 1.2207, 0.3872 1.189 1.2196, 0.397 1.189 1.2184, 0.4222 1.189 1.209, 0.4456 1.189 1.193, 0.4646 1.189 1.1716, 0.4774 1.189 1.1472, 0.5402 1.189 1.2227, 0.5393 1.189 1.2196, 0.5357 1.189 1.2069, 0.5223 1.189 1.1838, 0.5021 1.189 1.1627, 0.5437 1.189 1.2349, 0.5449 1.189 1.2524, 0.5428 1.189 1.2689, 0.5413 1.189 1.28, 0.5314 1.189 1.3053, 0.5247 1.189 1.3147, 0.5155 1.189 1.3279, 0.4957 1.189 1.3452, 0.4703 1.189 1.3585, 0.4421 1.189 1.3649, 0.4303 1.189 1.3655, 0.4036 1.189 1.362, 0.3781 1.189 1.3525, 0.37 1.189 1.348, 0.3524 1.189 1.3839, 0.3266 1.189 1.4142, 0.2959 1.189 1.4363, 0.2586 1.189 1.4511, 0.2167 1.189 1.4562, 0.0583 1.189 1.3127, 0.0587 1.189 1.3147, 0.0651 1.189 1.3445, 0.0824 1.189 1.3813, 0.1078 1.189 1.4122, 0.1107 1.189 1.4148, 0.1425 1.189 1.4372, 0.1781 1.189 1.4512, 0.0492 1.189 1.3127, 0.0276 1.189 1.3098, 0.0077 1.189 1.302, -0.0098 1.189 1.2896, -0.0228 1.189 1.2749, -0.026 1.189 1.2689, -0.0333 1.189 1.2551, -0.0385 1.189 1.2332, -0.039 1.189 1.2232, -0.0389 1.189 1.2227, -0.0385 1.189 1.2196, -0.0361 1.189 1.2011, -0.0281 1.189 1.1808, -0.0154 1.189 1.1632, -0.0139 1.189 1.1616, 0.003 1.189 1.1479, 0.0232 1.189 1.1388, 0.0436 1.189 1.135, 0.0949 1.189 1.1354, 0.0972 1.189 1.1357, 0.1006 1.189 1.1365, 0.1017 1.189 1.1366, 0.1105 1.189 1.1355, 0.1184 1.189 1.1325, 0.1254 1.189 1.1275, 0.1301 1.189 1.1224, 0.1346 1.189 1.1147, 0.1369 1.189 1.106, 0.1372 1.189 1.1015, 0.1362 1.189 1.093, 0.1333 1.189 1.0853, 0.1284 1.189 1.0781, 0.1257 1.189 1.0754, 0.1184 1.189 1.0701, 0.1109 1.189 1.0671, 0.1045 1.189 1.066, 0.0373 1.189 1.0655, -0.0006 1.189 1.0733, -0.0355 1.189 1.09, -0.0667 1.189 1.116, -0.0895 1.189 1.1473, -0.1041 1.189 1.1833, -0.109 1.189 1.2196, -0.1094 1.189 1.2227, 0.3714 1.189 1.1499, 0.3636 1.189 1.1491, 0.3529 1.189 1.1456, 0.3435 1.189 1.1397, 0.336 1.189 1.1317, 0.3307 1.189 1.1225, 0.3278 1.189 1.1121, 0.3276 1.189 1.1011, 0.3301 1.189 1.0901, 0.3353 1.189 1.0802, 0.3423 1.189 1.0722, 0.3511 1.189 1.0662, 0.361 1.189 1.0624, 0.3721 1.189 1.0611, 0.374 1.189 1.0611, 0.3842 1.189 1.0628, 0.3945 1.189 1.0673, 0.4031 1.189 1.0741, 0.4094 1.189 1.0818, 0.4139 1.189 1.0914, 0.416 1.189 1.102, 0.4155 1.189 1.1131, 0.4122 1.189 1.1239, 0.4063 1.189 1.1333, 0.4014 1.189 1.1385, 0.3924 1.189 1.1447, 0.3824 1.189 1.1485
            ]
        }
        coordIndex [
            0,1,2,-1,3,4,5,-1,6,7,8,-1,9,10,11,-1,11,10,12,-1,13,14,2,-1,2,14,15,-1,2,15,0,-1,5,4,16,-1,17,18,19,-1,20,21,10,-1,10,21,22,-1,10,22,12,-1,12,22,23,-1,24,25,26,-1,26,25,27,-1,26,27,28,-1,28,27,29,-1,28,29,30,-1,30,29,31,-1,30,31,32,-1,32,31,2,-1,32,2,33,-1,33,2,34,-1,35,36,24,-1,24,36,37,-1,24,37,25,-1,9,11,19,-1,19,11,38,-1,19,38,17,-1,39,40,41,-1,41,40,42,-1,41,42,43,-1,43,42,44,-1,43,44,45,-1,45,44,46,-1,6,8,47,-1,47,8,48,-1,47,48,49,-1,49,48,50,-1,49,50,51,-1,4,52,16,-1,16,52,53,-1,16,53,54,-1,54,53,55,-1,54,55,6,-1,6,55,56,-1,6,56,7,-1,34,2,57,-1,57,2,1,-1,57,1,58,-1,23,22,24,-1,24,22,59,-1,24,59,35,-1,60,61,62,-1,62,61,63,-1,62,63,64,-1,64,63,65,-1,64,65,66,-1,66,65,67,-1,66,67,68,-1,68,67,69,-1,68,69,70,-1,44,71,46,-1,46,71,72,-1,46,72,73,-1,73,72,74,-1,73,74,75,-1,75,74,76,-1,75,76,77,-1,77,76,78,-1,77,78,79,-1,79,78,80,-1,79,80,81,-1,81,80,82,-1,81,82,60,-1,60,82,83,-1,60,83,61,-1,84,85,86,-1,86,85,87,-1,86,87,41,-1,41,87,88,-1,41,88,39,-1,89,90,91,-1,91,90,92,-1,91,92,93,-1,93,92,94,-1,93,94,95,-1,95,94,96,-1,95,96,97,-1,97,96,98,-1,97,98,13,-1,13,98,99,-1,13,99,14,-1,18,100,19,-1,19,100,101,-1,19,101,102,-1,102,101,103,-1,102,103,104,-1,104,103,105,-1,104,105,106,-1,106,105,107,-1,106,107,108,-1,108,107,109,-1,108,109,110,-1,110,109,111,-1,110,111,112,-1,112,111,113,-1,112,113,114,-1,114,113,115,-1,114,115,116,-1,116,115,117,-1,116,117,118,-1,118,117,119,-1,118,119,1,-1,1,119,120,-1,1,120,58,-1,51,50,121,-1,121,50,122,-1,121,122,123,-1,123,122,124,-1,123,124,125,-1,125,124,126,-1,125,126,127,-1,127,126,128,-1,127,128,84,-1,84,128,129,-1,84,129,85,-1,5,130,3,-1,3,130,131,-1,3,131,132,-1,132,131,133,-1,132,133,134,-1,134,133,135,-1,134,135,89,-1,89,135,136,-1,89,136,90,-1,137,138,139,-1,69,140,70,-1,70,140,137,-1,70,137,141,-1,141,137,139,-1,142,143,137,-1,137,143,144,-1,137,144,138,-1,145,146,147,-1,146,148,147,-1,147,148,149,-1,147,149,150,-1,142,137,147,-1,147,137,151,-1,147,151,145,-1,77,152,153,-1,77,153,75,-1,75,153,154,-1,75,154,73,-1,154,155,73,-1,73,155,156,-1,73,156,46,-1,156,157,46,-1,46,157,158,-1,46,158,45,-1,45,158,159,-1,45,159,43,-1,43,159,160,-1,43,160,41,-1,41,160,161,-1,41,161,86,-1,86,161,162,-1,86,162,84,-1,163,123,125,-1,84,162,164,-1,84,164,127,-1,164,165,127,-1,127,165,166,-1,127,166,125,-1,125,166,167,-1,125,167,163,-1,168,49,51,-1,123,163,169,-1,123,169,121,-1,121,169,170,-1,121,170,51,-1,51,170,171,-1,51,171,168,-1,172,6,47,-1,49,168,173,-1,49,173,47,-1,47,173,174,-1,47,174,172,-1,6,172,175,-1,6,175,54,-1,54,175,176,-1,54,176,16,-1,16,176,177,-1,16,177,5,-1,5,177,178,-1,5,178,130,-1,130,178,179,-1,130,179,131,-1,131,179,180,-1,131,180,133,-1,181,92,90,-1,133,180,182,-1,133,182,135,-1,135,182,183,-1,135,183,136,-1,183,184,136,-1,136,184,185,-1,136,185,90,-1,90,185,186,-1,90,186,181,-1,187,94,188,-1,188,94,92,-1,188,92,181,-1,187,189,94,-1,94,189,190,-1,94,190,96,-1,96,190,191,-1,96,191,98,-1,98,191,192,-1,98,192,99,-1,99,192,193,-1,99,193,14,-1,14,193,194,-1,14,194,15,-1,15,194,195,-1,15,195,0,-1,0,195,196,-1,0,196,1,-1,1,196,197,-1,1,197,118,-1,118,197,198,-1,118,198,116,-1,116,198,199,-1,116,199,114,-1,114,199,200,-1,114,200,112,-1,112,200,201,-1,112,201,110,-1,110,201,202,-1,110,202,108,-1,108,202,203,-1,108,203,106,-1,106,203,204,-1,106,204,104,-1,104,204,205,-1,104,205,102,-1,102,205,206,-1,102,206,19,-1,19,206,207,-1,19,207,9,-1,10,9,208,-1,208,9,207,-1,20,10,209,-1,209,10,208,-1,210,21,211,-1,211,21,20,-1,211,20,212,-1,212,20,209,-1,213,214,22,-1,213,22,215,-1,215,22,21,-1,215,21,210,-1,216,37,36,-1,22,214,217,-1,22,217,59,-1,59,217,218,-1,59,218,35,-1,35,218,219,-1,35,219,36,-1,36,219,220,-1,36,220,216,-1,37,216,221,-1,37,221,25,-1,221,222,25,-1,25,222,223,-1,25,223,27,-1,27,223,224,-1,27,224,29,-1,29,224,225,-1,29,225,31,-1,31,225,226,-1,31,226,2,-1,227,93,228,-1,228,93,95,-1,228,95,229,-1,229,95,97,-1,229,97,230,-1,230,97,13,-1,230,13,231,-1,231,13,2,-1,231,2,226,-1,227,232,93,-1,93,232,233,-1,93,233,91,-1,91,233,234,-1,91,234,89,-1,234,235,89,-1,89,235,236,-1,89,236,134,-1,134,236,237,-1,134,237,132,-1,237,238,132,-1,132,238,239,-1,132,239,3,-1,3,239,240,-1,3,240,4,-1,4,240,241,-1,4,241,52,-1,52,241,242,-1,52,242,53,-1,53,242,243,-1,53,243,55,-1,55,243,244,-1,55,244,56,-1,56,244,245,-1,56,245,7,-1,7,245,246,-1,7,246,8,-1,8,246,247,-1,8,247,48,-1,48,247,248,-1,48,248,50,-1,50,248,249,-1,50,249,122,-1,122,249,250,-1,122,250,124,-1,251,39,252,-1,252,39,88,-1,252,88,253,-1,253,88,87,-1,253,87,254,-1,254,87,85,-1,254,85,255,-1,255,85,129,-1,255,129,256,-1,256,129,128,-1,256,128,257,-1,257,128,126,-1,257,126,258,-1,258,126,124,-1,258,124,250,-1,40,39,259,-1,259,39,251,-1,40,259,260,-1,40,260,42,-1,42,260,261,-1,42,261,44,-1,44,261,262,-1,44,262,71,-1,71,262,263,-1,71,263,72,-1,72,263,264,-1,72,264,74,-1,264,265,74,-1,74,265,266,-1,74,266,76,-1,76,266,267,-1,76,267,78,-1,267,268,78,-1,78,268,269,-1,78,269,80,-1,269,270,80,-1,80,270,271,-1,80,271,82,-1,82,271,272,-1,82,272,83,-1,83,272,273,-1,83,273,61,-1,61,273,274,-1,61,274,63,-1,63,274,275,-1,63,275,65,-1,65,275,276,-1,65,276,67,-1,69,67,277,-1,277,67,276,-1,69,277,278,-1,69,278,140,-1,140,278,279,-1,140,279,137,-1,137,279,280,-1,137,280,151,-1,151,280,281,-1,151,281,145,-1,145,281,282,-1,145,282,146,-1,146,282,283,-1,146,283,148,-1,148,283,284,-1,148,284,149,-1,149,284,285,-1,149,285,150,-1,150,285,286,-1,150,286,147,-1,147,286,287,-1,147,287,142,-1,142,287,288,-1,142,288,143,-1,143,288,289,-1,143,289,144,-1,144,289,290,-1,144,290,138,-1,138,290,291,-1,138,291,139,-1,139,291,292,-1,139,292,141,-1,141,292,293,-1,141,293,70,-1,70,293,294,-1,70,294,68,-1,66,68,295,-1,295,68,294,-1,66,295,296,-1,66,296,64,-1,64,296,297,-1,64,297,62,-1,62,297,298,-1,62,298,60,-1,60,298,299,-1,60,299,81,-1,81,299,300,-1,81,300,79,-1,79,300,301,-1,79,301,77,-1,77,301,302,-1,77,302,152,-1,23,303,304,-1,23,304,12,-1,12,304,305,-1,12,305,11,-1,11,305,306,-1,11,306,38,-1,38,306,307,-1,38,307,17,-1,17,307,308,-1,17,308,18,-1,18,308,309,-1,18,309,100,-1,100,309,310,-1,100,310,101,-1,101,310,311,-1,101,311,103,-1,103,311,312,-1,103,312,105,-1,105,312,313,-1,105,313,107,-1,107,313,314,-1,107,314,109,-1,109,314,315,-1,109,315,111,-1,111,315,316,-1,111,316,113,-1,113,316,317,-1,113,317,115,-1,115,317,318,-1,115,318,117,-1,117,318,319,-1,117,319,119,-1,119,319,320,-1,119,320,120,-1,120,320,321,-1,120,321,58,-1,58,321,322,-1,58,322,57,-1,57,322,323,-1,57,323,34,-1,34,323,324,-1,34,324,33,-1,33,324,325,-1,33,325,32,-1,32,325,326,-1,32,326,30,-1,30,326,327,-1,30,327,28,-1,28,327,328,-1,28,328,26,-1,26,328,329,-1,26,329,24,-1,24,329,303,-1,24,303,23,-1,
        ]
    }
}
Shape{
    appearance Appearance {
        material  Material 	{
            diffuseColor 0.6470588235294118 0.6196078431372549 0.5882352941176471
            specularColor 0.45098039215686275 0.43529411764705883 0.4117647058823529
            ambientIntensity 0.6242
            transparency 0.0
            shininess 0.5
        }
    }
    geometry IndexedFaceSet {
        ccw TRUE
        solid FALSE
        coord DEF co Coordinate {
            point [
                0.374 1.189 1.0611, 0.4014 1.189 1.1385, 0.4063 1.189 1.1333, 0.3714 1.189 1.1499, 0.3824 1.189 1.1485, 0.3924 1.189 1.1447, 0.4139 1.189 1.0914, 0.4094 1.189 1.0818, 0.4031 1.189 1.0741, 0.3636 1.189 1.1491, 0.3721 1.189 1.0611, 0.361 1.189 1.0624, 0.3435 1.189 1.1397, 0.3423 1.189 1.0722, 0.336 1.189 1.1317, 0.3353 1.189 1.0802, 0.3307 1.189 1.1225, 0.3511 1.189 1.0662, 0.3529 1.189 1.1456, 0.4122 1.189 1.1239, 0.4155 1.189 1.1131, 0.416 1.189 1.102, 0.3945 1.189 1.0673, 0.3842 1.189 1.0628, 0.3301 1.189 1.0901, 0.3276 1.189 1.1011, 0.3278 1.189 1.1121
            ]
        }
        coordIndex [
            0,1,2,-1,3,4,0,-1,0,4,5,-1,0,5,1,-1,6,7,2,-1,2,7,8,-1,3,0,9,-1,9,0,10,-1,9,10,11,-1,12,13,14,-1,14,13,15,-1,14,15,16,-1,11,17,9,-1,9,17,13,-1,9,13,18,-1,18,13,12,-1,19,20,2,-1,2,20,21,-1,2,21,6,-1,8,22,2,-1,2,22,23,-1,2,23,0,-1,24,25,15,-1,15,25,26,-1,15,26,16,-1,
        ]
    }
}