#VRML V2.0 utf8
# 3D model generated by easyeda2kicad.py (https://github.com/uPesy/easyeda2kicad.py)

Shape{
    appearance Appearance {
        material  Material 	{
            diffuseColor 1.0 1.0 1.0
            specularColor 0.5019607843137255 0.5019607843137255 0.5019607843137255
            ambientIntensity 1.0
            transparency 0.0
            shininess 0.5
        }
    }
    geometry IndexedFaceSet {
        ccw TRUE
        solid FALSE
        coord DEF co Coordinate {
            point [
                -0.7874 0.1969 0.0787, -0.7874 0.1969 0.0, -0.7874 -0.2756 0.0787, -0.7874 -0.2756 0.0, -0.5906 0.3937 0.0787, -0.5906 0.3937 0.0, 0.6693 0.3937 0.0787, 0.6693 0.3937 0.0, 0.6956 0.3907 0.0787, 0.6956 0.3907 0.0, 0.7205 0.382 0.0787, 0.7205 0.382 0.0, 0.7429 0.3679 0.0787, 0.7429 0.3679 0.0, 0.7616 0.3492 0.0787, 0.7616 0.3492 0.0, 0.7757 0.3268 0.0787, 0.7757 0.3268 0.0, 0.7844 0.3019 0.0787, 0.7844 0.3019 0.0, 0.7874 0.2756 0.0787, 0.7874 0.2756 0.0, 0.7874 -0.2756 0.0787, 0.7874 -0.2756 0.0, 0.7844 -0.3019 0.0787, 0.7844 -0.3019 0.0, 0.7757 -0.3268 0.0787, 0.7757 -0.3268 0.0, 0.7616 -0.3492 0.0787, 0.7616 -0.3492 0.0, 0.7429 -0.3679 0.0787, 0.7429 -0.3679 0.0, 0.7205 -0.382 0.0787, 0.7205 -0.382 0.0, 0.6956 -0.3907 0.0787, 0.6956 -0.3907 0.0, 0.6693 -0.3937 0.0787, 0.6693 -0.3937 0.0, -0.6693 -0.3937 0.0787, -0.6693 -0.3937 0.0, -0.6956 -0.3907 0.0787, -0.6956 -0.3907 0.0, -0.7205 -0.382 0.0787, -0.7205 -0.382 0.0, -0.7429 -0.3679 0.0787, -0.7429 -0.3679 0.0, -0.7616 -0.3492 0.0787, -0.7616 -0.3492 0.0, -0.7757 -0.3268 0.0787, -0.7757 -0.3268 0.0, -0.7844 -0.3019 0.0787, -0.7844 -0.3019 0.0, -0.8957 0.7772 0.0787, -0.8957 0.7772 0.0, -0.9051 0.7677 0.0787, -0.9051 0.7677 0.0, -0.8957 0.7874 0.0787, -0.8957 0.7874 0.0, -0.8366 0.7874 0.0787, -0.8366 0.7874 0.0, -0.8366 0.7772 0.0787, -0.8366 0.7772 0.0, -0.8272 0.7677 0.0787, -0.8272 0.7677 0.0, -0.8268 0.7677 0.0787, -0.8268 0.7677 0.0, -0.8268 0.6496 0.0787, -0.8268 0.6496 0.0, -0.8271 0.6458 0.0787, -0.8271 0.6458 0.0, -0.8283 0.6421 0.0787, -0.8283 0.6421 0.0, -0.8301 0.6387 0.0787, -0.8301 0.6387 0.0, -0.8325 0.6357 0.0787, -0.8325 0.6357 0.0, -0.8355 0.6332 0.0787, -0.8355 0.6332 0.0, -0.8389 0.6314 0.0787, -0.8389 0.6314 0.0, -0.8426 0.6303 0.0787, -0.8426 0.6303 0.0, -0.8465 0.6299 0.0787, -0.8465 0.6299 0.0, -0.8858 0.6299 0.0787, -0.8858 0.6299 0.0, -0.8897 0.6303 0.0787, -0.8897 0.6303 0.0, -0.8934 0.6314 0.0787, -0.8934 0.6314 0.0, -0.8968 0.6332 0.0787, -0.8968 0.6332 0.0, -0.8997 0.6357 0.0787, -0.8997 0.6357 0.0, -0.9022 0.6387 0.0787, -0.9022 0.6387 0.0, -0.904 0.6421 0.0787, -0.904 0.6421 0.0, -0.9051 0.6458 0.0787, -0.9051 0.6458 0.0, -0.9055 0.6496 0.0787, -0.9055 0.6496 0.0, -0.9055 0.7677 0.0787, -0.9055 0.7677 0.0, -0.8366 -0.7874 0.0787, -0.8366 -0.7874 0.0, -0.8366 -0.7772 0.0787, -0.8366 -0.7772 0.0, -0.8957 -0.7874 0.0787, -0.8957 -0.7874 0.0, -0.8957 -0.7772 0.0787, -0.8957 -0.7772 0.0, -0.9051 -0.7677 0.0787, -0.9051 -0.7677 0.0, -0.9055 -0.7677 0.0787, -0.9055 -0.7677 0.0, -0.9055 -0.6496 0.0787, -0.9055 -0.6496 0.0, -0.9051 -0.6458 0.0787, -0.9051 -0.6458 0.0, -0.904 -0.6421 0.0787, -0.904 -0.6421 0.0, -0.9022 -0.6387 0.0787, -0.9022 -0.6387 0.0, -0.8997 -0.6357 0.0787, -0.8997 -0.6357 0.0, -0.8968 -0.6332 0.0787, -0.8968 -0.6332 0.0, -0.8934 -0.6314 0.0787, -0.8934 -0.6314 0.0, -0.8897 -0.6303 0.0787, -0.8897 -0.6303 0.0, -0.8858 -0.6299 0.0787, -0.8858 -0.6299 0.0, -0.8465 -0.6299 0.0787, -0.8465 -0.6299 0.0, -0.8426 -0.6303 0.0787, -0.8426 -0.6303 0.0, -0.8389 -0.6314 0.0787, -0.8389 -0.6314 0.0, -0.8355 -0.6332 0.0787, -0.8355 -0.6332 0.0, -0.8325 -0.6357 0.0787, -0.8325 -0.6357 0.0, -0.8301 -0.6387 0.0787, -0.8301 -0.6387 0.0, -0.8283 -0.6421 0.0787, -0.8283 -0.6421 0.0, -0.8271 -0.6458 0.0787, -0.8271 -0.6458 0.0, -0.8268 -0.6496 0.0787, -0.8268 -0.6496 0.0, -0.8268 -0.7677 0.0787, -0.8268 -0.7677 0.0, -0.8272 -0.7677 0.0787, -0.8272 -0.7677 0.0, -0.7382 0.7772 0.0787, -0.7382 0.7772 0.0, -0.7476 0.7677 0.0787, -0.7476 0.7677 0.0, -0.7382 0.7874 0.0787, -0.7382 0.7874 0.0, -0.6791 0.7874 0.0787, -0.6791 0.7874 0.0, -0.6791 0.7772 0.0787, -0.6791 0.7772 0.0, -0.6697 0.7677 0.0787, -0.6697 0.7677 0.0, -0.6693 0.7677 0.0787, -0.6693 0.7677 0.0, -0.6693 0.6496 0.0787, -0.6693 0.6496 0.0, -0.6697 0.6458 0.0787, -0.6697 0.6458 0.0, -0.6708 0.6421 0.0787, -0.6708 0.6421 0.0, -0.6726 0.6387 0.0787, -0.6726 0.6387 0.0, -0.6751 0.6357 0.0787, -0.6751 0.6357 0.0, -0.678 0.6332 0.0787, -0.678 0.6332 0.0, -0.6814 0.6314 0.0787, -0.6814 0.6314 0.0, -0.6851 0.6303 0.0787, -0.6851 0.6303 0.0, -0.689 0.6299 0.0787, -0.689 0.6299 0.0, -0.7283 0.6299 0.0787, -0.7283 0.6299 0.0, -0.7322 0.6303 0.0787, -0.7322 0.6303 0.0, -0.7359 0.6314 0.0787, -0.7359 0.6314 0.0, -0.7393 0.6332 0.0787, -0.7393 0.6332 0.0, -0.7423 0.6357 0.0787, -0.7423 0.6357 0.0, -0.7447 0.6387 0.0787, -0.7447 0.6387 0.0, -0.7465 0.6421 0.0787, -0.7465 0.6421 0.0, -0.7477 0.6458 0.0787, -0.7477 0.6458 0.0, -0.748 0.6496 0.0787, -0.748 0.6496 0.0, -0.748 0.7677 0.0787, -0.748 0.7677 0.0, -0.6791 -0.7874 0.0787, -0.6791 -0.7874 0.0, -0.6791 -0.7772 0.0787, -0.6791 -0.7772 0.0, -0.7382 -0.7874 0.0787, -0.7382 -0.7874 0.0, -0.7382 -0.7772 0.0787, -0.7382 -0.7772 0.0, -0.7476 -0.7677 0.0787, -0.7476 -0.7677 0.0, -0.748 -0.7677 0.0787, -0.748 -0.7677 0.0, -0.748 -0.6496 0.0787, -0.748 -0.6496 0.0, -0.7477 -0.6458 0.0787, -0.7477 -0.6458 0.0, -0.7465 -0.6421 0.0787, -0.7465 -0.6421 0.0, -0.7447 -0.6387 0.0787, -0.7447 -0.6387 0.0, -0.7423 -0.6357 0.0787, -0.7423 -0.6357 0.0, -0.7393 -0.6332 0.0787, -0.7393 -0.6332 0.0, -0.7359 -0.6314 0.0787, -0.7359 -0.6314 0.0, -0.7322 -0.6303 0.0787, -0.7322 -0.6303 0.0, -0.7283 -0.6299 0.0787, -0.7283 -0.6299 0.0, -0.689 -0.6299 0.0787, -0.689 -0.6299 0.0, -0.6851 -0.6303 0.0787, -0.6851 -0.6303 0.0, -0.6814 -0.6314 0.0787, -0.6814 -0.6314 0.0, -0.678 -0.6332 0.0787, -0.678 -0.6332 0.0, -0.6751 -0.6357 0.0787, -0.6751 -0.6357 0.0, -0.6726 -0.6387 0.0787, -0.6726 -0.6387 0.0, -0.6708 -0.6421 0.0787, -0.6708 -0.6421 0.0, -0.6697 -0.6458 0.0787, -0.6697 -0.6458 0.0, -0.6693 -0.6496 0.0787, -0.6693 -0.6496 0.0, -0.6693 -0.7677 0.0787, -0.6693 -0.7677 0.0, -0.6697 -0.7677 0.0787, -0.6697 -0.7677 0.0, -0.5807 0.7772 0.0787, -0.5807 0.7772 0.0, -0.5902 0.7677 0.0787, -0.5902 0.7677 0.0, -0.5807 0.7874 0.0787, -0.5807 0.7874 0.0, -0.5217 0.7874 0.0787, -0.5217 0.7874 0.0, -0.5217 0.7772 0.0787, -0.5217 0.7772 0.0, -0.5122 0.7677 0.0787, -0.5122 0.7677 0.0, -0.5118 0.7677 0.0787, -0.5118 0.7677 0.0, -0.5118 0.6496 0.0787, -0.5118 0.6496 0.0, -0.5122 0.6458 0.0787, -0.5122 0.6458 0.0, -0.5133 0.6421 0.0787, -0.5133 0.6421 0.0, -0.5151 0.6387 0.0787, -0.5151 0.6387 0.0, -0.5176 0.6357 0.0787, -0.5176 0.6357 0.0, -0.5206 0.6332 0.0787, -0.5206 0.6332 0.0, -0.524 0.6314 0.0787, -0.524 0.6314 0.0, -0.5277 0.6303 0.0787, -0.5277 0.6303 0.0, -0.5315 0.6299 0.0787, -0.5315 0.6299 0.0, -0.5709 0.6299 0.0787, -0.5709 0.6299 0.0, -0.5747 0.6303 0.0787, -0.5747 0.6303 0.0, -0.5784 0.6314 0.0787, -0.5784 0.6314 0.0, -0.5818 0.6332 0.0787, -0.5818 0.6332 0.0, -0.5848 0.6357 0.0787, -0.5848 0.6357 0.0, -0.5872 0.6387 0.0787, -0.5872 0.6387 0.0, -0.5891 0.6421 0.0787, -0.5891 0.6421 0.0, -0.5902 0.6458 0.0787, -0.5902 0.6458 0.0, -0.5906 0.6496 0.0787, -0.5906 0.6496 0.0, -0.5906 0.7677 0.0787, -0.5906 0.7677 0.0, -0.5217 -0.7874 0.0787, -0.5217 -0.7874 0.0, -0.5217 -0.7772 0.0787, -0.5217 -0.7772 0.0, -0.5807 -0.7874 0.0787, -0.5807 -0.7874 0.0, -0.5807 -0.7772 0.0787, -0.5807 -0.7772 0.0, -0.5902 -0.7677 0.0787, -0.5902 -0.7677 0.0, -0.5906 -0.7677 0.0787, -0.5906 -0.7677 0.0, -0.5906 -0.6496 0.0787, -0.5906 -0.6496 0.0, -0.5902 -0.6458 0.0787, -0.5902 -0.6458 0.0, -0.5891 -0.6421 0.0787, -0.5891 -0.6421 0.0, -0.5872 -0.6387 0.0787, -0.5872 -0.6387 0.0, -0.5848 -0.6357 0.0787, -0.5848 -0.6357 0.0, -0.5818 -0.6332 0.0787, -0.5818 -0.6332 0.0, -0.5784 -0.6314 0.0787, -0.5784 -0.6314 0.0, -0.5747 -0.6303 0.0787, -0.5747 -0.6303 0.0, -0.5709 -0.6299 0.0787, -0.5709 -0.6299 0.0, -0.5315 -0.6299 0.0787, -0.5315 -0.6299 0.0, -0.5277 -0.6303 0.0787, -0.5277 -0.6303 0.0, -0.524 -0.6314 0.0787, -0.524 -0.6314 0.0, -0.5206 -0.6332 0.0787, -0.5206 -0.6332 0.0, -0.5176 -0.6357 0.0787, -0.5176 -0.6357 0.0, -0.5151 -0.6387 0.0787, -0.5151 -0.6387 0.0, -0.5133 -0.6421 0.0787, -0.5133 -0.6421 0.0, -0.5122 -0.6458 0.0787, -0.5122 -0.6458 0.0, -0.5118 -0.6496 0.0787, -0.5118 -0.6496 0.0, -0.5118 -0.7677 0.0787, -0.5118 -0.7677 0.0, -0.5122 -0.7677 0.0787, -0.5122 -0.7677 0.0, -0.4232 0.7772 0.0787, -0.4232 0.7772 0.0, -0.4327 0.7677 0.0787, -0.4327 0.7677 0.0, -0.4232 0.7874 0.0787, -0.4232 0.7874 0.0, -0.3642 0.7874 0.0787, -0.3642 0.7874 0.0, -0.3642 0.7772 0.0787, -0.3642 0.7772 0.0, -0.3547 0.7677 0.0787, -0.3547 0.7677 0.0, -0.3543 0.7677 0.0787, -0.3543 0.7677 0.0, -0.3543 0.6496 0.0787, -0.3543 0.6496 0.0, -0.3547 0.6458 0.0787, -0.3547 0.6458 0.0, -0.3558 0.6421 0.0787, -0.3558 0.6421 0.0, -0.3576 0.6387 0.0787, -0.3576 0.6387 0.0, -0.3601 0.6357 0.0787, -0.3601 0.6357 0.0, -0.3631 0.6332 0.0787, -0.3631 0.6332 0.0, -0.3665 0.6314 0.0787, -0.3665 0.6314 0.0, -0.3702 0.6303 0.0787, -0.3702 0.6303 0.0, -0.374 0.6299 0.0787, -0.374 0.6299 0.0, -0.4134 0.6299 0.0787, -0.4134 0.6299 0.0, -0.4172 0.6303 0.0787, -0.4172 0.6303 0.0, -0.4209 0.6314 0.0787, -0.4209 0.6314 0.0, -0.4243 0.6332 0.0787, -0.4243 0.6332 0.0, -0.4273 0.6357 0.0787, -0.4273 0.6357 0.0, -0.4298 0.6387 0.0787, -0.4298 0.6387 0.0, -0.4316 0.6421 0.0787, -0.4316 0.6421 0.0, -0.4327 0.6458 0.0787, -0.4327 0.6458 0.0, -0.4331 0.6496 0.0787, -0.4331 0.6496 0.0, -0.4331 0.7677 0.0787, -0.4331 0.7677 0.0, -0.3642 -0.7874 0.0787, -0.3642 -0.7874 0.0, -0.3642 -0.7772 0.0787, -0.3642 -0.7772 0.0, -0.4232 -0.7874 0.0787, -0.4232 -0.7874 0.0, -0.4232 -0.7772 0.0787, -0.4232 -0.7772 0.0, -0.4327 -0.7677 0.0787, -0.4327 -0.7677 0.0, -0.4331 -0.7677 0.0787, -0.4331 -0.7677 0.0, -0.4331 -0.6496 0.0787, -0.4331 -0.6496 0.0, -0.4327 -0.6458 0.0787, -0.4327 -0.6458 0.0, -0.4316 -0.6421 0.0787, -0.4316 -0.6421 0.0, -0.4298 -0.6387 0.0787, -0.4298 -0.6387 0.0, -0.4273 -0.6357 0.0787, -0.4273 -0.6357 0.0, -0.4243 -0.6332 0.0787, -0.4243 -0.6332 0.0, -0.4209 -0.6314 0.0787, -0.4209 -0.6314 0.0, -0.4172 -0.6303 0.0787, -0.4172 -0.6303 0.0, -0.4134 -0.6299 0.0787, -0.4134 -0.6299 0.0, -0.374 -0.6299 0.0787, -0.374 -0.6299 0.0, -0.3702 -0.6303 0.0787, -0.3702 -0.6303 0.0, -0.3665 -0.6314 0.0787, -0.3665 -0.6314 0.0, -0.3631 -0.6332 0.0787, -0.3631 -0.6332 0.0, -0.3601 -0.6357 0.0787, -0.3601 -0.6357 0.0, -0.3576 -0.6387 0.0787, -0.3576 -0.6387 0.0, -0.3558 -0.6421 0.0787, -0.3558 -0.6421 0.0, -0.3547 -0.6458 0.0787, -0.3547 -0.6458 0.0, -0.3543 -0.6496 0.0787, -0.3543 -0.6496 0.0, -0.3543 -0.7677 0.0787, -0.3543 -0.7677 0.0, -0.3547 -0.7677 0.0787, -0.3547 -0.7677 0.0, -0.2657 0.7772 0.0787, -0.2657 0.7772 0.0, -0.2752 0.7677 0.0787, -0.2752 0.7677 0.0, -0.2657 0.7874 0.0787, -0.2657 0.7874 0.0, -0.2067 0.7874 0.0787, -0.2067 0.7874 0.0, -0.2067 0.7772 0.0787, -0.2067 0.7772 0.0, -0.1972 0.7677 0.0787, -0.1972 0.7677 0.0, -0.1969 0.7677 0.0787, -0.1969 0.7677 0.0, -0.1969 0.6496 0.0787, -0.1969 0.6496 0.0, -0.1972 0.6458 0.0787, -0.1972 0.6458 0.0, -0.1983 0.6421 0.0787, -0.1983 0.6421 0.0, -0.2002 0.6387 0.0787, -0.2002 0.6387 0.0, -0.2026 0.6357 0.0787, -0.2026 0.6357 0.0, -0.2056 0.6332 0.0787, -0.2056 0.6332 0.0, -0.209 0.6314 0.0787, -0.209 0.6314 0.0, -0.2127 0.6303 0.0787, -0.2127 0.6303 0.0, -0.2165 0.6299 0.0787, -0.2165 0.6299 0.0, -0.2559 0.6299 0.0787, -0.2559 0.6299 0.0, -0.2597 0.6303 0.0787, -0.2597 0.6303 0.0, -0.2634 0.6314 0.0787, -0.2634 0.6314 0.0, -0.2668 0.6332 0.0787, -0.2668 0.6332 0.0, -0.2698 0.6357 0.0787, -0.2698 0.6357 0.0, -0.2723 0.6387 0.0787, -0.2723 0.6387 0.0, -0.2741 0.6421 0.0787, -0.2741 0.6421 0.0, -0.2752 0.6458 0.0787, -0.2752 0.6458 0.0, -0.2756 0.6496 0.0787, -0.2756 0.6496 0.0, -0.2756 0.7677 0.0787, -0.2756 0.7677 0.0, -0.2067 -0.7874 0.0787, -0.2067 -0.7874 0.0, -0.2067 -0.7772 0.0787, -0.2067 -0.7772 0.0, -0.2657 -0.7874 0.0787, -0.2657 -0.7874 0.0, -0.2657 -0.7772 0.0787, -0.2657 -0.7772 0.0, -0.2752 -0.7677 0.0787, -0.2752 -0.7677 0.0, -0.2756 -0.7677 0.0787, -0.2756 -0.7677 0.0, -0.2756 -0.6496 0.0787, -0.2756 -0.6496 0.0, -0.2752 -0.6458 0.0787, -0.2752 -0.6458 0.0, -0.2741 -0.6421 0.0787, -0.2741 -0.6421 0.0, -0.2723 -0.6387 0.0787, -0.2723 -0.6387 0.0, -0.2698 -0.6357 0.0787, -0.2698 -0.6357 0.0, -0.2668 -0.6332 0.0787, -0.2668 -0.6332 0.0, -0.2634 -0.6314 0.0787, -0.2634 -0.6314 0.0, -0.2597 -0.6303 0.0787, -0.2597 -0.6303 0.0, -0.2559 -0.6299 0.0787, -0.2559 -0.6299 0.0, -0.2165 -0.6299 0.0787, -0.2165 -0.6299 0.0, -0.2127 -0.6303 0.0787, -0.2127 -0.6303 0.0, -0.209 -0.6314 0.0787, -0.209 -0.6314 0.0, -0.2056 -0.6332 0.0787, -0.2056 -0.6332 0.0, -0.2026 -0.6357 0.0787, -0.2026 -0.6357 0.0, -0.2002 -0.6387 0.0787, -0.2002 -0.6387 0.0, -0.1983 -0.6421 0.0787, -0.1983 -0.6421 0.0, -0.1972 -0.6458 0.0787, -0.1972 -0.6458 0.0, -0.1969 -0.6496 0.0787, -0.1969 -0.6496 0.0, -0.1969 -0.7677 0.0787, -0.1969 -0.7677 0.0, -0.1972 -0.7677 0.0787, -0.1972 -0.7677 0.0, -0.1083 0.7772 0.0787, -0.1083 0.7772 0.0, -0.1177 0.7677 0.0787, -0.1177 0.7677 0.0, -0.1083 0.7874 0.0787, -0.1083 0.7874 0.0, -0.0492 0.7874 0.0787, -0.0492 0.7874 0.0, -0.0492 0.7772 0.0787, -0.0492 0.7772 0.0, -0.0398 0.7677 0.0787, -0.0398 0.7677 0.0, -0.0394 0.7677 0.0787, -0.0394 0.7677 0.0, -0.0394 0.6496 0.0787, -0.0394 0.6496 0.0, -0.0397 0.6458 0.0787, -0.0397 0.6458 0.0, -0.0409 0.6421 0.0787, -0.0409 0.6421 0.0, -0.0427 0.6387 0.0787, -0.0427 0.6387 0.0, -0.0451 0.6357 0.0787, -0.0451 0.6357 0.0, -0.0481 0.6332 0.0787, -0.0481 0.6332 0.0, -0.0515 0.6314 0.0787, -0.0515 0.6314 0.0, -0.0552 0.6303 0.0787, -0.0552 0.6303 0.0, -0.0591 0.6299 0.0787, -0.0591 0.6299 0.0, -0.0984 0.6299 0.0787, -0.0984 0.6299 0.0, -0.1023 0.6303 0.0787, -0.1023 0.6303 0.0, -0.106 0.6314 0.0787, -0.106 0.6314 0.0, -0.1094 0.6332 0.0787, -0.1094 0.6332 0.0, -0.1123 0.6357 0.0787, -0.1123 0.6357 0.0, -0.1148 0.6387 0.0787, -0.1148 0.6387 0.0, -0.1166 0.6421 0.0787, -0.1166 0.6421 0.0, -0.1177 0.6458 0.0787, -0.1177 0.6458 0.0, -0.1181 0.6496 0.0787, -0.1181 0.6496 0.0, -0.1181 0.7677 0.0787, -0.1181 0.7677 0.0, -0.0492 -0.7874 0.0787, -0.0492 -0.7874 0.0, -0.0492 -0.7772 0.0787, -0.0492 -0.7772 0.0, -0.1083 -0.7874 0.0787, -0.1083 -0.7874 0.0, -0.1083 -0.7772 0.0787, -0.1083 -0.7772 0.0, -0.1177 -0.7677 0.0787, -0.1177 -0.7677 0.0, -0.1181 -0.7677 0.0787, -0.1181 -0.7677 0.0, -0.1181 -0.6496 0.0787, -0.1181 -0.6496 0.0, -0.1177 -0.6458 0.0787, -0.1177 -0.6458 0.0, -0.1166 -0.6421 0.0787, -0.1166 -0.6421 0.0, -0.1148 -0.6387 0.0787, -0.1148 -0.6387 0.0, -0.1123 -0.6357 0.0787, -0.1123 -0.6357 0.0, -0.1094 -0.6332 0.0787, -0.1094 -0.6332 0.0, -0.106 -0.6314 0.0787, -0.106 -0.6314 0.0, -0.1023 -0.6303 0.0787, -0.1023 -0.6303 0.0, -0.0984 -0.6299 0.0787, -0.0984 -0.6299 0.0, -0.0591 -0.6299 0.0787, -0.0591 -0.6299 0.0, -0.0552 -0.6303 0.0787, -0.0552 -0.6303 0.0, -0.0515 -0.6314 0.0787, -0.0515 -0.6314 0.0, -0.0481 -0.6332 0.0787, -0.0481 -0.6332 0.0, -0.0451 -0.6357 0.0787, -0.0451 -0.6357 0.0, -0.0427 -0.6387 0.0787, -0.0427 -0.6387 0.0, -0.0409 -0.6421 0.0787, -0.0409 -0.6421 0.0, -0.0397 -0.6458 0.0787, -0.0397 -0.6458 0.0, -0.0394 -0.6496 0.0787, -0.0394 -0.6496 0.0, -0.0394 -0.7677 0.0787, -0.0394 -0.7677 0.0, -0.0398 -0.7677 0.0787, -0.0398 -0.7677 0.0, 0.0492 0.7772 0.0787, 0.0492 0.7772 0.0, 0.0398 0.7677 0.0787, 0.0398 0.7677 0.0, 0.0492 0.7874 0.0787, 0.0492 0.7874 0.0, 0.1083 0.7874 0.0787, 0.1083 0.7874 0.0, 0.1083 0.7772 0.0787, 0.1083 0.7772 0.0, 0.1177 0.7677 0.0787, 0.1177 0.7677 0.0, 0.1181 0.7677 0.0787, 0.1181 0.7677 0.0, 0.1181 0.6496 0.0787, 0.1181 0.6496 0.0, 0.1177 0.6458 0.0787, 0.1177 0.6458 0.0, 0.1166 0.6421 0.0787, 0.1166 0.6421 0.0, 0.1148 0.6387 0.0787, 0.1148 0.6387 0.0, 0.1123 0.6357 0.0787, 0.1123 0.6357 0.0, 0.1094 0.6332 0.0787, 0.1094 0.6332 0.0, 0.106 0.6314 0.0787, 0.106 0.6314 0.0, 0.1023 0.6303 0.0787, 0.1023 0.6303 0.0, 0.0984 0.6299 0.0787, 0.0984 0.6299 0.0, 0.0591 0.6299 0.0787, 0.0591 0.6299 0.0, 0.0552 0.6303 0.0787, 0.0552 0.6303 0.0, 0.0515 0.6314 0.0787, 0.0515 0.6314 0.0, 0.0481 0.6332 0.0787, 0.0481 0.6332 0.0, 0.0451 0.6357 0.0787, 0.0451 0.6357 0.0, 0.0427 0.6387 0.0787, 0.0427 0.6387 0.0, 0.0409 0.6421 0.0787, 0.0409 0.6421 0.0, 0.0397 0.6458 0.0787, 0.0397 0.6458 0.0, 0.0394 0.6496 0.0787, 0.0394 0.6496 0.0, 0.0394 0.7677 0.0787, 0.0394 0.7677 0.0, 0.1083 -0.7874 0.0787, 0.1083 -0.7874 0.0, 0.1083 -0.7772 0.0787, 0.1083 -0.7772 0.0, 0.0492 -0.7874 0.0787, 0.0492 -0.7874 0.0, 0.0492 -0.7772 0.0787, 0.0492 -0.7772 0.0, 0.0398 -0.7677 0.0787, 0.0398 -0.7677 0.0, 0.0394 -0.7677 0.0787, 0.0394 -0.7677 0.0, 0.0394 -0.6496 0.0787, 0.0394 -0.6496 0.0, 0.0397 -0.6458 0.0787, 0.0397 -0.6458 0.0, 0.0409 -0.6421 0.0787, 0.0409 -0.6421 0.0, 0.0427 -0.6387 0.0787, 0.0427 -0.6387 0.0, 0.0451 -0.6357 0.0787, 0.0451 -0.6357 0.0, 0.0481 -0.6332 0.0787, 0.0481 -0.6332 0.0, 0.0515 -0.6314 0.0787, 0.0515 -0.6314 0.0, 0.0552 -0.6303 0.0787, 0.0552 -0.6303 0.0, 0.0591 -0.6299 0.0787, 0.0591 -0.6299 0.0, 0.0984 -0.6299 0.0787, 0.0984 -0.6299 0.0, 0.1023 -0.6303 0.0787, 0.1023 -0.6303 0.0, 0.106 -0.6314 0.0787, 0.106 -0.6314 0.0, 0.1094 -0.6332 0.0787, 0.1094 -0.6332 0.0, 0.1123 -0.6357 0.0787, 0.1123 -0.6357 0.0, 0.1148 -0.6387 0.0787, 0.1148 -0.6387 0.0, 0.1166 -0.6421 0.0787, 0.1166 -0.6421 0.0, 0.1177 -0.6458 0.0787, 0.1177 -0.6458 0.0, 0.1181 -0.6496 0.0787, 0.1181 -0.6496 0.0, 0.1181 -0.7677 0.0787, 0.1181 -0.7677 0.0, 0.1177 -0.7677 0.0787, 0.1177 -0.7677 0.0, 0.2067 0.7772 0.0787, 0.2067 0.7772 0.0, 0.1972 0.7677 0.0787, 0.1972 0.7677 0.0, 0.2067 0.7874 0.0787, 0.2067 0.7874 0.0, 0.2657 0.7874 0.0787, 0.2657 0.7874 0.0, 0.2657 0.7772 0.0787, 0.2657 0.7772 0.0, 0.2752 0.7677 0.0787, 0.2752 0.7677 0.0, 0.2756 0.7677 0.0787, 0.2756 0.7677 0.0, 0.2756 0.6496 0.0787, 0.2756 0.6496 0.0, 0.2752 0.6458 0.0787, 0.2752 0.6458 0.0, 0.2741 0.6421 0.0787, 0.2741 0.6421 0.0, 0.2723 0.6387 0.0787, 0.2723 0.6387 0.0, 0.2698 0.6357 0.0787, 0.2698 0.6357 0.0, 0.2668 0.6332 0.0787, 0.2668 0.6332 0.0, 0.2634 0.6314 0.0787, 0.2634 0.6314 0.0, 0.2597 0.6303 0.0787, 0.2597 0.6303 0.0, 0.2559 0.6299 0.0787, 0.2559 0.6299 0.0, 0.2165 0.6299 0.0787, 0.2165 0.6299 0.0, 0.2127 0.6303 0.0787, 0.2127 0.6303 0.0, 0.209 0.6314 0.0787, 0.209 0.6314 0.0, 0.2056 0.6332 0.0787, 0.2056 0.6332 0.0, 0.2026 0.6357 0.0787, 0.2026 0.6357 0.0, 0.2002 0.6387 0.0787, 0.2002 0.6387 0.0, 0.1983 0.6421 0.0787, 0.1983 0.6421 0.0, 0.1972 0.6458 0.0787, 0.1972 0.6458 0.0, 0.1969 0.6496 0.0787, 0.1969 0.6496 0.0, 0.1969 0.7677 0.0787, 0.1969 0.7677 0.0, 0.2657 -0.7874 0.0787, 0.2657 -0.7874 0.0, 0.2657 -0.7772 0.0787, 0.2657 -0.7772 0.0, 0.2067 -0.7874 0.0787, 0.2067 -0.7874 0.0, 0.2067 -0.7772 0.0787, 0.2067 -0.7772 0.0, 0.1972 -0.7677 0.0787, 0.1972 -0.7677 0.0, 0.1969 -0.7677 0.0787, 0.1969 -0.7677 0.0, 0.1969 -0.6496 0.0787, 0.1969 -0.6496 0.0, 0.1972 -0.6458 0.0787, 0.1972 -0.6458 0.0, 0.1983 -0.6421 0.0787, 0.1983 -0.6421 0.0, 0.2002 -0.6387 0.0787, 0.2002 -0.6387 0.0, 0.2026 -0.6357 0.0787, 0.2026 -0.6357 0.0, 0.2056 -0.6332 0.0787, 0.2056 -0.6332 0.0, 0.209 -0.6314 0.0787, 0.209 -0.6314 0.0, 0.2127 -0.6303 0.0787, 0.2127 -0.6303 0.0, 0.2165 -0.6299 0.0787, 0.2165 -0.6299 0.0, 0.2559 -0.6299 0.0787, 0.2559 -0.6299 0.0, 0.2597 -0.6303 0.0787, 0.2597 -0.6303 0.0, 0.2634 -0.6314 0.0787, 0.2634 -0.6314 0.0, 0.2668 -0.6332 0.0787, 0.2668 -0.6332 0.0, 0.2698 -0.6357 0.0787, 0.2698 -0.6357 0.0, 0.2723 -0.6387 0.0787, 0.2723 -0.6387 0.0, 0.2741 -0.6421 0.0787, 0.2741 -0.6421 0.0, 0.2752 -0.6458 0.0787, 0.2752 -0.6458 0.0, 0.2756 -0.6496 0.0787, 0.2756 -0.6496 0.0, 0.2756 -0.7677 0.0787, 0.2756 -0.7677 0.0, 0.2752 -0.7677 0.0787, 0.2752 -0.7677 0.0, 0.3642 0.7772 0.0787, 0.3642 0.7772 0.0, 0.3547 0.7677 0.0787, 0.3547 0.7677 0.0, 0.3642 0.7874 0.0787, 0.3642 0.7874 0.0, 0.4232 0.7874 0.0787, 0.4232 0.7874 0.0, 0.4232 0.7772 0.0787, 0.4232 0.7772 0.0, 0.4327 0.7677 0.0787, 0.4327 0.7677 0.0, 0.4331 0.7677 0.0787, 0.4331 0.7677 0.0, 0.4331 0.6496 0.0787, 0.4331 0.6496 0.0, 0.4327 0.6458 0.0787, 0.4327 0.6458 0.0, 0.4316 0.6421 0.0787, 0.4316 0.6421 0.0, 0.4298 0.6387 0.0787, 0.4298 0.6387 0.0, 0.4273 0.6357 0.0787, 0.4273 0.6357 0.0, 0.4243 0.6332 0.0787, 0.4243 0.6332 0.0, 0.4209 0.6314 0.0787, 0.4209 0.6314 0.0, 0.4172 0.6303 0.0787, 0.4172 0.6303 0.0, 0.4134 0.6299 0.0787, 0.4134 0.6299 0.0, 0.374 0.6299 0.0787, 0.374 0.6299 0.0, 0.3702 0.6303 0.0787, 0.3702 0.6303 0.0, 0.3665 0.6314 0.0787, 0.3665 0.6314 0.0, 0.3631 0.6332 0.0787, 0.3631 0.6332 0.0, 0.3601 0.6357 0.0787, 0.3601 0.6357 0.0, 0.3576 0.6387 0.0787, 0.3576 0.6387 0.0, 0.3558 0.6421 0.0787, 0.3558 0.6421 0.0, 0.3547 0.6458 0.0787, 0.3547 0.6458 0.0, 0.3543 0.6496 0.0787, 0.3543 0.6496 0.0, 0.3543 0.7677 0.0787, 0.3543 0.7677 0.0, 0.4232 -0.7874 0.0787, 0.4232 -0.7874 0.0, 0.4232 -0.7772 0.0787, 0.4232 -0.7772 0.0, 0.3642 -0.7874 0.0787, 0.3642 -0.7874 0.0, 0.3642 -0.7772 0.0787, 0.3642 -0.7772 0.0, 0.3547 -0.7677 0.0787, 0.3547 -0.7677 0.0, 0.3543 -0.7677 0.0787, 0.3543 -0.7677 0.0, 0.3543 -0.6496 0.0787, 0.3543 -0.6496 0.0, 0.3547 -0.6458 0.0787, 0.3547 -0.6458 0.0, 0.3558 -0.6421 0.0787, 0.3558 -0.6421 0.0, 0.3576 -0.6387 0.0787, 0.3576 -0.6387 0.0, 0.3601 -0.6357 0.0787, 0.3601 -0.6357 0.0, 0.3631 -0.6332 0.0787, 0.3631 -0.6332 0.0, 0.3665 -0.6314 0.0787, 0.3665 -0.6314 0.0, 0.3702 -0.6303 0.0787, 0.3702 -0.6303 0.0, 0.374 -0.6299 0.0787, 0.374 -0.6299 0.0, 0.4134 -0.6299 0.0787, 0.4134 -0.6299 0.0, 0.4172 -0.6303 0.0787, 0.4172 -0.6303 0.0, 0.4209 -0.6314 0.0787, 0.4209 -0.6314 0.0, 0.4243 -0.6332 0.0787, 0.4243 -0.6332 0.0, 0.4273 -0.6357 0.0787, 0.4273 -0.6357 0.0, 0.4298 -0.6387 0.0787, 0.4298 -0.6387 0.0, 0.4316 -0.6421 0.0787, 0.4316 -0.6421 0.0, 0.4327 -0.6458 0.0787, 0.4327 -0.6458 0.0, 0.4331 -0.6496 0.0787, 0.4331 -0.6496 0.0, 0.4331 -0.7677 0.0787, 0.4331 -0.7677 0.0, 0.4327 -0.7677 0.0787, 0.4327 -0.7677 0.0, 0.5217 0.7772 0.0787, 0.5217 0.7772 0.0, 0.5122 0.7677 0.0787, 0.5122 0.7677 0.0, 0.5217 0.7874 0.0787, 0.5217 0.7874 0.0, 0.5807 0.7874 0.0787, 0.5807 0.7874 0.0, 0.5807 0.7772 0.0787, 0.5807 0.7772 0.0, 0.5902 0.7677 0.0787, 0.5902 0.7677 0.0, 0.5906 0.7677 0.0787, 0.5906 0.7677 0.0, 0.5906 0.6496 0.0787, 0.5906 0.6496 0.0, 0.5902 0.6458 0.0787, 0.5902 0.6458 0.0, 0.5891 0.6421 0.0787, 0.5891 0.6421 0.0, 0.5872 0.6387 0.0787, 0.5872 0.6387 0.0, 0.5848 0.6357 0.0787, 0.5848 0.6357 0.0, 0.5818 0.6332 0.0787, 0.5818 0.6332 0.0, 0.5784 0.6314 0.0787, 0.5784 0.6314 0.0, 0.5747 0.6303 0.0787, 0.5747 0.6303 0.0, 0.5709 0.6299 0.0787, 0.5709 0.6299 0.0, 0.5315 0.6299 0.0787, 0.5315 0.6299 0.0, 0.5277 0.6303 0.0787, 0.5277 0.6303 0.0, 0.524 0.6314 0.0787, 0.524 0.6314 0.0, 0.5206 0.6332 0.0787, 0.5206 0.6332 0.0, 0.5176 0.6357 0.0787, 0.5176 0.6357 0.0, 0.5151 0.6387 0.0787, 0.5151 0.6387 0.0, 0.5133 0.6421 0.0787, 0.5133 0.6421 0.0, 0.5122 0.6458 0.0787, 0.5122 0.6458 0.0, 0.5118 0.6496 0.0787, 0.5118 0.6496 0.0, 0.5118 0.7677 0.0787, 0.5118 0.7677 0.0, 0.5807 -0.7874 0.0787, 0.5807 -0.7874 0.0, 0.5807 -0.7772 0.0787, 0.5807 -0.7772 0.0, 0.5217 -0.7874 0.0787, 0.5217 -0.7874 0.0, 0.5217 -0.7772 0.0787, 0.5217 -0.7772 0.0, 0.5122 -0.7677 0.0787, 0.5122 -0.7677 0.0, 0.5118 -0.7677 0.0787, 0.5118 -0.7677 0.0, 0.5118 -0.6496 0.0787, 0.5118 -0.6496 0.0, 0.5122 -0.6458 0.0787, 0.5122 -0.6458 0.0, 0.5133 -0.6421 0.0787, 0.5133 -0.6421 0.0, 0.5151 -0.6387 0.0787, 0.5151 -0.6387 0.0, 0.5176 -0.6357 0.0787, 0.5176 -0.6357 0.0, 0.5206 -0.6332 0.0787, 0.5206 -0.6332 0.0, 0.524 -0.6314 0.0787, 0.524 -0.6314 0.0, 0.5277 -0.6303 0.0787, 0.5277 -0.6303 0.0, 0.5315 -0.6299 0.0787, 0.5315 -0.6299 0.0, 0.5709 -0.6299 0.0787, 0.5709 -0.6299 0.0, 0.5747 -0.6303 0.0787, 0.5747 -0.6303 0.0, 0.5784 -0.6314 0.0787, 0.5784 -0.6314 0.0, 0.5818 -0.6332 0.0787, 0.5818 -0.6332 0.0, 0.5848 -0.6357 0.0787, 0.5848 -0.6357 0.0, 0.5872 -0.6387 0.0787, 0.5872 -0.6387 0.0, 0.5891 -0.6421 0.0787, 0.5891 -0.6421 0.0, 0.5902 -0.6458 0.0787, 0.5902 -0.6458 0.0, 0.5906 -0.6496 0.0787, 0.5906 -0.6496 0.0, 0.5906 -0.7677 0.0787, 0.5906 -0.7677 0.0, 0.5902 -0.7677 0.0787, 0.5902 -0.7677 0.0, 0.6791 0.7772 0.0787, 0.6791 0.7772 0.0, 0.6697 0.7677 0.0787, 0.6697 0.7677 0.0, 0.6791 0.7874 0.0787, 0.6791 0.7874 0.0, 0.7382 0.7874 0.0787, 0.7382 0.7874 0.0, 0.7382 0.7772 0.0787, 0.7382 0.7772 0.0, 0.7476 0.7677 0.0787, 0.7476 0.7677 0.0, 0.748 0.7677 0.0787, 0.748 0.7677 0.0, 0.748 0.6496 0.0787, 0.748 0.6496 0.0, 0.7477 0.6458 0.0787, 0.7477 0.6458 0.0, 0.7465 0.6421 0.0787, 0.7465 0.6421 0.0, 0.7447 0.6387 0.0787, 0.7447 0.6387 0.0, 0.7423 0.6357 0.0787, 0.7423 0.6357 0.0, 0.7393 0.6332 0.0787, 0.7393 0.6332 0.0, 0.7359 0.6314 0.0787, 0.7359 0.6314 0.0, 0.7322 0.6303 0.0787, 0.7322 0.6303 0.0, 0.7283 0.6299 0.0787, 0.7283 0.6299 0.0, 0.689 0.6299 0.0787, 0.689 0.6299 0.0, 0.6851 0.6303 0.0787, 0.6851 0.6303 0.0, 0.6814 0.6314 0.0787, 0.6814 0.6314 0.0, 0.678 0.6332 0.0787, 0.678 0.6332 0.0, 0.6751 0.6357 0.0787, 0.6751 0.6357 0.0, 0.6726 0.6387 0.0787, 0.6726 0.6387 0.0, 0.6708 0.6421 0.0787, 0.6708 0.6421 0.0, 0.6697 0.6458 0.0787, 0.6697 0.6458 0.0, 0.6693 0.6496 0.0787, 0.6693 0.6496 0.0, 0.6693 0.7677 0.0787, 0.6693 0.7677 0.0, 0.7382 -0.7874 0.0787, 0.7382 -0.7874 0.0, 0.7382 -0.7772 0.0787, 0.7382 -0.7772 0.0, 0.6791 -0.7874 0.0787, 0.6791 -0.7874 0.0, 0.6791 -0.7772 0.0787, 0.6791 -0.7772 0.0, 0.6697 -0.7677 0.0787, 0.6697 -0.7677 0.0, 0.6693 -0.7677 0.0787, 0.6693 -0.7677 0.0, 0.6693 -0.6496 0.0787, 0.6693 -0.6496 0.0, 0.6697 -0.6458 0.0787, 0.6697 -0.6458 0.0, 0.6708 -0.6421 0.0787, 0.6708 -0.6421 0.0, 0.6726 -0.6387 0.0787, 0.6726 -0.6387 0.0, 0.6751 -0.6357 0.0787, 0.6751 -0.6357 0.0, 0.678 -0.6332 0.0787, 0.678 -0.6332 0.0, 0.6814 -0.6314 0.0787, 0.6814 -0.6314 0.0, 0.6851 -0.6303 0.0787, 0.6851 -0.6303 0.0, 0.689 -0.6299 0.0787, 0.689 -0.6299 0.0, 0.7283 -0.6299 0.0787, 0.7283 -0.6299 0.0, 0.7322 -0.6303 0.0787, 0.7322 -0.6303 0.0, 0.7359 -0.6314 0.0787, 0.7359 -0.6314 0.0, 0.7393 -0.6332 0.0787, 0.7393 -0.6332 0.0, 0.7423 -0.6357 0.0787, 0.7423 -0.6357 0.0, 0.7447 -0.6387 0.0787, 0.7447 -0.6387 0.0, 0.7465 -0.6421 0.0787, 0.7465 -0.6421 0.0, 0.7477 -0.6458 0.0787, 0.7477 -0.6458 0.0, 0.748 -0.6496 0.0787, 0.748 -0.6496 0.0, 0.748 -0.7677 0.0787, 0.748 -0.7677 0.0, 0.7476 -0.7677 0.0787, 0.7476 -0.7677 0.0, 0.8366 0.7772 0.0787, 0.8366 0.7772 0.0, 0.8272 0.7677 0.0787, 0.8272 0.7677 0.0, 0.8366 0.7874 0.0787, 0.8366 0.7874 0.0, 0.8957 0.7874 0.0787, 0.8957 0.7874 0.0, 0.8957 0.7772 0.0787, 0.8957 0.7772 0.0, 0.9051 0.7677 0.0787, 0.9051 0.7677 0.0, 0.9055 0.7677 0.0787, 0.9055 0.7677 0.0, 0.9055 0.6496 0.0787, 0.9055 0.6496 0.0, 0.9051 0.6458 0.0787, 0.9051 0.6458 0.0, 0.904 0.6421 0.0787, 0.904 0.6421 0.0, 0.9022 0.6387 0.0787, 0.9022 0.6387 0.0, 0.8997 0.6357 0.0787, 0.8997 0.6357 0.0, 0.8968 0.6332 0.0787, 0.8968 0.6332 0.0, 0.8934 0.6314 0.0787, 0.8934 0.6314 0.0, 0.8897 0.6303 0.0787, 0.8897 0.6303 0.0, 0.8858 0.6299 0.0787, 0.8858 0.6299 0.0, 0.8465 0.6299 0.0787, 0.8465 0.6299 0.0, 0.8426 0.6303 0.0787, 0.8426 0.6303 0.0, 0.8389 0.6314 0.0787, 0.8389 0.6314 0.0, 0.8355 0.6332 0.0787, 0.8355 0.6332 0.0, 0.8325 0.6357 0.0787, 0.8325 0.6357 0.0, 0.8301 0.6387 0.0787, 0.8301 0.6387 0.0, 0.8283 0.6421 0.0787, 0.8283 0.6421 0.0, 0.8271 0.6458 0.0787, 0.8271 0.6458 0.0, 0.8268 0.6496 0.0787, 0.8268 0.6496 0.0, 0.8268 0.7677 0.0787, 0.8268 0.7677 0.0, 0.8957 -0.7874 0.0787, 0.8957 -0.7874 0.0, 0.8957 -0.7772 0.0787, 0.8957 -0.7772 0.0, 0.8366 -0.7874 0.0787, 0.8366 -0.7874 0.0, 0.8366 -0.7772 0.0787, 0.8366 -0.7772 0.0, 0.8272 -0.7677 0.0787, 0.8272 -0.7677 0.0, 0.8268 -0.7677 0.0787, 0.8268 -0.7677 0.0, 0.8268 -0.6496 0.0787, 0.8268 -0.6496 0.0, 0.8271 -0.6458 0.0787, 0.8271 -0.6458 0.0, 0.8283 -0.6421 0.0787, 0.8283 -0.6421 0.0, 0.8301 -0.6387 0.0787, 0.8301 -0.6387 0.0, 0.8325 -0.6357 0.0787, 0.8325 -0.6357 0.0, 0.8355 -0.6332 0.0787, 0.8355 -0.6332 0.0, 0.8389 -0.6314 0.0787, 0.8389 -0.6314 0.0, 0.8426 -0.6303 0.0787, 0.8426 -0.6303 0.0, 0.8465 -0.6299 0.0787, 0.8465 -0.6299 0.0, 0.8858 -0.6299 0.0787, 0.8858 -0.6299 0.0, 0.8897 -0.6303 0.0787, 0.8897 -0.6303 0.0, 0.8934 -0.6314 0.0787, 0.8934 -0.6314 0.0, 0.8968 -0.6332 0.0787, 0.8968 -0.6332 0.0, 0.8997 -0.6357 0.0787, 0.8997 -0.6357 0.0, 0.9022 -0.6387 0.0787, 0.9022 -0.6387 0.0, 0.904 -0.6421 0.0787, 0.904 -0.6421 0.0, 0.9051 -0.6458 0.0787, 0.9051 -0.6458 0.0, 0.9055 -0.6496 0.0787, 0.9055 -0.6496 0.0, 0.9055 -0.7677 0.0787, 0.9055 -0.7677 0.0, 0.9051 -0.7677 0.0787, 0.9051 -0.7677 0.0, -1.0236 0.5315 0.0, -1.0236 0.5315 0.0787, -1.024 0.5277 0.0787, -1.024 0.5277 0.0, -1.0251 0.524 0.0787, -1.0251 0.524 0.0, -1.0269 0.5206 0.0787, -1.0269 0.5206 0.0, -1.0294 0.5176 0.0787, -1.0294 0.5176 0.0, -1.0324 0.5151 0.0787, -1.0324 0.5151 0.0, -1.0358 0.5133 0.0787, -1.0358 0.5133 0.0, -1.0395 0.5122 0.0787, -1.0395 0.5122 0.0, -1.0433 0.5118 0.0787, -1.0433 0.5118 0.0, -1.1614 0.5118 0.0787, -1.1614 0.5118 0.0, -1.1614 0.5122 0.0787, -1.1614 0.5122 0.0, -1.1709 0.5217 0.0787, -1.1709 0.5217 0.0, -1.1811 0.5217 0.0787, -1.1811 0.5217 0.0, -1.1811 0.5807 0.0787, -1.1811 0.5807 0.0, -1.1709 0.5807 0.0787, -1.1709 0.5807 0.0, -1.1614 0.5902 0.0787, -1.1614 0.5902 0.0, -1.1614 0.5906 0.0787, -1.1614 0.5906 0.0, -1.0433 0.5906 0.0787, -1.0433 0.5906 0.0, -1.0395 0.5902 0.0787, -1.0395 0.5902 0.0, -1.0358 0.5891 0.0787, -1.0358 0.5891 0.0, -1.0324 0.5872 0.0787, -1.0324 0.5872 0.0, -1.0294 0.5848 0.0787, -1.0294 0.5848 0.0, -1.0269 0.5818 0.0787, -1.0269 0.5818 0.0, -1.0251 0.5784 0.0787, -1.0251 0.5784 0.0, -1.024 0.5747 0.0787, -1.024 0.5747 0.0, -1.0236 0.5709 0.0787, -1.0236 0.5709 0.0, 1.0236 0.5709 0.0, 1.0236 0.5709 0.0787, 1.024 0.5747 0.0787, 1.024 0.5747 0.0, 1.0251 0.5784 0.0787, 1.0251 0.5784 0.0, 1.0269 0.5818 0.0787, 1.0269 0.5818 0.0, 1.0294 0.5848 0.0787, 1.0294 0.5848 0.0, 1.0324 0.5872 0.0787, 1.0324 0.5872 0.0, 1.0358 0.5891 0.0787, 1.0358 0.5891 0.0, 1.0395 0.5902 0.0787, 1.0395 0.5902 0.0, 1.0433 0.5906 0.0787, 1.0433 0.5906 0.0, 1.1614 0.5906 0.0787, 1.1614 0.5906 0.0, 1.1614 0.5902 0.0787, 1.1614 0.5902 0.0, 1.1709 0.5807 0.0787, 1.1709 0.5807 0.0, 1.1811 0.5807 0.0787, 1.1811 0.5807 0.0, 1.1811 0.5217 0.0787, 1.1811 0.5217 0.0, 1.1709 0.5217 0.0787, 1.1709 0.5217 0.0, 1.1614 0.5122 0.0787, 1.1614 0.5122 0.0, 1.1614 0.5118 0.0787, 1.1614 0.5118 0.0, 1.0433 0.5118 0.0787, 1.0433 0.5118 0.0, 1.0395 0.5122 0.0787, 1.0395 0.5122 0.0, 1.0358 0.5133 0.0787, 1.0358 0.5133 0.0, 1.0324 0.5151 0.0787, 1.0324 0.5151 0.0, 1.0294 0.5176 0.0787, 1.0294 0.5176 0.0, 1.0269 0.5206 0.0787, 1.0269 0.5206 0.0, 1.0251 0.524 0.0787, 1.0251 0.524 0.0, 1.024 0.5277 0.0787, 1.024 0.5277 0.0, 1.0236 0.5315 0.0787, 1.0236 0.5315 0.0, -1.0236 0.374 0.0, -1.0236 0.374 0.0787, -1.024 0.3702 0.0787, -1.024 0.3702 0.0, -1.0251 0.3665 0.0787, -1.0251 0.3665 0.0, -1.0269 0.3631 0.0787, -1.0269 0.3631 0.0, -1.0294 0.3601 0.0787, -1.0294 0.3601 0.0, -1.0324 0.3576 0.0787, -1.0324 0.3576 0.0, -1.0358 0.3558 0.0787, -1.0358 0.3558 0.0, -1.0395 0.3547 0.0787, -1.0395 0.3547 0.0, -1.0433 0.3543 0.0787, -1.0433 0.3543 0.0, -1.1614 0.3543 0.0787, -1.1614 0.3543 0.0, -1.1614 0.3547 0.0787, -1.1614 0.3547 0.0, -1.1709 0.3642 0.0787, -1.1709 0.3642 0.0, -1.1811 0.3642 0.0787, -1.1811 0.3642 0.0, -1.1811 0.4232 0.0787, -1.1811 0.4232 0.0, -1.1709 0.4232 0.0787, -1.1709 0.4232 0.0, -1.1614 0.4327 0.0787, -1.1614 0.4327 0.0, -1.1614 0.4331 0.0787, -1.1614 0.4331 0.0, -1.0433 0.4331 0.0787, -1.0433 0.4331 0.0, -1.0395 0.4327 0.0787, -1.0395 0.4327 0.0, -1.0358 0.4316 0.0787, -1.0358 0.4316 0.0, -1.0324 0.4298 0.0787, -1.0324 0.4298 0.0, -1.0294 0.4273 0.0787, -1.0294 0.4273 0.0, -1.0269 0.4243 0.0787, -1.0269 0.4243 0.0, -1.0251 0.4209 0.0787, -1.0251 0.4209 0.0, -1.024 0.4172 0.0787, -1.024 0.4172 0.0, -1.0236 0.4134 0.0787, -1.0236 0.4134 0.0, 1.0236 0.4134 0.0, 1.0236 0.4134 0.0787, 1.024 0.4172 0.0787, 1.024 0.4172 0.0, 1.0251 0.4209 0.0787, 1.0251 0.4209 0.0, 1.0269 0.4243 0.0787, 1.0269 0.4243 0.0, 1.0294 0.4273 0.0787, 1.0294 0.4273 0.0, 1.0324 0.4298 0.0787, 1.0324 0.4298 0.0, 1.0358 0.4316 0.0787, 1.0358 0.4316 0.0, 1.0395 0.4327 0.0787, 1.0395 0.4327 0.0, 1.0433 0.4331 0.0787, 1.0433 0.4331 0.0, 1.1614 0.4331 0.0787, 1.1614 0.4331 0.0, 1.1614 0.4327 0.0787, 1.1614 0.4327 0.0, 1.1709 0.4232 0.0787, 1.1709 0.4232 0.0, 1.1811 0.4232 0.0787, 1.1811 0.4232 0.0, 1.1811 0.3642 0.0787, 1.1811 0.3642 0.0, 1.1709 0.3642 0.0787, 1.1709 0.3642 0.0, 1.1614 0.3547 0.0787, 1.1614 0.3547 0.0, 1.1614 0.3543 0.0787, 1.1614 0.3543 0.0, 1.0433 0.3543 0.0787, 1.0433 0.3543 0.0, 1.0395 0.3547 0.0787, 1.0395 0.3547 0.0, 1.0358 0.3558 0.0787, 1.0358 0.3558 0.0, 1.0324 0.3576 0.0787, 1.0324 0.3576 0.0, 1.0294 0.3601 0.0787, 1.0294 0.3601 0.0, 1.0269 0.3631 0.0787, 1.0269 0.3631 0.0, 1.0251 0.3665 0.0787, 1.0251 0.3665 0.0, 1.024 0.3702 0.0787, 1.024 0.3702 0.0, 1.0236 0.374 0.0787, 1.0236 0.374 0.0, -1.0236 0.2165 0.0, -1.0236 0.2165 0.0787, -1.024 0.2127 0.0787, -1.024 0.2127 0.0, -1.0251 0.209 0.0787, -1.0251 0.209 0.0, -1.0269 0.2056 0.0787, -1.0269 0.2056 0.0, -1.0294 0.2026 0.0787, -1.0294 0.2026 0.0, -1.0324 0.2002 0.0787, -1.0324 0.2002 0.0, -1.0358 0.1983 0.0787, -1.0358 0.1983 0.0, -1.0395 0.1972 0.0787, -1.0395 0.1972 0.0, -1.0433 0.1969 0.0787, -1.0433 0.1969 0.0, -1.1614 0.1969 0.0787, -1.1614 0.1969 0.0, -1.1614 0.1972 0.0787, -1.1614 0.1972 0.0, -1.1709 0.2067 0.0787, -1.1709 0.2067 0.0, -1.1811 0.2067 0.0787, -1.1811 0.2067 0.0, -1.1811 0.2657 0.0787, -1.1811 0.2657 0.0, -1.1709 0.2657 0.0787, -1.1709 0.2657 0.0, -1.1614 0.2752 0.0787, -1.1614 0.2752 0.0, -1.1614 0.2756 0.0787, -1.1614 0.2756 0.0, -1.0433 0.2756 0.0787, -1.0433 0.2756 0.0, -1.0395 0.2752 0.0787, -1.0395 0.2752 0.0, -1.0358 0.2741 0.0787, -1.0358 0.2741 0.0, -1.0324 0.2723 0.0787, -1.0324 0.2723 0.0, -1.0294 0.2698 0.0787, -1.0294 0.2698 0.0, -1.0269 0.2668 0.0787, -1.0269 0.2668 0.0, -1.0251 0.2634 0.0787, -1.0251 0.2634 0.0, -1.024 0.2597 0.0787, -1.024 0.2597 0.0, -1.0236 0.2559 0.0787, -1.0236 0.2559 0.0, 1.0236 0.2559 0.0, 1.0236 0.2559 0.0787, 1.024 0.2597 0.0787, 1.024 0.2597 0.0, 1.0251 0.2634 0.0787, 1.0251 0.2634 0.0, 1.0269 0.2668 0.0787, 1.0269 0.2668 0.0, 1.0294 0.2698 0.0787, 1.0294 0.2698 0.0, 1.0324 0.2723 0.0787, 1.0324 0.2723 0.0, 1.0358 0.2741 0.0787, 1.0358 0.2741 0.0, 1.0395 0.2752 0.0787, 1.0395 0.2752 0.0, 1.0433 0.2756 0.0787, 1.0433 0.2756 0.0, 1.1614 0.2756 0.0787, 1.1614 0.2756 0.0, 1.1614 0.2752 0.0787, 1.1614 0.2752 0.0, 1.1709 0.2657 0.0787, 1.1709 0.2657 0.0, 1.1811 0.2657 0.0787, 1.1811 0.2657 0.0, 1.1811 0.2067 0.0787, 1.1811 0.2067 0.0, 1.1709 0.2067 0.0787, 1.1709 0.2067 0.0, 1.1614 0.1972 0.0787, 1.1614 0.1972 0.0, 1.1614 0.1969 0.0787, 1.1614 0.1969 0.0, 1.0433 0.1969 0.0787, 1.0433 0.1969 0.0, 1.0395 0.1972 0.0787, 1.0395 0.1972 0.0, 1.0358 0.1983 0.0787, 1.0358 0.1983 0.0, 1.0324 0.2002 0.0787, 1.0324 0.2002 0.0, 1.0294 0.2026 0.0787, 1.0294 0.2026 0.0, 1.0269 0.2056 0.0787, 1.0269 0.2056 0.0, 1.0251 0.209 0.0787, 1.0251 0.209 0.0, 1.024 0.2127 0.0787, 1.024 0.2127 0.0, 1.0236 0.2165 0.0787, 1.0236 0.2165 0.0, -1.0236 0.0591 0.0, -1.0236 0.0591 0.0787, -1.024 0.0552 0.0787, -1.024 0.0552 0.0, -1.0251 0.0515 0.0787, -1.0251 0.0515 0.0, -1.0269 0.0481 0.0787, -1.0269 0.0481 0.0, -1.0294 0.0451 0.0787, -1.0294 0.0451 0.0, -1.0324 0.0427 0.0787, -1.0324 0.0427 0.0, -1.0358 0.0409 0.0787, -1.0358 0.0409 0.0, -1.0395 0.0397 0.0787, -1.0395 0.0397 0.0, -1.0433 0.0394 0.0787, -1.0433 0.0394 0.0, -1.1614 0.0394 0.0787, -1.1614 0.0394 0.0, -1.1614 0.0398 0.0787, -1.1614 0.0398 0.0, -1.1709 0.0492 0.0787, -1.1709 0.0492 0.0, -1.1811 0.0492 0.0787, -1.1811 0.0492 0.0, -1.1811 0.1083 0.0787, -1.1811 0.1083 0.0, -1.1709 0.1083 0.0787, -1.1709 0.1083 0.0, -1.1614 0.1177 0.0787, -1.1614 0.1177 0.0, -1.1614 0.1181 0.0787, -1.1614 0.1181 0.0, -1.0433 0.1181 0.0787, -1.0433 0.1181 0.0, -1.0395 0.1177 0.0787, -1.0395 0.1177 0.0, -1.0358 0.1166 0.0787, -1.0358 0.1166 0.0, -1.0324 0.1148 0.0787, -1.0324 0.1148 0.0, -1.0294 0.1123 0.0787, -1.0294 0.1123 0.0, -1.0269 0.1094 0.0787, -1.0269 0.1094 0.0, -1.0251 0.106 0.0787, -1.0251 0.106 0.0, -1.024 0.1023 0.0787, -1.024 0.1023 0.0, -1.0236 0.0984 0.0787, -1.0236 0.0984 0.0, 1.0236 0.0984 0.0, 1.0236 0.0984 0.0787, 1.024 0.1023 0.0787, 1.024 0.1023 0.0, 1.0251 0.106 0.0787, 1.0251 0.106 0.0, 1.0269 0.1094 0.0787, 1.0269 0.1094 0.0, 1.0294 0.1123 0.0787, 1.0294 0.1123 0.0, 1.0324 0.1148 0.0787, 1.0324 0.1148 0.0, 1.0358 0.1166 0.0787, 1.0358 0.1166 0.0, 1.0395 0.1177 0.0787, 1.0395 0.1177 0.0, 1.0433 0.1181 0.0787, 1.0433 0.1181 0.0, 1.1614 0.1181 0.0787, 1.1614 0.1181 0.0, 1.1614 0.1177 0.0787, 1.1614 0.1177 0.0, 1.1709 0.1083 0.0787, 1.1709 0.1083 0.0, 1.1811 0.1083 0.0787, 1.1811 0.1083 0.0, 1.1811 0.0492 0.0787, 1.1811 0.0492 0.0, 1.1709 0.0492 0.0787, 1.1709 0.0492 0.0, 1.1614 0.0398 0.0787, 1.1614 0.0398 0.0, 1.1614 0.0394 0.0787, 1.1614 0.0394 0.0, 1.0433 0.0394 0.0787, 1.0433 0.0394 0.0, 1.0395 0.0397 0.0787, 1.0395 0.0397 0.0, 1.0358 0.0409 0.0787, 1.0358 0.0409 0.0, 1.0324 0.0427 0.0787, 1.0324 0.0427 0.0, 1.0294 0.0451 0.0787, 1.0294 0.0451 0.0, 1.0269 0.0481 0.0787, 1.0269 0.0481 0.0, 1.0251 0.0515 0.0787, 1.0251 0.0515 0.0, 1.024 0.0552 0.0787, 1.024 0.0552 0.0, 1.0236 0.0591 0.0787, 1.0236 0.0591 0.0, -1.0236 -0.0984 0.0, -1.0236 -0.0984 0.0787, -1.024 -0.1023 0.0787, -1.024 -0.1023 0.0, -1.0251 -0.106 0.0787, -1.0251 -0.106 0.0, -1.0269 -0.1094 0.0787, -1.0269 -0.1094 0.0, -1.0294 -0.1123 0.0787, -1.0294 -0.1123 0.0, -1.0324 -0.1148 0.0787, -1.0324 -0.1148 0.0, -1.0358 -0.1166 0.0787, -1.0358 -0.1166 0.0, -1.0395 -0.1177 0.0787, -1.0395 -0.1177 0.0, -1.0433 -0.1181 0.0787, -1.0433 -0.1181 0.0, -1.1614 -0.1181 0.0787, -1.1614 -0.1181 0.0, -1.1614 -0.1177 0.0787, -1.1614 -0.1177 0.0, -1.1709 -0.1083 0.0787, -1.1709 -0.1083 0.0, -1.1811 -0.1083 0.0787, -1.1811 -0.1083 0.0, -1.1811 -0.0492 0.0787, -1.1811 -0.0492 0.0, -1.1709 -0.0492 0.0787, -1.1709 -0.0492 0.0, -1.1614 -0.0398 0.0787, -1.1614 -0.0398 0.0, -1.1614 -0.0394 0.0787, -1.1614 -0.0394 0.0, -1.0433 -0.0394 0.0787, -1.0433 -0.0394 0.0, -1.0395 -0.0397 0.0787, -1.0395 -0.0397 0.0, -1.0358 -0.0409 0.0787, -1.0358 -0.0409 0.0, -1.0324 -0.0427 0.0787, -1.0324 -0.0427 0.0, -1.0294 -0.0451 0.0787, -1.0294 -0.0451 0.0, -1.0269 -0.0481 0.0787, -1.0269 -0.0481 0.0, -1.0251 -0.0515 0.0787, -1.0251 -0.0515 0.0, -1.024 -0.0552 0.0787, -1.024 -0.0552 0.0, -1.0236 -0.0591 0.0787, -1.0236 -0.0591 0.0, 1.0236 -0.0591 0.0, 1.0236 -0.0591 0.0787, 1.024 -0.0552 0.0787, 1.024 -0.0552 0.0, 1.0251 -0.0515 0.0787, 1.0251 -0.0515 0.0, 1.0269 -0.0481 0.0787, 1.0269 -0.0481 0.0, 1.0294 -0.0451 0.0787, 1.0294 -0.0451 0.0, 1.0324 -0.0427 0.0787, 1.0324 -0.0427 0.0, 1.0358 -0.0409 0.0787, 1.0358 -0.0409 0.0, 1.0395 -0.0397 0.0787, 1.0395 -0.0397 0.0, 1.0433 -0.0394 0.0787, 1.0433 -0.0394 0.0, 1.1614 -0.0394 0.0787, 1.1614 -0.0394 0.0, 1.1614 -0.0398 0.0787, 1.1614 -0.0398 0.0, 1.1709 -0.0492 0.0787, 1.1709 -0.0492 0.0, 1.1811 -0.0492 0.0787, 1.1811 -0.0492 0.0, 1.1811 -0.1083 0.0787, 1.1811 -0.1083 0.0, 1.1709 -0.1083 0.0787, 1.1709 -0.1083 0.0, 1.1614 -0.1177 0.0787, 1.1614 -0.1177 0.0, 1.1614 -0.1181 0.0787, 1.1614 -0.1181 0.0, 1.0433 -0.1181 0.0787, 1.0433 -0.1181 0.0, 1.0395 -0.1177 0.0787, 1.0395 -0.1177 0.0, 1.0358 -0.1166 0.0787, 1.0358 -0.1166 0.0, 1.0324 -0.1148 0.0787, 1.0324 -0.1148 0.0, 1.0294 -0.1123 0.0787, 1.0294 -0.1123 0.0, 1.0269 -0.1094 0.0787, 1.0269 -0.1094 0.0, 1.0251 -0.106 0.0787, 1.0251 -0.106 0.0, 1.024 -0.1023 0.0787, 1.024 -0.1023 0.0, 1.0236 -0.0984 0.0787, 1.0236 -0.0984 0.0, -1.0236 -0.2559 0.0, -1.0236 -0.2559 0.0787, -1.024 -0.2597 0.0787, -1.024 -0.2597 0.0, -1.0251 -0.2634 0.0787, -1.0251 -0.2634 0.0, -1.0269 -0.2668 0.0787, -1.0269 -0.2668 0.0, -1.0294 -0.2698 0.0787, -1.0294 -0.2698 0.0, -1.0324 -0.2723 0.0787, -1.0324 -0.2723 0.0, -1.0358 -0.2741 0.0787, -1.0358 -0.2741 0.0, -1.0395 -0.2752 0.0787, -1.0395 -0.2752 0.0, -1.0433 -0.2756 0.0787, -1.0433 -0.2756 0.0, -1.1614 -0.2756 0.0787, -1.1614 -0.2756 0.0, -1.1614 -0.2752 0.0787, -1.1614 -0.2752 0.0, -1.1709 -0.2657 0.0787, -1.1709 -0.2657 0.0, -1.1811 -0.2657 0.0787, -1.1811 -0.2657 0.0, -1.1811 -0.2067 0.0787, -1.1811 -0.2067 0.0, -1.1709 -0.2067 0.0787, -1.1709 -0.2067 0.0, -1.1614 -0.1972 0.0787, -1.1614 -0.1972 0.0, -1.1614 -0.1969 0.0787, -1.1614 -0.1969 0.0, -1.0433 -0.1969 0.0787, -1.0433 -0.1969 0.0, -1.0395 -0.1972 0.0787, -1.0395 -0.1972 0.0, -1.0358 -0.1983 0.0787, -1.0358 -0.1983 0.0, -1.0324 -0.2002 0.0787, -1.0324 -0.2002 0.0, -1.0294 -0.2026 0.0787, -1.0294 -0.2026 0.0, -1.0269 -0.2056 0.0787, -1.0269 -0.2056 0.0, -1.0251 -0.209 0.0787, -1.0251 -0.209 0.0, -1.024 -0.2127 0.0787, -1.024 -0.2127 0.0, -1.0236 -0.2165 0.0787, -1.0236 -0.2165 0.0, 1.0236 -0.2165 0.0, 1.0236 -0.2165 0.0787, 1.024 -0.2127 0.0787, 1.024 -0.2127 0.0, 1.0251 -0.209 0.0787, 1.0251 -0.209 0.0, 1.0269 -0.2056 0.0787, 1.0269 -0.2056 0.0, 1.0294 -0.2026 0.0787, 1.0294 -0.2026 0.0, 1.0324 -0.2002 0.0787, 1.0324 -0.2002 0.0, 1.0358 -0.1983 0.0787, 1.0358 -0.1983 0.0, 1.0395 -0.1972 0.0787, 1.0395 -0.1972 0.0, 1.0433 -0.1969 0.0787, 1.0433 -0.1969 0.0, 1.1614 -0.1969 0.0787, 1.1614 -0.1969 0.0, 1.1614 -0.1972 0.0787, 1.1614 -0.1972 0.0, 1.1709 -0.2067 0.0787, 1.1709 -0.2067 0.0, 1.1811 -0.2067 0.0787, 1.1811 -0.2067 0.0, 1.1811 -0.2657 0.0787, 1.1811 -0.2657 0.0, 1.1709 -0.2657 0.0787, 1.1709 -0.2657 0.0, 1.1614 -0.2752 0.0787, 1.1614 -0.2752 0.0, 1.1614 -0.2756 0.0787, 1.1614 -0.2756 0.0, 1.0433 -0.2756 0.0787, 1.0433 -0.2756 0.0, 1.0395 -0.2752 0.0787, 1.0395 -0.2752 0.0, 1.0358 -0.2741 0.0787, 1.0358 -0.2741 0.0, 1.0324 -0.2723 0.0787, 1.0324 -0.2723 0.0, 1.0294 -0.2698 0.0787, 1.0294 -0.2698 0.0, 1.0269 -0.2668 0.0787, 1.0269 -0.2668 0.0, 1.0251 -0.2634 0.0787, 1.0251 -0.2634 0.0, 1.024 -0.2597 0.0787, 1.024 -0.2597 0.0, 1.0236 -0.2559 0.0787, 1.0236 -0.2559 0.0, -1.0236 -0.4134 0.0, -1.0236 -0.4134 0.0787, -1.024 -0.4172 0.0787, -1.024 -0.4172 0.0, -1.0251 -0.4209 0.0787, -1.0251 -0.4209 0.0, -1.0269 -0.4243 0.0787, -1.0269 -0.4243 0.0, -1.0294 -0.4273 0.0787, -1.0294 -0.4273 0.0, -1.0324 -0.4298 0.0787, -1.0324 -0.4298 0.0, -1.0358 -0.4316 0.0787, -1.0358 -0.4316 0.0, -1.0395 -0.4327 0.0787, -1.0395 -0.4327 0.0, -1.0433 -0.4331 0.0787, -1.0433 -0.4331 0.0, -1.1614 -0.4331 0.0787, -1.1614 -0.4331 0.0, -1.1614 -0.4327 0.0787, -1.1614 -0.4327 0.0, -1.1709 -0.4232 0.0787, -1.1709 -0.4232 0.0, -1.1811 -0.4232 0.0787, -1.1811 -0.4232 0.0, -1.1811 -0.3642 0.0787, -1.1811 -0.3642 0.0, -1.1709 -0.3642 0.0787, -1.1709 -0.3642 0.0, -1.1614 -0.3547 0.0787, -1.1614 -0.3547 0.0, -1.1614 -0.3543 0.0787, -1.1614 -0.3543 0.0, -1.0433 -0.3543 0.0787, -1.0433 -0.3543 0.0, -1.0395 -0.3547 0.0787, -1.0395 -0.3547 0.0, -1.0358 -0.3558 0.0787, -1.0358 -0.3558 0.0, -1.0324 -0.3576 0.0787, -1.0324 -0.3576 0.0, -1.0294 -0.3601 0.0787, -1.0294 -0.3601 0.0, -1.0269 -0.3631 0.0787, -1.0269 -0.3631 0.0, -1.0251 -0.3665 0.0787, -1.0251 -0.3665 0.0, -1.024 -0.3702 0.0787, -1.024 -0.3702 0.0, -1.0236 -0.374 0.0787, -1.0236 -0.374 0.0, 1.0236 -0.374 0.0, 1.0236 -0.374 0.0787, 1.024 -0.3702 0.0787, 1.024 -0.3702 0.0, 1.0251 -0.3665 0.0787, 1.0251 -0.3665 0.0, 1.0269 -0.3631 0.0787, 1.0269 -0.3631 0.0, 1.0294 -0.3601 0.0787, 1.0294 -0.3601 0.0, 1.0324 -0.3576 0.0787, 1.0324 -0.3576 0.0, 1.0358 -0.3558 0.0787, 1.0358 -0.3558 0.0, 1.0395 -0.3547 0.0787, 1.0395 -0.3547 0.0, 1.0433 -0.3543 0.0787, 1.0433 -0.3543 0.0, 1.1614 -0.3543 0.0787, 1.1614 -0.3543 0.0, 1.1614 -0.3547 0.0787, 1.1614 -0.3547 0.0, 1.1709 -0.3642 0.0787, 1.1709 -0.3642 0.0, 1.1811 -0.3642 0.0787, 1.1811 -0.3642 0.0, 1.1811 -0.4232 0.0787, 1.1811 -0.4232 0.0, 1.1709 -0.4232 0.0787, 1.1709 -0.4232 0.0, 1.1614 -0.4327 0.0787, 1.1614 -0.4327 0.0, 1.1614 -0.4331 0.0787, 1.1614 -0.4331 0.0, 1.0433 -0.4331 0.0787, 1.0433 -0.4331 0.0, 1.0395 -0.4327 0.0787, 1.0395 -0.4327 0.0, 1.0358 -0.4316 0.0787, 1.0358 -0.4316 0.0, 1.0324 -0.4298 0.0787, 1.0324 -0.4298 0.0, 1.0294 -0.4273 0.0787, 1.0294 -0.4273 0.0, 1.0269 -0.4243 0.0787, 1.0269 -0.4243 0.0, 1.0251 -0.4209 0.0787, 1.0251 -0.4209 0.0, 1.024 -0.4172 0.0787, 1.024 -0.4172 0.0, 1.0236 -0.4134 0.0787, 1.0236 -0.4134 0.0, -1.0236 -0.5709 0.0, -1.0236 -0.5709 0.0787, -1.024 -0.5747 0.0787, -1.024 -0.5747 0.0, -1.0251 -0.5784 0.0787, -1.0251 -0.5784 0.0, -1.0269 -0.5818 0.0787, -1.0269 -0.5818 0.0, -1.0294 -0.5848 0.0787, -1.0294 -0.5848 0.0, -1.0324 -0.5872 0.0787, -1.0324 -0.5872 0.0, -1.0358 -0.5891 0.0787, -1.0358 -0.5891 0.0, -1.0395 -0.5902 0.0787, -1.0395 -0.5902 0.0, -1.0433 -0.5906 0.0787, -1.0433 -0.5906 0.0, -1.1614 -0.5906 0.0787, -1.1614 -0.5906 0.0, -1.1614 -0.5902 0.0787, -1.1614 -0.5902 0.0, -1.1709 -0.5807 0.0787, -1.1709 -0.5807 0.0, -1.1811 -0.5807 0.0787, -1.1811 -0.5807 0.0, -1.1811 -0.5217 0.0787, -1.1811 -0.5217 0.0, -1.1709 -0.5217 0.0787, -1.1709 -0.5217 0.0, -1.1614 -0.5122 0.0787, -1.1614 -0.5122 0.0, -1.1614 -0.5118 0.0787, -1.1614 -0.5118 0.0, -1.0433 -0.5118 0.0787, -1.0433 -0.5118 0.0, -1.0395 -0.5122 0.0787, -1.0395 -0.5122 0.0, -1.0358 -0.5133 0.0787, -1.0358 -0.5133 0.0, -1.0324 -0.5151 0.0787, -1.0324 -0.5151 0.0, -1.0294 -0.5176 0.0787, -1.0294 -0.5176 0.0, -1.0269 -0.5206 0.0787, -1.0269 -0.5206 0.0, -1.0251 -0.524 0.0787, -1.0251 -0.524 0.0, -1.024 -0.5277 0.0787, -1.024 -0.5277 0.0, -1.0236 -0.5315 0.0787, -1.0236 -0.5315 0.0, 1.0236 -0.5315 0.0, 1.0236 -0.5315 0.0787, 1.024 -0.5277 0.0787, 1.024 -0.5277 0.0, 1.0251 -0.524 0.0787, 1.0251 -0.524 0.0, 1.0269 -0.5206 0.0787, 1.0269 -0.5206 0.0, 1.0294 -0.5176 0.0787, 1.0294 -0.5176 0.0, 1.0324 -0.5151 0.0787, 1.0324 -0.5151 0.0, 1.0358 -0.5133 0.0787, 1.0358 -0.5133 0.0, 1.0395 -0.5122 0.0787, 1.0395 -0.5122 0.0, 1.0433 -0.5118 0.0787, 1.0433 -0.5118 0.0, 1.1614 -0.5118 0.0787, 1.1614 -0.5118 0.0, 1.1614 -0.5122 0.0787, 1.1614 -0.5122 0.0, 1.1709 -0.5217 0.0787, 1.1709 -0.5217 0.0, 1.1811 -0.5217 0.0787, 1.1811 -0.5217 0.0, 1.1811 -0.5807 0.0787, 1.1811 -0.5807 0.0, 1.1709 -0.5807 0.0787, 1.1709 -0.5807 0.0, 1.1614 -0.5902 0.0787, 1.1614 -0.5902 0.0, 1.1614 -0.5906 0.0787, 1.1614 -0.5906 0.0, 1.0433 -0.5906 0.0787, 1.0433 -0.5906 0.0, 1.0395 -0.5902 0.0787, 1.0395 -0.5902 0.0, 1.0358 -0.5891 0.0787, 1.0358 -0.5891 0.0, 1.0324 -0.5872 0.0787, 1.0324 -0.5872 0.0, 1.0294 -0.5848 0.0787, 1.0294 -0.5848 0.0, 1.0269 -0.5818 0.0787, 1.0269 -0.5818 0.0, 1.0251 -0.5784 0.0787, 1.0251 -0.5784 0.0, 1.024 -0.5747 0.0787, 1.024 -0.5747 0.0, 1.0236 -0.5709 0.0787, 1.0236 -0.5709 0.0
            ]
        }
        coordIndex [
            0,1,2,-1,2,1,3,-1,4,5,0,-1,0,5,1,-1,6,7,4,-1,4,7,5,-1,7,6,8,-1,7,8,9,-1,9,8,10,-1,9,10,11,-1,11,10,12,-1,11,12,13,-1,13,12,14,-1,13,14,15,-1,15,14,16,-1,15,16,17,-1,17,16,18,-1,17,18,19,-1,19,18,20,-1,19,20,21,-1,22,23,20,-1,20,23,21,-1,23,22,24,-1,23,24,25,-1,25,24,26,-1,25,26,27,-1,27,26,28,-1,27,28,29,-1,29,28,30,-1,29,30,31,-1,31,30,32,-1,31,32,33,-1,33,32,34,-1,33,34,35,-1,35,34,36,-1,35,36,37,-1,38,39,36,-1,36,39,37,-1,39,38,40,-1,39,40,41,-1,41,40,42,-1,41,42,43,-1,43,42,44,-1,43,44,45,-1,45,44,46,-1,45,46,47,-1,47,46,48,-1,47,48,49,-1,49,48,50,-1,49,50,51,-1,51,50,2,-1,51,2,3,-1,5,7,21,-1,21,7,9,-1,37,39,3,-1,19,21,17,-1,17,21,15,-1,9,11,21,-1,21,11,13,-1,21,13,15,-1,39,41,3,-1,3,41,43,-1,3,43,45,-1,45,47,3,-1,3,47,49,-1,3,49,51,-1,27,35,25,-1,25,35,37,-1,25,37,23,-1,23,37,3,-1,23,3,21,-1,21,3,1,-1,21,1,5,-1,27,29,35,-1,35,29,31,-1,35,31,33,-1,0,2,4,-1,4,2,22,-1,4,22,6,-1,50,48,46,-1,50,46,2,-1,2,46,44,-1,2,44,42,-1,22,20,6,-1,6,20,18,-1,6,18,8,-1,8,18,16,-1,16,14,8,-1,8,14,12,-1,8,12,10,-1,28,34,30,-1,30,34,32,-1,42,40,2,-1,2,40,38,-1,2,38,22,-1,22,38,36,-1,22,36,24,-1,24,36,34,-1,24,34,26,-1,26,34,28,-1,52,53,54,-1,54,53,55,-1,56,57,52,-1,52,57,53,-1,58,59,56,-1,56,59,57,-1,60,61,58,-1,58,61,59,-1,62,63,60,-1,60,63,61,-1,64,65,62,-1,62,65,63,-1,66,67,64,-1,64,67,65,-1,67,66,68,-1,67,68,69,-1,69,68,70,-1,69,70,71,-1,71,70,72,-1,71,72,73,-1,73,72,74,-1,73,74,75,-1,75,74,76,-1,75,76,77,-1,77,76,78,-1,77,78,79,-1,79,78,80,-1,79,80,81,-1,81,80,82,-1,81,82,83,-1,84,85,82,-1,82,85,83,-1,85,84,86,-1,85,86,87,-1,87,86,88,-1,87,88,89,-1,89,88,90,-1,89,90,91,-1,91,90,92,-1,91,92,93,-1,93,92,94,-1,93,94,95,-1,95,94,96,-1,95,96,97,-1,97,96,98,-1,97,98,99,-1,99,98,100,-1,99,100,101,-1,102,103,100,-1,100,103,101,-1,54,55,102,-1,102,55,103,-1,101,103,55,-1,53,57,59,-1,85,63,83,-1,83,63,65,-1,83,65,67,-1,59,61,53,-1,53,61,63,-1,53,63,55,-1,55,63,85,-1,55,85,101,-1,67,69,83,-1,83,69,71,-1,83,71,73,-1,95,97,85,-1,85,97,99,-1,85,99,101,-1,85,87,95,-1,95,87,89,-1,95,89,93,-1,93,89,91,-1,73,75,83,-1,83,75,77,-1,83,77,81,-1,81,77,79,-1,66,64,62,-1,60,58,56,-1,54,102,84,-1,84,102,100,-1,84,100,98,-1,56,52,60,-1,60,52,54,-1,60,54,62,-1,62,54,84,-1,62,84,66,-1,76,74,72,-1,84,82,66,-1,66,82,80,-1,66,80,68,-1,68,80,70,-1,90,88,92,-1,92,88,94,-1,98,96,84,-1,84,96,94,-1,84,94,86,-1,86,94,88,-1,70,80,72,-1,72,80,78,-1,72,78,76,-1,104,105,106,-1,106,105,107,-1,108,109,104,-1,104,109,105,-1,110,111,108,-1,108,111,109,-1,112,113,110,-1,110,113,111,-1,114,115,112,-1,112,115,113,-1,116,117,114,-1,114,117,115,-1,117,116,118,-1,117,118,119,-1,119,118,120,-1,119,120,121,-1,121,120,122,-1,121,122,123,-1,123,122,124,-1,123,124,125,-1,125,124,126,-1,125,126,127,-1,127,126,128,-1,127,128,129,-1,129,128,130,-1,129,130,131,-1,131,130,132,-1,131,132,133,-1,134,135,132,-1,132,135,133,-1,135,134,136,-1,135,136,137,-1,137,136,138,-1,137,138,139,-1,139,138,140,-1,139,140,141,-1,141,140,142,-1,141,142,143,-1,143,142,144,-1,143,144,145,-1,145,144,146,-1,145,146,147,-1,147,146,148,-1,147,148,149,-1,149,148,150,-1,149,150,151,-1,152,153,150,-1,150,153,151,-1,154,155,152,-1,152,155,153,-1,106,107,154,-1,154,107,155,-1,133,135,113,-1,105,109,107,-1,107,109,111,-1,107,111,155,-1,151,153,155,-1,113,135,111,-1,113,115,133,-1,133,115,117,-1,133,117,119,-1,143,145,141,-1,141,145,147,-1,141,147,149,-1,149,151,141,-1,141,151,155,-1,141,155,139,-1,139,155,111,-1,139,111,137,-1,137,111,135,-1,127,129,125,-1,125,129,123,-1,119,121,133,-1,133,121,123,-1,133,123,131,-1,131,123,129,-1,108,104,110,-1,110,104,106,-1,110,106,112,-1,122,120,118,-1,126,112,128,-1,128,112,106,-1,128,106,130,-1,130,106,154,-1,130,154,132,-1,132,154,152,-1,132,152,150,-1,114,112,116,-1,116,112,126,-1,116,126,118,-1,118,126,124,-1,118,124,122,-1,148,136,150,-1,150,136,134,-1,150,134,132,-1,144,142,140,-1,148,146,136,-1,136,146,144,-1,136,144,138,-1,138,144,140,-1,156,157,158,-1,158,157,159,-1,160,161,156,-1,156,161,157,-1,162,163,160,-1,160,163,161,-1,164,165,162,-1,162,165,163,-1,166,167,164,-1,164,167,165,-1,168,169,166,-1,166,169,167,-1,170,171,168,-1,168,171,169,-1,171,170,172,-1,171,172,173,-1,173,172,174,-1,173,174,175,-1,175,174,176,-1,175,176,177,-1,177,176,178,-1,177,178,179,-1,179,178,180,-1,179,180,181,-1,181,180,182,-1,181,182,183,-1,183,182,184,-1,183,184,185,-1,185,184,186,-1,185,186,187,-1,188,189,186,-1,186,189,187,-1,189,188,190,-1,189,190,191,-1,191,190,192,-1,191,192,193,-1,193,192,194,-1,193,194,195,-1,195,194,196,-1,195,196,197,-1,197,196,198,-1,197,198,199,-1,199,198,200,-1,199,200,201,-1,201,200,202,-1,201,202,203,-1,203,202,204,-1,203,204,205,-1,206,207,204,-1,204,207,205,-1,158,159,206,-1,206,159,207,-1,157,161,163,-1,193,195,197,-1,169,181,167,-1,167,181,157,-1,167,157,165,-1,165,157,163,-1,193,197,191,-1,181,183,157,-1,157,183,185,-1,157,185,159,-1,159,185,187,-1,159,187,189,-1,191,197,189,-1,189,197,199,-1,189,199,201,-1,207,159,205,-1,205,159,189,-1,205,189,203,-1,203,189,201,-1,169,171,181,-1,181,171,173,-1,181,173,179,-1,179,173,175,-1,179,175,177,-1,170,168,166,-1,164,162,160,-1,160,156,164,-1,164,156,158,-1,164,158,194,-1,200,198,196,-1,194,192,164,-1,164,192,190,-1,164,190,166,-1,166,190,188,-1,166,188,170,-1,158,206,194,-1,194,206,204,-1,194,204,196,-1,196,204,202,-1,196,202,200,-1,176,174,178,-1,178,174,172,-1,178,172,180,-1,188,186,170,-1,170,186,184,-1,170,184,172,-1,172,184,182,-1,172,182,180,-1,208,209,210,-1,210,209,211,-1,212,213,208,-1,208,213,209,-1,214,215,212,-1,212,215,213,-1,216,217,214,-1,214,217,215,-1,218,219,216,-1,216,219,217,-1,220,221,218,-1,218,221,219,-1,221,220,222,-1,221,222,223,-1,223,222,224,-1,223,224,225,-1,225,224,226,-1,225,226,227,-1,227,226,228,-1,227,228,229,-1,229,228,230,-1,229,230,231,-1,231,230,232,-1,231,232,233,-1,233,232,234,-1,233,234,235,-1,235,234,236,-1,235,236,237,-1,238,239,236,-1,236,239,237,-1,239,238,240,-1,239,240,241,-1,241,240,242,-1,241,242,243,-1,243,242,244,-1,243,244,245,-1,245,244,246,-1,245,246,247,-1,247,246,248,-1,247,248,249,-1,249,248,250,-1,249,250,251,-1,251,250,252,-1,251,252,253,-1,253,252,254,-1,253,254,255,-1,256,257,254,-1,254,257,255,-1,258,259,256,-1,256,259,257,-1,210,211,258,-1,258,211,259,-1,237,239,217,-1,217,239,215,-1,215,239,241,-1,215,241,243,-1,225,227,229,-1,209,213,211,-1,211,213,215,-1,211,215,259,-1,259,215,243,-1,259,243,245,-1,225,229,223,-1,257,259,255,-1,255,259,245,-1,255,245,253,-1,253,245,247,-1,253,247,251,-1,251,247,249,-1,223,229,221,-1,221,229,231,-1,221,231,233,-1,217,219,237,-1,237,219,221,-1,237,221,235,-1,235,221,233,-1,238,236,254,-1,212,208,214,-1,214,208,210,-1,214,210,216,-1,220,218,216,-1,228,226,224,-1,224,222,228,-1,228,222,220,-1,228,220,230,-1,230,220,216,-1,230,216,232,-1,232,216,210,-1,232,210,234,-1,234,210,258,-1,234,258,236,-1,236,258,256,-1,236,256,254,-1,238,254,240,-1,240,254,252,-1,240,252,250,-1,244,242,246,-1,246,242,240,-1,246,240,248,-1,248,240,250,-1,260,261,262,-1,262,261,263,-1,264,265,260,-1,260,265,261,-1,266,267,264,-1,264,267,265,-1,268,269,266,-1,266,269,267,-1,270,271,268,-1,268,271,269,-1,272,273,270,-1,270,273,271,-1,274,275,272,-1,272,275,273,-1,275,274,276,-1,275,276,277,-1,277,276,278,-1,277,278,279,-1,279,278,280,-1,279,280,281,-1,281,280,282,-1,281,282,283,-1,283,282,284,-1,283,284,285,-1,285,284,286,-1,285,286,287,-1,287,286,288,-1,287,288,289,-1,289,288,290,-1,289,290,291,-1,292,293,290,-1,290,293,291,-1,293,292,294,-1,293,294,295,-1,295,294,296,-1,295,296,297,-1,297,296,298,-1,297,298,299,-1,299,298,300,-1,299,300,301,-1,301,300,302,-1,301,302,303,-1,303,302,304,-1,303,304,305,-1,305,304,306,-1,305,306,307,-1,307,306,308,-1,307,308,309,-1,310,311,308,-1,308,311,309,-1,262,263,310,-1,310,263,311,-1,261,265,267,-1,297,299,301,-1,273,285,271,-1,271,285,261,-1,271,261,269,-1,269,261,267,-1,297,301,295,-1,285,287,261,-1,261,287,289,-1,261,289,263,-1,263,289,291,-1,263,291,293,-1,295,301,293,-1,293,301,303,-1,293,303,305,-1,311,263,309,-1,309,263,293,-1,309,293,307,-1,307,293,305,-1,273,275,285,-1,285,275,277,-1,285,277,283,-1,283,277,279,-1,283,279,281,-1,274,272,270,-1,268,266,264,-1,264,260,268,-1,268,260,262,-1,268,262,298,-1,304,302,300,-1,298,296,268,-1,268,296,294,-1,268,294,270,-1,270,294,292,-1,270,292,274,-1,262,310,298,-1,298,310,308,-1,298,308,300,-1,300,308,306,-1,300,306,304,-1,280,278,282,-1,282,278,276,-1,282,276,284,-1,292,290,274,-1,274,290,288,-1,274,288,276,-1,276,288,286,-1,276,286,284,-1,312,313,314,-1,314,313,315,-1,316,317,312,-1,312,317,313,-1,318,319,316,-1,316,319,317,-1,320,321,318,-1,318,321,319,-1,322,323,320,-1,320,323,321,-1,324,325,322,-1,322,325,323,-1,325,324,326,-1,325,326,327,-1,327,326,328,-1,327,328,329,-1,329,328,330,-1,329,330,331,-1,331,330,332,-1,331,332,333,-1,333,332,334,-1,333,334,335,-1,335,334,336,-1,335,336,337,-1,337,336,338,-1,337,338,339,-1,339,338,340,-1,339,340,341,-1,342,343,340,-1,340,343,341,-1,343,342,344,-1,343,344,345,-1,345,344,346,-1,345,346,347,-1,347,346,348,-1,347,348,349,-1,349,348,350,-1,349,350,351,-1,351,350,352,-1,351,352,353,-1,353,352,354,-1,353,354,355,-1,355,354,356,-1,355,356,357,-1,357,356,358,-1,357,358,359,-1,360,361,358,-1,358,361,359,-1,362,363,360,-1,360,363,361,-1,314,315,362,-1,362,315,363,-1,341,343,321,-1,321,343,319,-1,319,343,345,-1,319,345,347,-1,329,331,333,-1,313,317,315,-1,315,317,319,-1,315,319,363,-1,363,319,347,-1,363,347,349,-1,329,333,327,-1,361,363,359,-1,359,363,349,-1,359,349,357,-1,357,349,351,-1,357,351,355,-1,355,351,353,-1,327,333,325,-1,325,333,335,-1,325,335,337,-1,321,323,341,-1,341,323,325,-1,341,325,339,-1,339,325,337,-1,316,312,318,-1,318,312,314,-1,318,314,320,-1,324,322,320,-1,332,330,328,-1,328,326,332,-1,332,326,324,-1,332,324,334,-1,334,324,320,-1,334,320,336,-1,336,320,314,-1,336,314,338,-1,338,314,362,-1,338,362,340,-1,348,346,350,-1,350,346,344,-1,350,344,352,-1,362,360,340,-1,340,360,358,-1,340,358,342,-1,342,358,356,-1,342,356,344,-1,344,356,354,-1,344,354,352,-1,364,365,366,-1,366,365,367,-1,368,369,364,-1,364,369,365,-1,370,371,368,-1,368,371,369,-1,372,373,370,-1,370,373,371,-1,374,375,372,-1,372,375,373,-1,376,377,374,-1,374,377,375,-1,378,379,376,-1,376,379,377,-1,379,378,380,-1,379,380,381,-1,381,380,382,-1,381,382,383,-1,383,382,384,-1,383,384,385,-1,385,384,386,-1,385,386,387,-1,387,386,388,-1,387,388,389,-1,389,388,390,-1,389,390,391,-1,391,390,392,-1,391,392,393,-1,393,392,394,-1,393,394,395,-1,396,397,394,-1,394,397,395,-1,397,396,398,-1,397,398,399,-1,399,398,400,-1,399,400,401,-1,401,400,402,-1,401,402,403,-1,403,402,404,-1,403,404,405,-1,405,404,406,-1,405,406,407,-1,407,406,408,-1,407,408,409,-1,409,408,410,-1,409,410,411,-1,411,410,412,-1,411,412,413,-1,414,415,412,-1,412,415,413,-1,366,367,414,-1,414,367,415,-1,365,369,371,-1,401,403,405,-1,371,373,365,-1,365,373,375,-1,365,375,389,-1,401,405,399,-1,389,391,365,-1,365,391,393,-1,365,393,367,-1,367,393,395,-1,367,395,397,-1,383,385,381,-1,381,385,379,-1,375,377,389,-1,389,377,379,-1,389,379,387,-1,387,379,385,-1,399,405,397,-1,397,405,407,-1,397,407,409,-1,415,367,413,-1,413,367,397,-1,413,397,411,-1,411,397,409,-1,378,376,374,-1,372,370,368,-1,368,364,372,-1,372,364,366,-1,372,366,402,-1,408,406,404,-1,402,400,372,-1,372,400,398,-1,372,398,374,-1,374,398,396,-1,374,396,378,-1,378,396,394,-1,378,394,392,-1,366,414,402,-1,402,414,412,-1,402,412,404,-1,404,412,410,-1,404,410,408,-1,390,388,392,-1,392,388,386,-1,392,386,384,-1,384,382,392,-1,392,382,380,-1,392,380,378,-1,416,417,418,-1,418,417,419,-1,420,421,416,-1,416,421,417,-1,422,423,420,-1,420,423,421,-1,424,425,422,-1,422,425,423,-1,426,427,424,-1,424,427,425,-1,428,429,426,-1,426,429,427,-1,429,428,430,-1,429,430,431,-1,431,430,432,-1,431,432,433,-1,433,432,434,-1,433,434,435,-1,435,434,436,-1,435,436,437,-1,437,436,438,-1,437,438,439,-1,439,438,440,-1,439,440,441,-1,441,440,442,-1,441,442,443,-1,443,442,444,-1,443,444,445,-1,446,447,444,-1,444,447,445,-1,447,446,448,-1,447,448,449,-1,449,448,450,-1,449,450,451,-1,451,450,452,-1,451,452,453,-1,453,452,454,-1,453,454,455,-1,455,454,456,-1,455,456,457,-1,457,456,458,-1,457,458,459,-1,459,458,460,-1,459,460,461,-1,461,460,462,-1,461,462,463,-1,464,465,462,-1,462,465,463,-1,466,467,464,-1,464,467,465,-1,418,419,466,-1,466,419,467,-1,445,447,425,-1,417,421,419,-1,419,421,423,-1,419,423,467,-1,463,465,467,-1,425,447,423,-1,433,435,437,-1,453,455,457,-1,447,449,423,-1,423,449,451,-1,423,451,467,-1,467,451,453,-1,467,453,463,-1,433,437,431,-1,457,459,453,-1,453,459,461,-1,453,461,463,-1,431,437,429,-1,429,437,439,-1,429,439,441,-1,425,427,445,-1,445,427,429,-1,445,429,443,-1,443,429,441,-1,446,444,462,-1,420,416,422,-1,422,416,418,-1,422,418,424,-1,428,426,424,-1,436,434,432,-1,432,430,436,-1,436,430,428,-1,436,428,438,-1,438,428,424,-1,438,424,440,-1,440,424,418,-1,440,418,442,-1,442,418,466,-1,442,466,444,-1,444,466,464,-1,444,464,462,-1,460,458,456,-1,452,450,462,-1,462,450,448,-1,462,448,446,-1,460,456,462,-1,462,456,454,-1,462,454,452,-1,468,469,470,-1,470,469,471,-1,472,473,468,-1,468,473,469,-1,474,475,472,-1,472,475,473,-1,476,477,474,-1,474,477,475,-1,478,479,476,-1,476,479,477,-1,480,481,478,-1,478,481,479,-1,482,483,480,-1,480,483,481,-1,483,482,484,-1,483,484,485,-1,485,484,486,-1,485,486,487,-1,487,486,488,-1,487,488,489,-1,489,488,490,-1,489,490,491,-1,491,490,492,-1,491,492,493,-1,493,492,494,-1,493,494,495,-1,495,494,496,-1,495,496,497,-1,497,496,498,-1,497,498,499,-1,500,501,498,-1,498,501,499,-1,501,500,502,-1,501,502,503,-1,503,502,504,-1,503,504,505,-1,505,504,506,-1,505,506,507,-1,507,506,508,-1,507,508,509,-1,509,508,510,-1,509,510,511,-1,511,510,512,-1,511,512,513,-1,513,512,514,-1,513,514,515,-1,515,514,516,-1,515,516,517,-1,518,519,516,-1,516,519,517,-1,470,471,518,-1,518,471,519,-1,517,519,471,-1,473,475,469,-1,469,475,477,-1,469,477,479,-1,471,469,497,-1,509,511,513,-1,479,493,469,-1,469,493,495,-1,469,495,497,-1,487,489,485,-1,485,489,483,-1,479,481,493,-1,493,481,483,-1,493,483,491,-1,491,483,489,-1,497,499,471,-1,471,499,501,-1,471,501,517,-1,517,501,503,-1,517,503,505,-1,505,507,517,-1,517,507,509,-1,517,509,515,-1,515,509,513,-1,482,480,478,-1,476,474,472,-1,472,468,476,-1,476,468,470,-1,476,470,506,-1,512,510,508,-1,506,504,476,-1,476,504,502,-1,476,502,478,-1,478,502,500,-1,478,500,482,-1,482,500,498,-1,482,498,496,-1,470,518,506,-1,506,518,516,-1,506,516,508,-1,508,516,514,-1,508,514,512,-1,494,492,496,-1,496,492,490,-1,496,490,488,-1,488,486,496,-1,496,486,484,-1,496,484,482,-1,520,521,522,-1,522,521,523,-1,524,525,520,-1,520,525,521,-1,526,527,524,-1,524,527,525,-1,528,529,526,-1,526,529,527,-1,530,531,528,-1,528,531,529,-1,532,533,530,-1,530,533,531,-1,533,532,534,-1,533,534,535,-1,535,534,536,-1,535,536,537,-1,537,536,538,-1,537,538,539,-1,539,538,540,-1,539,540,541,-1,541,540,542,-1,541,542,543,-1,543,542,544,-1,543,544,545,-1,545,544,546,-1,545,546,547,-1,547,546,548,-1,547,548,549,-1,550,551,548,-1,548,551,549,-1,551,550,552,-1,551,552,553,-1,553,552,554,-1,553,554,555,-1,555,554,556,-1,555,556,557,-1,557,556,558,-1,557,558,559,-1,559,558,560,-1,559,560,561,-1,561,560,562,-1,561,562,563,-1,563,562,564,-1,563,564,565,-1,565,564,566,-1,565,566,567,-1,568,569,566,-1,566,569,567,-1,570,571,568,-1,568,571,569,-1,522,523,570,-1,570,523,571,-1,549,551,529,-1,521,525,523,-1,523,525,527,-1,523,527,571,-1,567,569,571,-1,529,551,527,-1,557,559,561,-1,551,553,527,-1,527,553,555,-1,527,555,571,-1,571,555,557,-1,571,557,567,-1,561,563,557,-1,557,563,565,-1,557,565,567,-1,539,541,537,-1,537,541,535,-1,535,541,533,-1,533,541,543,-1,533,543,545,-1,529,531,549,-1,549,531,533,-1,549,533,547,-1,547,533,545,-1,550,548,566,-1,524,520,526,-1,526,520,522,-1,526,522,528,-1,532,530,528,-1,540,532,542,-1,542,532,528,-1,542,528,544,-1,544,528,522,-1,544,522,546,-1,546,522,570,-1,546,570,548,-1,548,570,568,-1,548,568,566,-1,538,536,540,-1,540,536,534,-1,540,534,532,-1,564,562,560,-1,556,554,566,-1,566,554,552,-1,566,552,550,-1,564,560,566,-1,566,560,558,-1,566,558,556,-1,572,573,574,-1,574,573,575,-1,576,577,572,-1,572,577,573,-1,578,579,576,-1,576,579,577,-1,580,581,578,-1,578,581,579,-1,582,583,580,-1,580,583,581,-1,584,585,582,-1,582,585,583,-1,586,587,584,-1,584,587,585,-1,587,586,588,-1,587,588,589,-1,589,588,590,-1,589,590,591,-1,591,590,592,-1,591,592,593,-1,593,592,594,-1,593,594,595,-1,595,594,596,-1,595,596,597,-1,597,596,598,-1,597,598,599,-1,599,598,600,-1,599,600,601,-1,601,600,602,-1,601,602,603,-1,604,605,602,-1,602,605,603,-1,605,604,606,-1,605,606,607,-1,607,606,608,-1,607,608,609,-1,609,608,610,-1,609,610,611,-1,611,610,612,-1,611,612,613,-1,613,612,614,-1,613,614,615,-1,615,614,616,-1,615,616,617,-1,617,616,618,-1,617,618,619,-1,619,618,620,-1,619,620,621,-1,622,623,620,-1,620,623,621,-1,574,575,622,-1,622,575,623,-1,573,577,579,-1,623,575,621,-1,621,575,605,-1,579,581,573,-1,573,581,583,-1,573,583,597,-1,597,599,573,-1,573,599,601,-1,573,601,575,-1,575,601,603,-1,575,603,605,-1,583,585,597,-1,597,585,587,-1,597,587,589,-1,589,591,597,-1,597,591,593,-1,597,593,595,-1,605,607,621,-1,621,607,609,-1,621,609,619,-1,619,609,617,-1,617,609,615,-1,615,609,611,-1,615,611,613,-1,586,584,582,-1,580,578,576,-1,576,572,580,-1,580,572,574,-1,580,574,610,-1,610,608,580,-1,580,608,606,-1,580,606,582,-1,582,606,604,-1,582,604,586,-1,574,622,610,-1,610,622,620,-1,610,620,618,-1,618,616,610,-1,610,616,614,-1,610,614,612,-1,598,596,594,-1,604,602,586,-1,586,602,600,-1,586,600,588,-1,588,600,590,-1,598,594,600,-1,600,594,592,-1,600,592,590,-1,624,625,626,-1,626,625,627,-1,628,629,624,-1,624,629,625,-1,630,631,628,-1,628,631,629,-1,632,633,630,-1,630,633,631,-1,634,635,632,-1,632,635,633,-1,636,637,634,-1,634,637,635,-1,637,636,638,-1,637,638,639,-1,639,638,640,-1,639,640,641,-1,641,640,642,-1,641,642,643,-1,643,642,644,-1,643,644,645,-1,645,644,646,-1,645,646,647,-1,647,646,648,-1,647,648,649,-1,649,648,650,-1,649,650,651,-1,651,650,652,-1,651,652,653,-1,654,655,652,-1,652,655,653,-1,655,654,656,-1,655,656,657,-1,657,656,658,-1,657,658,659,-1,659,658,660,-1,659,660,661,-1,661,660,662,-1,661,662,663,-1,663,662,664,-1,663,664,665,-1,665,664,666,-1,665,666,667,-1,667,666,668,-1,667,668,669,-1,669,668,670,-1,669,670,671,-1,672,673,670,-1,670,673,671,-1,674,675,672,-1,672,675,673,-1,626,627,674,-1,674,627,675,-1,653,655,633,-1,625,629,627,-1,627,629,631,-1,627,631,675,-1,671,673,675,-1,633,655,631,-1,647,649,637,-1,669,671,661,-1,661,671,675,-1,661,675,659,-1,659,675,631,-1,659,631,657,-1,657,631,655,-1,641,643,645,-1,633,635,653,-1,653,635,637,-1,653,637,651,-1,651,637,649,-1,663,665,661,-1,661,665,667,-1,661,667,669,-1,647,637,645,-1,645,637,639,-1,645,639,641,-1,654,652,670,-1,628,624,630,-1,630,624,626,-1,630,626,632,-1,636,634,632,-1,654,670,656,-1,644,642,640,-1,640,638,644,-1,644,638,636,-1,644,636,646,-1,646,636,632,-1,646,632,648,-1,648,632,626,-1,648,626,650,-1,650,626,674,-1,650,674,652,-1,652,674,672,-1,652,672,670,-1,668,660,670,-1,670,660,658,-1,670,658,656,-1,668,666,660,-1,660,666,664,-1,660,664,662,-1,676,677,678,-1,678,677,679,-1,680,681,676,-1,676,681,677,-1,682,683,680,-1,680,683,681,-1,684,685,682,-1,682,685,683,-1,686,687,684,-1,684,687,685,-1,688,689,686,-1,686,689,687,-1,690,691,688,-1,688,691,689,-1,691,690,692,-1,691,692,693,-1,693,692,694,-1,693,694,695,-1,695,694,696,-1,695,696,697,-1,697,696,698,-1,697,698,699,-1,699,698,700,-1,699,700,701,-1,701,700,702,-1,701,702,703,-1,703,702,704,-1,703,704,705,-1,705,704,706,-1,705,706,707,-1,708,709,706,-1,706,709,707,-1,709,708,710,-1,709,710,711,-1,711,710,712,-1,711,712,713,-1,713,712,714,-1,713,714,715,-1,715,714,716,-1,715,716,717,-1,717,716,718,-1,717,718,719,-1,719,718,720,-1,719,720,721,-1,721,720,722,-1,721,722,723,-1,723,722,724,-1,723,724,725,-1,726,727,724,-1,724,727,725,-1,678,679,726,-1,726,679,727,-1,725,727,679,-1,677,681,683,-1,683,685,677,-1,677,685,687,-1,677,687,701,-1,679,709,725,-1,725,709,711,-1,725,711,713,-1,701,703,677,-1,677,703,705,-1,677,705,679,-1,679,705,707,-1,679,707,709,-1,697,691,695,-1,695,691,693,-1,687,689,701,-1,701,689,691,-1,701,691,699,-1,699,691,697,-1,717,719,721,-1,713,715,725,-1,725,715,717,-1,725,717,723,-1,723,717,721,-1,690,688,686,-1,684,682,680,-1,680,676,684,-1,684,676,678,-1,684,678,714,-1,720,718,716,-1,714,712,684,-1,684,712,710,-1,684,710,686,-1,686,710,708,-1,686,708,690,-1,704,696,694,-1,678,726,714,-1,714,726,724,-1,714,724,716,-1,716,724,722,-1,716,722,720,-1,696,704,698,-1,698,704,702,-1,698,702,700,-1,708,706,690,-1,690,706,704,-1,690,704,692,-1,692,704,694,-1,728,729,730,-1,730,729,731,-1,732,733,728,-1,728,733,729,-1,734,735,732,-1,732,735,733,-1,736,737,734,-1,734,737,735,-1,738,739,736,-1,736,739,737,-1,740,741,738,-1,738,741,739,-1,741,740,742,-1,741,742,743,-1,743,742,744,-1,743,744,745,-1,745,744,746,-1,745,746,747,-1,747,746,748,-1,747,748,749,-1,749,748,750,-1,749,750,751,-1,751,750,752,-1,751,752,753,-1,753,752,754,-1,753,754,755,-1,755,754,756,-1,755,756,757,-1,758,759,756,-1,756,759,757,-1,759,758,760,-1,759,760,761,-1,761,760,762,-1,761,762,763,-1,763,762,764,-1,763,764,765,-1,765,764,766,-1,765,766,767,-1,767,766,768,-1,767,768,769,-1,769,768,770,-1,769,770,771,-1,771,770,772,-1,771,772,773,-1,773,772,774,-1,773,774,775,-1,776,777,774,-1,774,777,775,-1,778,779,776,-1,776,779,777,-1,730,731,778,-1,778,731,779,-1,757,759,737,-1,729,733,731,-1,731,733,735,-1,731,735,779,-1,775,777,779,-1,737,759,735,-1,751,753,741,-1,765,767,769,-1,759,761,735,-1,735,761,763,-1,735,763,779,-1,779,763,765,-1,779,765,775,-1,745,747,749,-1,737,739,757,-1,757,739,741,-1,757,741,755,-1,755,741,753,-1,769,771,765,-1,765,771,773,-1,765,773,775,-1,751,741,749,-1,749,741,743,-1,749,743,745,-1,732,728,734,-1,734,728,730,-1,734,730,736,-1,740,738,736,-1,762,760,774,-1,774,760,758,-1,774,758,756,-1,748,746,744,-1,768,766,764,-1,744,742,748,-1,748,742,740,-1,748,740,750,-1,750,740,736,-1,750,736,752,-1,752,736,730,-1,752,730,754,-1,754,730,778,-1,754,778,756,-1,756,778,776,-1,756,776,774,-1,768,764,770,-1,762,774,764,-1,764,774,772,-1,764,772,770,-1,780,781,782,-1,782,781,783,-1,784,785,780,-1,780,785,781,-1,786,787,784,-1,784,787,785,-1,788,789,786,-1,786,789,787,-1,790,791,788,-1,788,791,789,-1,792,793,790,-1,790,793,791,-1,794,795,792,-1,792,795,793,-1,795,794,796,-1,795,796,797,-1,797,796,798,-1,797,798,799,-1,799,798,800,-1,799,800,801,-1,801,800,802,-1,801,802,803,-1,803,802,804,-1,803,804,805,-1,805,804,806,-1,805,806,807,-1,807,806,808,-1,807,808,809,-1,809,808,810,-1,809,810,811,-1,812,813,810,-1,810,813,811,-1,813,812,814,-1,813,814,815,-1,815,814,816,-1,815,816,817,-1,817,816,818,-1,817,818,819,-1,819,818,820,-1,819,820,821,-1,821,820,822,-1,821,822,823,-1,823,822,824,-1,823,824,825,-1,825,824,826,-1,825,826,827,-1,827,826,828,-1,827,828,829,-1,830,831,828,-1,828,831,829,-1,782,783,830,-1,830,783,831,-1,829,831,783,-1,785,787,781,-1,781,787,789,-1,781,789,791,-1,783,781,809,-1,821,823,825,-1,791,805,781,-1,781,805,807,-1,781,807,809,-1,799,801,797,-1,797,801,795,-1,791,793,805,-1,805,793,795,-1,805,795,803,-1,803,795,801,-1,809,811,783,-1,783,811,813,-1,783,813,829,-1,829,813,815,-1,829,815,817,-1,817,819,829,-1,829,819,821,-1,829,821,827,-1,827,821,825,-1,794,792,790,-1,788,786,784,-1,784,780,788,-1,788,780,782,-1,788,782,818,-1,824,822,820,-1,818,816,788,-1,788,816,814,-1,788,814,790,-1,790,814,812,-1,790,812,794,-1,794,812,810,-1,794,810,808,-1,782,830,818,-1,818,830,828,-1,818,828,820,-1,820,828,826,-1,820,826,824,-1,806,804,808,-1,808,804,802,-1,808,802,800,-1,800,798,808,-1,808,798,796,-1,808,796,794,-1,832,833,834,-1,834,833,835,-1,836,837,832,-1,832,837,833,-1,838,839,836,-1,836,839,837,-1,840,841,838,-1,838,841,839,-1,842,843,840,-1,840,843,841,-1,844,845,842,-1,842,845,843,-1,845,844,846,-1,845,846,847,-1,847,846,848,-1,847,848,849,-1,849,848,850,-1,849,850,851,-1,851,850,852,-1,851,852,853,-1,853,852,854,-1,853,854,855,-1,855,854,856,-1,855,856,857,-1,857,856,858,-1,857,858,859,-1,859,858,860,-1,859,860,861,-1,862,863,860,-1,860,863,861,-1,863,862,864,-1,863,864,865,-1,865,864,866,-1,865,866,867,-1,867,866,868,-1,867,868,869,-1,869,868,870,-1,869,870,871,-1,871,870,872,-1,871,872,873,-1,873,872,874,-1,873,874,875,-1,875,874,876,-1,875,876,877,-1,877,876,878,-1,877,878,879,-1,880,881,878,-1,878,881,879,-1,882,883,880,-1,880,883,881,-1,834,835,882,-1,882,835,883,-1,861,863,841,-1,833,837,835,-1,835,837,839,-1,835,839,883,-1,879,881,883,-1,841,863,839,-1,869,871,873,-1,863,865,839,-1,839,865,867,-1,839,867,883,-1,883,867,869,-1,883,869,879,-1,873,875,869,-1,869,875,877,-1,869,877,879,-1,851,853,849,-1,849,853,847,-1,847,853,845,-1,845,853,855,-1,845,855,857,-1,841,843,861,-1,861,843,845,-1,861,845,859,-1,859,845,857,-1,862,860,878,-1,836,832,838,-1,838,832,834,-1,838,834,840,-1,844,842,840,-1,852,844,854,-1,854,844,840,-1,854,840,856,-1,856,840,834,-1,856,834,858,-1,858,834,882,-1,858,882,860,-1,860,882,880,-1,860,880,878,-1,850,848,852,-1,852,848,846,-1,852,846,844,-1,876,874,872,-1,868,866,878,-1,878,866,864,-1,878,864,862,-1,876,872,878,-1,878,872,870,-1,878,870,868,-1,884,885,886,-1,886,885,887,-1,888,889,884,-1,884,889,885,-1,890,891,888,-1,888,891,889,-1,892,893,890,-1,890,893,891,-1,894,895,892,-1,892,895,893,-1,896,897,894,-1,894,897,895,-1,898,899,896,-1,896,899,897,-1,899,898,900,-1,899,900,901,-1,901,900,902,-1,901,902,903,-1,903,902,904,-1,903,904,905,-1,905,904,906,-1,905,906,907,-1,907,906,908,-1,907,908,909,-1,909,908,910,-1,909,910,911,-1,911,910,912,-1,911,912,913,-1,913,912,914,-1,913,914,915,-1,916,917,914,-1,914,917,915,-1,917,916,918,-1,917,918,919,-1,919,918,920,-1,919,920,921,-1,921,920,922,-1,921,922,923,-1,923,922,924,-1,923,924,925,-1,925,924,926,-1,925,926,927,-1,927,926,928,-1,927,928,929,-1,929,928,930,-1,929,930,931,-1,931,930,932,-1,931,932,933,-1,934,935,932,-1,932,935,933,-1,886,887,934,-1,934,887,935,-1,933,935,887,-1,889,891,885,-1,885,891,893,-1,885,893,895,-1,909,895,897,-1,887,885,913,-1,925,927,929,-1,895,909,885,-1,885,909,911,-1,885,911,913,-1,913,915,887,-1,887,915,917,-1,887,917,933,-1,933,917,919,-1,933,919,921,-1,921,923,933,-1,933,923,925,-1,933,925,931,-1,931,925,929,-1,897,899,909,-1,909,899,901,-1,909,901,907,-1,907,901,903,-1,907,903,905,-1,898,896,894,-1,892,890,888,-1,888,884,892,-1,892,884,886,-1,892,886,922,-1,928,926,924,-1,922,920,892,-1,892,920,918,-1,892,918,894,-1,894,918,916,-1,894,916,898,-1,886,934,922,-1,922,934,932,-1,922,932,924,-1,924,932,930,-1,924,930,928,-1,904,902,906,-1,906,902,900,-1,906,900,908,-1,916,914,898,-1,898,914,912,-1,898,912,900,-1,900,912,910,-1,900,910,908,-1,936,937,938,-1,938,937,939,-1,940,941,936,-1,936,941,937,-1,942,943,940,-1,940,943,941,-1,944,945,942,-1,942,945,943,-1,946,947,944,-1,944,947,945,-1,948,949,946,-1,946,949,947,-1,949,948,950,-1,949,950,951,-1,951,950,952,-1,951,952,953,-1,953,952,954,-1,953,954,955,-1,955,954,956,-1,955,956,957,-1,957,956,958,-1,957,958,959,-1,959,958,960,-1,959,960,961,-1,961,960,962,-1,961,962,963,-1,963,962,964,-1,963,964,965,-1,966,967,964,-1,964,967,965,-1,967,966,968,-1,967,968,969,-1,969,968,970,-1,969,970,971,-1,971,970,972,-1,971,972,973,-1,973,972,974,-1,973,974,975,-1,975,974,976,-1,975,976,977,-1,977,976,978,-1,977,978,979,-1,979,978,980,-1,979,980,981,-1,981,980,982,-1,981,982,983,-1,984,985,982,-1,982,985,983,-1,986,987,984,-1,984,987,985,-1,938,939,986,-1,986,939,987,-1,965,967,945,-1,945,967,943,-1,943,967,969,-1,943,969,971,-1,937,941,939,-1,939,941,943,-1,939,943,987,-1,987,943,971,-1,987,971,973,-1,985,987,983,-1,983,987,973,-1,983,973,981,-1,981,973,975,-1,981,975,979,-1,979,975,977,-1,955,957,953,-1,953,957,951,-1,951,957,949,-1,949,957,959,-1,949,959,961,-1,945,947,965,-1,965,947,949,-1,965,949,963,-1,963,949,961,-1,940,936,942,-1,942,936,938,-1,942,938,944,-1,948,946,944,-1,956,948,958,-1,958,948,944,-1,958,944,960,-1,960,944,938,-1,960,938,962,-1,962,938,986,-1,962,986,964,-1,954,952,956,-1,956,952,950,-1,956,950,948,-1,972,970,974,-1,974,970,968,-1,974,968,976,-1,986,984,964,-1,964,984,982,-1,964,982,966,-1,966,982,980,-1,966,980,968,-1,968,980,978,-1,968,978,976,-1,988,989,990,-1,990,989,991,-1,992,993,988,-1,988,993,989,-1,994,995,992,-1,992,995,993,-1,996,997,994,-1,994,997,995,-1,998,999,996,-1,996,999,997,-1,1000,1001,998,-1,998,1001,999,-1,1002,1003,1000,-1,1000,1003,1001,-1,1003,1002,1004,-1,1003,1004,1005,-1,1005,1004,1006,-1,1005,1006,1007,-1,1007,1006,1008,-1,1007,1008,1009,-1,1009,1008,1010,-1,1009,1010,1011,-1,1011,1010,1012,-1,1011,1012,1013,-1,1013,1012,1014,-1,1013,1014,1015,-1,1015,1014,1016,-1,1015,1016,1017,-1,1017,1016,1018,-1,1017,1018,1019,-1,1020,1021,1018,-1,1018,1021,1019,-1,1021,1020,1022,-1,1021,1022,1023,-1,1023,1022,1024,-1,1023,1024,1025,-1,1025,1024,1026,-1,1025,1026,1027,-1,1027,1026,1028,-1,1027,1028,1029,-1,1029,1028,1030,-1,1029,1030,1031,-1,1031,1030,1032,-1,1031,1032,1033,-1,1033,1032,1034,-1,1033,1034,1035,-1,1035,1034,1036,-1,1035,1036,1037,-1,1038,1039,1036,-1,1036,1039,1037,-1,990,991,1038,-1,1038,991,1039,-1,989,993,995,-1,1025,1027,1029,-1,1001,1013,999,-1,999,1013,989,-1,999,989,997,-1,997,989,995,-1,1025,1029,1023,-1,1013,1015,989,-1,989,1015,1017,-1,989,1017,991,-1,991,1017,1019,-1,991,1019,1021,-1,1023,1029,1021,-1,1021,1029,1031,-1,1021,1031,1033,-1,1039,991,1037,-1,1037,991,1021,-1,1037,1021,1035,-1,1035,1021,1033,-1,1001,1003,1013,-1,1013,1003,1005,-1,1013,1005,1011,-1,1011,1005,1007,-1,1011,1007,1009,-1,1002,1000,998,-1,996,994,992,-1,992,988,996,-1,996,988,990,-1,996,990,1026,-1,1032,1030,1028,-1,1026,1024,996,-1,996,1024,1022,-1,996,1022,998,-1,998,1022,1020,-1,998,1020,1002,-1,990,1038,1026,-1,1026,1038,1036,-1,1026,1036,1028,-1,1028,1036,1034,-1,1028,1034,1032,-1,1008,1006,1010,-1,1010,1006,1004,-1,1010,1004,1012,-1,1020,1018,1002,-1,1002,1018,1016,-1,1002,1016,1004,-1,1004,1016,1014,-1,1004,1014,1012,-1,1040,1041,1042,-1,1042,1041,1043,-1,1044,1045,1040,-1,1040,1045,1041,-1,1046,1047,1044,-1,1044,1047,1045,-1,1048,1049,1046,-1,1046,1049,1047,-1,1050,1051,1048,-1,1048,1051,1049,-1,1052,1053,1050,-1,1050,1053,1051,-1,1053,1052,1054,-1,1053,1054,1055,-1,1055,1054,1056,-1,1055,1056,1057,-1,1057,1056,1058,-1,1057,1058,1059,-1,1059,1058,1060,-1,1059,1060,1061,-1,1061,1060,1062,-1,1061,1062,1063,-1,1063,1062,1064,-1,1063,1064,1065,-1,1065,1064,1066,-1,1065,1066,1067,-1,1067,1066,1068,-1,1067,1068,1069,-1,1070,1071,1068,-1,1068,1071,1069,-1,1071,1070,1072,-1,1071,1072,1073,-1,1073,1072,1074,-1,1073,1074,1075,-1,1075,1074,1076,-1,1075,1076,1077,-1,1077,1076,1078,-1,1077,1078,1079,-1,1079,1078,1080,-1,1079,1080,1081,-1,1081,1080,1082,-1,1081,1082,1083,-1,1083,1082,1084,-1,1083,1084,1085,-1,1085,1084,1086,-1,1085,1086,1087,-1,1088,1089,1086,-1,1086,1089,1087,-1,1090,1091,1088,-1,1088,1091,1089,-1,1042,1043,1090,-1,1090,1043,1091,-1,1069,1071,1049,-1,1049,1071,1047,-1,1047,1071,1073,-1,1047,1073,1075,-1,1057,1059,1061,-1,1041,1045,1043,-1,1043,1045,1047,-1,1043,1047,1091,-1,1091,1047,1075,-1,1091,1075,1077,-1,1057,1061,1055,-1,1089,1091,1087,-1,1087,1091,1077,-1,1087,1077,1085,-1,1085,1077,1079,-1,1085,1079,1083,-1,1083,1079,1081,-1,1055,1061,1053,-1,1053,1061,1063,-1,1053,1063,1065,-1,1049,1051,1069,-1,1069,1051,1053,-1,1069,1053,1067,-1,1067,1053,1065,-1,1044,1040,1046,-1,1046,1040,1042,-1,1046,1042,1048,-1,1052,1050,1048,-1,1060,1058,1056,-1,1056,1054,1060,-1,1060,1054,1052,-1,1060,1052,1062,-1,1062,1052,1048,-1,1062,1048,1064,-1,1064,1048,1042,-1,1064,1042,1066,-1,1066,1042,1090,-1,1066,1090,1068,-1,1076,1074,1078,-1,1078,1074,1072,-1,1078,1072,1080,-1,1090,1088,1068,-1,1068,1088,1086,-1,1068,1086,1070,-1,1070,1086,1084,-1,1070,1084,1072,-1,1072,1084,1082,-1,1072,1082,1080,-1,1092,1093,1094,-1,1094,1093,1095,-1,1096,1097,1092,-1,1092,1097,1093,-1,1098,1099,1096,-1,1096,1099,1097,-1,1100,1101,1098,-1,1098,1101,1099,-1,1102,1103,1100,-1,1100,1103,1101,-1,1104,1105,1102,-1,1102,1105,1103,-1,1106,1107,1104,-1,1104,1107,1105,-1,1107,1106,1108,-1,1107,1108,1109,-1,1109,1108,1110,-1,1109,1110,1111,-1,1111,1110,1112,-1,1111,1112,1113,-1,1113,1112,1114,-1,1113,1114,1115,-1,1115,1114,1116,-1,1115,1116,1117,-1,1117,1116,1118,-1,1117,1118,1119,-1,1119,1118,1120,-1,1119,1120,1121,-1,1121,1120,1122,-1,1121,1122,1123,-1,1124,1125,1122,-1,1122,1125,1123,-1,1125,1124,1126,-1,1125,1126,1127,-1,1127,1126,1128,-1,1127,1128,1129,-1,1129,1128,1130,-1,1129,1130,1131,-1,1131,1130,1132,-1,1131,1132,1133,-1,1133,1132,1134,-1,1133,1134,1135,-1,1135,1134,1136,-1,1135,1136,1137,-1,1137,1136,1138,-1,1137,1138,1139,-1,1139,1138,1140,-1,1139,1140,1141,-1,1142,1143,1140,-1,1140,1143,1141,-1,1094,1095,1142,-1,1142,1095,1143,-1,1093,1097,1099,-1,1129,1131,1133,-1,1105,1117,1103,-1,1103,1117,1093,-1,1103,1093,1101,-1,1101,1093,1099,-1,1129,1133,1127,-1,1117,1119,1093,-1,1093,1119,1121,-1,1093,1121,1095,-1,1095,1121,1123,-1,1095,1123,1125,-1,1127,1133,1125,-1,1125,1133,1135,-1,1125,1135,1137,-1,1143,1095,1141,-1,1141,1095,1125,-1,1141,1125,1139,-1,1139,1125,1137,-1,1105,1107,1117,-1,1117,1107,1109,-1,1117,1109,1115,-1,1115,1109,1111,-1,1115,1111,1113,-1,1106,1104,1102,-1,1100,1098,1096,-1,1096,1092,1100,-1,1100,1092,1094,-1,1100,1094,1130,-1,1136,1134,1132,-1,1130,1128,1100,-1,1100,1128,1126,-1,1100,1126,1102,-1,1102,1126,1124,-1,1102,1124,1106,-1,1094,1142,1130,-1,1130,1142,1140,-1,1130,1140,1132,-1,1132,1140,1138,-1,1132,1138,1136,-1,1112,1110,1114,-1,1114,1110,1108,-1,1114,1108,1116,-1,1124,1122,1106,-1,1106,1122,1120,-1,1106,1120,1108,-1,1108,1120,1118,-1,1108,1118,1116,-1,1144,1145,1146,-1,1146,1145,1147,-1,1148,1149,1144,-1,1144,1149,1145,-1,1150,1151,1148,-1,1148,1151,1149,-1,1152,1153,1150,-1,1150,1153,1151,-1,1154,1155,1152,-1,1152,1155,1153,-1,1156,1157,1154,-1,1154,1157,1155,-1,1157,1156,1158,-1,1157,1158,1159,-1,1159,1158,1160,-1,1159,1160,1161,-1,1161,1160,1162,-1,1161,1162,1163,-1,1163,1162,1164,-1,1163,1164,1165,-1,1165,1164,1166,-1,1165,1166,1167,-1,1167,1166,1168,-1,1167,1168,1169,-1,1169,1168,1170,-1,1169,1170,1171,-1,1171,1170,1172,-1,1171,1172,1173,-1,1174,1175,1172,-1,1172,1175,1173,-1,1175,1174,1176,-1,1175,1176,1177,-1,1177,1176,1178,-1,1177,1178,1179,-1,1179,1178,1180,-1,1179,1180,1181,-1,1181,1180,1182,-1,1181,1182,1183,-1,1183,1182,1184,-1,1183,1184,1185,-1,1185,1184,1186,-1,1185,1186,1187,-1,1187,1186,1188,-1,1187,1188,1189,-1,1189,1188,1190,-1,1189,1190,1191,-1,1192,1193,1190,-1,1190,1193,1191,-1,1194,1195,1192,-1,1192,1195,1193,-1,1146,1147,1194,-1,1194,1147,1195,-1,1173,1175,1153,-1,1153,1175,1151,-1,1151,1175,1177,-1,1151,1177,1179,-1,1161,1163,1165,-1,1145,1149,1147,-1,1147,1149,1151,-1,1147,1151,1195,-1,1195,1151,1179,-1,1195,1179,1181,-1,1161,1165,1159,-1,1193,1195,1191,-1,1191,1195,1181,-1,1191,1181,1189,-1,1189,1181,1183,-1,1189,1183,1187,-1,1187,1183,1185,-1,1159,1165,1157,-1,1157,1165,1167,-1,1157,1167,1169,-1,1153,1155,1173,-1,1173,1155,1157,-1,1173,1157,1171,-1,1171,1157,1169,-1,1148,1144,1150,-1,1150,1144,1146,-1,1150,1146,1152,-1,1156,1154,1152,-1,1164,1162,1160,-1,1160,1158,1164,-1,1164,1158,1156,-1,1164,1156,1166,-1,1166,1156,1152,-1,1166,1152,1168,-1,1168,1152,1146,-1,1168,1146,1170,-1,1170,1146,1194,-1,1170,1194,1172,-1,1180,1178,1182,-1,1182,1178,1176,-1,1182,1176,1184,-1,1194,1192,1172,-1,1172,1192,1190,-1,1172,1190,1174,-1,1174,1190,1188,-1,1174,1188,1176,-1,1176,1188,1186,-1,1176,1186,1184,-1,1196,1197,1198,-1,1198,1197,1199,-1,1200,1201,1196,-1,1196,1201,1197,-1,1202,1203,1200,-1,1200,1203,1201,-1,1204,1205,1202,-1,1202,1205,1203,-1,1206,1207,1204,-1,1204,1207,1205,-1,1208,1209,1206,-1,1206,1209,1207,-1,1210,1211,1208,-1,1208,1211,1209,-1,1211,1210,1212,-1,1211,1212,1213,-1,1213,1212,1214,-1,1213,1214,1215,-1,1215,1214,1216,-1,1215,1216,1217,-1,1217,1216,1218,-1,1217,1218,1219,-1,1219,1218,1220,-1,1219,1220,1221,-1,1221,1220,1222,-1,1221,1222,1223,-1,1223,1222,1224,-1,1223,1224,1225,-1,1225,1224,1226,-1,1225,1226,1227,-1,1228,1229,1226,-1,1226,1229,1227,-1,1229,1228,1230,-1,1229,1230,1231,-1,1231,1230,1232,-1,1231,1232,1233,-1,1233,1232,1234,-1,1233,1234,1235,-1,1235,1234,1236,-1,1235,1236,1237,-1,1237,1236,1238,-1,1237,1238,1239,-1,1239,1238,1240,-1,1239,1240,1241,-1,1241,1240,1242,-1,1241,1242,1243,-1,1243,1242,1244,-1,1243,1244,1245,-1,1246,1247,1244,-1,1244,1247,1245,-1,1198,1199,1246,-1,1246,1199,1247,-1,1197,1201,1203,-1,1247,1199,1245,-1,1245,1199,1229,-1,1203,1205,1197,-1,1197,1205,1207,-1,1197,1207,1221,-1,1221,1223,1197,-1,1197,1223,1225,-1,1197,1225,1199,-1,1199,1225,1227,-1,1199,1227,1229,-1,1207,1209,1221,-1,1221,1209,1211,-1,1221,1211,1213,-1,1213,1215,1221,-1,1221,1215,1217,-1,1221,1217,1219,-1,1239,1241,1229,-1,1229,1241,1243,-1,1229,1243,1245,-1,1229,1231,1239,-1,1239,1231,1233,-1,1239,1233,1237,-1,1237,1233,1235,-1,1210,1208,1206,-1,1204,1202,1200,-1,1200,1196,1204,-1,1204,1196,1198,-1,1204,1198,1234,-1,1234,1198,1246,-1,1234,1232,1204,-1,1204,1232,1230,-1,1204,1230,1206,-1,1206,1230,1228,-1,1206,1228,1210,-1,1242,1240,1238,-1,1220,1218,1216,-1,1228,1226,1210,-1,1210,1226,1224,-1,1210,1224,1212,-1,1212,1224,1214,-1,1246,1244,1234,-1,1234,1244,1242,-1,1234,1242,1236,-1,1236,1242,1238,-1,1214,1224,1216,-1,1216,1224,1222,-1,1216,1222,1220,-1,1248,1249,1250,-1,1250,1249,1251,-1,1252,1253,1248,-1,1248,1253,1249,-1,1254,1255,1252,-1,1252,1255,1253,-1,1256,1257,1254,-1,1254,1257,1255,-1,1258,1259,1256,-1,1256,1259,1257,-1,1260,1261,1258,-1,1258,1261,1259,-1,1261,1260,1262,-1,1261,1262,1263,-1,1263,1262,1264,-1,1263,1264,1265,-1,1265,1264,1266,-1,1265,1266,1267,-1,1267,1266,1268,-1,1267,1268,1269,-1,1269,1268,1270,-1,1269,1270,1271,-1,1271,1270,1272,-1,1271,1272,1273,-1,1273,1272,1274,-1,1273,1274,1275,-1,1275,1274,1276,-1,1275,1276,1277,-1,1278,1279,1276,-1,1276,1279,1277,-1,1279,1278,1280,-1,1279,1280,1281,-1,1281,1280,1282,-1,1281,1282,1283,-1,1283,1282,1284,-1,1283,1284,1285,-1,1285,1284,1286,-1,1285,1286,1287,-1,1287,1286,1288,-1,1287,1288,1289,-1,1289,1288,1290,-1,1289,1290,1291,-1,1291,1290,1292,-1,1291,1292,1293,-1,1293,1292,1294,-1,1293,1294,1295,-1,1296,1297,1294,-1,1294,1297,1295,-1,1298,1299,1296,-1,1296,1299,1297,-1,1250,1251,1298,-1,1298,1251,1299,-1,1277,1279,1257,-1,1249,1253,1251,-1,1251,1253,1255,-1,1251,1255,1299,-1,1295,1297,1299,-1,1257,1279,1255,-1,1257,1259,1277,-1,1277,1259,1261,-1,1277,1261,1263,-1,1287,1289,1285,-1,1285,1289,1291,-1,1285,1291,1293,-1,1293,1295,1285,-1,1285,1295,1299,-1,1285,1299,1283,-1,1283,1299,1255,-1,1283,1255,1281,-1,1281,1255,1279,-1,1271,1273,1269,-1,1269,1273,1267,-1,1263,1265,1277,-1,1277,1265,1267,-1,1277,1267,1275,-1,1275,1267,1273,-1,1252,1248,1254,-1,1254,1248,1250,-1,1254,1250,1256,-1,1266,1264,1262,-1,1270,1256,1272,-1,1272,1256,1250,-1,1272,1250,1274,-1,1274,1250,1298,-1,1274,1298,1276,-1,1276,1298,1296,-1,1276,1296,1294,-1,1258,1256,1260,-1,1260,1256,1270,-1,1260,1270,1262,-1,1262,1270,1268,-1,1262,1268,1266,-1,1292,1280,1294,-1,1294,1280,1278,-1,1294,1278,1276,-1,1288,1286,1284,-1,1292,1290,1280,-1,1280,1290,1288,-1,1280,1288,1282,-1,1282,1288,1284,-1,1300,1301,1302,-1,1300,1302,1303,-1,1303,1302,1304,-1,1303,1304,1305,-1,1305,1304,1306,-1,1305,1306,1307,-1,1307,1306,1308,-1,1307,1308,1309,-1,1309,1308,1310,-1,1309,1310,1311,-1,1311,1310,1312,-1,1311,1312,1313,-1,1313,1312,1314,-1,1313,1314,1315,-1,1315,1314,1316,-1,1315,1316,1317,-1,1318,1319,1316,-1,1316,1319,1317,-1,1320,1321,1318,-1,1318,1321,1319,-1,1322,1323,1320,-1,1320,1323,1321,-1,1324,1325,1322,-1,1322,1325,1323,-1,1326,1327,1324,-1,1324,1327,1325,-1,1328,1329,1326,-1,1326,1329,1327,-1,1330,1331,1328,-1,1328,1331,1329,-1,1332,1333,1330,-1,1330,1333,1331,-1,1334,1335,1332,-1,1332,1335,1333,-1,1335,1334,1336,-1,1335,1336,1337,-1,1337,1336,1338,-1,1337,1338,1339,-1,1339,1338,1340,-1,1339,1340,1341,-1,1341,1340,1342,-1,1341,1342,1343,-1,1343,1342,1344,-1,1343,1344,1345,-1,1345,1344,1346,-1,1345,1346,1347,-1,1347,1346,1348,-1,1347,1348,1349,-1,1349,1348,1350,-1,1349,1350,1351,-1,1301,1300,1350,-1,1350,1300,1351,-1,1317,1319,1321,-1,1323,1325,1327,-1,1331,1333,1351,-1,1351,1333,1335,-1,1300,1317,1351,-1,1351,1317,1321,-1,1351,1321,1331,-1,1331,1321,1323,-1,1331,1323,1329,-1,1329,1323,1327,-1,1335,1337,1351,-1,1351,1337,1339,-1,1351,1339,1349,-1,1303,1313,1300,-1,1300,1313,1315,-1,1300,1315,1317,-1,1339,1341,1343,-1,1303,1305,1313,-1,1313,1305,1307,-1,1313,1307,1311,-1,1311,1307,1309,-1,1343,1345,1339,-1,1339,1345,1347,-1,1339,1347,1349,-1,1332,1330,1334,-1,1334,1330,1350,-1,1334,1350,1336,-1,1322,1320,1301,-1,1301,1320,1318,-1,1301,1318,1316,-1,1326,1324,1328,-1,1328,1324,1322,-1,1328,1322,1330,-1,1330,1322,1301,-1,1330,1301,1350,-1,1336,1350,1338,-1,1338,1350,1348,-1,1338,1348,1346,-1,1316,1314,1301,-1,1301,1314,1312,-1,1301,1312,1302,-1,1302,1312,1304,-1,1346,1344,1338,-1,1338,1344,1342,-1,1338,1342,1340,-1,1304,1312,1306,-1,1306,1312,1310,-1,1306,1310,1308,-1,1352,1353,1354,-1,1352,1354,1355,-1,1355,1354,1356,-1,1355,1356,1357,-1,1357,1356,1358,-1,1357,1358,1359,-1,1359,1358,1360,-1,1359,1360,1361,-1,1361,1360,1362,-1,1361,1362,1363,-1,1363,1362,1364,-1,1363,1364,1365,-1,1365,1364,1366,-1,1365,1366,1367,-1,1367,1366,1368,-1,1367,1368,1369,-1,1370,1371,1368,-1,1368,1371,1369,-1,1372,1373,1370,-1,1370,1373,1371,-1,1374,1375,1372,-1,1372,1375,1373,-1,1376,1377,1374,-1,1374,1377,1375,-1,1378,1379,1376,-1,1376,1379,1377,-1,1380,1381,1378,-1,1378,1381,1379,-1,1382,1383,1380,-1,1380,1383,1381,-1,1384,1385,1382,-1,1382,1385,1383,-1,1386,1387,1384,-1,1384,1387,1385,-1,1387,1386,1388,-1,1387,1388,1389,-1,1389,1388,1390,-1,1389,1390,1391,-1,1391,1390,1392,-1,1391,1392,1393,-1,1393,1392,1394,-1,1393,1394,1395,-1,1395,1394,1396,-1,1395,1396,1397,-1,1397,1396,1398,-1,1397,1398,1399,-1,1399,1398,1400,-1,1399,1400,1401,-1,1401,1400,1402,-1,1401,1402,1403,-1,1353,1352,1402,-1,1402,1352,1403,-1,1369,1371,1373,-1,1381,1383,1403,-1,1403,1383,1385,-1,1403,1385,1387,-1,1377,1379,1375,-1,1375,1379,1381,-1,1375,1381,1373,-1,1373,1381,1403,-1,1373,1403,1369,-1,1369,1403,1352,-1,1369,1352,1367,-1,1387,1389,1403,-1,1403,1389,1391,-1,1403,1391,1401,-1,1367,1352,1365,-1,1365,1352,1355,-1,1365,1355,1357,-1,1391,1393,1395,-1,1357,1359,1365,-1,1365,1359,1361,-1,1365,1361,1363,-1,1395,1397,1391,-1,1391,1397,1399,-1,1391,1399,1401,-1,1384,1382,1386,-1,1386,1382,1402,-1,1386,1402,1388,-1,1380,1378,1376,-1,1372,1370,1353,-1,1353,1370,1368,-1,1376,1374,1380,-1,1380,1374,1372,-1,1380,1372,1382,-1,1382,1372,1353,-1,1382,1353,1402,-1,1368,1366,1353,-1,1353,1366,1364,-1,1353,1364,1354,-1,1388,1402,1390,-1,1390,1402,1400,-1,1390,1400,1398,-1,1364,1362,1360,-1,1398,1396,1390,-1,1390,1396,1394,-1,1390,1394,1392,-1,1360,1358,1364,-1,1364,1358,1356,-1,1364,1356,1354,-1,1404,1405,1406,-1,1404,1406,1407,-1,1407,1406,1408,-1,1407,1408,1409,-1,1409,1408,1410,-1,1409,1410,1411,-1,1411,1410,1412,-1,1411,1412,1413,-1,1413,1412,1414,-1,1413,1414,1415,-1,1415,1414,1416,-1,1415,1416,1417,-1,1417,1416,1418,-1,1417,1418,1419,-1,1419,1418,1420,-1,1419,1420,1421,-1,1422,1423,1420,-1,1420,1423,1421,-1,1424,1425,1422,-1,1422,1425,1423,-1,1426,1427,1424,-1,1424,1427,1425,-1,1428,1429,1426,-1,1426,1429,1427,-1,1430,1431,1428,-1,1428,1431,1429,-1,1432,1433,1430,-1,1430,1433,1431,-1,1434,1435,1432,-1,1432,1435,1433,-1,1436,1437,1434,-1,1434,1437,1435,-1,1438,1439,1436,-1,1436,1439,1437,-1,1439,1438,1440,-1,1439,1440,1441,-1,1441,1440,1442,-1,1441,1442,1443,-1,1443,1442,1444,-1,1443,1444,1445,-1,1445,1444,1446,-1,1445,1446,1447,-1,1447,1446,1448,-1,1447,1448,1449,-1,1449,1448,1450,-1,1449,1450,1451,-1,1451,1450,1452,-1,1451,1452,1453,-1,1453,1452,1454,-1,1453,1454,1455,-1,1405,1404,1454,-1,1454,1404,1455,-1,1421,1423,1425,-1,1427,1429,1431,-1,1435,1437,1455,-1,1455,1437,1439,-1,1404,1421,1455,-1,1455,1421,1425,-1,1455,1425,1435,-1,1435,1425,1427,-1,1435,1427,1433,-1,1433,1427,1431,-1,1439,1441,1455,-1,1455,1441,1443,-1,1455,1443,1453,-1,1404,1407,1421,-1,1421,1407,1409,-1,1421,1409,1411,-1,1443,1445,1447,-1,1411,1413,1421,-1,1421,1413,1415,-1,1421,1415,1419,-1,1419,1415,1417,-1,1447,1449,1443,-1,1443,1449,1451,-1,1443,1451,1453,-1,1426,1424,1405,-1,1436,1434,1438,-1,1438,1434,1454,-1,1438,1454,1440,-1,1410,1408,1420,-1,1430,1428,1432,-1,1432,1428,1426,-1,1432,1426,1434,-1,1434,1426,1405,-1,1434,1405,1454,-1,1418,1416,1414,-1,1424,1422,1405,-1,1405,1422,1420,-1,1405,1420,1406,-1,1406,1420,1408,-1,1440,1454,1442,-1,1442,1454,1452,-1,1442,1452,1450,-1,1450,1448,1442,-1,1442,1448,1446,-1,1442,1446,1444,-1,1418,1414,1420,-1,1420,1414,1412,-1,1420,1412,1410,-1,1456,1457,1458,-1,1456,1458,1459,-1,1459,1458,1460,-1,1459,1460,1461,-1,1461,1460,1462,-1,1461,1462,1463,-1,1463,1462,1464,-1,1463,1464,1465,-1,1465,1464,1466,-1,1465,1466,1467,-1,1467,1466,1468,-1,1467,1468,1469,-1,1469,1468,1470,-1,1469,1470,1471,-1,1471,1470,1472,-1,1471,1472,1473,-1,1474,1475,1472,-1,1472,1475,1473,-1,1476,1477,1474,-1,1474,1477,1475,-1,1478,1479,1476,-1,1476,1479,1477,-1,1480,1481,1478,-1,1478,1481,1479,-1,1482,1483,1480,-1,1480,1483,1481,-1,1484,1485,1482,-1,1482,1485,1483,-1,1486,1487,1484,-1,1484,1487,1485,-1,1488,1489,1486,-1,1486,1489,1487,-1,1490,1491,1488,-1,1488,1491,1489,-1,1491,1490,1492,-1,1491,1492,1493,-1,1493,1492,1494,-1,1493,1494,1495,-1,1495,1494,1496,-1,1495,1496,1497,-1,1497,1496,1498,-1,1497,1498,1499,-1,1499,1498,1500,-1,1499,1500,1501,-1,1501,1500,1502,-1,1501,1502,1503,-1,1503,1502,1504,-1,1503,1504,1505,-1,1505,1504,1506,-1,1505,1506,1507,-1,1457,1456,1506,-1,1506,1456,1507,-1,1473,1475,1477,-1,1485,1487,1507,-1,1487,1489,1507,-1,1507,1489,1491,-1,1507,1491,1505,-1,1481,1483,1479,-1,1479,1483,1485,-1,1479,1485,1477,-1,1477,1485,1507,-1,1477,1507,1473,-1,1473,1507,1456,-1,1459,1469,1456,-1,1456,1469,1471,-1,1456,1471,1473,-1,1459,1461,1469,-1,1469,1461,1463,-1,1469,1463,1467,-1,1467,1463,1465,-1,1505,1491,1503,-1,1503,1491,1493,-1,1503,1493,1495,-1,1495,1497,1503,-1,1503,1497,1499,-1,1503,1499,1501,-1,1488,1486,1490,-1,1490,1486,1506,-1,1484,1482,1480,-1,1476,1474,1457,-1,1457,1474,1472,-1,1480,1478,1484,-1,1484,1478,1476,-1,1484,1476,1486,-1,1486,1476,1457,-1,1486,1457,1506,-1,1472,1470,1457,-1,1457,1470,1468,-1,1457,1468,1458,-1,1458,1468,1460,-1,1506,1504,1490,-1,1490,1504,1502,-1,1490,1502,1492,-1,1492,1502,1500,-1,1500,1498,1492,-1,1492,1498,1496,-1,1492,1496,1494,-1,1460,1468,1462,-1,1462,1468,1466,-1,1462,1466,1464,-1,1508,1509,1510,-1,1508,1510,1511,-1,1511,1510,1512,-1,1511,1512,1513,-1,1513,1512,1514,-1,1513,1514,1515,-1,1515,1514,1516,-1,1515,1516,1517,-1,1517,1516,1518,-1,1517,1518,1519,-1,1519,1518,1520,-1,1519,1520,1521,-1,1521,1520,1522,-1,1521,1522,1523,-1,1523,1522,1524,-1,1523,1524,1525,-1,1526,1527,1524,-1,1524,1527,1525,-1,1528,1529,1526,-1,1526,1529,1527,-1,1530,1531,1528,-1,1528,1531,1529,-1,1532,1533,1530,-1,1530,1533,1531,-1,1534,1535,1532,-1,1532,1535,1533,-1,1536,1537,1534,-1,1534,1537,1535,-1,1538,1539,1536,-1,1536,1539,1537,-1,1540,1541,1538,-1,1538,1541,1539,-1,1542,1543,1540,-1,1540,1543,1541,-1,1543,1542,1544,-1,1543,1544,1545,-1,1545,1544,1546,-1,1545,1546,1547,-1,1547,1546,1548,-1,1547,1548,1549,-1,1549,1548,1550,-1,1549,1550,1551,-1,1551,1550,1552,-1,1551,1552,1553,-1,1553,1552,1554,-1,1553,1554,1555,-1,1555,1554,1556,-1,1555,1556,1557,-1,1557,1556,1558,-1,1557,1558,1559,-1,1509,1508,1558,-1,1558,1508,1559,-1,1525,1527,1529,-1,1523,1525,1513,-1,1513,1525,1511,-1,1531,1533,1535,-1,1515,1517,1519,-1,1535,1537,1531,-1,1531,1537,1539,-1,1531,1539,1529,-1,1529,1539,1559,-1,1529,1559,1525,-1,1525,1559,1508,-1,1525,1508,1511,-1,1555,1543,1545,-1,1539,1541,1559,-1,1559,1541,1543,-1,1559,1543,1557,-1,1557,1543,1555,-1,1515,1519,1513,-1,1513,1519,1521,-1,1513,1521,1523,-1,1545,1547,1555,-1,1555,1547,1549,-1,1555,1549,1553,-1,1553,1549,1551,-1,1540,1538,1542,-1,1542,1538,1558,-1,1530,1528,1509,-1,1509,1528,1526,-1,1509,1526,1524,-1,1558,1556,1542,-1,1542,1556,1554,-1,1542,1554,1544,-1,1534,1532,1536,-1,1536,1532,1530,-1,1536,1530,1538,-1,1538,1530,1509,-1,1538,1509,1558,-1,1552,1550,1548,-1,1522,1512,1524,-1,1524,1512,1510,-1,1524,1510,1509,-1,1552,1548,1554,-1,1554,1548,1546,-1,1554,1546,1544,-1,1516,1514,1518,-1,1518,1514,1512,-1,1518,1512,1520,-1,1520,1512,1522,-1,1560,1561,1562,-1,1560,1562,1563,-1,1563,1562,1564,-1,1563,1564,1565,-1,1565,1564,1566,-1,1565,1566,1567,-1,1567,1566,1568,-1,1567,1568,1569,-1,1569,1568,1570,-1,1569,1570,1571,-1,1571,1570,1572,-1,1571,1572,1573,-1,1573,1572,1574,-1,1573,1574,1575,-1,1575,1574,1576,-1,1575,1576,1577,-1,1578,1579,1576,-1,1576,1579,1577,-1,1580,1581,1578,-1,1578,1581,1579,-1,1582,1583,1580,-1,1580,1583,1581,-1,1584,1585,1582,-1,1582,1585,1583,-1,1586,1587,1584,-1,1584,1587,1585,-1,1588,1589,1586,-1,1586,1589,1587,-1,1590,1591,1588,-1,1588,1591,1589,-1,1592,1593,1590,-1,1590,1593,1591,-1,1594,1595,1592,-1,1592,1595,1593,-1,1595,1594,1596,-1,1595,1596,1597,-1,1597,1596,1598,-1,1597,1598,1599,-1,1599,1598,1600,-1,1599,1600,1601,-1,1601,1600,1602,-1,1601,1602,1603,-1,1603,1602,1604,-1,1603,1604,1605,-1,1605,1604,1606,-1,1605,1606,1607,-1,1607,1606,1608,-1,1607,1608,1609,-1,1609,1608,1610,-1,1609,1610,1611,-1,1561,1560,1610,-1,1610,1560,1611,-1,1577,1579,1581,-1,1589,1591,1611,-1,1591,1593,1611,-1,1611,1593,1595,-1,1611,1595,1609,-1,1585,1587,1583,-1,1583,1587,1589,-1,1583,1589,1581,-1,1581,1589,1611,-1,1581,1611,1577,-1,1577,1611,1560,-1,1560,1563,1577,-1,1577,1563,1565,-1,1577,1565,1567,-1,1567,1569,1577,-1,1577,1569,1571,-1,1577,1571,1575,-1,1575,1571,1573,-1,1609,1595,1607,-1,1607,1595,1597,-1,1607,1597,1599,-1,1599,1601,1607,-1,1607,1601,1603,-1,1607,1603,1605,-1,1592,1590,1594,-1,1594,1590,1610,-1,1588,1586,1584,-1,1566,1564,1576,-1,1584,1582,1588,-1,1588,1582,1580,-1,1588,1580,1590,-1,1590,1580,1561,-1,1590,1561,1610,-1,1574,1572,1570,-1,1580,1578,1561,-1,1561,1578,1576,-1,1561,1576,1562,-1,1562,1576,1564,-1,1610,1608,1594,-1,1594,1608,1606,-1,1594,1606,1596,-1,1596,1606,1604,-1,1604,1602,1596,-1,1596,1602,1600,-1,1596,1600,1598,-1,1574,1570,1576,-1,1576,1570,1568,-1,1576,1568,1566,-1,1612,1613,1614,-1,1612,1614,1615,-1,1615,1614,1616,-1,1615,1616,1617,-1,1617,1616,1618,-1,1617,1618,1619,-1,1619,1618,1620,-1,1619,1620,1621,-1,1621,1620,1622,-1,1621,1622,1623,-1,1623,1622,1624,-1,1623,1624,1625,-1,1625,1624,1626,-1,1625,1626,1627,-1,1627,1626,1628,-1,1627,1628,1629,-1,1630,1631,1628,-1,1628,1631,1629,-1,1632,1633,1630,-1,1630,1633,1631,-1,1634,1635,1632,-1,1632,1635,1633,-1,1636,1637,1634,-1,1634,1637,1635,-1,1638,1639,1636,-1,1636,1639,1637,-1,1640,1641,1638,-1,1638,1641,1639,-1,1642,1643,1640,-1,1640,1643,1641,-1,1644,1645,1642,-1,1642,1645,1643,-1,1646,1647,1644,-1,1644,1647,1645,-1,1647,1646,1648,-1,1647,1648,1649,-1,1649,1648,1650,-1,1649,1650,1651,-1,1651,1650,1652,-1,1651,1652,1653,-1,1653,1652,1654,-1,1653,1654,1655,-1,1655,1654,1656,-1,1655,1656,1657,-1,1657,1656,1658,-1,1657,1658,1659,-1,1659,1658,1660,-1,1659,1660,1661,-1,1661,1660,1662,-1,1661,1662,1663,-1,1613,1612,1662,-1,1662,1612,1663,-1,1629,1631,1633,-1,1635,1637,1639,-1,1643,1645,1663,-1,1663,1645,1647,-1,1663,1647,1661,-1,1639,1641,1635,-1,1635,1641,1643,-1,1635,1643,1633,-1,1633,1643,1663,-1,1633,1663,1629,-1,1629,1663,1612,-1,1629,1612,1615,-1,1623,1625,1621,-1,1621,1625,1619,-1,1615,1617,1629,-1,1629,1617,1619,-1,1629,1619,1627,-1,1627,1619,1625,-1,1649,1657,1647,-1,1647,1657,1659,-1,1647,1659,1661,-1,1649,1651,1657,-1,1657,1651,1653,-1,1657,1653,1655,-1,1634,1632,1613,-1,1618,1616,1628,-1,1644,1642,1646,-1,1646,1642,1662,-1,1646,1662,1660,-1,1638,1636,1640,-1,1640,1636,1634,-1,1640,1634,1642,-1,1642,1634,1613,-1,1642,1613,1662,-1,1632,1630,1613,-1,1613,1630,1628,-1,1613,1628,1614,-1,1614,1628,1616,-1,1650,1656,1652,-1,1652,1656,1654,-1,1660,1658,1646,-1,1646,1658,1656,-1,1646,1656,1648,-1,1648,1656,1650,-1,1628,1626,1618,-1,1618,1626,1624,-1,1618,1624,1620,-1,1620,1624,1622,-1,1664,1665,1666,-1,1664,1666,1667,-1,1667,1666,1668,-1,1667,1668,1669,-1,1669,1668,1670,-1,1669,1670,1671,-1,1671,1670,1672,-1,1671,1672,1673,-1,1673,1672,1674,-1,1673,1674,1675,-1,1675,1674,1676,-1,1675,1676,1677,-1,1677,1676,1678,-1,1677,1678,1679,-1,1679,1678,1680,-1,1679,1680,1681,-1,1682,1683,1680,-1,1680,1683,1681,-1,1684,1685,1682,-1,1682,1685,1683,-1,1686,1687,1684,-1,1684,1687,1685,-1,1688,1689,1686,-1,1686,1689,1687,-1,1690,1691,1688,-1,1688,1691,1689,-1,1692,1693,1690,-1,1690,1693,1691,-1,1694,1695,1692,-1,1692,1695,1693,-1,1696,1697,1694,-1,1694,1697,1695,-1,1698,1699,1696,-1,1696,1699,1697,-1,1699,1698,1700,-1,1699,1700,1701,-1,1701,1700,1702,-1,1701,1702,1703,-1,1703,1702,1704,-1,1703,1704,1705,-1,1705,1704,1706,-1,1705,1706,1707,-1,1707,1706,1708,-1,1707,1708,1709,-1,1709,1708,1710,-1,1709,1710,1711,-1,1711,1710,1712,-1,1711,1712,1713,-1,1713,1712,1714,-1,1713,1714,1715,-1,1665,1664,1714,-1,1714,1664,1715,-1,1681,1683,1685,-1,1679,1681,1669,-1,1693,1695,1715,-1,1669,1681,1667,-1,1673,1675,1677,-1,1689,1691,1687,-1,1687,1691,1693,-1,1687,1693,1685,-1,1685,1693,1715,-1,1685,1715,1681,-1,1681,1715,1664,-1,1681,1664,1667,-1,1695,1697,1715,-1,1715,1697,1699,-1,1715,1699,1713,-1,1713,1699,1711,-1,1679,1669,1677,-1,1677,1669,1671,-1,1677,1671,1673,-1,1699,1701,1711,-1,1711,1701,1703,-1,1711,1703,1709,-1,1709,1703,1705,-1,1709,1705,1707,-1,1698,1696,1694,-1,1692,1690,1688,-1,1684,1682,1665,-1,1665,1682,1680,-1,1665,1680,1666,-1,1694,1714,1698,-1,1698,1714,1712,-1,1698,1712,1710,-1,1688,1686,1692,-1,1692,1686,1684,-1,1692,1684,1694,-1,1694,1684,1665,-1,1694,1665,1714,-1,1666,1680,1668,-1,1668,1680,1678,-1,1668,1678,1676,-1,1706,1704,1708,-1,1708,1704,1702,-1,1708,1702,1710,-1,1710,1702,1700,-1,1710,1700,1698,-1,1674,1672,1676,-1,1676,1672,1670,-1,1676,1670,1668,-1,1716,1717,1718,-1,1716,1718,1719,-1,1719,1718,1720,-1,1719,1720,1721,-1,1721,1720,1722,-1,1721,1722,1723,-1,1723,1722,1724,-1,1723,1724,1725,-1,1725,1724,1726,-1,1725,1726,1727,-1,1727,1726,1728,-1,1727,1728,1729,-1,1729,1728,1730,-1,1729,1730,1731,-1,1731,1730,1732,-1,1731,1732,1733,-1,1734,1735,1732,-1,1732,1735,1733,-1,1736,1737,1734,-1,1734,1737,1735,-1,1738,1739,1736,-1,1736,1739,1737,-1,1740,1741,1738,-1,1738,1741,1739,-1,1742,1743,1740,-1,1740,1743,1741,-1,1744,1745,1742,-1,1742,1745,1743,-1,1746,1747,1744,-1,1744,1747,1745,-1,1748,1749,1746,-1,1746,1749,1747,-1,1750,1751,1748,-1,1748,1751,1749,-1,1751,1750,1752,-1,1751,1752,1753,-1,1753,1752,1754,-1,1753,1754,1755,-1,1755,1754,1756,-1,1755,1756,1757,-1,1757,1756,1758,-1,1757,1758,1759,-1,1759,1758,1760,-1,1759,1760,1761,-1,1761,1760,1762,-1,1761,1762,1763,-1,1763,1762,1764,-1,1763,1764,1765,-1,1765,1764,1766,-1,1765,1766,1767,-1,1717,1716,1766,-1,1766,1716,1767,-1,1733,1735,1737,-1,1739,1741,1743,-1,1747,1749,1767,-1,1767,1749,1751,-1,1767,1751,1765,-1,1743,1745,1739,-1,1739,1745,1747,-1,1739,1747,1737,-1,1737,1747,1767,-1,1737,1767,1733,-1,1733,1767,1716,-1,1733,1716,1719,-1,1727,1729,1725,-1,1725,1729,1723,-1,1719,1721,1733,-1,1733,1721,1723,-1,1733,1723,1731,-1,1731,1723,1729,-1,1753,1761,1751,-1,1751,1761,1763,-1,1751,1763,1765,-1,1753,1755,1761,-1,1761,1755,1757,-1,1761,1757,1759,-1,1738,1736,1717,-1,1722,1720,1732,-1,1748,1746,1750,-1,1750,1746,1766,-1,1750,1766,1764,-1,1742,1740,1744,-1,1744,1740,1738,-1,1744,1738,1746,-1,1746,1738,1717,-1,1746,1717,1766,-1,1736,1734,1717,-1,1717,1734,1732,-1,1717,1732,1718,-1,1718,1732,1720,-1,1754,1760,1756,-1,1756,1760,1758,-1,1764,1762,1750,-1,1750,1762,1760,-1,1750,1760,1752,-1,1752,1760,1754,-1,1732,1730,1722,-1,1722,1730,1728,-1,1722,1728,1724,-1,1724,1728,1726,-1,1768,1769,1770,-1,1768,1770,1771,-1,1771,1770,1772,-1,1771,1772,1773,-1,1773,1772,1774,-1,1773,1774,1775,-1,1775,1774,1776,-1,1775,1776,1777,-1,1777,1776,1778,-1,1777,1778,1779,-1,1779,1778,1780,-1,1779,1780,1781,-1,1781,1780,1782,-1,1781,1782,1783,-1,1783,1782,1784,-1,1783,1784,1785,-1,1786,1787,1784,-1,1784,1787,1785,-1,1788,1789,1786,-1,1786,1789,1787,-1,1790,1791,1788,-1,1788,1791,1789,-1,1792,1793,1790,-1,1790,1793,1791,-1,1794,1795,1792,-1,1792,1795,1793,-1,1796,1797,1794,-1,1794,1797,1795,-1,1798,1799,1796,-1,1796,1799,1797,-1,1800,1801,1798,-1,1798,1801,1799,-1,1802,1803,1800,-1,1800,1803,1801,-1,1803,1802,1804,-1,1803,1804,1805,-1,1805,1804,1806,-1,1805,1806,1807,-1,1807,1806,1808,-1,1807,1808,1809,-1,1809,1808,1810,-1,1809,1810,1811,-1,1811,1810,1812,-1,1811,1812,1813,-1,1813,1812,1814,-1,1813,1814,1815,-1,1815,1814,1816,-1,1815,1816,1817,-1,1817,1816,1818,-1,1817,1818,1819,-1,1769,1768,1818,-1,1818,1768,1819,-1,1785,1787,1789,-1,1797,1799,1819,-1,1799,1801,1819,-1,1819,1801,1803,-1,1819,1803,1817,-1,1793,1795,1791,-1,1791,1795,1797,-1,1791,1797,1789,-1,1789,1797,1819,-1,1789,1819,1785,-1,1785,1819,1768,-1,1785,1768,1771,-1,1817,1803,1815,-1,1815,1803,1805,-1,1815,1805,1807,-1,1779,1781,1777,-1,1777,1781,1775,-1,1771,1773,1785,-1,1785,1773,1775,-1,1785,1775,1783,-1,1783,1775,1781,-1,1809,1811,1807,-1,1807,1811,1813,-1,1807,1813,1815,-1,1800,1798,1802,-1,1802,1798,1818,-1,1796,1794,1792,-1,1774,1772,1784,-1,1818,1816,1802,-1,1802,1816,1814,-1,1802,1814,1804,-1,1810,1808,1806,-1,1792,1790,1796,-1,1796,1790,1788,-1,1796,1788,1798,-1,1798,1788,1769,-1,1798,1769,1818,-1,1788,1786,1769,-1,1769,1786,1784,-1,1769,1784,1770,-1,1770,1784,1772,-1,1804,1814,1806,-1,1806,1814,1812,-1,1806,1812,1810,-1,1784,1782,1774,-1,1774,1782,1780,-1,1774,1780,1776,-1,1776,1780,1778,-1,1820,1821,1822,-1,1820,1822,1823,-1,1823,1822,1824,-1,1823,1824,1825,-1,1825,1824,1826,-1,1825,1826,1827,-1,1827,1826,1828,-1,1827,1828,1829,-1,1829,1828,1830,-1,1829,1830,1831,-1,1831,1830,1832,-1,1831,1832,1833,-1,1833,1832,1834,-1,1833,1834,1835,-1,1835,1834,1836,-1,1835,1836,1837,-1,1838,1839,1836,-1,1836,1839,1837,-1,1840,1841,1838,-1,1838,1841,1839,-1,1842,1843,1840,-1,1840,1843,1841,-1,1844,1845,1842,-1,1842,1845,1843,-1,1846,1847,1844,-1,1844,1847,1845,-1,1848,1849,1846,-1,1846,1849,1847,-1,1850,1851,1848,-1,1848,1851,1849,-1,1852,1853,1850,-1,1850,1853,1851,-1,1854,1855,1852,-1,1852,1855,1853,-1,1855,1854,1856,-1,1855,1856,1857,-1,1857,1856,1858,-1,1857,1858,1859,-1,1859,1858,1860,-1,1859,1860,1861,-1,1861,1860,1862,-1,1861,1862,1863,-1,1863,1862,1864,-1,1863,1864,1865,-1,1865,1864,1866,-1,1865,1866,1867,-1,1867,1866,1868,-1,1867,1868,1869,-1,1869,1868,1870,-1,1869,1870,1871,-1,1821,1820,1870,-1,1870,1820,1871,-1,1837,1839,1841,-1,1843,1845,1847,-1,1851,1853,1871,-1,1871,1853,1855,-1,1871,1855,1869,-1,1820,1837,1871,-1,1871,1837,1841,-1,1871,1841,1851,-1,1851,1841,1843,-1,1851,1843,1849,-1,1849,1843,1847,-1,1820,1823,1837,-1,1837,1823,1825,-1,1837,1825,1827,-1,1827,1829,1837,-1,1837,1829,1831,-1,1837,1831,1835,-1,1835,1831,1833,-1,1869,1855,1867,-1,1867,1855,1857,-1,1867,1857,1859,-1,1859,1861,1867,-1,1867,1861,1863,-1,1867,1863,1865,-1,1842,1840,1821,-1,1852,1850,1854,-1,1854,1850,1870,-1,1826,1824,1836,-1,1846,1844,1848,-1,1848,1844,1842,-1,1848,1842,1850,-1,1850,1842,1821,-1,1850,1821,1870,-1,1834,1832,1830,-1,1840,1838,1821,-1,1821,1838,1836,-1,1821,1836,1822,-1,1822,1836,1824,-1,1870,1868,1854,-1,1854,1868,1866,-1,1854,1866,1856,-1,1856,1866,1864,-1,1864,1862,1856,-1,1856,1862,1860,-1,1856,1860,1858,-1,1834,1830,1836,-1,1836,1830,1828,-1,1836,1828,1826,-1,1872,1873,1874,-1,1872,1874,1875,-1,1875,1874,1876,-1,1875,1876,1877,-1,1877,1876,1878,-1,1877,1878,1879,-1,1879,1878,1880,-1,1879,1880,1881,-1,1881,1880,1882,-1,1881,1882,1883,-1,1883,1882,1884,-1,1883,1884,1885,-1,1885,1884,1886,-1,1885,1886,1887,-1,1887,1886,1888,-1,1887,1888,1889,-1,1890,1891,1888,-1,1888,1891,1889,-1,1892,1893,1890,-1,1890,1893,1891,-1,1894,1895,1892,-1,1892,1895,1893,-1,1896,1897,1894,-1,1894,1897,1895,-1,1898,1899,1896,-1,1896,1899,1897,-1,1900,1901,1898,-1,1898,1901,1899,-1,1902,1903,1900,-1,1900,1903,1901,-1,1904,1905,1902,-1,1902,1905,1903,-1,1906,1907,1904,-1,1904,1907,1905,-1,1907,1906,1908,-1,1907,1908,1909,-1,1909,1908,1910,-1,1909,1910,1911,-1,1911,1910,1912,-1,1911,1912,1913,-1,1913,1912,1914,-1,1913,1914,1915,-1,1915,1914,1916,-1,1915,1916,1917,-1,1917,1916,1918,-1,1917,1918,1919,-1,1919,1918,1920,-1,1919,1920,1921,-1,1921,1920,1922,-1,1921,1922,1923,-1,1873,1872,1922,-1,1922,1872,1923,-1,1889,1891,1893,-1,1901,1903,1923,-1,1903,1905,1923,-1,1923,1905,1907,-1,1923,1907,1921,-1,1897,1899,1895,-1,1895,1899,1901,-1,1895,1901,1893,-1,1893,1901,1923,-1,1893,1923,1889,-1,1889,1923,1872,-1,1872,1875,1889,-1,1889,1875,1877,-1,1889,1877,1879,-1,1879,1881,1889,-1,1889,1881,1883,-1,1889,1883,1887,-1,1887,1883,1885,-1,1921,1907,1919,-1,1919,1907,1909,-1,1919,1909,1911,-1,1911,1913,1919,-1,1919,1913,1915,-1,1919,1915,1917,-1,1904,1902,1906,-1,1906,1902,1922,-1,1900,1898,1896,-1,1878,1876,1888,-1,1896,1894,1900,-1,1900,1894,1892,-1,1900,1892,1902,-1,1902,1892,1873,-1,1902,1873,1922,-1,1886,1884,1882,-1,1892,1890,1873,-1,1873,1890,1888,-1,1873,1888,1874,-1,1874,1888,1876,-1,1922,1920,1906,-1,1906,1920,1918,-1,1906,1918,1908,-1,1908,1918,1916,-1,1916,1914,1908,-1,1908,1914,1912,-1,1908,1912,1910,-1,1886,1882,1888,-1,1888,1882,1880,-1,1888,1880,1878,-1,1924,1925,1926,-1,1924,1926,1927,-1,1927,1926,1928,-1,1927,1928,1929,-1,1929,1928,1930,-1,1929,1930,1931,-1,1931,1930,1932,-1,1931,1932,1933,-1,1933,1932,1934,-1,1933,1934,1935,-1,1935,1934,1936,-1,1935,1936,1937,-1,1937,1936,1938,-1,1937,1938,1939,-1,1939,1938,1940,-1,1939,1940,1941,-1,1942,1943,1940,-1,1940,1943,1941,-1,1944,1945,1942,-1,1942,1945,1943,-1,1946,1947,1944,-1,1944,1947,1945,-1,1948,1949,1946,-1,1946,1949,1947,-1,1950,1951,1948,-1,1948,1951,1949,-1,1952,1953,1950,-1,1950,1953,1951,-1,1954,1955,1952,-1,1952,1955,1953,-1,1956,1957,1954,-1,1954,1957,1955,-1,1958,1959,1956,-1,1956,1959,1957,-1,1959,1958,1960,-1,1959,1960,1961,-1,1961,1960,1962,-1,1961,1962,1963,-1,1963,1962,1964,-1,1963,1964,1965,-1,1965,1964,1966,-1,1965,1966,1967,-1,1967,1966,1968,-1,1967,1968,1969,-1,1969,1968,1970,-1,1969,1970,1971,-1,1971,1970,1972,-1,1971,1972,1973,-1,1973,1972,1974,-1,1973,1974,1975,-1,1925,1924,1974,-1,1974,1924,1975,-1,1941,1943,1945,-1,1947,1949,1951,-1,1955,1957,1975,-1,1975,1957,1959,-1,1975,1959,1973,-1,1924,1941,1975,-1,1975,1941,1945,-1,1975,1945,1955,-1,1955,1945,1947,-1,1955,1947,1953,-1,1953,1947,1951,-1,1927,1937,1924,-1,1924,1937,1939,-1,1924,1939,1941,-1,1927,1929,1937,-1,1937,1929,1931,-1,1937,1931,1935,-1,1935,1931,1933,-1,1973,1959,1971,-1,1971,1959,1961,-1,1971,1961,1963,-1,1963,1965,1971,-1,1971,1965,1967,-1,1971,1967,1969,-1,1956,1954,1958,-1,1958,1954,1974,-1,1946,1944,1925,-1,1925,1944,1942,-1,1925,1942,1940,-1,1950,1948,1952,-1,1952,1948,1946,-1,1952,1946,1954,-1,1954,1946,1925,-1,1954,1925,1974,-1,1940,1938,1925,-1,1925,1938,1936,-1,1925,1936,1926,-1,1926,1936,1928,-1,1974,1972,1958,-1,1958,1972,1970,-1,1958,1970,1960,-1,1960,1970,1968,-1,1968,1966,1960,-1,1960,1966,1964,-1,1960,1964,1962,-1,1928,1936,1930,-1,1930,1936,1934,-1,1930,1934,1932,-1,1976,1977,1978,-1,1976,1978,1979,-1,1979,1978,1980,-1,1979,1980,1981,-1,1981,1980,1982,-1,1981,1982,1983,-1,1983,1982,1984,-1,1983,1984,1985,-1,1985,1984,1986,-1,1985,1986,1987,-1,1987,1986,1988,-1,1987,1988,1989,-1,1989,1988,1990,-1,1989,1990,1991,-1,1991,1990,1992,-1,1991,1992,1993,-1,1994,1995,1992,-1,1992,1995,1993,-1,1996,1997,1994,-1,1994,1997,1995,-1,1998,1999,1996,-1,1996,1999,1997,-1,2000,2001,1998,-1,1998,2001,1999,-1,2002,2003,2000,-1,2000,2003,2001,-1,2004,2005,2002,-1,2002,2005,2003,-1,2006,2007,2004,-1,2004,2007,2005,-1,2008,2009,2006,-1,2006,2009,2007,-1,2010,2011,2008,-1,2008,2011,2009,-1,2011,2010,2012,-1,2011,2012,2013,-1,2013,2012,2014,-1,2013,2014,2015,-1,2015,2014,2016,-1,2015,2016,2017,-1,2017,2016,2018,-1,2017,2018,2019,-1,2019,2018,2020,-1,2019,2020,2021,-1,2021,2020,2022,-1,2021,2022,2023,-1,2023,2022,2024,-1,2023,2024,2025,-1,2025,2024,2026,-1,2025,2026,2027,-1,1977,1976,2026,-1,2026,1976,2027,-1,1993,1995,1997,-1,2005,2007,2027,-1,2027,2007,2009,-1,2027,2009,2011,-1,2001,2003,1999,-1,1999,2003,2005,-1,1999,2005,1997,-1,1997,2005,2027,-1,1997,2027,1993,-1,1993,2027,1976,-1,2011,2013,2027,-1,2027,2013,2015,-1,2027,2015,2025,-1,1976,1979,1993,-1,1993,1979,1981,-1,1993,1981,1983,-1,2015,2017,2019,-1,1983,1985,1993,-1,1993,1985,1987,-1,1993,1987,1991,-1,1991,1987,1989,-1,2019,2021,2015,-1,2015,2021,2023,-1,2015,2023,2025,-1,2008,2006,2010,-1,2010,2006,2026,-1,2010,2026,2012,-1,2004,2002,2000,-1,1982,1980,1992,-1,2000,1998,2004,-1,2004,1998,1996,-1,2004,1996,2006,-1,2006,1996,1977,-1,2006,1977,2026,-1,1990,1988,1986,-1,1996,1994,1977,-1,1977,1994,1992,-1,1977,1992,1978,-1,1978,1992,1980,-1,2012,2026,2014,-1,2014,2026,2024,-1,2014,2024,2022,-1,2022,2020,2014,-1,2014,2020,2018,-1,2014,2018,2016,-1,1990,1986,1992,-1,1992,1986,1984,-1,1992,1984,1982,-1,2028,2029,2030,-1,2028,2030,2031,-1,2031,2030,2032,-1,2031,2032,2033,-1,2033,2032,2034,-1,2033,2034,2035,-1,2035,2034,2036,-1,2035,2036,2037,-1,2037,2036,2038,-1,2037,2038,2039,-1,2039,2038,2040,-1,2039,2040,2041,-1,2041,2040,2042,-1,2041,2042,2043,-1,2043,2042,2044,-1,2043,2044,2045,-1,2046,2047,2044,-1,2044,2047,2045,-1,2048,2049,2046,-1,2046,2049,2047,-1,2050,2051,2048,-1,2048,2051,2049,-1,2052,2053,2050,-1,2050,2053,2051,-1,2054,2055,2052,-1,2052,2055,2053,-1,2056,2057,2054,-1,2054,2057,2055,-1,2058,2059,2056,-1,2056,2059,2057,-1,2060,2061,2058,-1,2058,2061,2059,-1,2062,2063,2060,-1,2060,2063,2061,-1,2063,2062,2064,-1,2063,2064,2065,-1,2065,2064,2066,-1,2065,2066,2067,-1,2067,2066,2068,-1,2067,2068,2069,-1,2069,2068,2070,-1,2069,2070,2071,-1,2071,2070,2072,-1,2071,2072,2073,-1,2073,2072,2074,-1,2073,2074,2075,-1,2075,2074,2076,-1,2075,2076,2077,-1,2077,2076,2078,-1,2077,2078,2079,-1,2029,2028,2078,-1,2078,2028,2079,-1,2045,2047,2049,-1,2051,2053,2055,-1,2059,2061,2079,-1,2079,2061,2063,-1,2028,2045,2079,-1,2079,2045,2049,-1,2079,2049,2059,-1,2059,2049,2051,-1,2059,2051,2057,-1,2057,2051,2055,-1,2063,2065,2079,-1,2079,2065,2067,-1,2079,2067,2077,-1,2031,2041,2028,-1,2028,2041,2043,-1,2028,2043,2045,-1,2067,2069,2071,-1,2031,2033,2041,-1,2041,2033,2035,-1,2041,2035,2039,-1,2039,2035,2037,-1,2071,2073,2067,-1,2067,2073,2075,-1,2067,2075,2077,-1,2060,2058,2062,-1,2062,2058,2078,-1,2062,2078,2064,-1,2050,2048,2029,-1,2029,2048,2046,-1,2029,2046,2044,-1,2054,2052,2056,-1,2056,2052,2050,-1,2056,2050,2058,-1,2058,2050,2029,-1,2058,2029,2078,-1,2064,2078,2066,-1,2066,2078,2076,-1,2066,2076,2074,-1,2044,2042,2029,-1,2029,2042,2040,-1,2029,2040,2030,-1,2030,2040,2032,-1,2074,2072,2066,-1,2066,2072,2070,-1,2066,2070,2068,-1,2032,2040,2034,-1,2034,2040,2038,-1,2034,2038,2036,-1,2080,2081,2082,-1,2080,2082,2083,-1,2083,2082,2084,-1,2083,2084,2085,-1,2085,2084,2086,-1,2085,2086,2087,-1,2087,2086,2088,-1,2087,2088,2089,-1,2089,2088,2090,-1,2089,2090,2091,-1,2091,2090,2092,-1,2091,2092,2093,-1,2093,2092,2094,-1,2093,2094,2095,-1,2095,2094,2096,-1,2095,2096,2097,-1,2098,2099,2096,-1,2096,2099,2097,-1,2100,2101,2098,-1,2098,2101,2099,-1,2102,2103,2100,-1,2100,2103,2101,-1,2104,2105,2102,-1,2102,2105,2103,-1,2106,2107,2104,-1,2104,2107,2105,-1,2108,2109,2106,-1,2106,2109,2107,-1,2110,2111,2108,-1,2108,2111,2109,-1,2112,2113,2110,-1,2110,2113,2111,-1,2114,2115,2112,-1,2112,2115,2113,-1,2115,2114,2116,-1,2115,2116,2117,-1,2117,2116,2118,-1,2117,2118,2119,-1,2119,2118,2120,-1,2119,2120,2121,-1,2121,2120,2122,-1,2121,2122,2123,-1,2123,2122,2124,-1,2123,2124,2125,-1,2125,2124,2126,-1,2125,2126,2127,-1,2127,2126,2128,-1,2127,2128,2129,-1,2129,2128,2130,-1,2129,2130,2131,-1,2081,2080,2130,-1,2130,2080,2131,-1,2097,2099,2101,-1,2109,2111,2131,-1,2131,2111,2113,-1,2131,2113,2115,-1,2105,2107,2103,-1,2103,2107,2109,-1,2103,2109,2101,-1,2101,2109,2131,-1,2101,2131,2097,-1,2097,2131,2080,-1,2097,2080,2095,-1,2115,2117,2131,-1,2131,2117,2119,-1,2131,2119,2129,-1,2095,2080,2093,-1,2093,2080,2083,-1,2093,2083,2085,-1,2119,2121,2123,-1,2085,2087,2093,-1,2093,2087,2089,-1,2093,2089,2091,-1,2123,2125,2119,-1,2119,2125,2127,-1,2119,2127,2129,-1,2112,2110,2114,-1,2114,2110,2130,-1,2114,2130,2116,-1,2108,2106,2104,-1,2100,2098,2081,-1,2081,2098,2096,-1,2104,2102,2108,-1,2108,2102,2100,-1,2108,2100,2110,-1,2110,2100,2081,-1,2110,2081,2130,-1,2096,2094,2081,-1,2081,2094,2092,-1,2081,2092,2082,-1,2116,2130,2118,-1,2118,2130,2128,-1,2118,2128,2126,-1,2092,2090,2088,-1,2126,2124,2118,-1,2118,2124,2122,-1,2118,2122,2120,-1,2088,2086,2092,-1,2092,2086,2084,-1,2092,2084,2082,-1,
        ]
    }
}
Shape{
    appearance Appearance {
        material  Material 	{
            diffuseColor 0.25098039215686274 0.25098039215686274 0.25098039215686274
            specularColor 0.12549019607843137 0.12549019607843137 0.12549019607843137
            ambientIntensity 0.251
            transparency 0.0
            shininess 0.5
        }
    }
    geometry IndexedFaceSet {
        ccw TRUE
        solid FALSE
        coord DEF co Coordinate {
            point [
                1.0951 -0.7874 0.2953, 1.1811 -0.7874 0.2953, 1.1811 -0.6051 0.2953, 0.9748 -0.7874 0.2953, 1.0951 -0.6051 0.2953, 0.94 -0.7874 0.2953, 0.9748 -0.6051 0.2953, 0.877 -0.5903 0.2953, 0.8759 -0.5904 0.2953, 0.885 -0.5904 0.2953, 0.7666 -0.5231 0.2953, 0.7738 -0.5292 0.2953, 0.7988 -0.4939 0.2953, 0.7988 -0.5316 0.2953, 0.7315 -0.4901 0.2953, 0.7372 -0.4939 0.2953, 0.7433 -0.498 0.2953, 0.752 -0.5081 0.2953, 0.7575 -0.5188 0.2953, 0.7588 -0.5193 0.2953, 0.7183 -0.4854 0.2953, 0.7988 0.016 0.2953, 0.7074 -0.4843 0.2953, 0.6944 -0.4859 0.2953, 0.6822 -0.4906 0.2953, -0.143 0.016 0.2953, 0.6768 -0.4939 0.2953, -0.143 -0.4939 0.2953, 0.6758 -0.4946 0.2953, 0.6478 -0.5069 0.2953, 0.6581 -0.5056 0.2953, 0.6696 -0.4999 0.2953, 0.6612 -0.5058 0.2953, 0.6642 -0.5062 0.2953, 0.6278 -0.5183 0.2953, 0.6296 -0.5166 0.2953, 0.638 -0.5107 0.2953, -0.143 -0.5316 0.2953, -0.143 -0.5425 0.2953, 0.6161 -0.5425 0.2953, 0.6173 -0.5359 0.2953, 0.6192 -0.5316 0.2953, 0.6215 -0.5264 0.2953, 0.6347 -0.5841 0.2953, 0.6265 -0.5771 0.2953, -0.143 -0.5904 0.2953, 0.6205 -0.5685 0.2953, 0.6443 -0.5887 0.2953, 0.6479 -0.5904 0.2953, 0.6476 -0.5897 0.2953, 0.6167 -0.5587 0.2953, 0.6154 -0.5483 0.2953, 0.6155 -0.5458 0.2953, -0.143 -0.6051 0.2953, 0.6617 -0.6051 0.2953, 0.6593 -0.6041 0.2953, 0.6542 -0.6002 0.2953, 0.6502 -0.5954 0.2953, 0.6835 -0.6051 0.2953, 0.679 -0.6069 0.2953, 0.7988 -0.7874 0.2953, 0.6726 -0.6076 0.2953, 0.6716 -0.6076 0.2953, 0.6654 -0.6067 0.2953, -0.143 -0.7874 0.2953, -1.1811 -0.7874 0.2953, 0.6973 -0.5904 0.2953, 0.6973 -0.5906 0.2953, 0.7988 -0.6051 0.2953, 0.6942 -0.5964 0.2953, 0.6902 -0.6009 0.2953, 0.6849 -0.6046 0.2953, 0.7824 -0.5447 0.2953, 0.7836 -0.5534 0.2953, 0.7988 -0.5425 0.2953, 0.731 -0.5749 0.2953, 0.7328 -0.5742 0.2953, 0.7359 -0.5591 0.2953, 0.6924 -0.5636 0.2953, 0.7277 -0.5452 0.2953, 0.6878 -0.5594 0.2953, 0.6822 -0.5564 0.2953, 0.7294 -0.576 0.2953, 0.7671 -0.5513 0.2953, 0.7659 -0.5462 0.2953, 0.7639 -0.5425 0.2953, 0.6327 -0.5425 0.2953, 0.7824 -0.5627 0.2953, 0.7988 -0.5904 0.2953, 0.7791 -0.5711 0.2953, 0.7738 -0.5784 0.2953, 0.7348 -0.5739 0.2953, 0.7351 -0.5739 0.2953, 0.7359 -0.5741 0.2953, 0.6343 -0.5584 0.2953, 0.6374 -0.5637 0.2953, 0.6508 -0.5664 0.2953, 0.6421 -0.5685 0.2953, 0.6479 -0.5721 0.2953, 0.6605 -0.5577 0.2953, 0.6551 -0.5614 0.2953, 0.632 -0.5478 0.2953, 0.6324 -0.5519 0.2953, 0.6663 -0.5554 0.2953, 0.6726 -0.5547 0.2953, 0.6758 -0.5549 0.2953, 0.7667 -0.5845 0.2953, 0.7586 -0.5884 0.2953, 0.7499 -0.5902 0.2953, 0.7267 -0.5821 0.2953, 0.7267 -0.581 0.2953, 0.699 -0.5787 0.2953, 0.7273 -0.579 0.2953, 0.7283 -0.5772 0.2953, 0.7619 -0.5676 0.2953, 0.7648 -0.5635 0.2953, 0.7666 -0.5588 0.2953, 0.7673 -0.5536 0.2953, 0.7343 -0.5902 0.2953, 0.7328 -0.59 0.2953, 0.7311 -0.5893 0.2953, 0.7294 -0.5881 0.2953, 0.7288 -0.5875 0.2953, 0.7276 -0.5858 0.2953, 0.7269 -0.584 0.2953, 0.6988 -0.5841 0.2953, 0.699 -0.5813 0.2953, 0.7364 -0.5742 0.2953, 0.7483 -0.5742 0.2953, 0.753 -0.5733 0.2953, 0.7577 -0.5711 0.2953, 0.7616 -0.5679 0.2953, 0.7446 -0.5331 0.2953, 0.6351 -0.5355 0.2953, 0.6328 -0.5414 0.2953, 0.7467 -0.5331 0.2953, 0.7634 -0.5417 0.2953, 0.7604 -0.5383 0.2953, 0.7563 -0.5355 0.2953, 0.7517 -0.5337 0.2953, 0.7389 -0.5172 0.2953, 0.7329 -0.5101 0.2953, 0.6724 -0.5254 0.2953, 0.7323 -0.5095 0.2953, 0.7249 -0.5044 0.2953, 0.6764 -0.5171 0.2953, 0.6378 -0.5316 0.2953, 0.6705 -0.5244 0.2953, 0.7443 -0.5316 0.2953, 0.743 -0.5257 0.2953, 0.6646 -0.5222 0.2953, 0.6584 -0.5215 0.2953, 0.6556 -0.5216 0.2953, 0.6823 -0.51 0.2953, 0.7166 -0.5012 0.2953, 0.6894 -0.5049 0.2953, 0.7077 -0.5001 0.2953, 0.698 -0.5014 0.2953, 0.6491 -0.5232 0.2953, 0.6432 -0.5263 0.2953, 0.6388 -0.5303 0.2953, 0.7755 -0.5316 0.2953, 0.7792 -0.5367 0.2953, 0.7815 -0.5425 0.2953, 0.9365 -0.5859 0.2953, 0.9365 -0.5901 0.2953, 0.94 -0.5904 0.2953, 0.9283 -0.5904 0.2953, 0.9214 -0.5734 0.2953, 0.9214 -0.5859 0.2953, 0.9283 -0.5734 0.2953, 0.9283 -0.5859 0.2953, 0.9347 -0.5734 0.2953, 0.9347 -0.5692 0.2953, 0.9214 -0.5573 0.2953, 0.9214 -0.5692 0.2953, 0.9283 -0.5573 0.2953, 0.9283 -0.5692 0.2953, 0.9357 -0.5573 0.2953, 0.9283 -0.5901 0.2953, 0.9166 -0.5901 0.2953, 0.9141 -0.5904 0.2953, 0.9166 -0.5531 0.2953, 0.8666 -0.574 0.2953, 0.8661 -0.5726 0.2953, 0.8659 -0.5844 0.2953, 0.8659 -0.5708 0.2953, 0.8643 -0.5425 0.2953, 0.8661 -0.5691 0.2953, 0.868 -0.5856 0.2953, 0.868 -0.5758 0.2953, 0.8674 -0.5854 0.2953, 0.868 -0.5758 0.2953, 0.8672 -0.575 0.2953, 0.8659 -0.5892 0.2953, 0.8643 -0.5904 0.2953, 0.868 -0.59 0.2953, 0.868 -0.5904 0.2953, 0.8691 -0.5903 0.2953, 0.8701 -0.5904 0.2953, 0.8825 -0.5642 0.2953, 0.8825 -0.5687 0.2953, 0.8689 -0.5651 0.2953, 0.8701 -0.5644 0.2953, 0.868 -0.5425 0.2953, 0.8836 -0.5848 0.2953, 0.883 -0.5863 0.2953, 0.8821 -0.5875 0.2953, 0.8667 -0.5676 0.2953, 0.8675 -0.5664 0.2953, 0.868 -0.5659 0.2953, 0.8726 -0.5635 0.2953, 0.8762 -0.563 0.2953, 0.885 -0.5425 0.2953, 0.8791 -0.5633 0.2953, 0.8822 -0.5785 0.2953, 0.8831 -0.5798 0.2953, 0.8836 -0.5812 0.2953, 0.8838 -0.5829 0.2953, 0.8808 -0.5886 0.2953, 0.8795 -0.5894 0.2953, 0.8758 -0.5668 0.2953, 0.8744 -0.5669 0.2953, 0.8707 -0.5704 0.2953, 0.8732 -0.5672 0.2953, 0.8721 -0.5678 0.2953, 0.8708 -0.571 0.2953, 0.8709 -0.5717 0.2953, 0.8713 -0.5723 0.2953, 0.8717 -0.5728 0.2953, 0.8734 -0.5739 0.2953, 0.8791 -0.5672 0.2953, 0.8762 -0.5751 0.2953, 0.8817 -0.5683 0.2953, 0.878 -0.5758 0.2953, 0.8811 -0.5776 0.2953, 0.8714 -0.5684 0.2953, 0.871 -0.569 0.2953, 0.8708 -0.5696 0.2953, 0.8703 -0.5865 0.2953, 0.873 -0.5785 0.2953, 0.8702 -0.5772 0.2953, 0.8735 -0.587 0.2953, 0.8737 -0.587 0.2953, 0.876 -0.5798 0.2953, 0.8761 -0.5867 0.2953, 0.879 -0.5834 0.2953, 0.879 -0.5828 0.2953, 0.8773 -0.5862 0.2953, 0.8777 -0.586 0.2953, 0.8783 -0.5855 0.2953, 0.8787 -0.5849 0.2953, 0.8789 -0.5843 0.2953, 0.8788 -0.5821 0.2953, 0.8784 -0.5815 0.2953, 0.8778 -0.5809 0.2953, 0.9748 -0.5316 0.2953, 0.9627 -0.5313 0.2953, 0.9574 -0.5313 0.2953, 0.9536 -0.5212 0.2953, 0.94 -0.5212 0.2953, 0.94 -0.5316 0.2953, 0.9486 -0.4942 0.2953, 0.9748 -0.4939 0.2953, 0.94 -0.4939 0.2953, 0.9382 -0.5212 0.2953, 0.9347 -0.5313 0.2953, 0.9283 -0.5316 0.2953, 0.9294 -0.5313 0.2953, 0.9283 -0.4939 0.2953, 0.94 -0.5033 0.2953, 0.9435 -0.4942 0.2953, 0.8971 -0.5313 0.2953, 0.8971 -0.4942 0.2953, 0.8893 -0.4985 0.2953, 0.8893 -0.4942 0.2953, 0.885 -0.4942 0.2953, 0.885 -0.4939 0.2953, 0.9141 -0.4939 0.2953, 0.9077 -0.4942 0.2953, 0.9084 -0.4943 0.2953, 0.8901 -0.5271 0.2953, 0.8901 -0.5313 0.2953, 0.9136 -0.5306 0.2953, 0.9073 -0.5313 0.2953, 0.9141 -0.5316 0.2953, 0.885 -0.5316 0.2953, 0.9235 -0.5009 0.2953, 0.9256 -0.5043 0.2953, 0.9217 -0.4992 0.2953, 0.9262 -0.5194 0.2953, 0.9242 -0.5232 0.2953, 0.914 -0.495 0.2953, 0.9141 -0.4951 0.2953, 0.9184 -0.4968 0.2953, 0.9217 -0.5261 0.2953, 0.9178 -0.5289 0.2953, 0.9141 -0.5304 0.2953, 0.9269 -0.508 0.2953, 0.9273 -0.5123 0.2953, 0.9271 -0.5151 0.2953, 0.875 -0.5146 0.2953, 0.875 -0.5271 0.2953, 0.885 -0.5146 0.2953, 0.885 -0.5271 0.2953, 0.8882 -0.5146 0.2953, 0.8882 -0.5104 0.2953, 0.885 -0.5104 0.2953, 0.885 -0.4985 0.2953, 0.875 -0.5104 0.2953, 0.875 -0.4985 0.2953, 0.8702 -0.4942 0.2953, 0.868 -0.4939 0.2953, 0.8702 -0.5313 0.2953, 0.8643 -0.5316 0.2953, 0.8628 -0.5001 0.2953, 0.8628 -0.5252 0.2953, 0.8619 -0.4997 0.2953, 0.8612 -0.5259 0.2953, 0.8612 -0.4994 0.2953, 0.8581 -0.4984 0.2953, 0.8553 -0.5276 0.2953, 0.8594 -0.5267 0.2953, 0.84 -0.5136 0.2953, 0.84 -0.5132 0.2953, 0.854 -0.4979 0.2953, 0.8527 -0.498 0.2953, 0.8494 -0.4986 0.2953, 0.8433 -0.5028 0.2953, 0.8416 -0.5055 0.2953, 0.8405 -0.5089 0.2953, 0.8406 -0.5181 0.2953, 0.8418 -0.5211 0.2953, 0.8437 -0.5238 0.2953, 0.8469 -0.5263 0.2953, 0.8496 -0.5273 0.2953, 0.8532 -0.5277 0.2953, 0.8465 -0.4999 0.2953, 0.8439 -0.5021 0.2953, 0.8445 -0.5246 0.2953, 0.8628 -0.4951 0.2953, 0.8643 -0.4939 0.2953, 0.8612 -0.4947 0.2953, 0.8612 -0.4939 0.2953, 0.8593 -0.4941 0.2953, 0.8577 -0.4939 0.2953, 0.8546 -0.4936 0.2953, 0.8612 0.016 0.2953, 0.854 -0.4936 0.2953, 0.8345 0.016 0.2953, 0.8514 -0.4939 0.2953, 0.8372 -0.5233 0.2953, 0.8357 -0.5194 0.2953, 0.8345 -0.5316 0.2953, 0.8448 -0.4958 0.2953, 0.8487 -0.4943 0.2953, 0.8345 -0.4939 0.2953, 0.8426 -0.5292 0.2953, 0.846 -0.5309 0.2953, 0.8492 -0.5316 0.2953, 0.8398 -0.5269 0.2953, 0.8394 -0.5265 0.2953, 0.8379 -0.5022 0.2953, 0.8404 -0.4991 0.2953, 0.8412 -0.4983 0.2953, 0.835 -0.5135 0.2953, 0.8351 -0.5109 0.2953, 0.8361 -0.5062 0.2953, 0.85 -0.5318 0.2953, 0.8345 -0.5425 0.2953, 0.8525 -0.5319 0.2953, 0.8612 -0.5425 0.2953, 0.8558 -0.5316 0.2953, 0.8628 -0.5298 0.2953, 0.8621 -0.5301 0.2953, 0.8612 -0.5316 0.2953, 0.8612 -0.5304 0.2953, 0.8582 -0.5314 0.2953, 0.8339 -0.5859 0.2953, 0.8339 -0.5901 0.2953, 0.8345 -0.5904 0.2953, 0.8139 -0.5901 0.2953, 0.8337 -0.5904 0.2953, 0.8337 -0.5901 0.2953, 0.8139 -0.5531 0.2953, 0.833 -0.5531 0.2953, 0.833 -0.5573 0.2953, 0.8337 -0.5425 0.2953, 0.8337 -0.5859 0.2953, 0.8187 -0.5734 0.2953, 0.8187 -0.5859 0.2953, 0.832 -0.5734 0.2953, 0.832 -0.5692 0.2953, 0.8187 -0.5692 0.2953, 0.8187 -0.5573 0.2953, 0.8409 -0.5655 0.2953, 0.8409 -0.57 0.2953, 0.8596 -0.5731 0.2953, 0.8596 -0.5901 0.2953, 0.8612 -0.5904 0.2953, 0.855 -0.5901 0.2953, 0.8422 -0.5898 0.2953, 0.8439 -0.5904 0.2953, 0.844 -0.5904 0.2953, 0.8391 -0.5867 0.2953, 0.8386 -0.5851 0.2953, 0.8406 -0.5887 0.2953, 0.8401 -0.5881 0.2953, 0.8401 -0.5776 0.2953, 0.8415 -0.5764 0.2953, 0.8434 -0.5753 0.2953, 0.844 -0.5681 0.2953, 0.8471 -0.5744 0.2953, 0.8512 -0.567 0.2953, 0.8496 -0.5668 0.2953, 0.8469 -0.5671 0.2953, 0.8383 -0.583 0.2953, 0.8386 -0.5808 0.2953, 0.8391 -0.5791 0.2953, 0.855 -0.586 0.2953, 0.8548 -0.586 0.2953, 0.8541 -0.5871 0.2953, 0.8526 -0.5887 0.2953, 0.853 -0.5633 0.2953, 0.8549 -0.5639 0.2953, 0.8564 -0.5648 0.2953, 0.855 -0.5733 0.2953, 0.8548 -0.5712 0.2953, 0.8543 -0.5696 0.2953, 0.8538 -0.5686 0.2953, 0.8575 -0.5658 0.2953, 0.8584 -0.5673 0.2953, 0.8592 -0.5693 0.2953, 0.8424 -0.5647 0.2953, 0.8459 -0.5635 0.2953, 0.85 -0.563 0.2953, 0.8531 -0.5679 0.2953, 0.8522 -0.5674 0.2953, 0.8467 -0.5907 0.2953, 0.8345 -0.6051 0.2953, 0.8491 -0.5905 0.2953, 0.8612 -0.6051 0.2953, 0.8493 -0.5904 0.2953, 0.9068 -0.5636 0.2953, 0.9116 -0.5636 0.2953, 0.9141 -0.5425 0.2953, 0.9283 -0.5425 0.2953, 0.9283 -0.5531 0.2953, 0.94 -0.5425 0.2953, 0.9357 -0.5531 0.2953, 0.8966 -0.5901 0.2953, 0.8862 -0.5636 0.2953, 0.8914 -0.5636 0.2953, 0.8983 -0.5835 0.2953, 0.8996 -0.5836 0.2953, 0.8989 -0.5857 0.2953, 0.899 -0.5857 0.2953, 0.8992 -0.5848 0.2953, 0.8731 -0.5907 0.2953, 0.868 -0.6051 0.2953, 0.885 -0.6051 0.2953, 0.8871 -0.5981 0.2953, 0.8936 -0.5965 0.2953, 0.8945 -0.5949 0.2953, 0.8964 -0.5904 0.2953, 0.8901 -0.6026 0.2953, 0.892 -0.6024 0.2953, 0.9141 -0.6051 0.2953, 0.8891 -0.6026 0.2953, 0.8871 -0.6022 0.2953, 0.901 -0.5904 0.2953, 0.8996 -0.5941 0.2953, 0.8975 -0.5982 0.2953, 0.8958 -0.6003 0.2953, 0.8955 -0.6005 0.2953, 0.8939 -0.6017 0.2953, 0.8881 -0.5984 0.2953, 0.8898 -0.5986 0.2953, 0.8909 -0.5985 0.2953, 0.8919 -0.5981 0.2953, 0.8928 -0.5975 0.2953, 0.94 -0.6051 0.2953, 0.9283 -0.7874 0.2953, 0.9283 -0.6051 0.2953, 0.9141 -0.7874 0.2953, 0.885 -0.7874 0.2953, 0.868 -0.7874 0.2953, 0.8643 -0.7874 0.2953, 0.8643 -0.6051 0.2953, 0.8612 -0.7874 0.2953, 0.8345 -0.7874 0.2953, 0.8337 -0.7874 0.2953, 0.8337 -0.6051 0.2953, 0.851 -0.5898 0.2953, 1.0951 -0.5904 0.2953, 0.9748 -0.5904 0.2953, 0.9435 -0.5901 0.2953, 0.9726 -0.5782 0.2953, 0.9707 -0.582 0.2953, 0.96 -0.5894 0.2953, 0.9537 -0.5901 0.2953, 0.9721 -0.5631 0.2953, 0.9733 -0.5668 0.2953, 0.9748 -0.5425 0.2953, 0.9737 -0.5711 0.2953, 0.9736 -0.5739 0.2953, 0.9681 -0.5849 0.2953, 0.9642 -0.5877 0.2953, 0.9605 -0.5538 0.2953, 0.9648 -0.5556 0.2953, 0.9435 -0.5531 0.2953, 0.9541 -0.5531 0.2953, 0.9549 -0.5531 0.2953, 0.9681 -0.558 0.2953, 0.9699 -0.5597 0.2953, 0.9811 -0.5901 0.2953, 0.9758 -0.5901 0.2953, 1.0039 -0.5901 0.2953, 1.0001 -0.58 0.2953, 0.9846 -0.58 0.2953, 0.9899 -0.5531 0.2953, 0.995 -0.5531 0.2953, 0.8337 -0.5316 0.2953, 0.868 -0.5316 0.2953, 0.8335 -0.5271 0.2953, 0.8335 -0.5313 0.2953, 0.8139 -0.5313 0.2953, 0.8187 -0.4942 0.2953, 0.8337 -0.4939 0.2953, 0.8139 -0.4942 0.2953, 0.8187 -0.5271 0.2953, 0.885 -0.5313 0.2953, 1.0091 -0.5901 0.2953, 1.0951 -0.5425 0.2953, 1.0951 -0.5316 0.2953, 1.0951 -0.4939 0.2953, 1.1811 -0.5904 0.2953, 1.1811 -0.5425 0.2953, 1.1811 -0.5316 0.2953, 1.1811 -0.4939 0.2953, -1.1811 -0.6051 0.2953, -1.1811 -0.5904 0.2953, -1.1811 -0.5425 0.2953, -1.1811 -0.5316 0.2953, -1.1811 -0.4939 0.2953, -1.1811 0.016 0.2953, 0.8337 0.016 0.2953, 1.1811 0.016 0.2953, 1.0951 0.016 0.2953, 0.9748 0.016 0.2953, 0.94 0.016 0.2953, 0.9283 0.016 0.2953, 0.9141 0.016 0.2953, 0.885 0.016 0.2953, 0.868 0.016 0.2953, 0.8643 0.016 0.2953, -0.9014 0.6012 0.2953, -0.9043 0.5792 0.2953, -0.9128 0.5587 0.2953, -1.1811 0.7874 0.2953, -1.0685 0.6232 0.2953, -1.06 0.6437 0.2953, -0.9043 0.6232 0.2953, -0.143 0.7874 0.2953, -0.9128 0.6437 0.2953, -0.9263 0.6613 0.2953, -0.9263 0.5411 0.2953, -0.9439 0.5276 0.2953, -0.9644 0.5191 0.2953, -0.9864 0.5162 0.2953, -1.0465 0.5411 0.2953, -1.06 0.5587 0.2953, -1.0685 0.5792 0.2953, -1.0714 0.6012 0.2953, -1.0465 0.6613 0.2953, -1.0289 0.6748 0.2953, -1.0084 0.6833 0.2953, -1.0084 0.5191 0.2953, -1.0289 0.5276 0.2953, -0.9864 0.6862 0.2953, -0.9644 0.6833 0.2953, -0.9439 0.6748 0.2953, 1.1811 0.7874 0.2953, 1.0951 0.7874 0.2953, 0.9748 0.7874 0.2953, 0.94 0.7874 0.2953, 0.9283 0.7874 0.2953, 0.9141 0.7874 0.2953, 0.885 0.7874 0.2953, 0.868 0.7874 0.2953, 0.8643 0.7874 0.2953, 0.8612 0.7874 0.2953, 0.8345 0.7874 0.2953, 0.8337 0.7874 0.2953, 0.7988 0.7874 0.2953, 1.1811 0.2657 0.0787, 1.1811 0.2657 0.0197, 1.1811 0.3642 0.0197, 1.1811 -0.7874 0.0197, 1.1811 -0.5807 0.0197, 1.1811 -0.5807 0.0787, 1.1811 -0.5217 0.0787, 1.1811 0.4232 0.0197, 1.1811 0.5217 0.0197, 1.1811 0.4232 0.0787, 1.1811 0.5217 0.0787, 1.1811 -0.5217 0.0197, 1.1811 -0.4232 0.0197, 1.1811 -0.4232 0.0787, 1.1811 -0.3642 0.0787, 1.1811 -0.3642 0.0197, 1.1811 -0.2657 0.0197, 1.1811 -0.2657 0.0787, 1.1811 -0.2067 0.0787, 1.1811 -0.2067 0.0197, 1.1811 -0.1083 0.0197, 1.1811 -0.1083 0.0787, 1.1811 -0.0492 0.0787, 1.1811 -0.0492 0.0197, 1.1811 0.0492 0.0197, 1.1811 0.0492 0.0787, 1.1811 0.1083 0.0787, 1.1811 0.3642 0.0787, 1.1811 0.2067 0.0787, 1.1811 0.2067 0.0197, 1.1811 0.1083 0.0197, 1.1811 0.5807 0.0197, 1.1811 0.7874 0.0197, 1.1811 0.5807 0.0787, 0.5807 -0.7874 0.0787, 0.5807 -0.7874 0.0197, 0.6791 -0.7874 0.0197, 0.6791 -0.7874 0.0787, 0.7382 -0.7874 0.0787, 0.8957 -0.7874 0.0197, 0.8957 -0.7874 0.0787, 0.8366 -0.7874 0.0787, 0.8366 -0.7874 0.0197, 0.7382 -0.7874 0.0197, 0.2657 -0.7874 0.0787, 0.2657 -0.7874 0.0197, 0.3642 -0.7874 0.0197, -1.1811 -0.7874 0.0197, -0.8957 -0.7874 0.0197, -0.8957 -0.7874 0.0787, -0.8366 -0.7874 0.0787, 0.4232 -0.7874 0.0197, 0.5217 -0.7874 0.0197, 0.4232 -0.7874 0.0787, 0.5217 -0.7874 0.0787, -0.8366 -0.7874 0.0197, -0.7382 -0.7874 0.0197, -0.7382 -0.7874 0.0787, -0.6791 -0.7874 0.0787, -0.6791 -0.7874 0.0197, -0.5807 -0.7874 0.0197, -0.5807 -0.7874 0.0787, -0.5217 -0.7874 0.0787, -0.5217 -0.7874 0.0197, -0.4232 -0.7874 0.0197, -0.4232 -0.7874 0.0787, -0.3642 -0.7874 0.0787, -0.3642 -0.7874 0.0197, -0.2657 -0.7874 0.0197, -0.2657 -0.7874 0.0787, -0.2067 -0.7874 0.0787, -0.2067 -0.7874 0.0197, -0.1083 -0.7874 0.0197, -0.1083 -0.7874 0.0787, -0.0492 -0.7874 0.0787, -0.0492 -0.7874 0.0197, 0.0492 -0.7874 0.0197, 0.0492 -0.7874 0.0787, 0.1083 -0.7874 0.0787, 0.3642 -0.7874 0.0787, 0.2067 -0.7874 0.0787, 0.2067 -0.7874 0.0197, 0.1083 -0.7874 0.0197, -1.1811 0.7874 0.0197, -1.1811 0.5807 0.0197, -1.1811 0.5807 0.0787, -1.1811 0.5217 0.0787, -1.1811 0.3642 0.0787, -1.1811 0.3642 0.0197, -1.1811 0.2657 0.0197, -1.1811 0.2657 0.0787, -1.1811 0.2067 0.0787, -1.1811 0.4232 0.0787, -1.1811 0.4232 0.0197, -1.1811 0.5217 0.0197, -1.1811 0.0492 0.0787, -1.1811 0.0492 0.0197, -1.1811 -0.0492 0.0197, -1.1811 -0.0492 0.0787, -1.1811 -0.1083 0.0787, -1.1811 0.1083 0.0787, -1.1811 0.1083 0.0197, -1.1811 0.2067 0.0197, -1.1811 -0.2657 0.0787, -1.1811 -0.2657 0.0197, -1.1811 -0.3642 0.0197, -1.1811 -0.3642 0.0787, -1.1811 -0.4232 0.0787, -1.1811 -0.2067 0.0787, -1.1811 -0.2067 0.0197, -1.1811 -0.1083 0.0197, -1.1811 -0.5807 0.0197, -1.1811 -0.5807 0.0787, -1.1811 -0.5217 0.0787, -1.1811 -0.5217 0.0197, -1.1811 -0.4232 0.0197, 0.3642 0.7874 0.0787, 0.4232 0.7874 0.0787, 0.5217 0.7874 0.0787, 0.5217 0.7874 0.0197, 0.4232 0.7874 0.0197, 0.2067 0.7874 0.0787, 0.2657 0.7874 0.0787, 0.2657 0.7874 0.0197, 0.3642 0.7874 0.0197, 0.8957 0.7874 0.0197, 0.8957 0.7874 0.0787, 0.8366 0.7874 0.0787, 0.0492 0.7874 0.0787, 0.0492 0.7874 0.0197, -0.0492 0.7874 0.0197, 0.8366 0.7874 0.0197, 0.7382 0.7874 0.0197, 0.7382 0.7874 0.0787, 0.6791 0.7874 0.0787, -0.0492 0.7874 0.0787, -0.1083 0.7874 0.0787, 0.1083 0.7874 0.0787, 0.1083 0.7874 0.0197, 0.2067 0.7874 0.0197, 0.6791 0.7874 0.0197, 0.5807 0.7874 0.0197, 0.5807 0.7874 0.0787, -0.2657 0.7874 0.0787, -0.2657 0.7874 0.0197, -0.3642 0.7874 0.0197, -0.3642 0.7874 0.0787, -0.4232 0.7874 0.0787, -0.2067 0.7874 0.0787, -0.2067 0.7874 0.0197, -0.1083 0.7874 0.0197, -0.5807 0.7874 0.0787, -0.5807 0.7874 0.0197, -0.6791 0.7874 0.0197, -0.6791 0.7874 0.0787, -0.7382 0.7874 0.0787, -0.5217 0.7874 0.0787, -0.5217 0.7874 0.0197, -0.4232 0.7874 0.0197, -0.8957 0.7874 0.0197, -0.8957 0.7874 0.0787, -0.8366 0.7874 0.0787, -0.8366 0.7874 0.0197, -0.7382 0.7874 0.0197, -0.8272 0.7677 0.0197, -0.8366 0.7772 0.0197, -0.8268 0.7677 0.0197, 0.5902 0.7677 0.0197, 0.5807 0.7772 0.0197, 0.5906 0.7677 0.0197, 0.5807 -0.7772 0.0197, 0.5902 -0.7677 0.0197, 0.5906 -0.7677 0.0197, 0.1083 -0.7772 0.0197, 0.1177 -0.7677 0.0197, 0.1181 -0.7677 0.0197, 0.1177 0.7677 0.0197, 0.1083 0.7772 0.0197, 0.1181 0.7677 0.0197, 0.4327 0.7677 0.0197, 0.4232 0.7772 0.0197, 0.4331 0.7677 0.0197, 0.7476 0.7677 0.0197, 0.7382 0.7772 0.0197, 0.748 0.7677 0.0197, 0.9051 0.7677 0.0197, 0.8957 0.7772 0.0197, 0.9055 0.7677 0.0197, 0.8957 -0.7772 0.0197, 0.9051 -0.7677 0.0197, 0.9055 -0.7677 0.0197, 0.7382 -0.7772 0.0197, 0.7476 -0.7677 0.0197, 0.748 -0.7677 0.0197, 0.4232 -0.7772 0.0197, 0.4327 -0.7677 0.0197, 0.4331 -0.7677 0.0197, 0.2657 -0.7772 0.0197, 0.2752 -0.7677 0.0197, 0.2756 -0.7677 0.0197, -0.0492 -0.7772 0.0197, -0.0398 -0.7677 0.0197, -0.0394 -0.7677 0.0197, -0.2067 -0.7772 0.0197, -0.1972 -0.7677 0.0197, -0.1969 -0.7677 0.0197, -0.3642 -0.7772 0.0197, -0.3547 -0.7677 0.0197, -0.3543 -0.7677 0.0197, -0.3547 0.7677 0.0197, -0.3642 0.7772 0.0197, -0.3543 0.7677 0.0197, -0.1972 0.7677 0.0197, -0.2067 0.7772 0.0197, -0.1969 0.7677 0.0197, -0.0398 0.7677 0.0197, -0.0492 0.7772 0.0197, -0.0394 0.7677 0.0197, 0.2752 0.7677 0.0197, 0.2657 0.7772 0.0197, 0.2756 0.7677 0.0197, -0.6791 -0.7772 0.0197, -0.6697 -0.7677 0.0197, -0.6693 -0.7677 0.0197, -0.6697 0.7677 0.0197, -0.6791 0.7772 0.0197, -0.6693 0.7677 0.0197, -0.5906 0.7677 0.0197, -0.67 0.6445 0.0197, -0.6693 0.6496 0.0197, -0.5122 0.7677 0.0197, -0.5217 0.7772 0.0197, -0.5118 0.7677 0.0197, -0.5902 0.7677 0.0197, -0.5807 0.7772 0.0197, 1.1709 0.5807 0.0197, 1.1614 0.5902 0.0197, 1.1614 0.5906 0.0197, 1.1614 0.5122 0.0197, 1.1709 0.5217 0.0197, 1.1614 0.5118 0.0197, 1.1614 0.3547 0.0197, 1.1709 0.3642 0.0197, 1.1614 0.3543 0.0197, 1.0433 0.5118 0.0197, 1.1614 0.4331 0.0197, 1.1614 0.4327 0.0197, 1.1709 0.4232 0.0197, 1.1614 0.1972 0.0197, 1.1709 0.2067 0.0197, 1.1614 0.1969 0.0197, 1.0433 0.3543 0.0197, 1.1614 0.2756 0.0197, 1.1614 0.2752 0.0197, 1.1709 0.2657 0.0197, 1.1614 0.0398 0.0197, 1.1709 0.0492 0.0197, 1.1614 0.0394 0.0197, 1.0433 0.1969 0.0197, 1.1614 0.1181 0.0197, 1.1614 0.1177 0.0197, 1.1709 0.1083 0.0197, 1.1614 -0.1177 0.0197, 1.1709 -0.1083 0.0197, 1.1614 -0.1181 0.0197, 1.0433 0.0394 0.0197, 1.1614 -0.0394 0.0197, 1.1614 -0.0398 0.0197, 1.1709 -0.0492 0.0197, 1.1614 -0.5906 0.0197, 1.1614 -0.5902 0.0197, 1.1709 -0.5807 0.0197, 1.1614 -0.2752 0.0197, 1.1709 -0.2657 0.0197, 1.1614 -0.2756 0.0197, 1.0433 -0.1181 0.0197, 1.1614 -0.1969 0.0197, 1.1614 -0.1972 0.0197, 1.1709 -0.2067 0.0197, -0.5906 -0.7677 0.0197, -0.5902 -0.7677 0.0197, -0.5807 -0.7772 0.0197, 1.1614 -0.4327 0.0197, 1.1709 -0.4232 0.0197, 1.1614 -0.4331 0.0197, 1.0433 -0.2756 0.0197, 1.1614 -0.3543 0.0197, 1.1614 -0.3547 0.0197, 1.1709 -0.3642 0.0197, 1.0433 -0.4331 0.0197, 1.1614 -0.5118 0.0197, 1.1614 -0.5122 0.0197, 1.1709 -0.5217 0.0197, -0.5217 -0.7772 0.0197, -0.5122 -0.7677 0.0197, -0.5118 -0.7677 0.0197, -0.7476 -0.7677 0.0197, -0.7382 -0.7772 0.0197, -0.748 -0.7677 0.0197, -0.9051 -0.7677 0.0197, -0.8957 -0.7772 0.0197, -0.9055 -0.7677 0.0197, -0.748 -0.6496 0.0197, -0.8268 -0.7677 0.0197, -0.8272 -0.7677 0.0197, -0.8366 -0.7772 0.0197, -1.1709 -0.5807 0.0197, -1.1614 -0.5902 0.0197, -1.1614 -0.5906 0.0197, -1.1614 -0.5122 0.0197, -1.1709 -0.5217 0.0197, -1.1614 -0.5118 0.0197, -1.1614 -0.3547 0.0197, -1.1709 -0.3642 0.0197, -1.1614 -0.3543 0.0197, -1.0433 -0.5118 0.0197, -1.1614 -0.4331 0.0197, -1.1614 -0.4327 0.0197, -1.1709 -0.4232 0.0197, -1.1614 -0.2756 0.0197, -1.0382 -0.355 0.0197, -1.0433 -0.3543 0.0197, -1.1614 -0.1972 0.0197, -1.1709 -0.2067 0.0197, -1.1614 -0.1969 0.0197, -1.1614 -0.2752 0.0197, -1.1709 -0.2657 0.0197, -1.1709 -0.1083 0.0197, -1.1614 -0.1177 0.0197, -1.1614 -0.1181 0.0197, -1.1614 -0.0398 0.0197, -1.1709 -0.0492 0.0197, -1.1614 -0.0394 0.0197, -0.7874 -0.2756 0.0197, -1.0335 -0.273 0.0197, -1.0294 -0.2698 0.0197, -1.0433 -0.1969 0.0197, -1.0382 -0.1975 0.0197, -1.1614 0.0394 0.0197, -1.0382 -0.04 0.0197, -1.0433 -0.0394 0.0197, -1.1614 0.1177 0.0197, -1.1709 0.1083 0.0197, -1.1614 0.1181 0.0197, -1.0263 -0.2657 0.0197, -1.0243 -0.261 0.0197, -1.0236 -0.2559 0.0197, -1.0263 -0.2067 0.0197, -1.0294 -0.2026 0.0197, -1.0335 -0.1995 0.0197, -1.1614 0.0398 0.0197, -1.1709 0.0492 0.0197, -1.0236 -0.2165 0.0197, -1.0243 -0.2114 0.0197, -1.1614 0.5906 0.0197, -1.1614 0.5902 0.0197, -1.1709 0.5807 0.0197, -1.1614 0.2752 0.0197, -1.1709 0.2657 0.0197, -1.1614 0.2756 0.0197, -1.0433 0.1181 0.0197, -1.1614 0.1969 0.0197, -1.1614 0.1972 0.0197, -1.1709 0.2067 0.0197, -1.0294 0.0451 0.0197, -1.0263 0.0492 0.0197, -1.0294 -0.0451 0.0197, 0.1969 -0.7677 0.0197, 0.1972 -0.7677 0.0197, 0.2067 -0.7772 0.0197, -1.1614 0.4327 0.0197, -1.1709 0.4232 0.0197, -1.1614 0.4331 0.0197, -1.0433 0.2756 0.0197, -1.1614 0.3543 0.0197, -1.1614 0.3547 0.0197, -1.1709 0.3642 0.0197, -1.0243 0.054 0.0197, -1.0263 0.2657 0.0197, -1.0294 0.2698 0.0197, -0.7874 0.1969 0.0197, -1.0335 0.273 0.0197, -1.0382 0.2749 0.0197, -1.0335 0.4304 0.0197, -1.0382 0.4324 0.0197, -1.1614 0.5118 0.0197, -1.0433 0.4331 0.0197, -0.8957 0.7772 0.0197, -0.9051 0.7677 0.0197, -0.9055 0.7677 0.0197, -1.0335 0.042 0.0197, -1.0236 0.0591 0.0197, -1.0236 0.0984 0.0197, -1.0335 0.1995 0.0197, -1.0263 0.1083 0.0197, -1.0382 0.1975 0.0197, -1.0294 0.1123 0.0197, -1.0433 0.1969 0.0197, -1.0335 0.1155 0.0197, -1.0382 0.1174 0.0197, -1.0294 0.2026 0.0197, -1.0243 0.1035 0.0197, -1.0263 0.2067 0.0197, -1.0243 0.2114 0.0197, -1.0236 0.2165 0.0197, -1.1614 0.5122 0.0197, -1.1709 0.5217 0.0197, -0.5906 0.3937 0.0197, -1.0263 0.4232 0.0197, -1.0294 0.4273 0.0197, -1.0433 -0.1181 0.0197, -1.0382 -0.1174 0.0197, -1.0335 -0.1155 0.0197, -1.0294 -0.1123 0.0197, -1.0263 -0.1083 0.0197, -1.0243 -0.1035 0.0197, -1.0236 -0.0984 0.0197, -1.0335 -0.042 0.0197, -1.0433 0.0394 0.0197, -1.0382 0.04 0.0197, -1.0236 0.2559 0.0197, -1.0243 0.261 0.0197, -1.0433 0.3543 0.0197, -1.0382 0.355 0.0197, -1.0335 0.357 0.0197, -1.0236 -0.0591 0.0197, -1.0243 -0.054 0.0197, -1.0263 -0.0492 0.0197, -1.0294 0.3601 0.0197, -1.0263 0.3642 0.0197, -1.0243 0.3689 0.0197, -1.0236 0.374 0.0197, -0.8268 0.6496 0.0197, -0.748 0.7677 0.0197, -0.7476 0.7677 0.0197, -0.7382 0.7772 0.0197, -0.4331 0.7677 0.0197, -0.5125 0.6445 0.0197, -0.5118 0.6496 0.0197, -1.0236 0.4134 0.0197, -1.0243 0.4185 0.0197, -0.4327 0.7677 0.0197, -0.4232 0.7772 0.0197, -0.1181 -0.7677 0.0197, -0.1177 -0.7677 0.0197, -0.1083 -0.7772 0.0197, -0.3543 0.6496 0.0197, -0.2756 0.7677 0.0197, -0.2752 0.7677 0.0197, -0.2657 0.7772 0.0197, -0.2756 -0.7677 0.0197, -0.2752 -0.7677 0.0197, -0.2657 -0.7772 0.0197, -0.1969 0.6496 0.0197, -0.1181 0.7677 0.0197, -0.1177 0.7677 0.0197, -0.1083 0.7772 0.0197, 0.1181 0.6496 0.0197, 0.1969 0.7677 0.0197, 0.1972 0.7677 0.0197, 0.2067 0.7772 0.0197, 0.8268 -0.7677 0.0197, 0.8272 -0.7677 0.0197, 0.8366 -0.7772 0.0197, -0.4327 -0.7677 0.0197, -0.4232 -0.7772 0.0197, -0.4331 -0.7677 0.0197, -0.0394 0.6496 0.0197, 0.0394 0.7677 0.0197, 0.0398 0.7677 0.0197, 0.0492 0.7772 0.0197, 0.6693 -0.7677 0.0197, 0.6697 -0.7677 0.0197, 0.6791 -0.7772 0.0197, 0.2756 0.6496 0.0197, 0.3543 0.7677 0.0197, 0.3547 0.7677 0.0197, 0.3642 0.7772 0.0197, 0.3543 -0.7677 0.0197, 0.3547 -0.7677 0.0197, 0.3642 -0.7772 0.0197, 0.5906 0.6496 0.0197, 0.6693 0.7677 0.0197, 0.6697 0.7677 0.0197, 0.6791 0.7772 0.0197, 0.8268 0.7677 0.0197, 0.7474 0.6445 0.0197, 0.748 0.6496 0.0197, 0.8272 0.7677 0.0197, 0.8366 0.7772 0.0197, 0.0398 -0.7677 0.0197, 0.0492 -0.7772 0.0197, 0.0394 -0.7677 0.0197, 0.5122 -0.7677 0.0197, 0.5217 -0.7772 0.0197, 0.5118 -0.7677 0.0197, 0.4331 0.6496 0.0197, 0.5118 0.7677 0.0197, 0.5122 0.7677 0.0197, 0.5217 0.7772 0.0197, 0.4331 -0.6496 0.0197, 0.5118 -0.6496 0.0197, 0.7429 0.3679 0.0197, 1.0263 0.5217 0.0197, 1.0294 0.5176 0.0197, -1.0263 -0.3642 0.0197, -1.0294 -0.3601 0.0197, -1.0335 -0.357 0.0197, -1.0263 -0.5217 0.0197, -1.0294 -0.5176 0.0197, -1.0263 -0.4232 0.0197, 0.6693 0.3937 0.0197, -1.0433 0.5118 0.0197, -1.0382 0.5125 0.0197, -1.0335 0.5144 0.0197, -1.0294 0.5176 0.0197, -1.0263 0.5217 0.0197, -1.0433 -0.2756 0.0197, -1.0382 -0.2749 0.0197, -0.7474 0.6445 0.0197, -0.7454 0.6398 0.0197, -0.8325 0.6357 0.0197, -1.0263 0.5807 0.0197, -1.0294 0.5848 0.0197, -1.0335 0.5879 0.0197, 1.0263 -0.5807 0.0197, 1.0294 -0.5848 0.0197, 1.0335 -0.5879 0.0197, -1.0433 -0.5906 0.0197, -1.0382 -0.5899 0.0197, 1.0433 0.5906 0.0197, 1.0382 0.5899 0.0197, -0.5264 0.6306 0.0197, -0.5217 0.6326 0.0197, 0.6956 0.3907 0.0197, -1.0433 0.5906 0.0197, -1.0382 0.5899 0.0197, 1.0382 0.4324 0.0197, 1.0335 0.4304 0.0197, 1.0294 0.4273 0.0197, 1.0263 0.4232 0.0197, 1.0243 0.4185 0.0197, 0.7616 0.3492 0.0197, 0.7757 0.3268 0.0197, 0.9029 -0.6398 0.0197, 1.0243 -0.576 0.0197, 0.9048 -0.6445 0.0197, 0.9055 -0.6496 0.0197, 0.8294 -0.6398 0.0197, 0.8274 -0.6445 0.0197, 0.7454 -0.6398 0.0197, 0.7423 -0.6357 0.0197, 0.7382 -0.6326 0.0197, 0.8366 -0.6326 0.0197, 1.0433 -0.5906 0.0197, 1.0382 -0.5899 0.0197, -1.0243 -0.3689 0.0197, -0.7844 -0.3019 0.0197, -0.7757 -0.3268 0.0197, -1.0243 -0.4185 0.0197, -0.8957 -0.6326 0.0197, -1.0236 -0.4134 0.0197, -0.8909 -0.6306 0.0197, -1.0382 -0.4324 0.0197, -1.0335 -0.4304 0.0197, -1.0294 -0.4273 0.0197, 0.4185 0.6306 0.0197, 0.4232 0.6326 0.0197, 1.0433 0.4331 0.0197, 1.0335 0.5144 0.0197, 1.0382 0.5125 0.0197, 0.7874 -0.2756 0.0197, 1.0243 0.3689 0.0197, 0.7844 -0.3019 0.0197, 1.0263 0.3642 0.0197, 0.7757 -0.3268 0.0197, 1.0263 -0.0492 0.0197, 1.0263 0.0492 0.0197, 1.0294 0.0451 0.0197, 0.4304 -0.6398 0.0197, 1.0263 -0.2657 0.0197, 0.4324 -0.6445 0.0197, -0.7616 -0.3492 0.0197, -0.8414 -0.6306 0.0197, -1.0335 -0.5879 0.0197, -1.0294 -0.5848 0.0197, -0.9055 -0.6496 0.0197, -1.0263 -0.5807 0.0197, -0.9048 -0.6445 0.0197, -0.9029 -0.6398 0.0197, -1.0433 -0.4331 0.0197, -1.0335 -0.5144 0.0197, -1.0382 -0.5125 0.0197, -0.7423 0.6357 0.0197, -0.7382 0.6326 0.0197, -0.7334 0.6306 0.0197, -0.6791 0.6326 0.0197, 1.0382 -0.1975 0.0197, 1.0263 -0.1083 0.0197, 1.0294 -0.1123 0.0197, 1.0382 -0.355 0.0197, 1.0294 -0.2698 0.0197, 0.6719 -0.6398 0.0197, 0.67 -0.6445 0.0197, 0.5879 -0.6398 0.0197, 0.8325 -0.6357 0.0197, -1.0243 -0.5264 0.0197, -0.8997 -0.6357 0.0197, -0.9055 0.6496 0.0197, -0.9048 0.6445 0.0197, -1.0243 0.576 0.0197, -0.9029 0.6398 0.0197, -0.7283 0.6299 0.0197, -0.689 0.6299 0.0197, -0.6839 0.6306 0.0197, 0.7334 0.6306 0.0197, 0.7382 0.6326 0.0197, 1.0263 0.1083 0.0197, 1.0263 0.2067 0.0197, 1.0294 0.2026 0.0197, 1.0294 -0.4273 0.0197, 1.0382 -0.5125 0.0197, 1.0335 -0.5144 0.0197, 1.0263 -0.5217 0.0197, 1.0243 -0.5264 0.0197, 0.8997 -0.6357 0.0197, 1.0236 -0.5315 0.0197, 1.0236 -0.5709 0.0197, 0.8957 -0.6326 0.0197, 0.8909 -0.6306 0.0197, 0.8858 -0.6299 0.0197, 0.7283 -0.6299 0.0197, 0.689 -0.6299 0.0197, 0.6839 -0.6306 0.0197, 1.0294 -0.5176 0.0197, -1.0236 -0.374 0.0197, -0.8858 -0.6299 0.0197, -0.8465 -0.6299 0.0197, -0.5848 0.6357 0.0197, -0.5807 0.6326 0.0197, -0.2657 0.6326 0.0197, -0.261 0.6306 0.0197, -0.374 0.6299 0.0197, 0.7874 0.2756 0.0197, 0.7844 0.3019 0.0197, 1.0236 0.374 0.0197, 1.0236 0.4134 0.0197, 1.0382 -0.04 0.0197, 1.0335 -0.042 0.0197, 1.0294 -0.0451 0.0197, 1.0335 0.273 0.0197, 1.0294 0.2698 0.0197, 1.0433 -0.1969 0.0197, 1.0335 -0.1155 0.0197, 1.0382 -0.1174 0.0197, 0.6693 -0.3937 0.0197, -0.5144 -0.6398 0.0197, -0.5176 -0.6357 0.0197, 1.0433 -0.3543 0.0197, 1.0335 -0.273 0.0197, 1.0382 -0.2749 0.0197, 1.0263 -0.3642 0.0197, 1.0294 -0.3601 0.0197, 1.0335 -0.357 0.0197, 1.0433 -0.5118 0.0197, 1.0335 -0.4304 0.0197, 1.0382 -0.4324 0.0197, 0.8268 -0.6496 0.0197, 0.748 -0.6496 0.0197, 0.7474 -0.6445 0.0197, -1.0243 -0.576 0.0197, -1.0236 -0.5709 0.0197, -1.0236 -0.5315 0.0197, -1.0243 0.5264 0.0197, -0.8997 0.6357 0.0197, -1.0236 0.5315 0.0197, -1.0236 0.5709 0.0197, -0.6719 0.6398 0.0197, -0.5906 0.6496 0.0197, -0.6751 0.6357 0.0197, -0.5899 0.6445 0.0197, -0.5879 0.6398 0.0197, -0.4273 0.6357 0.0197, -0.4232 0.6326 0.0197, 0.2067 0.6326 0.0197, 0.2114 0.6306 0.0197, 0.1083 0.6326 0.0197, 1.0433 -0.0394 0.0197, 1.0335 0.042 0.0197, 1.0382 0.04 0.0197, 0.7616 -0.3492 0.0197, 0.7429 -0.3679 0.0197, 1.0236 -0.374 0.0197, 1.0243 -0.3689 0.0197, 0.5848 -0.6357 0.0197, 0.5807 -0.6326 0.0197, 0.576 -0.6306 0.0197, 0.5709 -0.6299 0.0197, 0.7334 -0.6306 0.0197, 0.8414 -0.6306 0.0197, 0.8465 -0.6299 0.0197, -0.748 0.6496 0.0197, -0.8294 0.6398 0.0197, -0.8274 0.6445 0.0197, -0.576 0.6306 0.0197, -0.5709 0.6299 0.0197, -0.5315 0.6299 0.0197, -0.5144 0.6398 0.0197, -0.4331 0.6496 0.0197, -0.5176 0.6357 0.0197, -0.4324 0.6445 0.0197, -0.4304 0.6398 0.0197, 0.5144 0.6398 0.0197, 0.5125 0.6445 0.0197, 0.4273 0.6357 0.0197, 0.5118 0.6496 0.0197, 0.4304 0.6398 0.0197, 0.4324 0.6445 0.0197, 1.0382 0.1174 0.0197, 1.0335 0.1155 0.0197, 1.0294 0.1123 0.0197, 1.0382 0.2749 0.0197, 1.0294 0.3601 0.0197, 1.0433 0.2756 0.0197, 1.0335 0.357 0.0197, 1.0382 0.355 0.0197, 1.0243 -0.2114 0.0197, 0.7205 -0.382 0.0197, 1.0263 -0.2067 0.0197, 1.0294 -0.2026 0.0197, 1.0335 -0.1995 0.0197, 1.0236 -0.2165 0.0197, 1.0236 -0.2559 0.0197, 1.0243 -0.261 0.0197, 0.6956 -0.3907 0.0197, -0.2114 -0.6306 0.0197, -0.2165 -0.6299 0.0197, -0.1083 -0.6326 0.0197, 1.0236 -0.4134 0.0197, 1.0243 -0.4185 0.0197, 1.0263 -0.4232 0.0197, 0.6693 -0.6496 0.0197, 0.5906 -0.6496 0.0197, 0.5899 -0.6445 0.0197, 0.5176 -0.6357 0.0197, 0.5144 -0.6398 0.0197, 0.5125 -0.6445 0.0197, -0.8957 0.6326 0.0197, -0.8909 0.6306 0.0197, -0.8858 0.6299 0.0197, -0.8465 0.6299 0.0197, -0.8414 0.6306 0.0197, -0.8366 0.6326 0.0197, -0.3689 0.6306 0.0197, -0.3642 0.6326 0.0197, -0.273 0.6398 0.0197, -0.3601 0.6357 0.0197, -0.2749 0.6445 0.0197, -0.2698 0.6357 0.0197, 0.1975 0.6445 0.0197, 0.1995 0.6398 0.0197, 0.1123 0.6357 0.0197, 0.4134 0.6299 0.0197, 0.5176 0.6357 0.0197, 0.5217 0.6326 0.0197, 0.5264 0.6306 0.0197, 0.5315 0.6299 0.0197, 0.6719 0.6398 0.0197, 0.5807 0.6326 0.0197, 0.67 0.6445 0.0197, 0.5848 0.6357 0.0197, 0.6693 0.6496 0.0197, 0.5879 0.6398 0.0197, 0.5899 0.6445 0.0197, 0.6751 0.6357 0.0197, 0.6791 0.6326 0.0197, 0.7205 0.382 0.0197, 1.0243 0.5264 0.0197, 0.8997 0.6357 0.0197, 1.0433 0.1181 0.0197, 1.0335 0.1995 0.0197, 1.0382 0.1975 0.0197, 1.0236 -0.0591 0.0197, 1.0236 -0.0984 0.0197, 1.0243 -0.1035 0.0197, 0.2559 -0.6299 0.0197, 0.357 -0.6398 0.0197, 0.261 -0.6306 0.0197, 0.2657 -0.6326 0.0197, -0.4273 -0.6357 0.0197, -0.4304 -0.6398 0.0197, -0.4324 -0.6445 0.0197, -0.5125 -0.6445 0.0197, -0.4331 -0.6496 0.0197, -0.5118 -0.6496 0.0197, -0.7429 -0.3679 0.0197, -0.7205 -0.382 0.0197, -0.8366 -0.6326 0.0197, -0.6956 -0.3907 0.0197, -0.8325 -0.6357 0.0197, -0.6693 -0.3937 0.0197, -0.8294 -0.6398 0.0197, -0.7334 -0.6306 0.0197, 0.6791 -0.6326 0.0197, 0.6751 -0.6357 0.0197, 0.5315 -0.6299 0.0197, 0.5264 -0.6306 0.0197, 0.5217 -0.6326 0.0197, 1.0335 0.5879 0.0197, 1.0294 0.5848 0.0197, 0.9055 0.6496 0.0197, 1.0263 0.5807 0.0197, 0.9048 0.6445 0.0197, 0.9029 0.6398 0.0197, 0.1995 -0.6398 0.0197, 0.1083 -0.6326 0.0197, 0.2026 -0.6357 0.0197, 0.2067 -0.6326 0.0197, -0.5217 -0.6326 0.0197, -0.5264 -0.6306 0.0197, -0.5315 -0.6299 0.0197, -0.6719 -0.6398 0.0197, -0.6751 -0.6357 0.0197, -0.6791 -0.6326 0.0197, -0.6839 -0.6306 0.0197, -0.7382 -0.6326 0.0197, -0.7423 -0.6357 0.0197, -0.8274 -0.6445 0.0197, 0.2026 0.6357 0.0197, 0.576 0.6306 0.0197, 0.5709 0.6299 0.0197, 0.6839 0.6306 0.0197, 0.689 0.6299 0.0197, 0.7283 0.6299 0.0197, 0.8957 0.6326 0.0197, 1.0263 0.2657 0.0197, 1.0243 0.261 0.0197, 1.0236 0.2559 0.0197, 1.0236 0.2165 0.0197, 1.0236 0.0984 0.0197, 1.0236 0.0591 0.0197, -0.261 -0.6306 0.0197, -0.2657 -0.6326 0.0197, -0.374 -0.6299 0.0197, -0.2698 -0.6357 0.0197, -0.273 -0.6398 0.0197, -0.3689 -0.6306 0.0197, -0.3642 -0.6326 0.0197, -0.5709 -0.6299 0.0197, -0.576 -0.6306 0.0197, -0.5807 -0.6326 0.0197, -0.5848 -0.6357 0.0197, -0.5906 -0.6496 0.0197, -0.689 -0.6299 0.0197, -0.7283 -0.6299 0.0197, -0.2756 0.6496 0.0197, -0.357 0.6398 0.0197, -0.355 0.6445 0.0197, 0.042 0.6398 0.0197, 0.0451 0.6357 0.0197, -0.0492 0.6326 0.0197, 0.0492 0.6326 0.0197, -0.054 0.6306 0.0197, 0.355 0.6445 0.0197, 0.357 0.6398 0.0197, 0.2698 0.6357 0.0197, 0.2657 0.6326 0.0197, 0.8366 0.6326 0.0197, 0.8414 0.6306 0.0197, 1.0243 0.1035 0.0197, 1.0243 0.2114 0.0197, 1.0243 -0.054 0.0197, 1.0243 0.054 0.0197, 0.1035 -0.6306 0.0197, 0.0984 -0.6299 0.0197, 0.2114 -0.6306 0.0197, -0.2067 -0.6326 0.0197, -0.1123 -0.6357 0.0197, -0.1155 -0.6398 0.0197, -0.5879 -0.6398 0.0197, -0.5899 -0.6445 0.0197, -0.67 -0.6445 0.0197, -0.6693 -0.6496 0.0197, 0.1969 0.6496 0.0197, 0.1155 0.6398 0.0197, 0.1174 0.6445 0.0197, -0.2559 0.6299 0.0197, -0.2165 0.6299 0.0197, -0.2114 0.6306 0.0197, -0.2067 0.6326 0.0197, 0.7454 0.6398 0.0197, 0.8268 0.6496 0.0197, 0.7423 0.6357 0.0197, 0.8274 0.6445 0.0197, 0.8294 0.6398 0.0197, 0.8325 0.6357 0.0197, -0.8268 -0.6496 0.0197, -0.7454 -0.6398 0.0197, -0.7474 -0.6445 0.0197, -0.1123 0.6357 0.0197, -0.1155 0.6398 0.0197, -0.2026 0.6357 0.0197, -0.1174 0.6445 0.0197, 0.3601 0.6357 0.0197, 0.2559 0.6299 0.0197, 0.261 0.6306 0.0197, 1.0243 0.576 0.0197, 1.0236 0.5709 0.0197, 1.0236 0.5315 0.0197, 0.4273 -0.6357 0.0197, 0.4232 -0.6326 0.0197, 0.4185 -0.6306 0.0197, -0.0492 -0.6326 0.0197, -0.054 -0.6306 0.0197, 0.0492 -0.6326 0.0197, -0.0591 -0.6299 0.0197, 0.054 -0.6306 0.0197, 0.0451 -0.6357 0.0197, -0.042 -0.6398 0.0197, -0.0451 -0.6357 0.0197, 0.1969 -0.6496 0.0197, 0.3543 -0.6496 0.0197, 0.04 0.6445 0.0197, -0.0451 0.6357 0.0197, 0.0394 0.6496 0.0197, -0.042 0.6398 0.0197, -0.04 0.6445 0.0197, 0.3543 0.6496 0.0197, 0.273 0.6398 0.0197, 0.2749 0.6445 0.0197, 0.8465 0.6299 0.0197, 0.8858 0.6299 0.0197, 0.8909 0.6306 0.0197, 0.1181 -0.6496 0.0197, 0.1174 -0.6445 0.0197, 0.1975 -0.6445 0.0197, 0.1155 -0.6398 0.0197, 0.1123 -0.6357 0.0197, 0.2756 -0.6496 0.0197, 0.2749 -0.6445 0.0197, 0.355 -0.6445 0.0197, 0.273 -0.6398 0.0197, 0.2698 -0.6357 0.0197, 0.4134 -0.6299 0.0197, 0.374 -0.6299 0.0197, 0.3689 -0.6306 0.0197, -0.2756 -0.6496 0.0197, -0.4185 0.6306 0.0197, -0.4134 0.6299 0.0197, -0.1181 0.6496 0.0197, -0.1995 0.6398 0.0197, -0.1975 0.6445 0.0197, 0.042 -0.6398 0.0197, 0.04 -0.6445 0.0197, -0.04 -0.6445 0.0197, 0.0394 -0.6496 0.0197, -0.0394 -0.6496 0.0197, -0.1181 -0.6496 0.0197, -0.3543 -0.6496 0.0197, -0.355 -0.6445 0.0197, -0.2749 -0.6445 0.0197, -0.357 -0.6398 0.0197, -0.3601 -0.6357 0.0197, -0.1083 0.6326 0.0197, -0.1035 0.6306 0.0197, -0.0984 0.6299 0.0197, -0.0591 0.6299 0.0197, 0.3642 -0.6326 0.0197, 0.3601 -0.6357 0.0197, -0.1969 -0.6496 0.0197, -0.1975 -0.6445 0.0197, -0.1174 -0.6445 0.0197, -0.1995 -0.6398 0.0197, -0.2026 -0.6357 0.0197, 0.054 0.6306 0.0197, 0.2165 0.6299 0.0197, 0.2165 -0.6299 0.0197, 0.0591 -0.6299 0.0197, 0.0591 0.6299 0.0197, 0.0984 0.6299 0.0197, 0.1035 0.6306 0.0197, 0.3642 0.6326 0.0197, 0.3689 0.6306 0.0197, 0.374 0.6299 0.0197, -0.0984 -0.6299 0.0197, -0.1035 -0.6306 0.0197, -0.4134 -0.6299 0.0197, -0.4185 -0.6306 0.0197, -0.4232 -0.6326 0.0197, -0.2559 -0.6299 0.0197
            ]
        }
        coordIndex [
            0,1,2,-1,3,0,4,-1,5,3,6,-1,7,8,9,-1,10,11,12,-1,12,11,13,-1,14,15,12,-1,12,15,16,-1,12,16,17,-1,17,18,12,-1,12,18,19,-1,12,19,10,-1,20,21,22,-1,22,21,23,-1,23,21,24,-1,24,21,25,-1,24,25,26,-1,26,25,27,-1,26,27,28,-1,27,29,28,-1,28,29,30,-1,28,30,31,-1,31,30,32,-1,31,32,33,-1,34,35,27,-1,27,35,36,-1,27,36,29,-1,37,38,39,-1,39,40,37,-1,37,40,41,-1,37,41,27,-1,27,41,42,-1,27,42,34,-1,43,44,45,-1,45,44,46,-1,43,45,47,-1,47,45,48,-1,47,48,49,-1,46,50,45,-1,45,50,51,-1,45,51,38,-1,38,51,52,-1,38,52,39,-1,53,54,45,-1,45,54,55,-1,55,56,45,-1,45,56,57,-1,45,57,48,-1,58,59,60,-1,60,59,61,-1,60,61,62,-1,62,63,60,-1,60,63,54,-1,60,54,64,-1,64,54,53,-1,64,53,65,-1,66,67,68,-1,67,69,68,-1,68,69,70,-1,68,70,71,-1,72,73,74,-1,75,76,77,-1,78,79,80,-1,80,79,81,-1,75,77,82,-1,83,84,79,-1,79,84,85,-1,79,85,86,-1,73,87,88,-1,88,87,89,-1,88,89,90,-1,76,91,77,-1,77,91,92,-1,77,92,93,-1,94,95,96,-1,96,95,97,-1,96,97,98,-1,99,86,100,-1,100,86,101,-1,100,101,96,-1,96,101,102,-1,96,102,94,-1,99,103,86,-1,86,103,104,-1,86,104,79,-1,79,104,105,-1,79,105,81,-1,90,106,88,-1,88,106,107,-1,88,107,108,-1,109,110,111,-1,111,110,112,-1,111,112,77,-1,77,112,113,-1,77,113,82,-1,114,115,77,-1,77,115,116,-1,77,116,79,-1,79,116,117,-1,79,117,83,-1,118,119,66,-1,119,120,66,-1,66,120,121,-1,66,121,122,-1,122,123,66,-1,66,123,124,-1,66,124,125,-1,125,124,109,-1,125,109,126,-1,126,109,111,-1,93,127,77,-1,77,127,128,-1,77,128,129,-1,129,130,77,-1,77,130,131,-1,77,131,114,-1,132,133,134,-1,134,86,132,-1,132,86,85,-1,132,85,135,-1,135,85,136,-1,136,137,135,-1,135,137,138,-1,135,138,139,-1,140,141,142,-1,141,143,142,-1,142,143,144,-1,142,144,145,-1,146,142,147,-1,133,132,146,-1,146,132,148,-1,146,148,142,-1,142,148,149,-1,142,149,140,-1,147,150,146,-1,146,150,151,-1,146,151,152,-1,145,144,153,-1,153,144,154,-1,153,154,155,-1,155,154,156,-1,155,156,157,-1,158,159,152,-1,152,159,160,-1,152,160,146,-1,11,161,13,-1,13,161,162,-1,13,162,74,-1,74,162,163,-1,74,163,72,-1,164,165,166,-1,166,165,167,-1,168,169,170,-1,170,169,171,-1,170,171,172,-1,172,171,164,-1,172,164,173,-1,174,175,176,-1,176,175,177,-1,176,177,178,-1,165,179,167,-1,167,179,180,-1,167,180,181,-1,181,180,182,-1,183,184,185,-1,185,184,186,-1,185,186,187,-1,187,186,188,-1,189,190,191,-1,191,190,192,-1,191,192,185,-1,185,192,193,-1,185,193,183,-1,194,195,196,-1,196,195,197,-1,196,197,198,-1,198,197,199,-1,200,201,9,-1,202,203,204,-1,205,206,9,-1,9,206,207,-1,188,208,187,-1,187,208,209,-1,187,209,204,-1,204,209,210,-1,204,210,202,-1,203,211,204,-1,204,211,212,-1,204,212,213,-1,213,212,214,-1,213,214,200,-1,215,216,201,-1,201,216,217,-1,201,217,9,-1,9,217,218,-1,9,218,205,-1,207,219,9,-1,9,219,220,-1,9,220,7,-1,221,222,223,-1,223,222,224,-1,223,224,225,-1,223,226,221,-1,221,226,227,-1,221,227,228,-1,228,229,221,-1,221,229,230,-1,221,230,231,-1,231,230,232,-1,231,232,233,-1,233,232,234,-1,233,234,201,-1,201,234,235,-1,201,235,215,-1,236,237,225,-1,225,237,238,-1,225,238,223,-1,239,240,189,-1,189,240,241,-1,189,241,190,-1,239,242,240,-1,240,242,243,-1,240,243,244,-1,244,243,245,-1,244,246,247,-1,245,248,244,-1,244,248,249,-1,244,249,250,-1,250,251,244,-1,244,251,252,-1,244,252,246,-1,247,253,244,-1,244,253,254,-1,244,254,255,-1,256,257,258,-1,259,260,258,-1,258,260,261,-1,258,261,256,-1,257,256,262,-1,262,256,263,-1,262,263,264,-1,260,265,261,-1,261,265,266,-1,261,266,267,-1,267,266,268,-1,267,268,269,-1,269,268,270,-1,269,270,264,-1,264,270,271,-1,264,271,262,-1,272,273,274,-1,274,273,275,-1,276,275,277,-1,277,275,273,-1,277,273,278,-1,278,273,279,-1,278,279,280,-1,281,282,272,-1,283,284,285,-1,285,284,272,-1,285,272,286,-1,286,272,282,-1,287,288,269,-1,287,269,289,-1,267,290,291,-1,280,292,278,-1,278,292,293,-1,278,293,269,-1,269,293,294,-1,269,294,289,-1,291,295,267,-1,267,295,296,-1,267,296,285,-1,285,296,297,-1,285,297,283,-1,288,298,269,-1,269,298,299,-1,269,299,267,-1,267,299,300,-1,267,300,290,-1,301,302,303,-1,303,302,304,-1,303,304,305,-1,304,281,305,-1,305,281,272,-1,305,272,306,-1,306,272,274,-1,306,274,307,-1,307,274,308,-1,307,308,309,-1,309,308,310,-1,276,277,311,-1,311,277,312,-1,311,312,313,-1,314,315,316,-1,316,315,317,-1,316,317,318,-1,318,317,319,-1,318,319,320,-1,321,322,323,-1,323,322,318,-1,323,318,324,-1,320,325,318,-1,318,325,326,-1,318,326,327,-1,328,329,318,-1,318,329,330,-1,318,330,324,-1,331,332,333,-1,334,335,323,-1,323,335,336,-1,323,336,321,-1,327,337,318,-1,318,337,338,-1,318,338,328,-1,331,333,323,-1,323,333,339,-1,323,339,334,-1,340,341,342,-1,342,341,343,-1,342,343,344,-1,344,343,345,-1,346,347,348,-1,348,347,349,-1,348,349,350,-1,351,352,353,-1,354,355,356,-1,357,353,358,-1,358,353,359,-1,357,360,353,-1,353,360,361,-1,353,361,351,-1,362,363,356,-1,356,363,364,-1,356,364,354,-1,365,366,356,-1,356,366,367,-1,356,367,362,-1,368,369,370,-1,370,369,371,-1,370,371,372,-1,316,373,314,-1,314,373,374,-1,314,374,375,-1,375,374,376,-1,375,376,377,-1,378,379,380,-1,381,88,382,-1,380,379,382,-1,382,379,383,-1,382,383,381,-1,73,88,74,-1,74,88,381,-1,74,381,384,-1,385,386,387,-1,387,386,388,-1,387,388,369,-1,389,390,391,-1,391,390,388,-1,391,388,392,-1,392,388,386,-1,392,386,393,-1,393,386,394,-1,388,378,369,-1,369,378,380,-1,369,380,395,-1,395,380,396,-1,397,398,399,-1,399,398,400,-1,401,380,402,-1,402,380,403,-1,380,404,405,-1,401,406,380,-1,380,406,407,-1,380,407,404,-1,408,409,396,-1,396,409,410,-1,396,410,411,-1,411,410,412,-1,413,414,412,-1,412,414,415,-1,412,415,411,-1,405,416,380,-1,380,416,417,-1,380,417,396,-1,396,417,418,-1,396,418,408,-1,419,420,400,-1,400,420,421,-1,400,421,422,-1,423,424,371,-1,371,424,425,-1,426,427,412,-1,412,427,428,-1,412,428,429,-1,425,430,371,-1,371,430,431,-1,371,431,432,-1,395,433,369,-1,369,433,434,-1,369,434,371,-1,371,434,435,-1,371,435,423,-1,429,436,412,-1,412,436,437,-1,412,437,413,-1,438,439,440,-1,440,439,441,-1,440,441,442,-1,443,444,445,-1,444,181,445,-1,445,181,182,-1,445,182,446,-1,446,182,447,-1,446,447,448,-1,448,447,449,-1,448,449,178,-1,450,451,9,-1,200,9,213,-1,213,9,451,-1,213,451,445,-1,445,451,452,-1,445,452,443,-1,443,452,453,-1,443,453,454,-1,455,456,453,-1,453,456,457,-1,453,457,454,-1,458,459,8,-1,8,459,460,-1,8,460,9,-1,9,460,461,-1,462,463,9,-1,9,463,464,-1,9,464,450,-1,465,460,466,-1,466,460,467,-1,465,468,460,-1,460,468,469,-1,460,469,461,-1,470,471,467,-1,467,471,472,-1,467,472,473,-1,473,474,467,-1,467,474,475,-1,467,475,466,-1,461,476,9,-1,9,476,477,-1,9,477,478,-1,478,479,9,-1,9,479,480,-1,9,480,462,-1,5,481,482,-1,482,481,483,-1,482,483,484,-1,484,483,467,-1,484,467,485,-1,485,467,460,-1,485,460,486,-1,486,460,459,-1,486,459,487,-1,487,459,488,-1,487,488,489,-1,489,488,441,-1,489,441,490,-1,490,441,439,-1,490,439,491,-1,491,439,492,-1,491,492,60,-1,60,492,68,-1,60,68,58,-1,58,68,71,-1,438,403,439,-1,439,403,380,-1,439,380,492,-1,492,380,382,-1,492,382,68,-1,68,382,88,-1,68,88,66,-1,66,88,108,-1,66,108,118,-1,458,199,459,-1,459,199,197,-1,459,197,488,-1,488,197,195,-1,488,195,441,-1,441,195,399,-1,441,399,442,-1,442,399,400,-1,442,400,493,-1,493,400,422,-1,481,166,483,-1,483,166,167,-1,483,167,467,-1,467,167,181,-1,467,181,470,-1,470,181,444,-1,3,4,6,-1,6,4,494,-1,6,494,495,-1,194,185,195,-1,195,185,187,-1,195,187,399,-1,399,187,371,-1,399,371,397,-1,397,371,432,-1,177,173,178,-1,178,173,164,-1,178,164,448,-1,448,164,166,-1,448,166,496,-1,495,497,498,-1,495,499,500,-1,501,502,503,-1,503,502,504,-1,503,504,495,-1,495,504,505,-1,495,505,497,-1,498,506,495,-1,495,506,507,-1,495,507,499,-1,5,6,481,-1,481,6,495,-1,481,495,166,-1,166,495,500,-1,166,500,496,-1,503,508,509,-1,496,510,448,-1,448,510,511,-1,448,511,503,-1,503,511,512,-1,503,512,508,-1,509,513,503,-1,503,513,514,-1,503,514,501,-1,515,516,495,-1,517,518,519,-1,495,516,503,-1,503,516,520,-1,503,520,521,-1,368,359,369,-1,369,359,353,-1,369,353,387,-1,387,353,522,-1,503,256,448,-1,448,256,261,-1,448,261,446,-1,446,261,267,-1,446,267,445,-1,445,267,285,-1,445,285,213,-1,213,285,286,-1,213,286,204,-1,204,286,523,-1,204,523,187,-1,187,523,314,-1,187,314,371,-1,371,314,375,-1,371,375,372,-1,372,375,377,-1,524,525,522,-1,522,525,526,-1,527,528,529,-1,529,528,12,-1,529,12,526,-1,526,12,13,-1,526,13,522,-1,522,13,74,-1,522,74,387,-1,387,74,384,-1,387,384,385,-1,352,365,353,-1,353,365,356,-1,353,356,522,-1,522,356,528,-1,522,528,524,-1,524,528,527,-1,524,527,530,-1,282,531,286,-1,286,531,313,-1,286,313,523,-1,523,313,312,-1,523,312,314,-1,314,312,341,-1,314,341,315,-1,315,341,340,-1,519,515,517,-1,517,515,495,-1,517,495,532,-1,532,495,494,-1,532,494,521,-1,521,494,533,-1,521,533,503,-1,503,533,534,-1,503,534,256,-1,256,534,535,-1,256,535,263,-1,0,2,4,-1,4,2,536,-1,4,536,494,-1,494,536,537,-1,494,537,533,-1,533,537,538,-1,533,538,534,-1,534,538,539,-1,534,539,535,-1,65,53,540,-1,540,53,45,-1,540,45,541,-1,541,45,38,-1,541,38,542,-1,542,38,37,-1,542,37,543,-1,543,37,27,-1,543,27,544,-1,544,27,25,-1,544,25,545,-1,355,350,356,-1,356,350,349,-1,356,349,528,-1,528,349,546,-1,528,546,12,-1,12,546,21,-1,12,21,14,-1,14,21,20,-1,539,547,535,-1,535,547,548,-1,535,548,263,-1,263,548,549,-1,263,549,264,-1,264,549,550,-1,264,550,269,-1,269,550,551,-1,269,551,278,-1,278,551,552,-1,278,552,277,-1,277,552,553,-1,277,553,312,-1,312,553,554,-1,312,554,341,-1,341,554,555,-1,341,555,343,-1,343,555,347,-1,343,347,345,-1,345,347,346,-1,556,557,25,-1,25,557,558,-1,559,560,561,-1,562,563,564,-1,564,563,565,-1,558,566,25,-1,25,566,567,-1,25,567,545,-1,545,567,568,-1,545,568,569,-1,570,571,545,-1,545,571,572,-1,545,572,559,-1,559,572,573,-1,559,573,560,-1,561,574,559,-1,559,574,575,-1,559,575,576,-1,569,577,545,-1,545,577,578,-1,545,578,570,-1,576,579,559,-1,559,579,580,-1,559,580,563,-1,563,580,581,-1,563,581,565,-1,547,582,548,-1,548,582,583,-1,548,583,549,-1,549,583,584,-1,549,584,550,-1,550,584,585,-1,550,585,551,-1,551,585,586,-1,551,586,552,-1,552,586,587,-1,552,587,553,-1,553,587,588,-1,553,588,554,-1,554,588,589,-1,554,589,555,-1,555,589,590,-1,555,590,347,-1,347,590,591,-1,347,591,349,-1,349,591,592,-1,349,592,546,-1,546,592,593,-1,546,593,21,-1,21,593,594,-1,21,594,25,-1,25,594,563,-1,25,563,556,-1,556,563,562,-1,595,596,597,-1,598,599,1,-1,1,599,600,-1,1,600,601,-1,602,603,604,-1,604,603,605,-1,606,607,601,-1,601,607,608,-1,601,608,1,-1,1,608,609,-1,610,611,609,-1,609,611,612,-1,609,612,1,-1,1,612,613,-1,614,615,613,-1,613,615,616,-1,613,616,1,-1,1,616,617,-1,618,619,617,-1,617,619,620,-1,617,620,1,-1,1,620,621,-1,597,622,595,-1,595,622,1,-1,595,1,623,-1,623,1,621,-1,623,621,624,-1,624,621,625,-1,626,627,628,-1,628,627,582,-1,628,582,605,-1,605,582,1,-1,605,1,604,-1,604,1,622,-1,629,630,631,-1,632,633,1,-1,634,598,635,-1,635,598,1,-1,635,1,636,-1,636,1,633,-1,636,633,637,-1,637,633,638,-1,639,640,641,-1,642,643,65,-1,65,643,644,-1,65,644,645,-1,646,647,648,-1,648,647,649,-1,650,651,645,-1,645,651,652,-1,645,652,65,-1,65,652,653,-1,654,655,653,-1,653,655,656,-1,653,656,65,-1,65,656,657,-1,658,659,657,-1,657,659,660,-1,657,660,65,-1,65,660,661,-1,662,663,661,-1,661,663,664,-1,661,664,65,-1,65,664,665,-1,666,667,665,-1,665,667,668,-1,665,668,65,-1,65,668,669,-1,670,671,669,-1,669,671,672,-1,669,672,65,-1,65,672,673,-1,641,674,639,-1,639,674,65,-1,639,65,675,-1,675,65,673,-1,675,673,676,-1,676,673,677,-1,631,632,629,-1,629,632,1,-1,629,1,649,-1,649,1,65,-1,649,65,648,-1,648,65,674,-1,559,678,679,-1,679,680,559,-1,559,680,681,-1,559,681,65,-1,682,683,684,-1,685,686,65,-1,684,685,682,-1,682,685,65,-1,682,65,687,-1,687,65,681,-1,687,681,688,-1,688,681,689,-1,690,691,692,-1,693,694,65,-1,692,693,690,-1,690,693,65,-1,690,65,695,-1,695,65,686,-1,695,686,696,-1,696,686,697,-1,698,699,700,-1,701,702,65,-1,700,701,698,-1,698,701,65,-1,698,65,703,-1,703,65,694,-1,703,694,704,-1,704,694,705,-1,706,642,707,-1,707,642,65,-1,707,65,708,-1,708,65,702,-1,708,702,709,-1,709,702,710,-1,559,582,711,-1,711,582,712,-1,713,714,715,-1,716,559,717,-1,717,559,711,-1,717,711,718,-1,718,711,719,-1,627,720,582,-1,582,720,721,-1,582,721,722,-1,723,724,725,-1,726,727,722,-1,722,727,728,-1,722,728,582,-1,582,728,729,-1,730,731,559,-1,725,730,723,-1,723,730,559,-1,723,559,732,-1,732,559,716,-1,732,716,733,-1,733,716,734,-1,735,736,729,-1,729,736,737,-1,729,737,582,-1,582,737,713,-1,582,713,712,-1,712,713,715,-1,738,739,740,-1,741,742,559,-1,740,741,738,-1,738,741,559,-1,738,559,743,-1,743,559,731,-1,743,731,744,-1,744,731,745,-1,746,747,748,-1,749,750,559,-1,748,749,746,-1,746,749,559,-1,746,559,751,-1,751,559,742,-1,751,742,752,-1,752,742,753,-1,754,678,755,-1,755,678,559,-1,755,559,756,-1,756,559,750,-1,756,750,757,-1,757,750,758,-1,759,760,761,-1,761,760,757,-1,761,757,758,-1,762,763,764,-1,764,763,736,-1,764,736,735,-1,765,766,630,-1,630,766,767,-1,630,767,631,-1,768,769,677,-1,677,769,770,-1,677,770,676,-1,771,772,773,-1,773,772,733,-1,773,733,734,-1,774,775,776,-1,776,775,715,-1,776,715,714,-1,777,778,779,-1,779,778,727,-1,779,727,726,-1,780,781,782,-1,782,781,720,-1,782,720,627,-1,783,784,634,-1,634,784,785,-1,634,785,598,-1,786,787,638,-1,638,787,788,-1,638,788,637,-1,789,790,646,-1,646,790,791,-1,646,791,647,-1,792,793,640,-1,640,793,794,-1,640,794,641,-1,795,796,670,-1,670,796,797,-1,798,799,666,-1,666,799,800,-1,666,800,667,-1,801,802,662,-1,662,802,803,-1,662,803,663,-1,804,805,806,-1,806,805,740,-1,806,740,739,-1,807,808,809,-1,809,808,744,-1,809,744,745,-1,810,811,812,-1,812,811,725,-1,812,725,724,-1,813,814,815,-1,815,814,718,-1,815,718,719,-1,816,817,654,-1,654,817,818,-1,654,818,655,-1,819,820,821,-1,821,820,748,-1,821,748,747,-1,822,823,824,-1,825,826,827,-1,827,826,752,-1,827,752,753,-1,824,821,822,-1,822,821,747,-1,822,747,828,-1,828,747,829,-1,830,831,626,-1,626,831,832,-1,626,832,627,-1,833,834,835,-1,835,834,603,-1,835,603,602,-1,836,837,838,-1,838,837,597,-1,838,597,596,-1,839,835,840,-1,840,835,602,-1,840,602,841,-1,841,602,842,-1,843,844,845,-1,845,844,624,-1,845,624,625,-1,846,838,847,-1,847,838,596,-1,847,596,848,-1,848,596,849,-1,850,851,852,-1,852,851,619,-1,852,619,618,-1,853,845,854,-1,854,845,625,-1,854,625,855,-1,855,625,856,-1,857,858,859,-1,859,858,615,-1,859,615,614,-1,860,852,861,-1,861,852,618,-1,861,618,862,-1,862,618,863,-1,864,865,866,-1,867,868,869,-1,869,868,611,-1,869,611,610,-1,870,859,871,-1,871,859,614,-1,871,614,872,-1,872,614,873,-1,874,875,876,-1,877,878,879,-1,879,878,607,-1,879,607,606,-1,880,869,881,-1,881,869,610,-1,881,610,882,-1,882,610,883,-1,884,879,885,-1,885,879,606,-1,885,606,886,-1,886,606,887,-1,888,889,658,-1,658,889,890,-1,891,892,893,-1,893,892,651,-1,893,651,650,-1,894,895,896,-1,896,895,643,-1,896,643,642,-1,897,893,898,-1,898,893,650,-1,898,650,899,-1,899,650,900,-1,901,902,706,-1,706,902,903,-1,706,903,642,-1,904,905,906,-1,906,905,709,-1,906,709,710,-1,907,908,909,-1,909,908,700,-1,909,700,699,-1,910,906,911,-1,911,906,710,-1,911,710,912,-1,912,710,913,-1,914,915,916,-1,917,918,919,-1,919,918,704,-1,916,909,914,-1,914,909,699,-1,914,699,920,-1,920,699,921,-1,922,923,705,-1,705,923,924,-1,925,926,927,-1,927,926,692,-1,927,692,691,-1,928,929,930,-1,704,705,919,-1,919,705,924,-1,919,924,931,-1,931,924,932,-1,933,934,935,-1,936,937,938,-1,938,937,696,-1,938,696,697,-1,930,939,928,-1,928,939,940,-1,928,940,941,-1,942,943,928,-1,928,943,944,-1,935,927,933,-1,933,927,691,-1,933,691,945,-1,945,691,946,-1,941,947,928,-1,928,947,948,-1,928,948,942,-1,949,950,951,-1,952,953,954,-1,954,953,684,-1,954,684,683,-1,955,938,956,-1,956,938,697,-1,956,697,957,-1,957,697,958,-1,959,960,961,-1,962,963,964,-1,965,966,967,-1,967,966,688,-1,967,688,689,-1,968,954,969,-1,969,954,683,-1,969,683,970,-1,970,683,971,-1,928,960,972,-1,973,974,975,-1,975,974,976,-1,975,976,969,-1,969,976,977,-1,969,977,968,-1,978,979,980,-1,980,979,981,-1,982,983,754,-1,754,983,984,-1,754,984,678,-1,959,961,985,-1,928,972,975,-1,975,972,986,-1,975,986,987,-1,988,989,990,-1,990,989,991,-1,990,991,992,-1,992,991,993,-1,992,993,956,-1,956,993,994,-1,956,994,955,-1,988,995,989,-1,989,995,975,-1,989,975,996,-1,996,975,987,-1,995,997,975,-1,975,997,998,-1,975,998,999,-1,981,967,980,-1,980,967,689,-1,980,689,1000,-1,1000,689,1001,-1,1002,1003,1004,-1,1005,928,924,-1,924,928,944,-1,924,944,932,-1,1005,1006,928,-1,928,1006,1007,-1,928,1007,1008,-1,1008,1009,928,-1,928,1009,1010,-1,928,1010,1011,-1,934,933,1012,-1,1012,933,1013,-1,1012,1013,961,-1,961,1013,1014,-1,961,1014,985,-1,999,1015,975,-1,975,1015,1016,-1,975,1016,973,-1,969,1017,975,-1,975,1017,1018,-1,975,1018,1019,-1,1011,1020,928,-1,928,1020,1021,-1,928,1021,960,-1,960,1021,1022,-1,960,1022,961,-1,1019,1023,975,-1,975,1023,1024,-1,975,1024,1002,-1,1002,1024,1025,-1,1002,1025,1026,-1,1027,761,1028,-1,1028,761,758,-1,1028,758,1029,-1,1029,758,1030,-1,1031,1032,1033,-1,1026,1034,1002,-1,1002,1034,1035,-1,1002,1035,1003,-1,1033,827,1031,-1,1031,827,753,-1,1031,753,1036,-1,1036,753,1037,-1,1038,1039,1040,-1,1041,806,1042,-1,1042,806,739,-1,1042,739,1043,-1,1043,739,1044,-1,1045,1046,1047,-1,1048,809,1049,-1,1049,809,745,-1,1049,745,1050,-1,1050,745,1051,-1,1052,773,1053,-1,1053,773,734,-1,1053,734,1054,-1,1054,734,1055,-1,1056,1057,1058,-1,1059,1060,1061,-1,1061,1060,659,-1,1062,812,1063,-1,1063,812,724,-1,1063,724,1064,-1,1064,724,1065,-1,1066,1067,1068,-1,1069,815,1070,-1,1070,815,719,-1,1070,719,1071,-1,1071,719,1072,-1,1073,1074,1075,-1,1076,764,1077,-1,1077,764,735,-1,1077,735,1078,-1,1078,735,1079,-1,1080,1081,1082,-1,1082,779,1080,-1,1080,779,726,-1,1080,726,1083,-1,1083,726,1084,-1,1085,1086,1087,-1,1087,1086,671,-1,1088,1089,1090,-1,1090,1089,647,-1,1091,776,1092,-1,1092,776,714,-1,1092,714,1093,-1,1093,714,1094,-1,647,791,1090,-1,1090,791,1095,-1,1090,1095,1096,-1,1097,1098,1099,-1,1100,1101,928,-1,928,1101,1102,-1,1103,1104,1105,-1,1004,978,1002,-1,1002,978,980,-1,1002,980,1106,-1,1106,980,1107,-1,1106,1107,1108,-1,1108,1109,1106,-1,1106,1109,1110,-1,1106,1110,1111,-1,915,914,1102,-1,1102,914,1112,-1,1102,1112,928,-1,928,1112,1113,-1,928,1113,929,-1,1114,1115,1116,-1,1117,1118,984,-1,984,1118,1119,-1,1120,1121,785,-1,785,1121,1122,-1,642,903,896,-1,896,903,1123,-1,896,1123,1124,-1,627,832,782,-1,782,832,1125,-1,782,1125,1126,-1,1127,1128,1129,-1,951,679,949,-1,949,679,678,-1,949,678,1130,-1,1130,678,984,-1,1130,984,1131,-1,1131,984,1119,-1,1132,1133,1099,-1,1099,1133,1134,-1,1099,1134,1097,-1,1134,1135,1097,-1,1097,1135,1136,-1,1097,1136,1137,-1,1137,1136,1138,-1,1139,1140,1141,-1,1141,1140,1120,-1,1141,1120,1142,-1,1142,1120,785,-1,1143,1144,1145,-1,1146,1147,1148,-1,866,599,864,-1,864,599,598,-1,864,598,1149,-1,1149,598,785,-1,1149,785,1150,-1,1150,785,1122,-1,1100,928,1151,-1,1151,928,1152,-1,1151,1152,1153,-1,1105,1154,1155,-1,1155,1154,1156,-1,1155,1156,1157,-1,1158,1159,1104,-1,1104,1159,1160,-1,1104,1160,1105,-1,1161,1162,1129,-1,1132,1099,1163,-1,1163,1099,1164,-1,1163,1164,840,-1,840,1164,1165,-1,840,1165,839,-1,1166,1167,1168,-1,1168,1167,1169,-1,1168,1169,1170,-1,1171,1172,1173,-1,1174,1175,1176,-1,1176,1175,1095,-1,1153,1177,1178,-1,1124,1179,896,-1,896,1179,1180,-1,896,1180,1181,-1,1181,1180,1182,-1,1181,1182,1183,-1,1183,1182,1184,-1,1158,1104,1185,-1,1185,1104,1186,-1,1185,1186,911,-1,911,1186,1187,-1,911,1187,910,-1,1115,1188,1111,-1,1111,1188,1189,-1,1111,1189,1190,-1,1191,1129,1106,-1,1192,1193,1194,-1,1195,1175,1196,-1,1197,1198,1199,-1,1146,1148,1145,-1,1145,1148,1200,-1,1145,1200,1143,-1,1103,1105,1201,-1,1201,1105,1155,-1,1201,1155,1202,-1,984,1203,1117,-1,1117,1203,1204,-1,1117,1204,1205,-1,1205,1204,1206,-1,1190,1207,1111,-1,1111,1207,1208,-1,1111,1208,1106,-1,1106,1208,1209,-1,1106,1209,1191,-1,1210,1211,1097,-1,1212,1213,1214,-1,1215,1216,1217,-1,1218,1219,1220,-1,1220,1219,1221,-1,1220,1221,1139,-1,1139,1221,1222,-1,1139,1222,1140,-1,1220,1223,1218,-1,1218,1223,1224,-1,1218,1224,1225,-1,1226,1227,1218,-1,1218,1227,1228,-1,1218,1228,1229,-1,1156,1230,1157,-1,1157,1230,1151,-1,1157,1151,1231,-1,1231,1151,1153,-1,1231,1153,1232,-1,1232,1153,1178,-1,1233,1234,1191,-1,1235,1236,1237,-1,1166,1238,1167,-1,1167,1238,1239,-1,1167,1239,1240,-1,1240,1239,1138,-1,1240,1138,1241,-1,1241,1138,1136,-1,1242,1243,1173,-1,1173,1243,1244,-1,1173,1244,1171,-1,1245,1246,1169,-1,1192,1194,1247,-1,1247,1194,1248,-1,1247,1248,871,-1,871,1248,1249,-1,871,1249,870,-1,1250,1251,1252,-1,1195,1196,1253,-1,1253,1196,1254,-1,1253,1254,881,-1,881,1254,1255,-1,881,1255,880,-1,1256,1095,1257,-1,1257,1095,1175,-1,1257,1175,1258,-1,1258,1175,1195,-1,1216,1215,1259,-1,1259,1215,1260,-1,1259,1260,885,-1,885,1260,1261,-1,885,1261,884,-1,1058,637,1056,-1,1056,637,788,-1,1056,788,1262,-1,1262,788,1263,-1,1262,1263,1144,-1,1144,1263,1264,-1,1144,1264,1145,-1,1182,1265,1184,-1,1184,1265,1266,-1,1184,1266,1202,-1,1202,1266,1267,-1,1202,1267,1201,-1,1111,1268,1269,-1,1269,1268,1270,-1,1269,1270,1206,-1,1206,1270,1271,-1,1206,1271,1205,-1,823,822,1272,-1,1272,822,1273,-1,1272,1273,1274,-1,1274,1273,1275,-1,1274,1275,1191,-1,1191,1275,1276,-1,1191,1276,1233,-1,1277,1278,1128,-1,1279,1280,1281,-1,1242,1173,1282,-1,1282,1173,1283,-1,1282,1283,861,-1,861,1283,1284,-1,861,1284,860,-1,1170,1193,1285,-1,1285,1193,1286,-1,1287,1199,1288,-1,1288,1199,1289,-1,1288,1289,1256,-1,1289,1290,1256,-1,1256,1290,1291,-1,1256,1291,1292,-1,1147,1293,1148,-1,1148,1293,1226,-1,1148,1226,1294,-1,1294,1226,1218,-1,1294,1218,1295,-1,1295,1218,1225,-1,1114,1116,1296,-1,1296,1116,1297,-1,1296,1297,1028,-1,1028,1297,1298,-1,1028,1298,1027,-1,1234,1299,1191,-1,1191,1299,1300,-1,1191,1300,1129,-1,1129,1300,1301,-1,1129,1301,1127,-1,1032,1031,1302,-1,1302,1031,1303,-1,1302,1303,1304,-1,1304,1303,1305,-1,1304,1305,1128,-1,1128,1305,1306,-1,1128,1306,1277,-1,1307,1162,1308,-1,1308,1162,1309,-1,1308,1309,1310,-1,1310,1309,1311,-1,1310,1311,1092,-1,1092,1311,1312,-1,1092,1312,1091,-1,1313,1314,1214,-1,1214,1314,1315,-1,1214,1315,1212,-1,1245,1169,1316,-1,1316,1169,1317,-1,1316,1317,1318,-1,1318,1317,1319,-1,1318,1319,847,-1,847,1319,1320,-1,847,1320,846,-1,1321,1322,1323,-1,1323,1322,1286,-1,1323,1286,1324,-1,1324,1286,1193,-1,1324,1193,1325,-1,1325,1193,1192,-1,1321,1326,1322,-1,1322,1326,1327,-1,1322,1327,1328,-1,1328,1175,1322,-1,1322,1175,1174,-1,1322,1174,1329,-1,1329,1174,1250,-1,1330,1331,1332,-1,1287,1333,1199,-1,1199,1333,1334,-1,1199,1334,1335,-1,1068,631,1066,-1,1066,631,767,-1,1066,767,1336,-1,1336,767,1337,-1,1336,1337,1198,-1,1198,1337,1338,-1,1198,1338,1199,-1,1339,1340,1095,-1,1095,1340,1341,-1,1095,1341,1096,-1,1269,1342,1111,-1,1111,1342,1343,-1,1111,1343,1344,-1,1344,1345,1111,-1,1111,1345,1346,-1,1111,1346,1115,-1,1115,1346,1347,-1,1115,1347,1116,-1,1348,1349,1350,-1,1350,1349,1351,-1,1350,1351,1352,-1,1348,1350,1237,-1,1237,1350,1353,-1,1237,1353,1235,-1,1354,1355,1356,-1,1161,1129,1357,-1,1307,1358,1162,-1,1162,1358,1359,-1,1162,1359,1129,-1,1129,1359,1360,-1,1129,1360,1361,-1,1362,1363,1364,-1,1364,1363,1365,-1,1364,1365,1366,-1,1366,1365,1367,-1,1366,1367,1077,-1,1077,1367,1368,-1,1077,1368,1076,-1,1369,1370,1371,-1,1372,1098,1373,-1,1313,1214,1374,-1,1374,1214,1375,-1,1374,1375,854,-1,854,1375,1376,-1,854,1376,853,-1,1377,1378,1170,-1,1170,1378,1379,-1,1170,1379,1193,-1,1380,1381,1382,-1,1382,1381,1383,-1,1384,1385,1251,-1,1251,1385,1386,-1,1251,1386,1387,-1,1387,1386,1388,-1,1387,1388,1389,-1,1389,1388,1061,-1,1389,1061,890,-1,890,1061,659,-1,890,659,658,-1,1177,1390,1178,-1,1178,1390,1391,-1,1178,1391,1392,-1,1392,1391,1393,-1,1392,1393,1394,-1,1394,1393,1395,-1,1394,1395,1396,-1,1396,1395,1250,-1,1396,1250,1397,-1,1217,1229,1215,-1,1215,1229,1228,-1,1215,1228,1335,-1,1335,1228,1398,-1,1335,1398,1199,-1,1199,1398,1399,-1,1199,1399,1197,-1,1292,1400,1256,-1,1256,1400,1401,-1,1256,1401,1095,-1,1095,1401,1402,-1,1095,1402,1339,-1,1126,1403,782,-1,782,1403,1404,-1,782,1404,1405,-1,1405,1404,1406,-1,1405,1406,1407,-1,1407,1406,1408,-1,1409,1410,1411,-1,1411,1410,1412,-1,1252,1413,1250,-1,1250,1413,1414,-1,1250,1414,1415,-1,1416,1417,1250,-1,1250,1417,1418,-1,1250,1418,1419,-1,1397,1420,1396,-1,1396,1420,1421,-1,1396,1421,1422,-1,1356,1355,1281,-1,1281,1355,1423,-1,1281,1423,1279,-1,1362,1369,1363,-1,1363,1369,1371,-1,1363,1371,1424,-1,1424,1371,1129,-1,1424,1129,1425,-1,1425,1129,1361,-1,1370,1426,1371,-1,1371,1426,1427,-1,1371,1427,1097,-1,1097,1427,1428,-1,1097,1428,1210,-1,1373,1098,1429,-1,1246,1430,1169,-1,1169,1430,1431,-1,1169,1431,1170,-1,1170,1431,1432,-1,1170,1432,1433,-1,1170,1434,1435,-1,1436,1437,1438,-1,1437,1439,1438,-1,1438,1439,1440,-1,1438,1440,1441,-1,1441,1440,1442,-1,1415,1443,1250,-1,1250,1443,1444,-1,1250,1444,1416,-1,1416,1444,1445,-1,1416,1445,1446,-1,876,655,874,-1,874,655,818,-1,874,818,1447,-1,1419,1448,1250,-1,1250,1448,1449,-1,1250,1449,1397,-1,1352,1351,1450,-1,1450,1351,1451,-1,1450,1451,1042,-1,1042,1451,1452,-1,1042,1452,1041,-1,1453,1454,1455,-1,1455,1454,1456,-1,1455,1456,1457,-1,1458,1459,1460,-1,1460,1459,1461,-1,1462,1463,1097,-1,1434,1170,1464,-1,1464,1170,1433,-1,1464,1433,1212,-1,1212,1433,1465,-1,1212,1465,1213,-1,1377,1170,1466,-1,1466,1170,1435,-1,1466,1435,1171,-1,1171,1435,1467,-1,1171,1467,1172,-1,1410,1468,1412,-1,1412,1468,1469,-1,1412,1469,1470,-1,1330,1332,1471,-1,1471,1332,1472,-1,1471,1472,1473,-1,1446,1474,1416,-1,1416,1474,1475,-1,1416,1475,1476,-1,1476,1475,1447,-1,1476,1447,1477,-1,1477,1447,818,-1,1354,1356,1478,-1,1478,1356,1479,-1,1478,1479,1053,-1,1053,1479,1480,-1,1053,1480,1052,-1,1481,1482,1129,-1,1129,1482,1483,-1,1129,1483,1484,-1,1081,1080,1485,-1,1485,1080,1486,-1,1485,1486,1487,-1,1487,1486,1488,-1,1487,1488,1211,-1,1211,1488,1489,-1,1211,1489,1097,-1,1097,1489,1490,-1,1097,1490,1462,-1,1422,1421,1491,-1,1491,1421,1492,-1,1491,1492,898,-1,898,1492,1493,-1,898,1493,897,-1,1494,1484,1495,-1,1495,1484,1496,-1,1495,1496,1497,-1,1498,1499,1459,-1,1459,1499,1500,-1,1459,1500,1461,-1,1406,1501,1408,-1,1408,1501,1502,-1,1408,1502,1373,-1,1373,1502,1503,-1,1373,1503,1372,-1,1174,1504,1250,-1,1250,1504,1505,-1,1250,1505,1506,-1,1507,1508,1509,-1,1509,1508,1510,-1,1509,1510,1511,-1,1512,1513,1509,-1,1509,1513,1514,-1,1509,1514,1507,-1,964,676,962,-1,962,676,770,-1,962,770,1515,-1,1075,641,1073,-1,1073,641,794,-1,1073,794,1516,-1,1453,1455,1517,-1,1517,1455,1518,-1,1517,1518,1519,-1,1519,1518,1520,-1,1519,1520,1063,-1,1063,1520,1521,-1,1063,1521,1062,-1,1458,1460,1522,-1,1522,1460,1523,-1,1522,1523,1070,-1,1070,1523,1524,-1,1070,1524,1069,-1,1463,1525,1097,-1,1097,1525,1526,-1,1097,1526,1098,-1,1098,1526,1527,-1,1098,1527,1429,-1,770,1528,1515,-1,1515,1528,1529,-1,1515,1529,1530,-1,1530,1529,1531,-1,1530,1531,1409,-1,1409,1531,1532,-1,1409,1532,1410,-1,794,1533,1516,-1,1516,1533,1534,-1,1516,1534,1535,-1,1535,1534,1536,-1,1535,1536,1381,-1,1381,1536,1537,-1,1381,1537,1383,-1,1506,1538,1250,-1,1250,1538,1539,-1,1250,1539,1540,-1,1047,663,1045,-1,1045,663,803,-1,1045,803,1541,-1,1278,1542,1128,-1,1128,1542,1543,-1,1128,1543,1129,-1,1129,1543,1237,-1,1129,1237,1481,-1,1481,1237,1236,-1,1497,1496,1544,-1,1544,1496,1545,-1,1544,1545,1049,-1,1049,1545,1546,-1,1049,1546,1048,-1,1512,1547,1513,-1,1513,1547,1548,-1,1513,1548,1549,-1,1549,1548,1550,-1,1549,1550,1551,-1,1551,1550,1087,-1,1551,1087,797,-1,797,1087,671,-1,797,671,670,-1,1040,667,1038,-1,1038,667,800,-1,1038,800,1552,-1,803,1553,1541,-1,1541,1553,1554,-1,1541,1554,1555,-1,1555,1554,1556,-1,1555,1556,1440,-1,1440,1556,1557,-1,1440,1557,1442,-1,1494,1558,1484,-1,1484,1558,1559,-1,1484,1559,1129,-1,1129,1559,1560,-1,1129,1560,1561,-1,1540,1562,1380,-1,1380,1562,1563,-1,1380,1563,1381,-1,800,1564,1552,-1,1552,1564,1565,-1,1552,1565,1566,-1,1566,1565,1567,-1,1566,1567,1473,-1,1473,1567,1568,-1,1473,1568,1471,-1,1457,1456,1561,-1,1561,1456,1569,-1,1561,1569,1129,-1,1280,1570,1129,-1,1129,1570,1499,-1,1540,1380,1250,-1,1250,1380,1571,-1,1250,1571,1470,-1,1470,1469,1250,-1,1250,1469,1572,-1,1250,1572,1511,-1,1569,1573,1129,-1,1129,1573,1574,-1,1129,1574,1280,-1,1280,1574,1575,-1,1280,1575,1281,-1,1498,1576,1499,-1,1499,1576,1577,-1,1499,1577,1129,-1,1129,1577,1578,-1,1129,1578,1357,-1,1511,1510,1250,-1,1250,1510,1579,-1,1250,1579,1580,-1,1438,1581,1250,-1,1250,1581,1582,-1,1250,1582,1251,-1,1251,1582,1583,-1,1251,1583,1384,-1,1436,1438,1584,-1,1584,1438,1250,-1,1584,1250,1331,-1,1331,1250,1580,-1,1331,1580,1332,-1,
        ]
    }
}
Shape{
    appearance Appearance {
        material  Material 	{
            diffuseColor 1.0 1.0 1.0
            specularColor 0.5019607843137255 0.5019607843137255 0.5019607843137255
            ambientIntensity 1.0
            transparency 0.0
            shininess 0.5
        }
    }
    geometry IndexedFaceSet {
        ccw TRUE
        solid FALSE
        coord DEF co Coordinate {
            point [
                -0.7874 0.1969 0.0787, -0.7874 -0.2756 0.0787, -0.7874 0.1969 0.0197, -0.7874 -0.2756 0.0197, -0.6693 -0.3937 0.0787, -0.6693 -0.3937 0.0197, -0.6956 -0.3907 0.0787, -0.6956 -0.3907 0.0197, -0.7205 -0.382 0.0787, -0.7205 -0.382 0.0197, -0.7429 -0.3679 0.0787, -0.7429 -0.3679 0.0197, -0.7616 -0.3492 0.0787, -0.7616 -0.3492 0.0197, -0.7757 -0.3268 0.0787, -0.7757 -0.3268 0.0197, -0.7844 -0.3019 0.0787, -0.7844 -0.3019 0.0197, 0.6693 -0.3937 0.0787, 0.6693 -0.3937 0.0197, 0.7874 -0.2756 0.0787, 0.7874 -0.2756 0.0197, 0.7844 -0.3019 0.0787, 0.7844 -0.3019 0.0197, 0.7757 -0.3268 0.0787, 0.7757 -0.3268 0.0197, 0.7616 -0.3492 0.0787, 0.7616 -0.3492 0.0197, 0.7429 -0.3679 0.0787, 0.7429 -0.3679 0.0197, 0.7205 -0.382 0.0787, 0.7205 -0.382 0.0197, 0.6956 -0.3907 0.0787, 0.6956 -0.3907 0.0197, 0.7874 0.2756 0.0787, 0.7874 0.2756 0.0197, 0.6693 0.3937 0.0787, 0.6693 0.3937 0.0197, 0.6956 0.3907 0.0787, 0.6956 0.3907 0.0197, 0.7205 0.382 0.0787, 0.7205 0.382 0.0197, 0.7429 0.3679 0.0787, 0.7429 0.3679 0.0197, 0.7616 0.3492 0.0787, 0.7616 0.3492 0.0197, 0.7757 0.3268 0.0787, 0.7757 0.3268 0.0197, 0.7844 0.3019 0.0787, 0.7844 0.3019 0.0197, -0.5906 0.3937 0.0787, -0.5906 0.3937 0.0197
            ]
        }
        coordIndex [
            0,1,2,-1,2,1,3,-1,4,5,6,-1,6,5,7,-1,6,7,8,-1,8,7,9,-1,8,9,10,-1,10,9,11,-1,10,11,12,-1,12,11,13,-1,12,13,14,-1,14,13,15,-1,14,15,16,-1,16,15,17,-1,16,17,1,-1,1,17,3,-1,4,18,5,-1,5,18,19,-1,20,21,22,-1,22,21,23,-1,22,23,24,-1,24,23,25,-1,24,25,26,-1,26,25,27,-1,26,27,28,-1,28,27,29,-1,28,29,30,-1,30,29,31,-1,30,31,32,-1,32,31,33,-1,32,33,18,-1,18,33,19,-1,20,34,21,-1,21,34,35,-1,36,37,38,-1,38,37,39,-1,38,39,40,-1,40,39,41,-1,40,41,42,-1,42,41,43,-1,42,43,44,-1,44,43,45,-1,44,45,46,-1,46,45,47,-1,46,47,48,-1,48,47,49,-1,48,49,34,-1,34,49,35,-1,36,50,37,-1,37,50,51,-1,50,0,51,-1,51,0,2,-1,
        ]
    }
}
Shape{
    appearance Appearance {
        material  Material 	{
            diffuseColor 0.792156862745098 0.8196078431372549 0.9333333333333333
            specularColor 0.396078431372549 0.4117647058823529 0.4666666666666667
            ambientIntensity 0.8244
            transparency 0.0
            shininess 0.5
        }
    }
    geometry IndexedFaceSet {
        ccw TRUE
        solid FALSE
        coord DEF co Coordinate {
            point [
                -0.5906 0.3937 0.0787, 0.6693 0.3937 0.0787, -0.7874 0.1969 0.0787, 0.7874 -0.2756 0.0787, -0.7874 -0.2756 0.0787, 0.7844 -0.3019 0.0787, 0.7757 -0.3268 0.0787, 0.7616 -0.3492 0.0787, 0.6956 0.3907 0.0787, 0.7844 0.3019 0.0787, 0.7874 0.2756 0.0787, 0.7429 -0.3679 0.0787, 0.7205 -0.382 0.0787, 0.7205 0.382 0.0787, 0.7429 0.3679 0.0787, 0.7757 0.3268 0.0787, 0.7616 0.3492 0.0787, -0.7616 -0.3492 0.0787, -0.6956 -0.3907 0.0787, -0.7429 -0.3679 0.0787, -0.7205 -0.382 0.0787, 0.6956 -0.3907 0.0787, 0.6693 -0.3937 0.0787, -0.6693 -0.3937 0.0787, -0.7844 -0.3019 0.0787, -0.7757 -0.3268 0.0787, 1.0236 -0.5315 0.0787, 1.0236 -0.5315 0.0197, 1.0243 -0.5264 0.0787, 1.0243 -0.5264 0.0197, 1.0263 -0.5217 0.0787, 1.0263 -0.5217 0.0197, 1.0294 -0.5176 0.0787, 1.0294 -0.5176 0.0197, 1.0335 -0.5144 0.0787, 1.0335 -0.5144 0.0197, 1.0382 -0.5125 0.0787, 1.0382 -0.5125 0.0197, 1.0433 -0.5118 0.0787, 1.0433 -0.5118 0.0197, 1.0236 -0.5709 0.0787, 1.0236 -0.5709 0.0197, 1.0433 -0.5906 0.0787, 1.0433 -0.5906 0.0197, 1.0382 -0.5899 0.0787, 1.0382 -0.5899 0.0197, 1.0335 -0.5879 0.0787, 1.0335 -0.5879 0.0197, 1.0294 -0.5848 0.0787, 1.0294 -0.5848 0.0197, 1.0263 -0.5807 0.0787, 1.0263 -0.5807 0.0197, 1.0243 -0.576 0.0787, 1.0243 -0.576 0.0197, 1.1614 -0.5906 0.0787, 1.1614 -0.5906 0.0197, 1.1614 -0.5902 0.0787, 1.1614 -0.5902 0.0197, 1.1709 -0.5807 0.0787, 1.1709 -0.5807 0.0197, 1.1811 -0.5807 0.0787, 1.1811 -0.5807 0.0197, 1.1811 -0.5217 0.0787, 1.1709 -0.5217 0.0787, 1.1811 -0.5217 0.0197, 1.1709 -0.5217 0.0197, 1.1614 -0.5122 0.0787, 1.1614 -0.5122 0.0197, 1.1614 -0.5118 0.0787, 1.1614 -0.5118 0.0197, -1.0236 -0.5709 0.0787, -1.0236 -0.5709 0.0197, -1.0243 -0.576 0.0787, -1.0243 -0.576 0.0197, -1.0263 -0.5807 0.0787, -1.0263 -0.5807 0.0197, -1.0294 -0.5848 0.0787, -1.0294 -0.5848 0.0197, -1.0335 -0.5879 0.0787, -1.0335 -0.5879 0.0197, -1.0382 -0.5899 0.0787, -1.0382 -0.5899 0.0197, -1.0433 -0.5906 0.0787, -1.0433 -0.5906 0.0197, -1.0236 -0.5315 0.0787, -1.0236 -0.5315 0.0197, -1.0433 -0.5118 0.0787, -1.0433 -0.5118 0.0197, -1.0382 -0.5125 0.0787, -1.0382 -0.5125 0.0197, -1.0335 -0.5144 0.0787, -1.0335 -0.5144 0.0197, -1.0294 -0.5176 0.0787, -1.0294 -0.5176 0.0197, -1.0263 -0.5217 0.0787, -1.0263 -0.5217 0.0197, -1.0243 -0.5264 0.0787, -1.0243 -0.5264 0.0197, -1.1614 -0.5118 0.0787, -1.1614 -0.5118 0.0197, -1.1614 -0.5122 0.0787, -1.1614 -0.5122 0.0197, -1.1709 -0.5217 0.0787, -1.1709 -0.5217 0.0197, -1.1811 -0.5217 0.0787, -1.1811 -0.5217 0.0197, -1.1811 -0.5807 0.0787, -1.1709 -0.5807 0.0787, -1.1811 -0.5807 0.0197, -1.1709 -0.5807 0.0197, -1.1614 -0.5902 0.0787, -1.1614 -0.5902 0.0197, -1.1614 -0.5906 0.0787, -1.1614 -0.5906 0.0197, 1.0236 -0.374 0.0787, 1.0236 -0.374 0.0197, 1.0243 -0.3689 0.0787, 1.0243 -0.3689 0.0197, 1.0263 -0.3642 0.0787, 1.0263 -0.3642 0.0197, 1.0294 -0.3601 0.0787, 1.0294 -0.3601 0.0197, 1.0335 -0.357 0.0787, 1.0335 -0.357 0.0197, 1.0382 -0.355 0.0787, 1.0382 -0.355 0.0197, 1.0433 -0.3543 0.0787, 1.0433 -0.3543 0.0197, 1.0236 -0.4134 0.0787, 1.0236 -0.4134 0.0197, 1.0433 -0.4331 0.0787, 1.0433 -0.4331 0.0197, 1.0382 -0.4324 0.0787, 1.0382 -0.4324 0.0197, 1.0335 -0.4304 0.0787, 1.0335 -0.4304 0.0197, 1.0294 -0.4273 0.0787, 1.0294 -0.4273 0.0197, 1.0263 -0.4232 0.0787, 1.0263 -0.4232 0.0197, 1.0243 -0.4185 0.0787, 1.0243 -0.4185 0.0197, 1.1614 -0.4331 0.0787, 1.1614 -0.4331 0.0197, 1.1614 -0.4327 0.0787, 1.1614 -0.4327 0.0197, 1.1709 -0.4232 0.0787, 1.1709 -0.4232 0.0197, 1.1811 -0.4232 0.0787, 1.1811 -0.4232 0.0197, 1.1811 -0.3642 0.0787, 1.1709 -0.3642 0.0787, 1.1811 -0.3642 0.0197, 1.1709 -0.3642 0.0197, 1.1614 -0.3547 0.0787, 1.1614 -0.3547 0.0197, 1.1614 -0.3543 0.0787, 1.1614 -0.3543 0.0197, -1.0236 -0.4134 0.0787, -1.0236 -0.4134 0.0197, -1.0243 -0.4185 0.0787, -1.0243 -0.4185 0.0197, -1.0263 -0.4232 0.0787, -1.0263 -0.4232 0.0197, -1.0294 -0.4273 0.0787, -1.0294 -0.4273 0.0197, -1.0335 -0.4304 0.0787, -1.0335 -0.4304 0.0197, -1.0382 -0.4324 0.0787, -1.0382 -0.4324 0.0197, -1.0433 -0.4331 0.0787, -1.0433 -0.4331 0.0197, -1.0236 -0.374 0.0787, -1.0236 -0.374 0.0197, -1.0433 -0.3543 0.0787, -1.0433 -0.3543 0.0197, -1.0382 -0.355 0.0787, -1.0382 -0.355 0.0197, -1.0335 -0.357 0.0787, -1.0335 -0.357 0.0197, -1.0294 -0.3601 0.0787, -1.0294 -0.3601 0.0197, -1.0263 -0.3642 0.0787, -1.0263 -0.3642 0.0197, -1.0243 -0.3689 0.0787, -1.0243 -0.3689 0.0197, -1.1614 -0.3543 0.0787, -1.1614 -0.3543 0.0197, -1.1614 -0.3547 0.0787, -1.1614 -0.3547 0.0197, -1.1709 -0.3642 0.0787, -1.1709 -0.3642 0.0197, -1.1811 -0.3642 0.0787, -1.1811 -0.3642 0.0197, -1.1811 -0.4232 0.0787, -1.1709 -0.4232 0.0787, -1.1811 -0.4232 0.0197, -1.1709 -0.4232 0.0197, -1.1614 -0.4327 0.0787, -1.1614 -0.4327 0.0197, -1.1614 -0.4331 0.0787, -1.1614 -0.4331 0.0197, 1.0236 -0.2165 0.0787, 1.0236 -0.2165 0.0197, 1.0243 -0.2114 0.0787, 1.0243 -0.2114 0.0197, 1.0263 -0.2067 0.0787, 1.0263 -0.2067 0.0197, 1.0294 -0.2026 0.0787, 1.0294 -0.2026 0.0197, 1.0335 -0.1995 0.0787, 1.0335 -0.1995 0.0197, 1.0382 -0.1975 0.0787, 1.0382 -0.1975 0.0197, 1.0433 -0.1969 0.0787, 1.0433 -0.1969 0.0197, 1.0236 -0.2559 0.0787, 1.0236 -0.2559 0.0197, 1.0433 -0.2756 0.0787, 1.0433 -0.2756 0.0197, 1.0382 -0.2749 0.0787, 1.0382 -0.2749 0.0197, 1.0335 -0.273 0.0787, 1.0335 -0.273 0.0197, 1.0294 -0.2698 0.0787, 1.0294 -0.2698 0.0197, 1.0263 -0.2657 0.0787, 1.0263 -0.2657 0.0197, 1.0243 -0.261 0.0787, 1.0243 -0.261 0.0197, 1.1614 -0.2756 0.0787, 1.1614 -0.2756 0.0197, 1.1614 -0.2752 0.0787, 1.1614 -0.2752 0.0197, 1.1709 -0.2657 0.0787, 1.1709 -0.2657 0.0197, 1.1811 -0.2657 0.0787, 1.1811 -0.2657 0.0197, 1.1811 -0.2067 0.0787, 1.1709 -0.2067 0.0787, 1.1811 -0.2067 0.0197, 1.1709 -0.2067 0.0197, 1.1614 -0.1972 0.0787, 1.1614 -0.1972 0.0197, 1.1614 -0.1969 0.0787, 1.1614 -0.1969 0.0197, -1.0236 -0.2559 0.0787, -1.0236 -0.2559 0.0197, -1.0243 -0.261 0.0787, -1.0243 -0.261 0.0197, -1.0263 -0.2657 0.0787, -1.0263 -0.2657 0.0197, -1.0294 -0.2698 0.0787, -1.0294 -0.2698 0.0197, -1.0335 -0.273 0.0787, -1.0335 -0.273 0.0197, -1.0382 -0.2749 0.0787, -1.0382 -0.2749 0.0197, -1.0433 -0.2756 0.0787, -1.0433 -0.2756 0.0197, -1.0236 -0.2165 0.0787, -1.0236 -0.2165 0.0197, -1.0433 -0.1969 0.0787, -1.0433 -0.1969 0.0197, -1.0382 -0.1975 0.0787, -1.0382 -0.1975 0.0197, -1.0335 -0.1995 0.0787, -1.0335 -0.1995 0.0197, -1.0294 -0.2026 0.0787, -1.0294 -0.2026 0.0197, -1.0263 -0.2067 0.0787, -1.0263 -0.2067 0.0197, -1.0243 -0.2114 0.0787, -1.0243 -0.2114 0.0197, -1.1614 -0.1969 0.0787, -1.1614 -0.1969 0.0197, -1.1614 -0.1972 0.0787, -1.1614 -0.1972 0.0197, -1.1709 -0.2067 0.0787, -1.1709 -0.2067 0.0197, -1.1811 -0.2067 0.0787, -1.1811 -0.2067 0.0197, -1.1811 -0.2657 0.0787, -1.1709 -0.2657 0.0787, -1.1811 -0.2657 0.0197, -1.1709 -0.2657 0.0197, -1.1614 -0.2752 0.0787, -1.1614 -0.2752 0.0197, -1.1614 -0.2756 0.0787, -1.1614 -0.2756 0.0197, 1.0236 -0.0591 0.0787, 1.0236 -0.0591 0.0197, 1.0243 -0.054 0.0787, 1.0243 -0.054 0.0197, 1.0263 -0.0492 0.0787, 1.0263 -0.0492 0.0197, 1.0294 -0.0451 0.0787, 1.0294 -0.0451 0.0197, 1.0335 -0.042 0.0787, 1.0335 -0.042 0.0197, 1.0382 -0.04 0.0787, 1.0382 -0.04 0.0197, 1.0433 -0.0394 0.0787, 1.0433 -0.0394 0.0197, 1.0236 -0.0984 0.0787, 1.0236 -0.0984 0.0197, 1.0433 -0.1181 0.0787, 1.0433 -0.1181 0.0197, 1.0382 -0.1174 0.0787, 1.0382 -0.1174 0.0197, 1.0335 -0.1155 0.0787, 1.0335 -0.1155 0.0197, 1.0294 -0.1123 0.0787, 1.0294 -0.1123 0.0197, 1.0263 -0.1083 0.0787, 1.0263 -0.1083 0.0197, 1.0243 -0.1035 0.0787, 1.0243 -0.1035 0.0197, 1.1614 -0.1181 0.0787, 1.1614 -0.1181 0.0197, 1.1614 -0.1177 0.0787, 1.1614 -0.1177 0.0197, 1.1709 -0.1083 0.0787, 1.1709 -0.1083 0.0197, 1.1811 -0.1083 0.0787, 1.1811 -0.1083 0.0197, 1.1811 -0.0492 0.0787, 1.1709 -0.0492 0.0787, 1.1811 -0.0492 0.0197, 1.1709 -0.0492 0.0197, 1.1614 -0.0398 0.0787, 1.1614 -0.0398 0.0197, 1.1614 -0.0394 0.0787, 1.1614 -0.0394 0.0197, -1.0236 -0.0984 0.0787, -1.0236 -0.0984 0.0197, -1.0243 -0.1035 0.0787, -1.0243 -0.1035 0.0197, -1.0263 -0.1083 0.0787, -1.0263 -0.1083 0.0197, -1.0294 -0.1123 0.0787, -1.0294 -0.1123 0.0197, -1.0335 -0.1155 0.0787, -1.0335 -0.1155 0.0197, -1.0382 -0.1174 0.0787, -1.0382 -0.1174 0.0197, -1.0433 -0.1181 0.0787, -1.0433 -0.1181 0.0197, -1.0236 -0.0591 0.0787, -1.0236 -0.0591 0.0197, -1.0433 -0.0394 0.0787, -1.0433 -0.0394 0.0197, -1.0382 -0.04 0.0787, -1.0382 -0.04 0.0197, -1.0335 -0.042 0.0787, -1.0335 -0.042 0.0197, -1.0294 -0.0451 0.0787, -1.0294 -0.0451 0.0197, -1.0263 -0.0492 0.0787, -1.0263 -0.0492 0.0197, -1.0243 -0.054 0.0787, -1.0243 -0.054 0.0197, -1.1614 -0.0394 0.0787, -1.1614 -0.0394 0.0197, -1.1614 -0.0398 0.0787, -1.1614 -0.0398 0.0197, -1.1709 -0.0492 0.0787, -1.1709 -0.0492 0.0197, -1.1811 -0.0492 0.0787, -1.1811 -0.0492 0.0197, -1.1811 -0.1083 0.0787, -1.1709 -0.1083 0.0787, -1.1811 -0.1083 0.0197, -1.1709 -0.1083 0.0197, -1.1614 -0.1177 0.0787, -1.1614 -0.1177 0.0197, -1.1614 -0.1181 0.0787, -1.1614 -0.1181 0.0197, -0.8957 0.7772 0.0787, -0.9051 0.7677 0.0787, -0.8957 0.7772 0.0197, -0.9051 0.7677 0.0197, -0.9055 0.7677 0.0787, -0.9055 0.7677 0.0197, -0.9055 0.6496 0.0787, -0.9055 0.6496 0.0197, -0.8858 0.6299 0.0787, -0.8858 0.6299 0.0197, -0.8909 0.6306 0.0787, -0.8909 0.6306 0.0197, -0.8957 0.6326 0.0787, -0.8957 0.6326 0.0197, -0.8997 0.6357 0.0787, -0.8997 0.6357 0.0197, -0.9029 0.6398 0.0787, -0.9029 0.6398 0.0197, -0.9048 0.6445 0.0787, -0.9048 0.6445 0.0197, -0.8465 0.6299 0.0787, -0.8465 0.6299 0.0197, -0.8268 0.6496 0.0787, -0.8268 0.6496 0.0197, -0.8274 0.6445 0.0787, -0.8274 0.6445 0.0197, -0.8294 0.6398 0.0787, -0.8294 0.6398 0.0197, -0.8325 0.6357 0.0787, -0.8325 0.6357 0.0197, -0.8366 0.6326 0.0787, -0.8366 0.6326 0.0197, -0.8414 0.6306 0.0787, -0.8414 0.6306 0.0197, -0.8268 0.7677 0.0787, -0.8268 0.7677 0.0197, -0.8272 0.7677 0.0787, -0.8272 0.7677 0.0197, -0.8366 0.7772 0.0787, -0.8366 0.7772 0.0197, -0.8366 0.7874 0.0787, -0.8366 0.7874 0.0197, -0.8957 0.7874 0.0787, -0.8957 0.7874 0.0197, -0.8366 -0.7874 0.0787, -0.8366 -0.7772 0.0787, -0.8366 -0.7874 0.0197, -0.8366 -0.7772 0.0197, -0.8272 -0.7677 0.0787, -0.8272 -0.7677 0.0197, -0.8268 -0.7677 0.0787, -0.8268 -0.7677 0.0197, -0.8268 -0.6496 0.0787, -0.8268 -0.6496 0.0197, -0.8465 -0.6299 0.0787, -0.8465 -0.6299 0.0197, -0.8414 -0.6306 0.0787, -0.8414 -0.6306 0.0197, -0.8366 -0.6326 0.0787, -0.8366 -0.6326 0.0197, -0.8325 -0.6357 0.0787, -0.8325 -0.6357 0.0197, -0.8294 -0.6398 0.0787, -0.8294 -0.6398 0.0197, -0.8274 -0.6445 0.0787, -0.8274 -0.6445 0.0197, -0.8858 -0.6299 0.0787, -0.8858 -0.6299 0.0197, -0.9055 -0.6496 0.0787, -0.9055 -0.6496 0.0197, -0.9048 -0.6445 0.0787, -0.9048 -0.6445 0.0197, -0.9029 -0.6398 0.0787, -0.9029 -0.6398 0.0197, -0.8997 -0.6357 0.0787, -0.8997 -0.6357 0.0197, -0.8957 -0.6326 0.0787, -0.8957 -0.6326 0.0197, -0.8909 -0.6306 0.0787, -0.8909 -0.6306 0.0197, -0.9055 -0.7677 0.0787, -0.9055 -0.7677 0.0197, -0.9051 -0.7677 0.0787, -0.9051 -0.7677 0.0197, -0.8957 -0.7772 0.0787, -0.8957 -0.7772 0.0197, -0.8957 -0.7874 0.0787, -0.8957 -0.7874 0.0197, -0.7382 0.7772 0.0787, -0.7476 0.7677 0.0787, -0.7382 0.7772 0.0197, -0.7476 0.7677 0.0197, -0.748 0.7677 0.0787, -0.748 0.7677 0.0197, -0.748 0.6496 0.0787, -0.748 0.6496 0.0197, -0.7283 0.6299 0.0787, -0.7283 0.6299 0.0197, -0.7334 0.6306 0.0787, -0.7334 0.6306 0.0197, -0.7382 0.6326 0.0787, -0.7382 0.6326 0.0197, -0.7423 0.6357 0.0787, -0.7423 0.6357 0.0197, -0.7454 0.6398 0.0787, -0.7454 0.6398 0.0197, -0.7474 0.6445 0.0787, -0.7474 0.6445 0.0197, -0.689 0.6299 0.0787, -0.689 0.6299 0.0197, -0.6693 0.6496 0.0787, -0.6693 0.6496 0.0197, -0.67 0.6445 0.0787, -0.67 0.6445 0.0197, -0.6719 0.6398 0.0787, -0.6719 0.6398 0.0197, -0.6751 0.6357 0.0787, -0.6751 0.6357 0.0197, -0.6791 0.6326 0.0787, -0.6791 0.6326 0.0197, -0.6839 0.6306 0.0787, -0.6839 0.6306 0.0197, -0.6693 0.7677 0.0787, -0.6693 0.7677 0.0197, -0.6697 0.7677 0.0787, -0.6697 0.7677 0.0197, -0.6791 0.7772 0.0787, -0.6791 0.7772 0.0197, -0.6791 0.7874 0.0787, -0.6791 0.7874 0.0197, -0.7382 0.7874 0.0787, -0.7382 0.7874 0.0197, -0.6791 -0.7874 0.0787, -0.6791 -0.7772 0.0787, -0.6791 -0.7874 0.0197, -0.6791 -0.7772 0.0197, -0.6697 -0.7677 0.0787, -0.6697 -0.7677 0.0197, -0.6693 -0.7677 0.0787, -0.6693 -0.7677 0.0197, -0.6693 -0.6496 0.0787, -0.6693 -0.6496 0.0197, -0.689 -0.6299 0.0787, -0.689 -0.6299 0.0197, -0.6839 -0.6306 0.0787, -0.6839 -0.6306 0.0197, -0.6791 -0.6326 0.0787, -0.6791 -0.6326 0.0197, -0.6751 -0.6357 0.0787, -0.6751 -0.6357 0.0197, -0.6719 -0.6398 0.0787, -0.6719 -0.6398 0.0197, -0.67 -0.6445 0.0787, -0.67 -0.6445 0.0197, -0.7283 -0.6299 0.0787, -0.7283 -0.6299 0.0197, -0.748 -0.6496 0.0787, -0.748 -0.6496 0.0197, -0.7474 -0.6445 0.0787, -0.7474 -0.6445 0.0197, -0.7454 -0.6398 0.0787, -0.7454 -0.6398 0.0197, -0.7423 -0.6357 0.0787, -0.7423 -0.6357 0.0197, -0.7382 -0.6326 0.0787, -0.7382 -0.6326 0.0197, -0.7334 -0.6306 0.0787, -0.7334 -0.6306 0.0197, -0.748 -0.7677 0.0787, -0.748 -0.7677 0.0197, -0.7476 -0.7677 0.0787, -0.7476 -0.7677 0.0197, -0.7382 -0.7772 0.0787, -0.7382 -0.7772 0.0197, -0.7382 -0.7874 0.0787, -0.7382 -0.7874 0.0197, -0.5807 0.7772 0.0787, -0.5902 0.7677 0.0787, -0.5807 0.7772 0.0197, -0.5902 0.7677 0.0197, -0.5906 0.7677 0.0787, -0.5906 0.7677 0.0197, -0.5906 0.6496 0.0787, -0.5906 0.6496 0.0197, -0.5709 0.6299 0.0787, -0.5709 0.6299 0.0197, -0.576 0.6306 0.0787, -0.576 0.6306 0.0197, -0.5807 0.6326 0.0787, -0.5807 0.6326 0.0197, -0.5848 0.6357 0.0787, -0.5848 0.6357 0.0197, -0.5879 0.6398 0.0787, -0.5879 0.6398 0.0197, -0.5899 0.6445 0.0787, -0.5899 0.6445 0.0197, -0.5315 0.6299 0.0787, -0.5315 0.6299 0.0197, -0.5118 0.6496 0.0787, -0.5118 0.6496 0.0197, -0.5125 0.6445 0.0787, -0.5125 0.6445 0.0197, -0.5144 0.6398 0.0787, -0.5144 0.6398 0.0197, -0.5176 0.6357 0.0787, -0.5176 0.6357 0.0197, -0.5217 0.6326 0.0787, -0.5217 0.6326 0.0197, -0.5264 0.6306 0.0787, -0.5264 0.6306 0.0197, -0.5118 0.7677 0.0787, -0.5118 0.7677 0.0197, -0.5122 0.7677 0.0787, -0.5122 0.7677 0.0197, -0.5217 0.7772 0.0787, -0.5217 0.7772 0.0197, -0.5217 0.7874 0.0787, -0.5217 0.7874 0.0197, -0.5807 0.7874 0.0787, -0.5807 0.7874 0.0197, -0.5217 -0.7874 0.0787, -0.5217 -0.7772 0.0787, -0.5217 -0.7874 0.0197, -0.5217 -0.7772 0.0197, -0.5122 -0.7677 0.0787, -0.5122 -0.7677 0.0197, -0.5118 -0.7677 0.0787, -0.5118 -0.7677 0.0197, -0.5118 -0.6496 0.0787, -0.5118 -0.6496 0.0197, -0.5315 -0.6299 0.0787, -0.5315 -0.6299 0.0197, -0.5264 -0.6306 0.0787, -0.5264 -0.6306 0.0197, -0.5217 -0.6326 0.0787, -0.5217 -0.6326 0.0197, -0.5176 -0.6357 0.0787, -0.5176 -0.6357 0.0197, -0.5144 -0.6398 0.0787, -0.5144 -0.6398 0.0197, -0.5125 -0.6445 0.0787, -0.5125 -0.6445 0.0197, -0.5709 -0.6299 0.0787, -0.5709 -0.6299 0.0197, -0.5906 -0.6496 0.0787, -0.5906 -0.6496 0.0197, -0.5899 -0.6445 0.0787, -0.5899 -0.6445 0.0197, -0.5879 -0.6398 0.0787, -0.5879 -0.6398 0.0197, -0.5848 -0.6357 0.0787, -0.5848 -0.6357 0.0197, -0.5807 -0.6326 0.0787, -0.5807 -0.6326 0.0197, -0.576 -0.6306 0.0787, -0.576 -0.6306 0.0197, -0.5906 -0.7677 0.0787, -0.5906 -0.7677 0.0197, -0.5902 -0.7677 0.0787, -0.5902 -0.7677 0.0197, -0.5807 -0.7772 0.0787, -0.5807 -0.7772 0.0197, -0.5807 -0.7874 0.0787, -0.5807 -0.7874 0.0197, -0.4232 0.7772 0.0787, -0.4327 0.7677 0.0787, -0.4232 0.7772 0.0197, -0.4327 0.7677 0.0197, -0.4331 0.7677 0.0787, -0.4331 0.7677 0.0197, -0.4331 0.6496 0.0787, -0.4331 0.6496 0.0197, -0.4134 0.6299 0.0787, -0.4134 0.6299 0.0197, -0.4185 0.6306 0.0787, -0.4185 0.6306 0.0197, -0.4232 0.6326 0.0787, -0.4232 0.6326 0.0197, -0.4273 0.6357 0.0787, -0.4273 0.6357 0.0197, -0.4304 0.6398 0.0787, -0.4304 0.6398 0.0197, -0.4324 0.6445 0.0787, -0.4324 0.6445 0.0197, -0.374 0.6299 0.0787, -0.374 0.6299 0.0197, -0.3543 0.6496 0.0787, -0.3543 0.6496 0.0197, -0.355 0.6445 0.0787, -0.355 0.6445 0.0197, -0.357 0.6398 0.0787, -0.357 0.6398 0.0197, -0.3601 0.6357 0.0787, -0.3601 0.6357 0.0197, -0.3642 0.6326 0.0787, -0.3642 0.6326 0.0197, -0.3689 0.6306 0.0787, -0.3689 0.6306 0.0197, -0.3543 0.7677 0.0787, -0.3543 0.7677 0.0197, -0.3547 0.7677 0.0787, -0.3547 0.7677 0.0197, -0.3642 0.7772 0.0787, -0.3642 0.7772 0.0197, -0.3642 0.7874 0.0787, -0.3642 0.7874 0.0197, -0.4232 0.7874 0.0787, -0.4232 0.7874 0.0197, -0.3642 -0.7874 0.0787, -0.3642 -0.7772 0.0787, -0.3642 -0.7874 0.0197, -0.3642 -0.7772 0.0197, -0.3547 -0.7677 0.0787, -0.3547 -0.7677 0.0197, -0.3543 -0.7677 0.0787, -0.3543 -0.7677 0.0197, -0.3543 -0.6496 0.0787, -0.3543 -0.6496 0.0197, -0.374 -0.6299 0.0787, -0.374 -0.6299 0.0197, -0.3689 -0.6306 0.0787, -0.3689 -0.6306 0.0197, -0.3642 -0.6326 0.0787, -0.3642 -0.6326 0.0197, -0.3601 -0.6357 0.0787, -0.3601 -0.6357 0.0197, -0.357 -0.6398 0.0787, -0.357 -0.6398 0.0197, -0.355 -0.6445 0.0787, -0.355 -0.6445 0.0197, -0.4134 -0.6299 0.0787, -0.4134 -0.6299 0.0197, -0.4331 -0.6496 0.0787, -0.4331 -0.6496 0.0197, -0.4324 -0.6445 0.0787, -0.4324 -0.6445 0.0197, -0.4304 -0.6398 0.0787, -0.4304 -0.6398 0.0197, -0.4273 -0.6357 0.0787, -0.4273 -0.6357 0.0197, -0.4232 -0.6326 0.0787, -0.4232 -0.6326 0.0197, -0.4185 -0.6306 0.0787, -0.4185 -0.6306 0.0197, -0.4331 -0.7677 0.0787, -0.4331 -0.7677 0.0197, -0.4327 -0.7677 0.0787, -0.4327 -0.7677 0.0197, -0.4232 -0.7772 0.0787, -0.4232 -0.7772 0.0197, -0.4232 -0.7874 0.0787, -0.4232 -0.7874 0.0197, -0.2657 0.7772 0.0787, -0.2752 0.7677 0.0787, -0.2657 0.7772 0.0197, -0.2752 0.7677 0.0197, -0.2756 0.7677 0.0787, -0.2756 0.7677 0.0197, -0.2756 0.6496 0.0787, -0.2756 0.6496 0.0197, -0.2559 0.6299 0.0787, -0.2559 0.6299 0.0197, -0.261 0.6306 0.0787, -0.261 0.6306 0.0197, -0.2657 0.6326 0.0787, -0.2657 0.6326 0.0197, -0.2698 0.6357 0.0787, -0.2698 0.6357 0.0197, -0.273 0.6398 0.0787, -0.273 0.6398 0.0197, -0.2749 0.6445 0.0787, -0.2749 0.6445 0.0197, -0.2165 0.6299 0.0787, -0.2165 0.6299 0.0197, -0.1969 0.6496 0.0787, -0.1969 0.6496 0.0197, -0.1975 0.6445 0.0787, -0.1975 0.6445 0.0197, -0.1995 0.6398 0.0787, -0.1995 0.6398 0.0197, -0.2026 0.6357 0.0787, -0.2026 0.6357 0.0197, -0.2067 0.6326 0.0787, -0.2067 0.6326 0.0197, -0.2114 0.6306 0.0787, -0.2114 0.6306 0.0197, -0.1969 0.7677 0.0787, -0.1969 0.7677 0.0197, -0.1972 0.7677 0.0787, -0.1972 0.7677 0.0197, -0.2067 0.7772 0.0787, -0.2067 0.7772 0.0197, -0.2067 0.7874 0.0787, -0.2067 0.7874 0.0197, -0.2657 0.7874 0.0787, -0.2657 0.7874 0.0197, -0.2067 -0.7874 0.0787, -0.2067 -0.7772 0.0787, -0.2067 -0.7874 0.0197, -0.2067 -0.7772 0.0197, -0.1972 -0.7677 0.0787, -0.1972 -0.7677 0.0197, -0.1969 -0.7677 0.0787, -0.1969 -0.7677 0.0197, -0.1969 -0.6496 0.0787, -0.1969 -0.6496 0.0197, -0.2165 -0.6299 0.0787, -0.2165 -0.6299 0.0197, -0.2114 -0.6306 0.0787, -0.2114 -0.6306 0.0197, -0.2067 -0.6326 0.0787, -0.2067 -0.6326 0.0197, -0.2026 -0.6357 0.0787, -0.2026 -0.6357 0.0197, -0.1995 -0.6398 0.0787, -0.1995 -0.6398 0.0197, -0.1975 -0.6445 0.0787, -0.1975 -0.6445 0.0197, -0.2559 -0.6299 0.0787, -0.2559 -0.6299 0.0197, -0.2756 -0.6496 0.0787, -0.2756 -0.6496 0.0197, -0.2749 -0.6445 0.0787, -0.2749 -0.6445 0.0197, -0.273 -0.6398 0.0787, -0.273 -0.6398 0.0197, -0.2698 -0.6357 0.0787, -0.2698 -0.6357 0.0197, -0.2657 -0.6326 0.0787, -0.2657 -0.6326 0.0197, -0.261 -0.6306 0.0787, -0.261 -0.6306 0.0197, -0.2756 -0.7677 0.0787, -0.2756 -0.7677 0.0197, -0.2752 -0.7677 0.0787, -0.2752 -0.7677 0.0197, -0.2657 -0.7772 0.0787, -0.2657 -0.7772 0.0197, -0.2657 -0.7874 0.0787, -0.2657 -0.7874 0.0197, -0.1083 0.7772 0.0787, -0.1177 0.7677 0.0787, -0.1083 0.7772 0.0197, -0.1177 0.7677 0.0197, -0.1181 0.7677 0.0787, -0.1181 0.7677 0.0197, -0.1181 0.6496 0.0787, -0.1181 0.6496 0.0197, -0.0984 0.6299 0.0787, -0.0984 0.6299 0.0197, -0.1035 0.6306 0.0787, -0.1035 0.6306 0.0197, -0.1083 0.6326 0.0787, -0.1083 0.6326 0.0197, -0.1123 0.6357 0.0787, -0.1123 0.6357 0.0197, -0.1155 0.6398 0.0787, -0.1155 0.6398 0.0197, -0.1174 0.6445 0.0787, -0.1174 0.6445 0.0197, -0.0591 0.6299 0.0787, -0.0591 0.6299 0.0197, -0.0394 0.6496 0.0787, -0.0394 0.6496 0.0197, -0.04 0.6445 0.0787, -0.04 0.6445 0.0197, -0.042 0.6398 0.0787, -0.042 0.6398 0.0197, -0.0451 0.6357 0.0787, -0.0451 0.6357 0.0197, -0.0492 0.6326 0.0787, -0.0492 0.6326 0.0197, -0.054 0.6306 0.0787, -0.054 0.6306 0.0197, -0.0394 0.7677 0.0787, -0.0394 0.7677 0.0197, -0.0398 0.7677 0.0787, -0.0398 0.7677 0.0197, -0.0492 0.7772 0.0787, -0.0492 0.7772 0.0197, -0.0492 0.7874 0.0787, -0.0492 0.7874 0.0197, -0.1083 0.7874 0.0787, -0.1083 0.7874 0.0197, -0.0492 -0.7874 0.0787, -0.0492 -0.7772 0.0787, -0.0492 -0.7874 0.0197, -0.0492 -0.7772 0.0197, -0.0398 -0.7677 0.0787, -0.0398 -0.7677 0.0197, -0.0394 -0.7677 0.0787, -0.0394 -0.7677 0.0197, -0.0394 -0.6496 0.0787, -0.0394 -0.6496 0.0197, -0.0591 -0.6299 0.0787, -0.0591 -0.6299 0.0197, -0.054 -0.6306 0.0787, -0.054 -0.6306 0.0197, -0.0492 -0.6326 0.0787, -0.0492 -0.6326 0.0197, -0.0451 -0.6357 0.0787, -0.0451 -0.6357 0.0197, -0.042 -0.6398 0.0787, -0.042 -0.6398 0.0197, -0.04 -0.6445 0.0787, -0.04 -0.6445 0.0197, -0.0984 -0.6299 0.0787, -0.0984 -0.6299 0.0197, -0.1181 -0.6496 0.0787, -0.1181 -0.6496 0.0197, -0.1174 -0.6445 0.0787, -0.1174 -0.6445 0.0197, -0.1155 -0.6398 0.0787, -0.1155 -0.6398 0.0197, -0.1123 -0.6357 0.0787, -0.1123 -0.6357 0.0197, -0.1083 -0.6326 0.0787, -0.1083 -0.6326 0.0197, -0.1035 -0.6306 0.0787, -0.1035 -0.6306 0.0197, -0.1181 -0.7677 0.0787, -0.1181 -0.7677 0.0197, -0.1177 -0.7677 0.0787, -0.1177 -0.7677 0.0197, -0.1083 -0.7772 0.0787, -0.1083 -0.7772 0.0197, -0.1083 -0.7874 0.0787, -0.1083 -0.7874 0.0197, 0.0492 0.7772 0.0787, 0.0398 0.7677 0.0787, 0.0492 0.7772 0.0197, 0.0398 0.7677 0.0197, 0.0394 0.7677 0.0787, 0.0394 0.7677 0.0197, 0.0394 0.6496 0.0787, 0.0394 0.6496 0.0197, 0.0591 0.6299 0.0787, 0.0591 0.6299 0.0197, 0.054 0.6306 0.0787, 0.054 0.6306 0.0197, 0.0492 0.6326 0.0787, 0.0492 0.6326 0.0197, 0.0451 0.6357 0.0787, 0.0451 0.6357 0.0197, 0.042 0.6398 0.0787, 0.042 0.6398 0.0197, 0.04 0.6445 0.0787, 0.04 0.6445 0.0197, 0.0984 0.6299 0.0787, 0.0984 0.6299 0.0197, 0.1181 0.6496 0.0787, 0.1181 0.6496 0.0197, 0.1174 0.6445 0.0787, 0.1174 0.6445 0.0197, 0.1155 0.6398 0.0787, 0.1155 0.6398 0.0197, 0.1123 0.6357 0.0787, 0.1123 0.6357 0.0197, 0.1083 0.6326 0.0787, 0.1083 0.6326 0.0197, 0.1035 0.6306 0.0787, 0.1035 0.6306 0.0197, 0.1181 0.7677 0.0787, 0.1181 0.7677 0.0197, 0.1177 0.7677 0.0787, 0.1177 0.7677 0.0197, 0.1083 0.7772 0.0787, 0.1083 0.7772 0.0197, 0.1083 0.7874 0.0787, 0.1083 0.7874 0.0197, 0.0492 0.7874 0.0787, 0.0492 0.7874 0.0197, 0.1083 -0.7874 0.0787, 0.1083 -0.7772 0.0787, 0.1083 -0.7874 0.0197, 0.1083 -0.7772 0.0197, 0.1177 -0.7677 0.0787, 0.1177 -0.7677 0.0197, 0.1181 -0.7677 0.0787, 0.1181 -0.7677 0.0197, 0.1181 -0.6496 0.0787, 0.1181 -0.6496 0.0197, 0.0984 -0.6299 0.0787, 0.0984 -0.6299 0.0197, 0.1035 -0.6306 0.0787, 0.1035 -0.6306 0.0197, 0.1083 -0.6326 0.0787, 0.1083 -0.6326 0.0197, 0.1123 -0.6357 0.0787, 0.1123 -0.6357 0.0197, 0.1155 -0.6398 0.0787, 0.1155 -0.6398 0.0197, 0.1174 -0.6445 0.0787, 0.1174 -0.6445 0.0197, 0.0591 -0.6299 0.0787, 0.0591 -0.6299 0.0197, 0.0394 -0.6496 0.0787, 0.0394 -0.6496 0.0197, 0.04 -0.6445 0.0787, 0.04 -0.6445 0.0197, 0.042 -0.6398 0.0787, 0.042 -0.6398 0.0197, 0.0451 -0.6357 0.0787, 0.0451 -0.6357 0.0197, 0.0492 -0.6326 0.0787, 0.0492 -0.6326 0.0197, 0.054 -0.6306 0.0787, 0.054 -0.6306 0.0197, 0.0394 -0.7677 0.0787, 0.0394 -0.7677 0.0197, 0.0398 -0.7677 0.0787, 0.0398 -0.7677 0.0197, 0.0492 -0.7772 0.0787, 0.0492 -0.7772 0.0197, 0.0492 -0.7874 0.0787, 0.0492 -0.7874 0.0197, 0.2067 0.7772 0.0787, 0.1972 0.7677 0.0787, 0.2067 0.7772 0.0197, 0.1972 0.7677 0.0197, 0.1969 0.7677 0.0787, 0.1969 0.7677 0.0197, 0.1969 0.6496 0.0787, 0.1969 0.6496 0.0197, 0.2165 0.6299 0.0787, 0.2165 0.6299 0.0197, 0.2114 0.6306 0.0787, 0.2114 0.6306 0.0197, 0.2067 0.6326 0.0787, 0.2067 0.6326 0.0197, 0.2026 0.6357 0.0787, 0.2026 0.6357 0.0197, 0.1995 0.6398 0.0787, 0.1995 0.6398 0.0197, 0.1975 0.6445 0.0787, 0.1975 0.6445 0.0197, 0.2559 0.6299 0.0787, 0.2559 0.6299 0.0197, 0.2756 0.6496 0.0787, 0.2756 0.6496 0.0197, 0.2749 0.6445 0.0787, 0.2749 0.6445 0.0197, 0.273 0.6398 0.0787, 0.273 0.6398 0.0197, 0.2698 0.6357 0.0787, 0.2698 0.6357 0.0197, 0.2657 0.6326 0.0787, 0.2657 0.6326 0.0197, 0.261 0.6306 0.0787, 0.261 0.6306 0.0197, 0.2756 0.7677 0.0787, 0.2756 0.7677 0.0197, 0.2752 0.7677 0.0787, 0.2752 0.7677 0.0197, 0.2657 0.7772 0.0787, 0.2657 0.7772 0.0197, 0.2657 0.7874 0.0787, 0.2657 0.7874 0.0197, 0.2067 0.7874 0.0787, 0.2067 0.7874 0.0197, 0.2657 -0.7874 0.0787, 0.2657 -0.7772 0.0787, 0.2657 -0.7874 0.0197, 0.2657 -0.7772 0.0197, 0.2752 -0.7677 0.0787, 0.2752 -0.7677 0.0197, 0.2756 -0.7677 0.0787, 0.2756 -0.7677 0.0197, 0.2756 -0.6496 0.0787, 0.2756 -0.6496 0.0197, 0.2559 -0.6299 0.0787, 0.2559 -0.6299 0.0197, 0.261 -0.6306 0.0787, 0.261 -0.6306 0.0197, 0.2657 -0.6326 0.0787, 0.2657 -0.6326 0.0197, 0.2698 -0.6357 0.0787, 0.2698 -0.6357 0.0197, 0.273 -0.6398 0.0787, 0.273 -0.6398 0.0197, 0.2749 -0.6445 0.0787, 0.2749 -0.6445 0.0197, 0.2165 -0.6299 0.0787, 0.2165 -0.6299 0.0197, 0.1969 -0.6496 0.0787, 0.1969 -0.6496 0.0197, 0.1975 -0.6445 0.0787, 0.1975 -0.6445 0.0197, 0.1995 -0.6398 0.0787, 0.1995 -0.6398 0.0197, 0.2026 -0.6357 0.0787, 0.2026 -0.6357 0.0197, 0.2067 -0.6326 0.0787, 0.2067 -0.6326 0.0197, 0.2114 -0.6306 0.0787, 0.2114 -0.6306 0.0197, 0.1969 -0.7677 0.0787, 0.1969 -0.7677 0.0197, 0.1972 -0.7677 0.0787, 0.1972 -0.7677 0.0197, 0.2067 -0.7772 0.0787, 0.2067 -0.7772 0.0197, 0.2067 -0.7874 0.0787, 0.2067 -0.7874 0.0197, 1.0236 0.0984 0.0787, 1.0236 0.0984 0.0197, 1.0243 0.1035 0.0787, 1.0243 0.1035 0.0197, 1.0263 0.1083 0.0787, 1.0263 0.1083 0.0197, 1.0294 0.1123 0.0787, 1.0294 0.1123 0.0197, 1.0335 0.1155 0.0787, 1.0335 0.1155 0.0197, 1.0382 0.1174 0.0787, 1.0382 0.1174 0.0197, 1.0433 0.1181 0.0787, 1.0433 0.1181 0.0197, 1.0236 0.0591 0.0787, 1.0236 0.0591 0.0197, 1.0433 0.0394 0.0787, 1.0433 0.0394 0.0197, 1.0382 0.04 0.0787, 1.0382 0.04 0.0197, 1.0335 0.042 0.0787, 1.0335 0.042 0.0197, 1.0294 0.0451 0.0787, 1.0294 0.0451 0.0197, 1.0263 0.0492 0.0787, 1.0263 0.0492 0.0197, 1.0243 0.054 0.0787, 1.0243 0.054 0.0197, 1.1614 0.0394 0.0787, 1.1614 0.0394 0.0197, 1.1614 0.0398 0.0787, 1.1614 0.0398 0.0197, 1.1709 0.0492 0.0787, 1.1709 0.0492 0.0197, 1.1811 0.0492 0.0787, 1.1811 0.0492 0.0197, 1.1811 0.1083 0.0787, 1.1709 0.1083 0.0787, 1.1811 0.1083 0.0197, 1.1709 0.1083 0.0197, 1.1614 0.1177 0.0787, 1.1614 0.1177 0.0197, 1.1614 0.1181 0.0787, 1.1614 0.1181 0.0197, -1.0236 0.0591 0.0787, -1.0236 0.0591 0.0197, -1.0243 0.054 0.0787, -1.0243 0.054 0.0197, -1.0263 0.0492 0.0787, -1.0263 0.0492 0.0197, -1.0294 0.0451 0.0787, -1.0294 0.0451 0.0197, -1.0335 0.042 0.0787, -1.0335 0.042 0.0197, -1.0382 0.04 0.0787, -1.0382 0.04 0.0197, -1.0433 0.0394 0.0787, -1.0433 0.0394 0.0197, -1.0236 0.0984 0.0787, -1.0236 0.0984 0.0197, -1.0433 0.1181 0.0787, -1.0433 0.1181 0.0197, -1.0382 0.1174 0.0787, -1.0382 0.1174 0.0197, -1.0335 0.1155 0.0787, -1.0335 0.1155 0.0197, -1.0294 0.1123 0.0787, -1.0294 0.1123 0.0197, -1.0263 0.1083 0.0787, -1.0263 0.1083 0.0197, -1.0243 0.1035 0.0787, -1.0243 0.1035 0.0197, -1.1614 0.1181 0.0787, -1.1614 0.1181 0.0197, -1.1614 0.1177 0.0787, -1.1614 0.1177 0.0197, -1.1709 0.1083 0.0787, -1.1709 0.1083 0.0197, -1.1811 0.1083 0.0787, -1.1811 0.1083 0.0197, -1.1811 0.0492 0.0787, -1.1709 0.0492 0.0787, -1.1811 0.0492 0.0197, -1.1709 0.0492 0.0197, -1.1614 0.0398 0.0787, -1.1614 0.0398 0.0197, -1.1614 0.0394 0.0787, -1.1614 0.0394 0.0197, 1.0236 0.2559 0.0787, 1.0236 0.2559 0.0197, 1.0243 0.261 0.0787, 1.0243 0.261 0.0197, 1.0263 0.2657 0.0787, 1.0263 0.2657 0.0197, 1.0294 0.2698 0.0787, 1.0294 0.2698 0.0197, 1.0335 0.273 0.0787, 1.0335 0.273 0.0197, 1.0382 0.2749 0.0787, 1.0382 0.2749 0.0197, 1.0433 0.2756 0.0787, 1.0433 0.2756 0.0197, 1.0236 0.2165 0.0787, 1.0236 0.2165 0.0197, 1.0433 0.1969 0.0787, 1.0433 0.1969 0.0197, 1.0382 0.1975 0.0787, 1.0382 0.1975 0.0197, 1.0335 0.1995 0.0787, 1.0335 0.1995 0.0197, 1.0294 0.2026 0.0787, 1.0294 0.2026 0.0197, 1.0263 0.2067 0.0787, 1.0263 0.2067 0.0197, 1.0243 0.2114 0.0787, 1.0243 0.2114 0.0197, 1.1614 0.1969 0.0787, 1.1614 0.1969 0.0197, 1.1614 0.1972 0.0787, 1.1614 0.1972 0.0197, 1.1709 0.2067 0.0787, 1.1709 0.2067 0.0197, 1.1811 0.2067 0.0787, 1.1811 0.2067 0.0197, 1.1811 0.2657 0.0787, 1.1709 0.2657 0.0787, 1.1811 0.2657 0.0197, 1.1709 0.2657 0.0197, 1.1614 0.2752 0.0787, 1.1614 0.2752 0.0197, 1.1614 0.2756 0.0787, 1.1614 0.2756 0.0197, -1.0236 0.2165 0.0787, -1.0236 0.2165 0.0197, -1.0243 0.2114 0.0787, -1.0243 0.2114 0.0197, -1.0263 0.2067 0.0787, -1.0263 0.2067 0.0197, -1.0294 0.2026 0.0787, -1.0294 0.2026 0.0197, -1.0335 0.1995 0.0787, -1.0335 0.1995 0.0197, -1.0382 0.1975 0.0787, -1.0382 0.1975 0.0197, -1.0433 0.1969 0.0787, -1.0433 0.1969 0.0197, -1.0236 0.2559 0.0787, -1.0236 0.2559 0.0197, -1.0433 0.2756 0.0787, -1.0433 0.2756 0.0197, -1.0382 0.2749 0.0787, -1.0382 0.2749 0.0197, -1.0335 0.273 0.0787, -1.0335 0.273 0.0197, -1.0294 0.2698 0.0787, -1.0294 0.2698 0.0197, -1.0263 0.2657 0.0787, -1.0263 0.2657 0.0197, -1.0243 0.261 0.0787, -1.0243 0.261 0.0197, -1.1614 0.2756 0.0787, -1.1614 0.2756 0.0197, -1.1614 0.2752 0.0787, -1.1614 0.2752 0.0197, -1.1709 0.2657 0.0787, -1.1709 0.2657 0.0197, -1.1811 0.2657 0.0787, -1.1811 0.2657 0.0197, -1.1811 0.2067 0.0787, -1.1709 0.2067 0.0787, -1.1811 0.2067 0.0197, -1.1709 0.2067 0.0197, -1.1614 0.1972 0.0787, -1.1614 0.1972 0.0197, -1.1614 0.1969 0.0787, -1.1614 0.1969 0.0197, 1.0236 0.4134 0.0787, 1.0236 0.4134 0.0197, 1.0243 0.4185 0.0787, 1.0243 0.4185 0.0197, 1.0263 0.4232 0.0787, 1.0263 0.4232 0.0197, 1.0294 0.4273 0.0787, 1.0294 0.4273 0.0197, 1.0335 0.4304 0.0787, 1.0335 0.4304 0.0197, 1.0382 0.4324 0.0787, 1.0382 0.4324 0.0197, 1.0433 0.4331 0.0787, 1.0433 0.4331 0.0197, 1.0236 0.374 0.0787, 1.0236 0.374 0.0197, 1.0433 0.3543 0.0787, 1.0433 0.3543 0.0197, 1.0382 0.355 0.0787, 1.0382 0.355 0.0197, 1.0335 0.357 0.0787, 1.0335 0.357 0.0197, 1.0294 0.3601 0.0787, 1.0294 0.3601 0.0197, 1.0263 0.3642 0.0787, 1.0263 0.3642 0.0197, 1.0243 0.3689 0.0787, 1.0243 0.3689 0.0197, 1.1614 0.3543 0.0787, 1.1614 0.3543 0.0197, 1.1614 0.3547 0.0787, 1.1614 0.3547 0.0197, 1.1709 0.3642 0.0787, 1.1709 0.3642 0.0197, 1.1811 0.3642 0.0787, 1.1811 0.3642 0.0197, 1.1811 0.4232 0.0787, 1.1709 0.4232 0.0787, 1.1811 0.4232 0.0197, 1.1709 0.4232 0.0197, 1.1614 0.4327 0.0787, 1.1614 0.4327 0.0197, 1.1614 0.4331 0.0787, 1.1614 0.4331 0.0197, -1.0236 0.374 0.0787, -1.0236 0.374 0.0197, -1.0243 0.3689 0.0787, -1.0243 0.3689 0.0197, -1.0263 0.3642 0.0787, -1.0263 0.3642 0.0197, -1.0294 0.3601 0.0787, -1.0294 0.3601 0.0197, -1.0335 0.357 0.0787, -1.0335 0.357 0.0197, -1.0382 0.355 0.0787, -1.0382 0.355 0.0197, -1.0433 0.3543 0.0787, -1.0433 0.3543 0.0197, -1.0236 0.4134 0.0787, -1.0236 0.4134 0.0197, -1.0433 0.4331 0.0787, -1.0433 0.4331 0.0197, -1.0382 0.4324 0.0787, -1.0382 0.4324 0.0197, -1.0335 0.4304 0.0787, -1.0335 0.4304 0.0197, -1.0294 0.4273 0.0787, -1.0294 0.4273 0.0197, -1.0263 0.4232 0.0787, -1.0263 0.4232 0.0197, -1.0243 0.4185 0.0787, -1.0243 0.4185 0.0197, -1.1614 0.4331 0.0787, -1.1614 0.4331 0.0197, -1.1614 0.4327 0.0787, -1.1614 0.4327 0.0197, -1.1709 0.4232 0.0787, -1.1709 0.4232 0.0197, -1.1811 0.4232 0.0787, -1.1811 0.4232 0.0197, -1.1811 0.3642 0.0787, -1.1709 0.3642 0.0787, -1.1811 0.3642 0.0197, -1.1709 0.3642 0.0197, -1.1614 0.3547 0.0787, -1.1614 0.3547 0.0197, -1.1614 0.3543 0.0787, -1.1614 0.3543 0.0197, 1.0236 0.5709 0.0787, 1.0236 0.5709 0.0197, 1.0243 0.576 0.0787, 1.0243 0.576 0.0197, 1.0263 0.5807 0.0787, 1.0263 0.5807 0.0197, 1.0294 0.5848 0.0787, 1.0294 0.5848 0.0197, 1.0335 0.5879 0.0787, 1.0335 0.5879 0.0197, 1.0382 0.5899 0.0787, 1.0382 0.5899 0.0197, 1.0433 0.5906 0.0787, 1.0433 0.5906 0.0197, 1.0236 0.5315 0.0787, 1.0236 0.5315 0.0197, 1.0433 0.5118 0.0787, 1.0433 0.5118 0.0197, 1.0382 0.5125 0.0787, 1.0382 0.5125 0.0197, 1.0335 0.5144 0.0787, 1.0335 0.5144 0.0197, 1.0294 0.5176 0.0787, 1.0294 0.5176 0.0197, 1.0263 0.5217 0.0787, 1.0263 0.5217 0.0197, 1.0243 0.5264 0.0787, 1.0243 0.5264 0.0197, 1.1614 0.5118 0.0787, 1.1614 0.5118 0.0197, 1.1614 0.5122 0.0787, 1.1614 0.5122 0.0197, 1.1709 0.5217 0.0787, 1.1709 0.5217 0.0197, 1.1811 0.5217 0.0787, 1.1811 0.5217 0.0197, 1.1811 0.5807 0.0787, 1.1709 0.5807 0.0787, 1.1811 0.5807 0.0197, 1.1709 0.5807 0.0197, 1.1614 0.5902 0.0787, 1.1614 0.5902 0.0197, 1.1614 0.5906 0.0787, 1.1614 0.5906 0.0197, -1.0236 0.5315 0.0787, -1.0236 0.5315 0.0197, -1.0243 0.5264 0.0787, -1.0243 0.5264 0.0197, -1.0263 0.5217 0.0787, -1.0263 0.5217 0.0197, -1.0294 0.5176 0.0787, -1.0294 0.5176 0.0197, -1.0335 0.5144 0.0787, -1.0335 0.5144 0.0197, -1.0382 0.5125 0.0787, -1.0382 0.5125 0.0197, -1.0433 0.5118 0.0787, -1.0433 0.5118 0.0197, -1.0236 0.5709 0.0787, -1.0236 0.5709 0.0197, -1.0433 0.5906 0.0787, -1.0433 0.5906 0.0197, -1.0382 0.5899 0.0787, -1.0382 0.5899 0.0197, -1.0335 0.5879 0.0787, -1.0335 0.5879 0.0197, -1.0294 0.5848 0.0787, -1.0294 0.5848 0.0197, -1.0263 0.5807 0.0787, -1.0263 0.5807 0.0197, -1.0243 0.576 0.0787, -1.0243 0.576 0.0197, -1.1614 0.5906 0.0787, -1.1614 0.5906 0.0197, -1.1614 0.5902 0.0787, -1.1614 0.5902 0.0197, -1.1709 0.5807 0.0787, -1.1709 0.5807 0.0197, -1.1811 0.5807 0.0787, -1.1811 0.5807 0.0197, -1.1811 0.5217 0.0787, -1.1709 0.5217 0.0787, -1.1811 0.5217 0.0197, -1.1709 0.5217 0.0197, -1.1614 0.5122 0.0787, -1.1614 0.5122 0.0197, -1.1614 0.5118 0.0787, -1.1614 0.5118 0.0197, 0.8957 -0.7874 0.0787, 0.8957 -0.7772 0.0787, 0.8957 -0.7874 0.0197, 0.8957 -0.7772 0.0197, 0.9051 -0.7677 0.0787, 0.9051 -0.7677 0.0197, 0.9055 -0.7677 0.0787, 0.9055 -0.7677 0.0197, 0.9055 -0.6496 0.0787, 0.9055 -0.6496 0.0197, 0.8858 -0.6299 0.0787, 0.8858 -0.6299 0.0197, 0.8909 -0.6306 0.0787, 0.8909 -0.6306 0.0197, 0.8957 -0.6326 0.0787, 0.8957 -0.6326 0.0197, 0.8997 -0.6357 0.0787, 0.8997 -0.6357 0.0197, 0.9029 -0.6398 0.0787, 0.9029 -0.6398 0.0197, 0.9048 -0.6445 0.0787, 0.9048 -0.6445 0.0197, 0.8465 -0.6299 0.0787, 0.8465 -0.6299 0.0197, 0.8268 -0.6496 0.0787, 0.8268 -0.6496 0.0197, 0.8274 -0.6445 0.0787, 0.8274 -0.6445 0.0197, 0.8294 -0.6398 0.0787, 0.8294 -0.6398 0.0197, 0.8325 -0.6357 0.0787, 0.8325 -0.6357 0.0197, 0.8366 -0.6326 0.0787, 0.8366 -0.6326 0.0197, 0.8414 -0.6306 0.0787, 0.8414 -0.6306 0.0197, 0.8268 -0.7677 0.0787, 0.8268 -0.7677 0.0197, 0.8272 -0.7677 0.0787, 0.8272 -0.7677 0.0197, 0.8366 -0.7772 0.0787, 0.8366 -0.7772 0.0197, 0.8366 -0.7874 0.0787, 0.8366 -0.7874 0.0197, 0.8366 0.7772 0.0787, 0.8272 0.7677 0.0787, 0.8366 0.7772 0.0197, 0.8272 0.7677 0.0197, 0.8268 0.7677 0.0787, 0.8268 0.7677 0.0197, 0.8268 0.6496 0.0787, 0.8268 0.6496 0.0197, 0.8465 0.6299 0.0787, 0.8465 0.6299 0.0197, 0.8414 0.6306 0.0787, 0.8414 0.6306 0.0197, 0.8366 0.6326 0.0787, 0.8366 0.6326 0.0197, 0.8325 0.6357 0.0787, 0.8325 0.6357 0.0197, 0.8294 0.6398 0.0787, 0.8294 0.6398 0.0197, 0.8274 0.6445 0.0787, 0.8274 0.6445 0.0197, 0.8858 0.6299 0.0787, 0.8858 0.6299 0.0197, 0.9055 0.6496 0.0787, 0.9055 0.6496 0.0197, 0.9048 0.6445 0.0787, 0.9048 0.6445 0.0197, 0.9029 0.6398 0.0787, 0.9029 0.6398 0.0197, 0.8997 0.6357 0.0787, 0.8997 0.6357 0.0197, 0.8957 0.6326 0.0787, 0.8957 0.6326 0.0197, 0.8909 0.6306 0.0787, 0.8909 0.6306 0.0197, 0.9055 0.7677 0.0787, 0.9055 0.7677 0.0197, 0.9051 0.7677 0.0787, 0.9051 0.7677 0.0197, 0.8957 0.7772 0.0787, 0.8957 0.7772 0.0197, 0.8957 0.7874 0.0787, 0.8957 0.7874 0.0197, 0.8366 0.7874 0.0787, 0.8366 0.7874 0.0197, 0.7382 -0.7874 0.0787, 0.7382 -0.7772 0.0787, 0.7382 -0.7874 0.0197, 0.7382 -0.7772 0.0197, 0.7476 -0.7677 0.0787, 0.7476 -0.7677 0.0197, 0.748 -0.7677 0.0787, 0.748 -0.7677 0.0197, 0.748 -0.6496 0.0787, 0.748 -0.6496 0.0197, 0.7283 -0.6299 0.0787, 0.7283 -0.6299 0.0197, 0.7334 -0.6306 0.0787, 0.7334 -0.6306 0.0197, 0.7382 -0.6326 0.0787, 0.7382 -0.6326 0.0197, 0.7423 -0.6357 0.0787, 0.7423 -0.6357 0.0197, 0.7454 -0.6398 0.0787, 0.7454 -0.6398 0.0197, 0.7474 -0.6445 0.0787, 0.7474 -0.6445 0.0197, 0.689 -0.6299 0.0787, 0.689 -0.6299 0.0197, 0.6693 -0.6496 0.0787, 0.6693 -0.6496 0.0197, 0.67 -0.6445 0.0787, 0.67 -0.6445 0.0197, 0.6719 -0.6398 0.0787, 0.6719 -0.6398 0.0197, 0.6751 -0.6357 0.0787, 0.6751 -0.6357 0.0197, 0.6791 -0.6326 0.0787, 0.6791 -0.6326 0.0197, 0.6839 -0.6306 0.0787, 0.6839 -0.6306 0.0197, 0.6693 -0.7677 0.0787, 0.6693 -0.7677 0.0197, 0.6697 -0.7677 0.0787, 0.6697 -0.7677 0.0197, 0.6791 -0.7772 0.0787, 0.6791 -0.7772 0.0197, 0.6791 -0.7874 0.0787, 0.6791 -0.7874 0.0197, 0.6791 0.7772 0.0787, 0.6697 0.7677 0.0787, 0.6791 0.7772 0.0197, 0.6697 0.7677 0.0197, 0.6693 0.7677 0.0787, 0.6693 0.7677 0.0197, 0.6693 0.6496 0.0787, 0.6693 0.6496 0.0197, 0.689 0.6299 0.0787, 0.689 0.6299 0.0197, 0.6839 0.6306 0.0787, 0.6839 0.6306 0.0197, 0.6791 0.6326 0.0787, 0.6791 0.6326 0.0197, 0.6751 0.6357 0.0787, 0.6751 0.6357 0.0197, 0.6719 0.6398 0.0787, 0.6719 0.6398 0.0197, 0.67 0.6445 0.0787, 0.67 0.6445 0.0197, 0.7283 0.6299 0.0787, 0.7283 0.6299 0.0197, 0.748 0.6496 0.0787, 0.748 0.6496 0.0197, 0.7474 0.6445 0.0787, 0.7474 0.6445 0.0197, 0.7454 0.6398 0.0787, 0.7454 0.6398 0.0197, 0.7423 0.6357 0.0787, 0.7423 0.6357 0.0197, 0.7382 0.6326 0.0787, 0.7382 0.6326 0.0197, 0.7334 0.6306 0.0787, 0.7334 0.6306 0.0197, 0.748 0.7677 0.0787, 0.748 0.7677 0.0197, 0.7476 0.7677 0.0787, 0.7476 0.7677 0.0197, 0.7382 0.7772 0.0787, 0.7382 0.7772 0.0197, 0.7382 0.7874 0.0787, 0.7382 0.7874 0.0197, 0.6791 0.7874 0.0787, 0.6791 0.7874 0.0197, 0.5807 -0.7874 0.0787, 0.5807 -0.7772 0.0787, 0.5807 -0.7874 0.0197, 0.5807 -0.7772 0.0197, 0.5902 -0.7677 0.0787, 0.5902 -0.7677 0.0197, 0.5906 -0.7677 0.0787, 0.5906 -0.7677 0.0197, 0.5906 -0.6496 0.0787, 0.5906 -0.6496 0.0197, 0.5709 -0.6299 0.0787, 0.5709 -0.6299 0.0197, 0.576 -0.6306 0.0787, 0.576 -0.6306 0.0197, 0.5807 -0.6326 0.0787, 0.5807 -0.6326 0.0197, 0.5848 -0.6357 0.0787, 0.5848 -0.6357 0.0197, 0.5879 -0.6398 0.0787, 0.5879 -0.6398 0.0197, 0.5899 -0.6445 0.0787, 0.5899 -0.6445 0.0197, 0.5315 -0.6299 0.0787, 0.5315 -0.6299 0.0197, 0.5118 -0.6496 0.0787, 0.5118 -0.6496 0.0197, 0.5125 -0.6445 0.0787, 0.5125 -0.6445 0.0197, 0.5144 -0.6398 0.0787, 0.5144 -0.6398 0.0197, 0.5176 -0.6357 0.0787, 0.5176 -0.6357 0.0197, 0.5217 -0.6326 0.0787, 0.5217 -0.6326 0.0197, 0.5264 -0.6306 0.0787, 0.5264 -0.6306 0.0197, 0.5118 -0.7677 0.0787, 0.5118 -0.7677 0.0197, 0.5122 -0.7677 0.0787, 0.5122 -0.7677 0.0197, 0.5217 -0.7772 0.0787, 0.5217 -0.7772 0.0197, 0.5217 -0.7874 0.0787, 0.5217 -0.7874 0.0197, 0.5217 0.7772 0.0787, 0.5122 0.7677 0.0787, 0.5217 0.7772 0.0197, 0.5122 0.7677 0.0197, 0.5118 0.7677 0.0787, 0.5118 0.7677 0.0197, 0.5118 0.6496 0.0787, 0.5118 0.6496 0.0197, 0.5315 0.6299 0.0787, 0.5315 0.6299 0.0197, 0.5264 0.6306 0.0787, 0.5264 0.6306 0.0197, 0.5217 0.6326 0.0787, 0.5217 0.6326 0.0197, 0.5176 0.6357 0.0787, 0.5176 0.6357 0.0197, 0.5144 0.6398 0.0787, 0.5144 0.6398 0.0197, 0.5125 0.6445 0.0787, 0.5125 0.6445 0.0197, 0.5709 0.6299 0.0787, 0.5709 0.6299 0.0197, 0.5906 0.6496 0.0787, 0.5906 0.6496 0.0197, 0.5899 0.6445 0.0787, 0.5899 0.6445 0.0197, 0.5879 0.6398 0.0787, 0.5879 0.6398 0.0197, 0.5848 0.6357 0.0787, 0.5848 0.6357 0.0197, 0.5807 0.6326 0.0787, 0.5807 0.6326 0.0197, 0.576 0.6306 0.0787, 0.576 0.6306 0.0197, 0.5906 0.7677 0.0787, 0.5906 0.7677 0.0197, 0.5902 0.7677 0.0787, 0.5902 0.7677 0.0197, 0.5807 0.7772 0.0787, 0.5807 0.7772 0.0197, 0.5807 0.7874 0.0787, 0.5807 0.7874 0.0197, 0.5217 0.7874 0.0787, 0.5217 0.7874 0.0197, 0.4232 -0.7874 0.0787, 0.4232 -0.7772 0.0787, 0.4232 -0.7874 0.0197, 0.4232 -0.7772 0.0197, 0.4327 -0.7677 0.0787, 0.4327 -0.7677 0.0197, 0.4331 -0.7677 0.0787, 0.4331 -0.7677 0.0197, 0.4331 -0.6496 0.0787, 0.4331 -0.6496 0.0197, 0.4134 -0.6299 0.0787, 0.4134 -0.6299 0.0197, 0.4185 -0.6306 0.0787, 0.4185 -0.6306 0.0197, 0.4232 -0.6326 0.0787, 0.4232 -0.6326 0.0197, 0.4273 -0.6357 0.0787, 0.4273 -0.6357 0.0197, 0.4304 -0.6398 0.0787, 0.4304 -0.6398 0.0197, 0.4324 -0.6445 0.0787, 0.4324 -0.6445 0.0197, 0.374 -0.6299 0.0787, 0.374 -0.6299 0.0197, 0.3543 -0.6496 0.0787, 0.3543 -0.6496 0.0197, 0.355 -0.6445 0.0787, 0.355 -0.6445 0.0197, 0.357 -0.6398 0.0787, 0.357 -0.6398 0.0197, 0.3601 -0.6357 0.0787, 0.3601 -0.6357 0.0197, 0.3642 -0.6326 0.0787, 0.3642 -0.6326 0.0197, 0.3689 -0.6306 0.0787, 0.3689 -0.6306 0.0197, 0.3543 -0.7677 0.0787, 0.3543 -0.7677 0.0197, 0.3547 -0.7677 0.0787, 0.3547 -0.7677 0.0197, 0.3642 -0.7772 0.0787, 0.3642 -0.7772 0.0197, 0.3642 -0.7874 0.0787, 0.3642 -0.7874 0.0197, 0.3642 0.7772 0.0787, 0.3547 0.7677 0.0787, 0.3642 0.7772 0.0197, 0.3547 0.7677 0.0197, 0.3543 0.7677 0.0787, 0.3543 0.7677 0.0197, 0.3543 0.6496 0.0787, 0.3543 0.6496 0.0197, 0.374 0.6299 0.0787, 0.374 0.6299 0.0197, 0.3689 0.6306 0.0787, 0.3689 0.6306 0.0197, 0.3642 0.6326 0.0787, 0.3642 0.6326 0.0197, 0.3601 0.6357 0.0787, 0.3601 0.6357 0.0197, 0.357 0.6398 0.0787, 0.357 0.6398 0.0197, 0.355 0.6445 0.0787, 0.355 0.6445 0.0197, 0.4134 0.6299 0.0787, 0.4134 0.6299 0.0197, 0.4331 0.6496 0.0787, 0.4331 0.6496 0.0197, 0.4324 0.6445 0.0787, 0.4324 0.6445 0.0197, 0.4304 0.6398 0.0787, 0.4304 0.6398 0.0197, 0.4273 0.6357 0.0787, 0.4273 0.6357 0.0197, 0.4232 0.6326 0.0787, 0.4232 0.6326 0.0197, 0.4185 0.6306 0.0787, 0.4185 0.6306 0.0197, 0.4331 0.7677 0.0787, 0.4331 0.7677 0.0197, 0.4327 0.7677 0.0787, 0.4327 0.7677 0.0197, 0.4232 0.7772 0.0787, 0.4232 0.7772 0.0197, 0.4232 0.7874 0.0787, 0.4232 0.7874 0.0197, 0.3642 0.7874 0.0787, 0.3642 0.7874 0.0197
            ]
        }
        coordIndex [
            0,1,2,-1,2,1,3,-1,2,3,4,-1,5,6,7,-1,8,9,1,-1,1,9,10,-1,1,10,3,-1,5,7,3,-1,3,7,11,-1,3,11,12,-1,8,13,9,-1,9,13,14,-1,9,14,15,-1,15,14,16,-1,17,18,19,-1,19,18,20,-1,12,21,3,-1,3,21,22,-1,3,22,4,-1,4,22,23,-1,4,23,24,-1,24,23,18,-1,24,18,25,-1,25,18,17,-1,26,27,28,-1,28,27,29,-1,28,29,30,-1,30,29,31,-1,30,31,32,-1,32,31,33,-1,32,33,34,-1,34,33,35,-1,34,35,36,-1,36,35,37,-1,36,37,38,-1,38,37,39,-1,26,40,27,-1,27,40,41,-1,42,43,44,-1,44,43,45,-1,44,45,46,-1,46,45,47,-1,46,47,48,-1,48,47,49,-1,48,49,50,-1,50,49,51,-1,50,51,52,-1,52,51,53,-1,52,53,40,-1,40,53,41,-1,42,54,43,-1,43,54,55,-1,54,56,55,-1,55,56,57,-1,56,58,57,-1,57,58,59,-1,58,60,59,-1,59,60,61,-1,62,63,64,-1,64,63,65,-1,63,66,65,-1,65,66,67,-1,66,68,67,-1,67,68,69,-1,68,38,69,-1,69,38,39,-1,38,68,66,-1,58,56,40,-1,62,60,63,-1,63,60,58,-1,63,58,66,-1,66,58,40,-1,66,40,38,-1,34,28,32,-1,32,28,30,-1,40,26,38,-1,38,26,28,-1,38,28,36,-1,36,28,34,-1,56,54,40,-1,40,54,42,-1,40,42,52,-1,52,42,44,-1,44,46,52,-1,52,46,48,-1,52,48,50,-1,70,71,72,-1,72,71,73,-1,72,73,74,-1,74,73,75,-1,74,75,76,-1,76,75,77,-1,76,77,78,-1,78,77,79,-1,78,79,80,-1,80,79,81,-1,80,81,82,-1,82,81,83,-1,70,84,71,-1,71,84,85,-1,86,87,88,-1,88,87,89,-1,88,89,90,-1,90,89,91,-1,90,91,92,-1,92,91,93,-1,92,93,94,-1,94,93,95,-1,94,95,96,-1,96,95,97,-1,96,97,84,-1,84,97,85,-1,86,98,87,-1,87,98,99,-1,98,100,99,-1,99,100,101,-1,100,102,101,-1,101,102,103,-1,102,104,103,-1,103,104,105,-1,106,107,108,-1,108,107,109,-1,107,110,109,-1,109,110,111,-1,110,112,111,-1,111,112,113,-1,112,82,113,-1,113,82,83,-1,82,112,110,-1,107,106,104,-1,100,98,84,-1,84,98,86,-1,84,86,96,-1,104,102,107,-1,107,102,100,-1,107,100,110,-1,110,100,84,-1,110,84,82,-1,78,72,76,-1,76,72,74,-1,84,70,82,-1,82,70,72,-1,82,72,80,-1,80,72,78,-1,86,88,96,-1,96,88,90,-1,96,90,94,-1,94,90,92,-1,114,115,116,-1,116,115,117,-1,116,117,118,-1,118,117,119,-1,118,119,120,-1,120,119,121,-1,120,121,122,-1,122,121,123,-1,122,123,124,-1,124,123,125,-1,124,125,126,-1,126,125,127,-1,114,128,115,-1,115,128,129,-1,130,131,132,-1,132,131,133,-1,132,133,134,-1,134,133,135,-1,134,135,136,-1,136,135,137,-1,136,137,138,-1,138,137,139,-1,138,139,140,-1,140,139,141,-1,140,141,128,-1,128,141,129,-1,130,142,131,-1,131,142,143,-1,142,144,143,-1,143,144,145,-1,144,146,145,-1,145,146,147,-1,146,148,147,-1,147,148,149,-1,150,151,152,-1,152,151,153,-1,151,154,153,-1,153,154,155,-1,154,156,155,-1,155,156,157,-1,156,126,157,-1,157,126,127,-1,126,156,154,-1,146,144,128,-1,150,148,151,-1,151,148,146,-1,151,146,154,-1,154,146,128,-1,154,128,126,-1,128,114,126,-1,126,114,116,-1,126,116,118,-1,118,120,126,-1,126,120,122,-1,126,122,124,-1,144,142,128,-1,128,142,130,-1,128,130,140,-1,140,130,132,-1,132,134,140,-1,140,134,136,-1,140,136,138,-1,158,159,160,-1,160,159,161,-1,160,161,162,-1,162,161,163,-1,162,163,164,-1,164,163,165,-1,164,165,166,-1,166,165,167,-1,166,167,168,-1,168,167,169,-1,168,169,170,-1,170,169,171,-1,158,172,159,-1,159,172,173,-1,174,175,176,-1,176,175,177,-1,176,177,178,-1,178,177,179,-1,178,179,180,-1,180,179,181,-1,180,181,182,-1,182,181,183,-1,182,183,184,-1,184,183,185,-1,184,185,172,-1,172,185,173,-1,174,186,175,-1,175,186,187,-1,186,188,187,-1,187,188,189,-1,188,190,189,-1,189,190,191,-1,190,192,191,-1,191,192,193,-1,194,195,196,-1,196,195,197,-1,195,198,197,-1,197,198,199,-1,198,200,199,-1,199,200,201,-1,200,170,201,-1,201,170,171,-1,170,200,198,-1,195,194,192,-1,192,190,195,-1,195,190,188,-1,195,188,198,-1,198,188,172,-1,198,172,170,-1,166,160,164,-1,164,160,162,-1,172,158,170,-1,170,158,160,-1,170,160,168,-1,168,160,166,-1,188,186,172,-1,172,186,174,-1,172,174,184,-1,184,174,176,-1,176,178,184,-1,184,178,180,-1,184,180,182,-1,202,203,204,-1,204,203,205,-1,204,205,206,-1,206,205,207,-1,206,207,208,-1,208,207,209,-1,208,209,210,-1,210,209,211,-1,210,211,212,-1,212,211,213,-1,212,213,214,-1,214,213,215,-1,202,216,203,-1,203,216,217,-1,218,219,220,-1,220,219,221,-1,220,221,222,-1,222,221,223,-1,222,223,224,-1,224,223,225,-1,224,225,226,-1,226,225,227,-1,226,227,228,-1,228,227,229,-1,228,229,216,-1,216,229,217,-1,218,230,219,-1,219,230,231,-1,230,232,231,-1,231,232,233,-1,232,234,233,-1,233,234,235,-1,234,236,235,-1,235,236,237,-1,238,239,240,-1,240,239,241,-1,239,242,241,-1,241,242,243,-1,242,244,243,-1,243,244,245,-1,244,214,245,-1,245,214,215,-1,214,244,242,-1,234,232,216,-1,232,230,216,-1,216,230,218,-1,216,218,228,-1,238,236,239,-1,239,236,234,-1,239,234,242,-1,242,234,216,-1,242,216,214,-1,220,222,224,-1,216,202,214,-1,214,202,204,-1,214,204,206,-1,206,208,214,-1,214,208,210,-1,214,210,212,-1,220,224,218,-1,218,224,226,-1,218,226,228,-1,246,247,248,-1,248,247,249,-1,248,249,250,-1,250,249,251,-1,250,251,252,-1,252,251,253,-1,252,253,254,-1,254,253,255,-1,254,255,256,-1,256,255,257,-1,256,257,258,-1,258,257,259,-1,246,260,247,-1,247,260,261,-1,262,263,264,-1,264,263,265,-1,264,265,266,-1,266,265,267,-1,266,267,268,-1,268,267,269,-1,268,269,270,-1,270,269,271,-1,270,271,272,-1,272,271,273,-1,272,273,260,-1,260,273,261,-1,262,274,263,-1,263,274,275,-1,274,276,275,-1,275,276,277,-1,276,278,277,-1,277,278,279,-1,278,280,279,-1,279,280,281,-1,282,283,284,-1,284,283,285,-1,283,286,285,-1,285,286,287,-1,286,288,287,-1,287,288,289,-1,288,258,289,-1,289,258,259,-1,258,288,286,-1,283,282,280,-1,280,278,283,-1,283,278,276,-1,283,276,286,-1,286,276,260,-1,286,260,258,-1,254,248,252,-1,252,248,250,-1,260,246,258,-1,258,246,248,-1,258,248,256,-1,256,248,254,-1,276,274,260,-1,260,274,262,-1,260,262,272,-1,272,262,264,-1,264,266,272,-1,272,266,268,-1,272,268,270,-1,290,291,292,-1,292,291,293,-1,292,293,294,-1,294,293,295,-1,294,295,296,-1,296,295,297,-1,296,297,298,-1,298,297,299,-1,298,299,300,-1,300,299,301,-1,300,301,302,-1,302,301,303,-1,290,304,291,-1,291,304,305,-1,306,307,308,-1,308,307,309,-1,308,309,310,-1,310,309,311,-1,310,311,312,-1,312,311,313,-1,312,313,314,-1,314,313,315,-1,314,315,316,-1,316,315,317,-1,316,317,304,-1,304,317,305,-1,306,318,307,-1,307,318,319,-1,318,320,319,-1,319,320,321,-1,320,322,321,-1,321,322,323,-1,322,324,323,-1,323,324,325,-1,326,327,328,-1,328,327,329,-1,327,330,329,-1,329,330,331,-1,330,332,331,-1,331,332,333,-1,332,302,333,-1,333,302,303,-1,302,332,330,-1,322,320,304,-1,326,324,327,-1,327,324,322,-1,327,322,330,-1,330,322,304,-1,330,304,302,-1,298,292,296,-1,296,292,294,-1,304,290,302,-1,302,290,292,-1,302,292,300,-1,300,292,298,-1,320,318,304,-1,304,318,306,-1,304,306,316,-1,316,306,308,-1,308,310,316,-1,316,310,312,-1,316,312,314,-1,334,335,336,-1,336,335,337,-1,336,337,338,-1,338,337,339,-1,338,339,340,-1,340,339,341,-1,340,341,342,-1,342,341,343,-1,342,343,344,-1,344,343,345,-1,344,345,346,-1,346,345,347,-1,334,348,335,-1,335,348,349,-1,350,351,352,-1,352,351,353,-1,352,353,354,-1,354,353,355,-1,354,355,356,-1,356,355,357,-1,356,357,358,-1,358,357,359,-1,358,359,360,-1,360,359,361,-1,360,361,348,-1,348,361,349,-1,350,362,351,-1,351,362,363,-1,362,364,363,-1,363,364,365,-1,364,366,365,-1,365,366,367,-1,366,368,367,-1,367,368,369,-1,370,371,372,-1,372,371,373,-1,371,374,373,-1,373,374,375,-1,374,376,375,-1,375,376,377,-1,376,346,377,-1,377,346,347,-1,346,376,374,-1,371,370,368,-1,368,366,371,-1,371,366,364,-1,371,364,374,-1,374,364,348,-1,374,348,346,-1,342,336,340,-1,340,336,338,-1,348,334,346,-1,346,334,336,-1,346,336,344,-1,344,336,342,-1,364,362,348,-1,348,362,350,-1,348,350,360,-1,360,350,352,-1,352,354,360,-1,360,354,356,-1,360,356,358,-1,378,379,380,-1,380,379,381,-1,379,382,381,-1,381,382,383,-1,382,384,383,-1,383,384,385,-1,386,387,388,-1,388,387,389,-1,388,389,390,-1,390,389,391,-1,390,391,392,-1,392,391,393,-1,392,393,394,-1,394,393,395,-1,394,395,396,-1,396,395,397,-1,396,397,384,-1,384,397,385,-1,386,398,387,-1,387,398,399,-1,400,401,402,-1,402,401,403,-1,402,403,404,-1,404,403,405,-1,404,405,406,-1,406,405,407,-1,406,407,408,-1,408,407,409,-1,408,409,410,-1,410,409,411,-1,410,411,398,-1,398,411,399,-1,400,412,401,-1,401,412,413,-1,412,414,413,-1,413,414,415,-1,414,416,415,-1,415,416,417,-1,416,418,417,-1,417,418,419,-1,420,378,421,-1,421,378,380,-1,398,386,414,-1,384,382,379,-1,378,420,418,-1,418,416,378,-1,378,416,414,-1,378,414,379,-1,379,414,386,-1,379,386,384,-1,384,386,388,-1,384,388,390,-1,414,412,398,-1,398,412,400,-1,398,400,410,-1,410,400,408,-1,390,392,384,-1,384,392,394,-1,384,394,396,-1,402,404,400,-1,400,404,406,-1,400,406,408,-1,422,423,424,-1,424,423,425,-1,423,426,425,-1,425,426,427,-1,426,428,427,-1,427,428,429,-1,428,430,429,-1,429,430,431,-1,432,433,434,-1,434,433,435,-1,434,435,436,-1,436,435,437,-1,436,437,438,-1,438,437,439,-1,438,439,440,-1,440,439,441,-1,440,441,442,-1,442,441,443,-1,442,443,430,-1,430,443,431,-1,432,444,433,-1,433,444,445,-1,446,447,448,-1,448,447,449,-1,448,449,450,-1,450,449,451,-1,450,451,452,-1,452,451,453,-1,452,453,454,-1,454,453,455,-1,454,455,456,-1,456,455,457,-1,456,457,444,-1,444,457,445,-1,446,458,447,-1,447,458,459,-1,458,460,459,-1,459,460,461,-1,460,462,461,-1,461,462,463,-1,462,464,463,-1,463,464,465,-1,460,432,462,-1,462,432,434,-1,422,464,423,-1,423,464,462,-1,423,462,426,-1,426,462,434,-1,426,434,436,-1,428,426,430,-1,430,426,436,-1,430,436,442,-1,442,436,438,-1,442,438,440,-1,454,456,452,-1,452,456,444,-1,452,444,450,-1,460,458,432,-1,432,458,446,-1,432,446,444,-1,444,446,448,-1,444,448,450,-1,466,467,468,-1,468,467,469,-1,467,470,469,-1,469,470,471,-1,470,472,471,-1,471,472,473,-1,474,475,476,-1,476,475,477,-1,476,477,478,-1,478,477,479,-1,478,479,480,-1,480,479,481,-1,480,481,482,-1,482,481,483,-1,482,483,484,-1,484,483,485,-1,484,485,472,-1,472,485,473,-1,474,486,475,-1,475,486,487,-1,488,489,490,-1,490,489,491,-1,490,491,492,-1,492,491,493,-1,492,493,494,-1,494,493,495,-1,494,495,496,-1,496,495,497,-1,496,497,498,-1,498,497,499,-1,498,499,486,-1,486,499,487,-1,488,500,489,-1,489,500,501,-1,500,502,501,-1,501,502,503,-1,502,504,503,-1,503,504,505,-1,504,506,505,-1,505,506,507,-1,508,466,509,-1,509,466,468,-1,508,506,466,-1,466,506,504,-1,466,504,502,-1,470,467,472,-1,472,467,474,-1,502,496,466,-1,466,496,498,-1,466,498,467,-1,467,498,486,-1,467,486,474,-1,502,500,496,-1,496,500,488,-1,496,488,494,-1,494,488,490,-1,494,490,492,-1,480,474,478,-1,478,474,476,-1,480,482,474,-1,474,482,484,-1,474,484,472,-1,510,511,512,-1,512,511,513,-1,511,514,513,-1,513,514,515,-1,514,516,515,-1,515,516,517,-1,516,518,517,-1,517,518,519,-1,520,521,522,-1,522,521,523,-1,522,523,524,-1,524,523,525,-1,524,525,526,-1,526,525,527,-1,526,527,528,-1,528,527,529,-1,528,529,530,-1,530,529,531,-1,530,531,518,-1,518,531,519,-1,520,532,521,-1,521,532,533,-1,534,535,536,-1,536,535,537,-1,536,537,538,-1,538,537,539,-1,538,539,540,-1,540,539,541,-1,540,541,542,-1,542,541,543,-1,542,543,544,-1,544,543,545,-1,544,545,532,-1,532,545,533,-1,534,546,535,-1,535,546,547,-1,546,548,547,-1,547,548,549,-1,548,550,549,-1,549,550,551,-1,550,552,551,-1,551,552,553,-1,510,552,511,-1,511,552,550,-1,511,550,514,-1,524,514,522,-1,522,514,550,-1,522,550,520,-1,520,550,548,-1,520,548,532,-1,516,514,518,-1,518,514,524,-1,518,524,530,-1,530,524,526,-1,530,526,528,-1,536,538,534,-1,534,538,540,-1,534,540,542,-1,548,546,532,-1,532,546,534,-1,532,534,544,-1,544,534,542,-1,554,555,556,-1,556,555,557,-1,555,558,557,-1,557,558,559,-1,558,560,559,-1,559,560,561,-1,562,563,564,-1,564,563,565,-1,564,565,566,-1,566,565,567,-1,566,567,568,-1,568,567,569,-1,568,569,570,-1,570,569,571,-1,570,571,572,-1,572,571,573,-1,572,573,560,-1,560,573,561,-1,562,574,563,-1,563,574,575,-1,576,577,578,-1,578,577,579,-1,578,579,580,-1,580,579,581,-1,580,581,582,-1,582,581,583,-1,582,583,584,-1,584,583,585,-1,584,585,586,-1,586,585,587,-1,586,587,574,-1,574,587,575,-1,576,588,577,-1,577,588,589,-1,588,590,589,-1,589,590,591,-1,590,592,591,-1,591,592,593,-1,592,594,593,-1,593,594,595,-1,596,554,597,-1,597,554,556,-1,555,574,562,-1,596,594,554,-1,554,594,592,-1,554,592,590,-1,574,555,586,-1,586,555,554,-1,586,554,584,-1,584,554,590,-1,584,590,588,-1,564,566,562,-1,562,566,568,-1,562,568,570,-1,588,576,584,-1,584,576,578,-1,584,578,582,-1,582,578,580,-1,558,555,560,-1,560,555,562,-1,560,562,572,-1,572,562,570,-1,598,599,600,-1,600,599,601,-1,599,602,601,-1,601,602,603,-1,602,604,603,-1,603,604,605,-1,604,606,605,-1,605,606,607,-1,608,609,610,-1,610,609,611,-1,610,611,612,-1,612,611,613,-1,612,613,614,-1,614,613,615,-1,614,615,616,-1,616,615,617,-1,616,617,618,-1,618,617,619,-1,618,619,606,-1,606,619,607,-1,608,620,609,-1,609,620,621,-1,622,623,624,-1,624,623,625,-1,624,625,626,-1,626,625,627,-1,626,627,628,-1,628,627,629,-1,628,629,630,-1,630,629,631,-1,630,631,632,-1,632,631,633,-1,632,633,620,-1,620,633,621,-1,622,634,623,-1,623,634,635,-1,634,636,635,-1,635,636,637,-1,636,638,637,-1,637,638,639,-1,638,640,639,-1,639,640,641,-1,598,640,599,-1,599,640,638,-1,599,638,602,-1,612,602,610,-1,610,602,638,-1,610,638,608,-1,608,638,636,-1,608,636,620,-1,604,602,606,-1,606,602,612,-1,606,612,618,-1,618,612,614,-1,618,614,616,-1,624,626,622,-1,622,626,628,-1,622,628,630,-1,636,634,620,-1,620,634,622,-1,620,622,632,-1,632,622,630,-1,642,643,644,-1,644,643,645,-1,643,646,645,-1,645,646,647,-1,646,648,647,-1,647,648,649,-1,650,651,652,-1,652,651,653,-1,652,653,654,-1,654,653,655,-1,654,655,656,-1,656,655,657,-1,656,657,658,-1,658,657,659,-1,658,659,660,-1,660,659,661,-1,660,661,648,-1,648,661,649,-1,650,662,651,-1,651,662,663,-1,664,665,666,-1,666,665,667,-1,666,667,668,-1,668,667,669,-1,668,669,670,-1,670,669,671,-1,670,671,672,-1,672,671,673,-1,672,673,674,-1,674,673,675,-1,674,675,662,-1,662,675,663,-1,664,676,665,-1,665,676,677,-1,676,678,677,-1,677,678,679,-1,678,680,679,-1,679,680,681,-1,680,682,681,-1,681,682,683,-1,684,642,685,-1,685,642,644,-1,642,684,682,-1,643,662,650,-1,662,643,674,-1,674,643,642,-1,674,642,672,-1,682,680,642,-1,642,680,678,-1,642,678,672,-1,672,678,676,-1,672,676,664,-1,652,654,650,-1,650,654,656,-1,650,656,658,-1,664,666,672,-1,672,666,668,-1,672,668,670,-1,646,643,648,-1,648,643,650,-1,648,650,660,-1,660,650,658,-1,686,687,688,-1,688,687,689,-1,687,690,689,-1,689,690,691,-1,690,692,691,-1,691,692,693,-1,692,694,693,-1,693,694,695,-1,696,697,698,-1,698,697,699,-1,698,699,700,-1,700,699,701,-1,700,701,702,-1,702,701,703,-1,702,703,704,-1,704,703,705,-1,704,705,706,-1,706,705,707,-1,706,707,694,-1,694,707,695,-1,696,708,697,-1,697,708,709,-1,710,711,712,-1,712,711,713,-1,712,713,714,-1,714,713,715,-1,714,715,716,-1,716,715,717,-1,716,717,718,-1,718,717,719,-1,718,719,720,-1,720,719,721,-1,720,721,708,-1,708,721,709,-1,710,722,711,-1,711,722,723,-1,722,724,723,-1,723,724,725,-1,724,726,725,-1,725,726,727,-1,726,728,727,-1,727,728,729,-1,686,728,687,-1,687,728,726,-1,687,726,690,-1,692,690,694,-1,694,690,700,-1,700,690,698,-1,698,690,726,-1,698,726,696,-1,696,726,724,-1,696,724,708,-1,702,704,700,-1,700,704,706,-1,700,706,694,-1,712,714,710,-1,710,714,716,-1,710,716,718,-1,724,722,708,-1,708,722,710,-1,708,710,720,-1,720,710,718,-1,730,731,732,-1,732,731,733,-1,731,734,733,-1,733,734,735,-1,734,736,735,-1,735,736,737,-1,738,739,740,-1,740,739,741,-1,740,741,742,-1,742,741,743,-1,742,743,744,-1,744,743,745,-1,744,745,746,-1,746,745,747,-1,746,747,748,-1,748,747,749,-1,748,749,736,-1,736,749,737,-1,738,750,739,-1,739,750,751,-1,752,753,754,-1,754,753,755,-1,754,755,756,-1,756,755,757,-1,756,757,758,-1,758,757,759,-1,758,759,760,-1,760,759,761,-1,760,761,762,-1,762,761,763,-1,762,763,750,-1,750,763,751,-1,752,764,753,-1,753,764,765,-1,764,766,765,-1,765,766,767,-1,766,768,767,-1,767,768,769,-1,768,770,769,-1,769,770,771,-1,772,730,773,-1,773,730,732,-1,730,772,770,-1,750,738,731,-1,731,738,736,-1,731,736,734,-1,750,731,762,-1,762,731,730,-1,762,730,760,-1,770,768,730,-1,730,768,766,-1,730,766,760,-1,760,766,764,-1,760,764,752,-1,744,738,742,-1,742,738,740,-1,752,754,760,-1,760,754,756,-1,760,756,758,-1,744,746,738,-1,738,746,748,-1,738,748,736,-1,774,775,776,-1,776,775,777,-1,775,778,777,-1,777,778,779,-1,778,780,779,-1,779,780,781,-1,780,782,781,-1,781,782,783,-1,784,785,786,-1,786,785,787,-1,786,787,788,-1,788,787,789,-1,788,789,790,-1,790,789,791,-1,790,791,792,-1,792,791,793,-1,792,793,794,-1,794,793,795,-1,794,795,782,-1,782,795,783,-1,784,796,785,-1,785,796,797,-1,798,799,800,-1,800,799,801,-1,800,801,802,-1,802,801,803,-1,802,803,804,-1,804,803,805,-1,804,805,806,-1,806,805,807,-1,806,807,808,-1,808,807,809,-1,808,809,796,-1,796,809,797,-1,798,810,799,-1,799,810,811,-1,810,812,811,-1,811,812,813,-1,812,814,813,-1,813,814,815,-1,814,816,815,-1,815,816,817,-1,774,816,775,-1,775,816,814,-1,775,814,778,-1,808,796,798,-1,798,796,784,-1,798,784,810,-1,780,778,782,-1,782,778,788,-1,788,778,786,-1,786,778,814,-1,786,814,784,-1,784,814,812,-1,784,812,810,-1,790,792,788,-1,788,792,794,-1,788,794,782,-1,800,802,804,-1,800,804,798,-1,798,804,806,-1,798,806,808,-1,818,819,820,-1,820,819,821,-1,819,822,821,-1,821,822,823,-1,822,824,823,-1,823,824,825,-1,826,827,828,-1,828,827,829,-1,828,829,830,-1,830,829,831,-1,830,831,832,-1,832,831,833,-1,832,833,834,-1,834,833,835,-1,834,835,836,-1,836,835,837,-1,836,837,824,-1,824,837,825,-1,826,838,827,-1,827,838,839,-1,840,841,842,-1,842,841,843,-1,842,843,844,-1,844,843,845,-1,844,845,846,-1,846,845,847,-1,846,847,848,-1,848,847,849,-1,848,849,850,-1,850,849,851,-1,850,851,838,-1,838,851,839,-1,840,852,841,-1,841,852,853,-1,852,854,853,-1,853,854,855,-1,854,856,855,-1,855,856,857,-1,856,858,857,-1,857,858,859,-1,860,818,861,-1,861,818,820,-1,824,822,819,-1,860,858,818,-1,818,858,856,-1,818,856,854,-1,854,848,818,-1,818,848,850,-1,818,850,819,-1,819,850,838,-1,819,838,824,-1,824,838,826,-1,824,826,828,-1,854,852,848,-1,848,852,840,-1,848,840,846,-1,846,840,842,-1,846,842,844,-1,828,830,832,-1,832,834,828,-1,828,834,836,-1,828,836,824,-1,862,863,864,-1,864,863,865,-1,863,866,865,-1,865,866,867,-1,866,868,867,-1,867,868,869,-1,868,870,869,-1,869,870,871,-1,872,873,874,-1,874,873,875,-1,874,875,876,-1,876,875,877,-1,876,877,878,-1,878,877,879,-1,878,879,880,-1,880,879,881,-1,880,881,882,-1,882,881,883,-1,882,883,870,-1,870,883,871,-1,872,884,873,-1,873,884,885,-1,886,887,888,-1,888,887,889,-1,888,889,890,-1,890,889,891,-1,890,891,892,-1,892,891,893,-1,892,893,894,-1,894,893,895,-1,894,895,896,-1,896,895,897,-1,896,897,884,-1,884,897,885,-1,886,898,887,-1,887,898,899,-1,898,900,899,-1,899,900,901,-1,900,902,901,-1,901,902,903,-1,902,904,903,-1,903,904,905,-1,862,904,863,-1,863,904,902,-1,863,902,866,-1,896,884,886,-1,886,884,872,-1,886,872,898,-1,876,866,874,-1,874,866,902,-1,874,902,872,-1,872,902,900,-1,872,900,898,-1,868,866,870,-1,870,866,876,-1,870,876,882,-1,882,876,878,-1,882,878,880,-1,888,890,892,-1,888,892,886,-1,886,892,894,-1,886,894,896,-1,906,907,908,-1,908,907,909,-1,907,910,909,-1,909,910,911,-1,910,912,911,-1,911,912,913,-1,914,915,916,-1,916,915,917,-1,916,917,918,-1,918,917,919,-1,918,919,920,-1,920,919,921,-1,920,921,922,-1,922,921,923,-1,922,923,924,-1,924,923,925,-1,924,925,912,-1,912,925,913,-1,914,926,915,-1,915,926,927,-1,928,929,930,-1,930,929,931,-1,930,931,932,-1,932,931,933,-1,932,933,934,-1,934,933,935,-1,934,935,936,-1,936,935,937,-1,936,937,938,-1,938,937,939,-1,938,939,926,-1,926,939,927,-1,928,940,929,-1,929,940,941,-1,940,942,941,-1,941,942,943,-1,942,944,943,-1,943,944,945,-1,944,946,945,-1,945,946,947,-1,948,906,949,-1,949,906,908,-1,912,910,907,-1,948,946,906,-1,906,946,944,-1,906,944,942,-1,912,914,916,-1,914,912,926,-1,926,912,907,-1,926,907,938,-1,938,907,906,-1,938,906,936,-1,936,906,942,-1,936,942,940,-1,940,928,936,-1,936,928,930,-1,936,930,934,-1,934,930,932,-1,916,918,912,-1,912,918,920,-1,912,920,924,-1,924,920,922,-1,950,951,952,-1,952,951,953,-1,951,954,953,-1,953,954,955,-1,954,956,955,-1,955,956,957,-1,956,958,957,-1,957,958,959,-1,960,961,962,-1,962,961,963,-1,962,963,964,-1,964,963,965,-1,964,965,966,-1,966,965,967,-1,966,967,968,-1,968,967,969,-1,968,969,970,-1,970,969,971,-1,970,971,958,-1,958,971,959,-1,960,972,961,-1,961,972,973,-1,974,975,976,-1,976,975,977,-1,976,977,978,-1,978,977,979,-1,978,979,980,-1,980,979,981,-1,980,981,982,-1,982,981,983,-1,982,983,984,-1,984,983,985,-1,984,985,972,-1,972,985,973,-1,974,986,975,-1,975,986,987,-1,986,988,987,-1,987,988,989,-1,988,990,989,-1,989,990,991,-1,990,992,991,-1,991,992,993,-1,972,960,974,-1,950,992,951,-1,951,992,990,-1,951,990,954,-1,974,960,986,-1,964,954,962,-1,962,954,990,-1,962,990,960,-1,960,990,988,-1,960,988,986,-1,980,982,984,-1,956,954,958,-1,958,954,964,-1,958,964,970,-1,970,964,966,-1,970,966,968,-1,980,984,978,-1,972,974,984,-1,984,974,976,-1,984,976,978,-1,994,995,996,-1,996,995,997,-1,995,998,997,-1,997,998,999,-1,998,1000,999,-1,999,1000,1001,-1,1002,1003,1004,-1,1004,1003,1005,-1,1004,1005,1006,-1,1006,1005,1007,-1,1006,1007,1008,-1,1008,1007,1009,-1,1008,1009,1010,-1,1010,1009,1011,-1,1010,1011,1012,-1,1012,1011,1013,-1,1012,1013,1000,-1,1000,1013,1001,-1,1002,1014,1003,-1,1003,1014,1015,-1,1016,1017,1018,-1,1018,1017,1019,-1,1018,1019,1020,-1,1020,1019,1021,-1,1020,1021,1022,-1,1022,1021,1023,-1,1022,1023,1024,-1,1024,1023,1025,-1,1024,1025,1026,-1,1026,1025,1027,-1,1026,1027,1014,-1,1014,1027,1015,-1,1016,1028,1017,-1,1017,1028,1029,-1,1028,1030,1029,-1,1029,1030,1031,-1,1030,1032,1031,-1,1031,1032,1033,-1,1032,1034,1033,-1,1033,1034,1035,-1,1036,994,1037,-1,1037,994,996,-1,994,1036,1034,-1,1014,1002,995,-1,995,1002,1000,-1,995,1000,998,-1,1014,995,1026,-1,1026,995,994,-1,1026,994,1024,-1,1034,1032,994,-1,994,1032,1030,-1,994,1030,1024,-1,1024,1030,1028,-1,1024,1028,1016,-1,1008,1002,1006,-1,1006,1002,1004,-1,1016,1018,1024,-1,1024,1018,1020,-1,1024,1020,1022,-1,1008,1010,1002,-1,1002,1010,1012,-1,1002,1012,1000,-1,1038,1039,1040,-1,1040,1039,1041,-1,1039,1042,1041,-1,1041,1042,1043,-1,1042,1044,1043,-1,1043,1044,1045,-1,1044,1046,1045,-1,1045,1046,1047,-1,1048,1049,1050,-1,1050,1049,1051,-1,1050,1051,1052,-1,1052,1051,1053,-1,1052,1053,1054,-1,1054,1053,1055,-1,1054,1055,1056,-1,1056,1055,1057,-1,1056,1057,1058,-1,1058,1057,1059,-1,1058,1059,1046,-1,1046,1059,1047,-1,1048,1060,1049,-1,1049,1060,1061,-1,1062,1063,1064,-1,1064,1063,1065,-1,1064,1065,1066,-1,1066,1065,1067,-1,1066,1067,1068,-1,1068,1067,1069,-1,1068,1069,1070,-1,1070,1069,1071,-1,1070,1071,1072,-1,1072,1071,1073,-1,1072,1073,1060,-1,1060,1073,1061,-1,1062,1074,1063,-1,1063,1074,1075,-1,1074,1076,1075,-1,1075,1076,1077,-1,1076,1078,1077,-1,1077,1078,1079,-1,1078,1080,1079,-1,1079,1080,1081,-1,1038,1080,1039,-1,1039,1080,1078,-1,1039,1078,1042,-1,1072,1060,1062,-1,1062,1060,1048,-1,1062,1048,1074,-1,1044,1042,1046,-1,1046,1042,1052,-1,1052,1042,1050,-1,1050,1042,1078,-1,1050,1078,1048,-1,1048,1078,1076,-1,1048,1076,1074,-1,1054,1056,1052,-1,1052,1056,1058,-1,1052,1058,1046,-1,1064,1066,1068,-1,1064,1068,1062,-1,1062,1068,1070,-1,1062,1070,1072,-1,1082,1083,1084,-1,1084,1083,1085,-1,1084,1085,1086,-1,1086,1085,1087,-1,1086,1087,1088,-1,1088,1087,1089,-1,1088,1089,1090,-1,1090,1089,1091,-1,1090,1091,1092,-1,1092,1091,1093,-1,1092,1093,1094,-1,1094,1093,1095,-1,1082,1096,1083,-1,1083,1096,1097,-1,1098,1099,1100,-1,1100,1099,1101,-1,1100,1101,1102,-1,1102,1101,1103,-1,1102,1103,1104,-1,1104,1103,1105,-1,1104,1105,1106,-1,1106,1105,1107,-1,1106,1107,1108,-1,1108,1107,1109,-1,1108,1109,1096,-1,1096,1109,1097,-1,1098,1110,1099,-1,1099,1110,1111,-1,1110,1112,1111,-1,1111,1112,1113,-1,1112,1114,1113,-1,1113,1114,1115,-1,1114,1116,1115,-1,1115,1116,1117,-1,1118,1119,1120,-1,1120,1119,1121,-1,1119,1122,1121,-1,1121,1122,1123,-1,1122,1124,1123,-1,1123,1124,1125,-1,1124,1094,1125,-1,1125,1094,1095,-1,1094,1124,1122,-1,1114,1112,1096,-1,1118,1116,1119,-1,1119,1116,1114,-1,1119,1114,1122,-1,1122,1114,1096,-1,1122,1096,1094,-1,1112,1110,1096,-1,1096,1110,1098,-1,1096,1098,1108,-1,1108,1098,1100,-1,1090,1084,1088,-1,1088,1084,1086,-1,1096,1082,1094,-1,1094,1082,1084,-1,1094,1084,1092,-1,1092,1084,1090,-1,1100,1102,1108,-1,1108,1102,1104,-1,1108,1104,1106,-1,1126,1127,1128,-1,1128,1127,1129,-1,1128,1129,1130,-1,1130,1129,1131,-1,1130,1131,1132,-1,1132,1131,1133,-1,1132,1133,1134,-1,1134,1133,1135,-1,1134,1135,1136,-1,1136,1135,1137,-1,1136,1137,1138,-1,1138,1137,1139,-1,1126,1140,1127,-1,1127,1140,1141,-1,1142,1143,1144,-1,1144,1143,1145,-1,1144,1145,1146,-1,1146,1145,1147,-1,1146,1147,1148,-1,1148,1147,1149,-1,1148,1149,1150,-1,1150,1149,1151,-1,1150,1151,1152,-1,1152,1151,1153,-1,1152,1153,1140,-1,1140,1153,1141,-1,1142,1154,1143,-1,1143,1154,1155,-1,1154,1156,1155,-1,1155,1156,1157,-1,1156,1158,1157,-1,1157,1158,1159,-1,1158,1160,1159,-1,1159,1160,1161,-1,1162,1163,1164,-1,1164,1163,1165,-1,1163,1166,1165,-1,1165,1166,1167,-1,1166,1168,1167,-1,1167,1168,1169,-1,1168,1138,1169,-1,1169,1138,1139,-1,1138,1168,1166,-1,1163,1162,1160,-1,1160,1158,1163,-1,1163,1158,1156,-1,1163,1156,1166,-1,1166,1156,1140,-1,1166,1140,1138,-1,1134,1128,1132,-1,1132,1128,1130,-1,1140,1126,1138,-1,1138,1126,1128,-1,1138,1128,1136,-1,1136,1128,1134,-1,1156,1154,1140,-1,1140,1154,1142,-1,1140,1142,1152,-1,1152,1142,1144,-1,1144,1146,1152,-1,1152,1146,1148,-1,1152,1148,1150,-1,1170,1171,1172,-1,1172,1171,1173,-1,1172,1173,1174,-1,1174,1173,1175,-1,1174,1175,1176,-1,1176,1175,1177,-1,1176,1177,1178,-1,1178,1177,1179,-1,1178,1179,1180,-1,1180,1179,1181,-1,1180,1181,1182,-1,1182,1181,1183,-1,1170,1184,1171,-1,1171,1184,1185,-1,1186,1187,1188,-1,1188,1187,1189,-1,1188,1189,1190,-1,1190,1189,1191,-1,1190,1191,1192,-1,1192,1191,1193,-1,1192,1193,1194,-1,1194,1193,1195,-1,1194,1195,1196,-1,1196,1195,1197,-1,1196,1197,1184,-1,1184,1197,1185,-1,1186,1198,1187,-1,1187,1198,1199,-1,1198,1200,1199,-1,1199,1200,1201,-1,1200,1202,1201,-1,1201,1202,1203,-1,1202,1204,1203,-1,1203,1204,1205,-1,1206,1207,1208,-1,1208,1207,1209,-1,1207,1210,1209,-1,1209,1210,1211,-1,1210,1212,1211,-1,1211,1212,1213,-1,1212,1182,1213,-1,1213,1182,1183,-1,1182,1212,1210,-1,1202,1200,1184,-1,1192,1194,1196,-1,1206,1204,1207,-1,1207,1204,1202,-1,1207,1202,1210,-1,1210,1202,1184,-1,1210,1184,1182,-1,1178,1172,1176,-1,1176,1172,1174,-1,1184,1170,1182,-1,1182,1170,1172,-1,1182,1172,1180,-1,1180,1172,1178,-1,1192,1196,1190,-1,1200,1198,1184,-1,1184,1198,1186,-1,1184,1186,1196,-1,1196,1186,1188,-1,1196,1188,1190,-1,1214,1215,1216,-1,1216,1215,1217,-1,1216,1217,1218,-1,1218,1217,1219,-1,1218,1219,1220,-1,1220,1219,1221,-1,1220,1221,1222,-1,1222,1221,1223,-1,1222,1223,1224,-1,1224,1223,1225,-1,1224,1225,1226,-1,1226,1225,1227,-1,1214,1228,1215,-1,1215,1228,1229,-1,1230,1231,1232,-1,1232,1231,1233,-1,1232,1233,1234,-1,1234,1233,1235,-1,1234,1235,1236,-1,1236,1235,1237,-1,1236,1237,1238,-1,1238,1237,1239,-1,1238,1239,1240,-1,1240,1239,1241,-1,1240,1241,1228,-1,1228,1241,1229,-1,1230,1242,1231,-1,1231,1242,1243,-1,1242,1244,1243,-1,1243,1244,1245,-1,1244,1246,1245,-1,1245,1246,1247,-1,1246,1248,1247,-1,1247,1248,1249,-1,1250,1251,1252,-1,1252,1251,1253,-1,1251,1254,1253,-1,1253,1254,1255,-1,1254,1256,1255,-1,1255,1256,1257,-1,1256,1226,1257,-1,1257,1226,1227,-1,1226,1256,1254,-1,1251,1250,1248,-1,1244,1242,1228,-1,1228,1242,1230,-1,1248,1246,1251,-1,1251,1246,1244,-1,1251,1244,1254,-1,1254,1244,1228,-1,1254,1228,1226,-1,1228,1214,1226,-1,1226,1214,1216,-1,1226,1216,1218,-1,1218,1220,1226,-1,1226,1220,1222,-1,1226,1222,1224,-1,1236,1230,1234,-1,1234,1230,1232,-1,1236,1238,1230,-1,1230,1238,1240,-1,1230,1240,1228,-1,1258,1259,1260,-1,1260,1259,1261,-1,1260,1261,1262,-1,1262,1261,1263,-1,1262,1263,1264,-1,1264,1263,1265,-1,1264,1265,1266,-1,1266,1265,1267,-1,1266,1267,1268,-1,1268,1267,1269,-1,1268,1269,1270,-1,1270,1269,1271,-1,1258,1272,1259,-1,1259,1272,1273,-1,1274,1275,1276,-1,1276,1275,1277,-1,1276,1277,1278,-1,1278,1277,1279,-1,1278,1279,1280,-1,1280,1279,1281,-1,1280,1281,1282,-1,1282,1281,1283,-1,1282,1283,1284,-1,1284,1283,1285,-1,1284,1285,1272,-1,1272,1285,1273,-1,1274,1286,1275,-1,1275,1286,1287,-1,1286,1288,1287,-1,1287,1288,1289,-1,1288,1290,1289,-1,1289,1290,1291,-1,1290,1292,1291,-1,1291,1292,1293,-1,1294,1295,1296,-1,1296,1295,1297,-1,1295,1298,1297,-1,1297,1298,1299,-1,1298,1300,1299,-1,1299,1300,1301,-1,1300,1270,1301,-1,1301,1270,1271,-1,1270,1300,1298,-1,1290,1288,1272,-1,1288,1286,1272,-1,1272,1286,1274,-1,1272,1274,1284,-1,1294,1292,1295,-1,1295,1292,1290,-1,1295,1290,1298,-1,1298,1290,1272,-1,1298,1272,1270,-1,1276,1278,1280,-1,1266,1260,1264,-1,1264,1260,1262,-1,1272,1258,1270,-1,1270,1258,1260,-1,1270,1260,1268,-1,1268,1260,1266,-1,1276,1280,1274,-1,1274,1280,1282,-1,1274,1282,1284,-1,1302,1303,1304,-1,1304,1303,1305,-1,1304,1305,1306,-1,1306,1305,1307,-1,1306,1307,1308,-1,1308,1307,1309,-1,1308,1309,1310,-1,1310,1309,1311,-1,1310,1311,1312,-1,1312,1311,1313,-1,1312,1313,1314,-1,1314,1313,1315,-1,1302,1316,1303,-1,1303,1316,1317,-1,1318,1319,1320,-1,1320,1319,1321,-1,1320,1321,1322,-1,1322,1321,1323,-1,1322,1323,1324,-1,1324,1323,1325,-1,1324,1325,1326,-1,1326,1325,1327,-1,1326,1327,1328,-1,1328,1327,1329,-1,1328,1329,1316,-1,1316,1329,1317,-1,1318,1330,1319,-1,1319,1330,1331,-1,1330,1332,1331,-1,1331,1332,1333,-1,1332,1334,1333,-1,1333,1334,1335,-1,1334,1336,1335,-1,1335,1336,1337,-1,1338,1339,1340,-1,1340,1339,1341,-1,1339,1342,1341,-1,1341,1342,1343,-1,1342,1344,1343,-1,1343,1344,1345,-1,1344,1314,1345,-1,1345,1314,1315,-1,1314,1344,1342,-1,1339,1338,1336,-1,1336,1334,1339,-1,1339,1334,1332,-1,1339,1332,1342,-1,1342,1332,1316,-1,1342,1316,1314,-1,1310,1304,1308,-1,1308,1304,1306,-1,1316,1302,1314,-1,1314,1302,1304,-1,1314,1304,1312,-1,1312,1304,1310,-1,1332,1330,1316,-1,1316,1330,1318,-1,1316,1318,1328,-1,1328,1318,1320,-1,1320,1322,1328,-1,1328,1322,1324,-1,1328,1324,1326,-1,1346,1347,1348,-1,1348,1347,1349,-1,1348,1349,1350,-1,1350,1349,1351,-1,1350,1351,1352,-1,1352,1351,1353,-1,1352,1353,1354,-1,1354,1353,1355,-1,1354,1355,1356,-1,1356,1355,1357,-1,1356,1357,1358,-1,1358,1357,1359,-1,1346,1360,1347,-1,1347,1360,1361,-1,1362,1363,1364,-1,1364,1363,1365,-1,1364,1365,1366,-1,1366,1365,1367,-1,1366,1367,1368,-1,1368,1367,1369,-1,1368,1369,1370,-1,1370,1369,1371,-1,1370,1371,1372,-1,1372,1371,1373,-1,1372,1373,1360,-1,1360,1373,1361,-1,1362,1374,1363,-1,1363,1374,1375,-1,1374,1376,1375,-1,1375,1376,1377,-1,1376,1378,1377,-1,1377,1378,1379,-1,1378,1380,1379,-1,1379,1380,1381,-1,1382,1383,1384,-1,1384,1383,1385,-1,1383,1386,1385,-1,1385,1386,1387,-1,1386,1388,1387,-1,1387,1388,1389,-1,1388,1358,1389,-1,1389,1358,1359,-1,1358,1388,1386,-1,1378,1376,1360,-1,1382,1380,1383,-1,1383,1380,1378,-1,1383,1378,1386,-1,1386,1378,1360,-1,1386,1360,1358,-1,1354,1348,1352,-1,1352,1348,1350,-1,1360,1346,1358,-1,1358,1346,1348,-1,1358,1348,1356,-1,1356,1348,1354,-1,1376,1374,1360,-1,1360,1374,1362,-1,1360,1362,1372,-1,1372,1362,1364,-1,1364,1366,1372,-1,1372,1366,1368,-1,1372,1368,1370,-1,1390,1391,1392,-1,1392,1391,1393,-1,1392,1393,1394,-1,1394,1393,1395,-1,1394,1395,1396,-1,1396,1395,1397,-1,1396,1397,1398,-1,1398,1397,1399,-1,1398,1399,1400,-1,1400,1399,1401,-1,1400,1401,1402,-1,1402,1401,1403,-1,1390,1404,1391,-1,1391,1404,1405,-1,1406,1407,1408,-1,1408,1407,1409,-1,1408,1409,1410,-1,1410,1409,1411,-1,1410,1411,1412,-1,1412,1411,1413,-1,1412,1413,1414,-1,1414,1413,1415,-1,1414,1415,1416,-1,1416,1415,1417,-1,1416,1417,1404,-1,1404,1417,1405,-1,1406,1418,1407,-1,1407,1418,1419,-1,1418,1420,1419,-1,1419,1420,1421,-1,1420,1422,1421,-1,1421,1422,1423,-1,1422,1424,1423,-1,1423,1424,1425,-1,1426,1427,1428,-1,1428,1427,1429,-1,1427,1430,1429,-1,1429,1430,1431,-1,1430,1432,1431,-1,1431,1432,1433,-1,1432,1402,1433,-1,1433,1402,1403,-1,1402,1432,1430,-1,1427,1426,1424,-1,1420,1418,1404,-1,1404,1418,1406,-1,1404,1406,1416,-1,1424,1422,1427,-1,1427,1422,1420,-1,1427,1420,1430,-1,1430,1420,1404,-1,1430,1404,1402,-1,1398,1392,1396,-1,1396,1392,1394,-1,1404,1390,1402,-1,1402,1390,1392,-1,1402,1392,1400,-1,1400,1392,1398,-1,1406,1408,1416,-1,1416,1408,1410,-1,1416,1410,1414,-1,1414,1410,1412,-1,1434,1435,1436,-1,1436,1435,1437,-1,1435,1438,1437,-1,1437,1438,1439,-1,1438,1440,1439,-1,1439,1440,1441,-1,1440,1442,1441,-1,1441,1442,1443,-1,1444,1445,1446,-1,1446,1445,1447,-1,1446,1447,1448,-1,1448,1447,1449,-1,1448,1449,1450,-1,1450,1449,1451,-1,1450,1451,1452,-1,1452,1451,1453,-1,1452,1453,1454,-1,1454,1453,1455,-1,1454,1455,1442,-1,1442,1455,1443,-1,1444,1456,1445,-1,1445,1456,1457,-1,1458,1459,1460,-1,1460,1459,1461,-1,1460,1461,1462,-1,1462,1461,1463,-1,1462,1463,1464,-1,1464,1463,1465,-1,1464,1465,1466,-1,1466,1465,1467,-1,1466,1467,1468,-1,1468,1467,1469,-1,1468,1469,1456,-1,1456,1469,1457,-1,1458,1470,1459,-1,1459,1470,1471,-1,1470,1472,1471,-1,1471,1472,1473,-1,1472,1474,1473,-1,1473,1474,1475,-1,1474,1476,1475,-1,1475,1476,1477,-1,1472,1444,1474,-1,1474,1444,1446,-1,1434,1476,1435,-1,1435,1476,1474,-1,1435,1474,1438,-1,1438,1474,1446,-1,1438,1446,1448,-1,1440,1438,1442,-1,1442,1438,1448,-1,1442,1448,1454,-1,1454,1448,1450,-1,1454,1450,1452,-1,1466,1468,1464,-1,1464,1468,1456,-1,1464,1456,1462,-1,1472,1470,1444,-1,1444,1470,1458,-1,1444,1458,1456,-1,1456,1458,1460,-1,1456,1460,1462,-1,1478,1479,1480,-1,1480,1479,1481,-1,1479,1482,1481,-1,1481,1482,1483,-1,1482,1484,1483,-1,1483,1484,1485,-1,1486,1487,1488,-1,1488,1487,1489,-1,1488,1489,1490,-1,1490,1489,1491,-1,1490,1491,1492,-1,1492,1491,1493,-1,1492,1493,1494,-1,1494,1493,1495,-1,1494,1495,1496,-1,1496,1495,1497,-1,1496,1497,1484,-1,1484,1497,1485,-1,1486,1498,1487,-1,1487,1498,1499,-1,1500,1501,1502,-1,1502,1501,1503,-1,1502,1503,1504,-1,1504,1503,1505,-1,1504,1505,1506,-1,1506,1505,1507,-1,1506,1507,1508,-1,1508,1507,1509,-1,1508,1509,1510,-1,1510,1509,1511,-1,1510,1511,1498,-1,1498,1511,1499,-1,1500,1512,1501,-1,1501,1512,1513,-1,1512,1514,1513,-1,1513,1514,1515,-1,1514,1516,1515,-1,1515,1516,1517,-1,1516,1518,1517,-1,1517,1518,1519,-1,1520,1478,1521,-1,1521,1478,1480,-1,1484,1482,1479,-1,1520,1518,1478,-1,1478,1518,1516,-1,1478,1516,1514,-1,1488,1490,1484,-1,1514,1512,1508,-1,1508,1512,1500,-1,1514,1508,1478,-1,1478,1508,1510,-1,1478,1510,1479,-1,1479,1510,1498,-1,1479,1498,1484,-1,1484,1498,1486,-1,1484,1486,1488,-1,1502,1504,1500,-1,1500,1504,1506,-1,1500,1506,1508,-1,1490,1492,1484,-1,1484,1492,1494,-1,1484,1494,1496,-1,1522,1523,1524,-1,1524,1523,1525,-1,1523,1526,1525,-1,1525,1526,1527,-1,1526,1528,1527,-1,1527,1528,1529,-1,1528,1530,1529,-1,1529,1530,1531,-1,1532,1533,1534,-1,1534,1533,1535,-1,1534,1535,1536,-1,1536,1535,1537,-1,1536,1537,1538,-1,1538,1537,1539,-1,1538,1539,1540,-1,1540,1539,1541,-1,1540,1541,1542,-1,1542,1541,1543,-1,1542,1543,1530,-1,1530,1543,1531,-1,1532,1544,1533,-1,1533,1544,1545,-1,1546,1547,1548,-1,1548,1547,1549,-1,1548,1549,1550,-1,1550,1549,1551,-1,1550,1551,1552,-1,1552,1551,1553,-1,1552,1553,1554,-1,1554,1553,1555,-1,1554,1555,1556,-1,1556,1555,1557,-1,1556,1557,1544,-1,1544,1557,1545,-1,1546,1558,1547,-1,1547,1558,1559,-1,1558,1560,1559,-1,1559,1560,1561,-1,1560,1562,1561,-1,1561,1562,1563,-1,1562,1564,1563,-1,1563,1564,1565,-1,1522,1564,1523,-1,1523,1564,1562,-1,1523,1562,1526,-1,1536,1526,1534,-1,1534,1526,1562,-1,1534,1562,1532,-1,1532,1562,1560,-1,1532,1560,1544,-1,1528,1526,1530,-1,1530,1526,1536,-1,1530,1536,1542,-1,1542,1536,1538,-1,1542,1538,1540,-1,1548,1550,1546,-1,1546,1550,1552,-1,1546,1552,1554,-1,1560,1558,1544,-1,1544,1558,1546,-1,1544,1546,1556,-1,1556,1546,1554,-1,1566,1567,1568,-1,1568,1567,1569,-1,1567,1570,1569,-1,1569,1570,1571,-1,1570,1572,1571,-1,1571,1572,1573,-1,1574,1575,1576,-1,1576,1575,1577,-1,1576,1577,1578,-1,1578,1577,1579,-1,1578,1579,1580,-1,1580,1579,1581,-1,1580,1581,1582,-1,1582,1581,1583,-1,1582,1583,1584,-1,1584,1583,1585,-1,1584,1585,1572,-1,1572,1585,1573,-1,1574,1586,1575,-1,1575,1586,1587,-1,1588,1589,1590,-1,1590,1589,1591,-1,1590,1591,1592,-1,1592,1591,1593,-1,1592,1593,1594,-1,1594,1593,1595,-1,1594,1595,1596,-1,1596,1595,1597,-1,1596,1597,1598,-1,1598,1597,1599,-1,1598,1599,1586,-1,1586,1599,1587,-1,1588,1600,1589,-1,1589,1600,1601,-1,1600,1602,1601,-1,1601,1602,1603,-1,1602,1604,1603,-1,1603,1604,1605,-1,1604,1606,1605,-1,1605,1606,1607,-1,1608,1566,1609,-1,1609,1566,1568,-1,1567,1586,1574,-1,1608,1606,1566,-1,1566,1606,1604,-1,1566,1604,1602,-1,1586,1567,1598,-1,1598,1567,1566,-1,1598,1566,1596,-1,1596,1566,1602,-1,1596,1602,1600,-1,1576,1578,1574,-1,1574,1578,1580,-1,1574,1580,1582,-1,1600,1588,1596,-1,1596,1588,1590,-1,1596,1590,1594,-1,1594,1590,1592,-1,1570,1567,1572,-1,1572,1567,1574,-1,1572,1574,1584,-1,1584,1574,1582,-1,1610,1611,1612,-1,1612,1611,1613,-1,1611,1614,1613,-1,1613,1614,1615,-1,1614,1616,1615,-1,1615,1616,1617,-1,1616,1618,1617,-1,1617,1618,1619,-1,1620,1621,1622,-1,1622,1621,1623,-1,1622,1623,1624,-1,1624,1623,1625,-1,1624,1625,1626,-1,1626,1625,1627,-1,1626,1627,1628,-1,1628,1627,1629,-1,1628,1629,1630,-1,1630,1629,1631,-1,1630,1631,1618,-1,1618,1631,1619,-1,1620,1632,1621,-1,1621,1632,1633,-1,1634,1635,1636,-1,1636,1635,1637,-1,1636,1637,1638,-1,1638,1637,1639,-1,1638,1639,1640,-1,1640,1639,1641,-1,1640,1641,1642,-1,1642,1641,1643,-1,1642,1643,1644,-1,1644,1643,1645,-1,1644,1645,1632,-1,1632,1645,1633,-1,1634,1646,1635,-1,1635,1646,1647,-1,1646,1648,1647,-1,1647,1648,1649,-1,1648,1650,1649,-1,1649,1650,1651,-1,1650,1652,1651,-1,1651,1652,1653,-1,1610,1652,1611,-1,1611,1652,1650,-1,1611,1650,1614,-1,1624,1614,1622,-1,1622,1614,1650,-1,1622,1650,1620,-1,1620,1650,1648,-1,1620,1648,1632,-1,1616,1614,1618,-1,1618,1614,1624,-1,1618,1624,1630,-1,1630,1624,1626,-1,1630,1626,1628,-1,1636,1638,1634,-1,1634,1638,1640,-1,1634,1640,1642,-1,1648,1646,1632,-1,1632,1646,1634,-1,1632,1634,1644,-1,1644,1634,1642,-1,1654,1655,1656,-1,1656,1655,1657,-1,1655,1658,1657,-1,1657,1658,1659,-1,1658,1660,1659,-1,1659,1660,1661,-1,1662,1663,1664,-1,1664,1663,1665,-1,1664,1665,1666,-1,1666,1665,1667,-1,1666,1667,1668,-1,1668,1667,1669,-1,1668,1669,1670,-1,1670,1669,1671,-1,1670,1671,1672,-1,1672,1671,1673,-1,1672,1673,1660,-1,1660,1673,1661,-1,1662,1674,1663,-1,1663,1674,1675,-1,1676,1677,1678,-1,1678,1677,1679,-1,1678,1679,1680,-1,1680,1679,1681,-1,1680,1681,1682,-1,1682,1681,1683,-1,1682,1683,1684,-1,1684,1683,1685,-1,1684,1685,1686,-1,1686,1685,1687,-1,1686,1687,1674,-1,1674,1687,1675,-1,1676,1688,1677,-1,1677,1688,1689,-1,1688,1690,1689,-1,1689,1690,1691,-1,1690,1692,1691,-1,1691,1692,1693,-1,1692,1694,1693,-1,1693,1694,1695,-1,1696,1654,1697,-1,1697,1654,1656,-1,1655,1674,1662,-1,1696,1694,1654,-1,1654,1694,1692,-1,1654,1692,1690,-1,1674,1655,1686,-1,1686,1655,1654,-1,1686,1654,1684,-1,1684,1654,1690,-1,1684,1690,1688,-1,1664,1666,1662,-1,1662,1666,1668,-1,1662,1668,1670,-1,1688,1676,1684,-1,1684,1676,1678,-1,1684,1678,1682,-1,1682,1678,1680,-1,1658,1655,1660,-1,1660,1655,1662,-1,1660,1662,1672,-1,1672,1662,1670,-1,1698,1699,1700,-1,1700,1699,1701,-1,1699,1702,1701,-1,1701,1702,1703,-1,1702,1704,1703,-1,1703,1704,1705,-1,1704,1706,1705,-1,1705,1706,1707,-1,1708,1709,1710,-1,1710,1709,1711,-1,1710,1711,1712,-1,1712,1711,1713,-1,1712,1713,1714,-1,1714,1713,1715,-1,1714,1715,1716,-1,1716,1715,1717,-1,1716,1717,1718,-1,1718,1717,1719,-1,1718,1719,1706,-1,1706,1719,1707,-1,1708,1720,1709,-1,1709,1720,1721,-1,1722,1723,1724,-1,1724,1723,1725,-1,1724,1725,1726,-1,1726,1725,1727,-1,1726,1727,1728,-1,1728,1727,1729,-1,1728,1729,1730,-1,1730,1729,1731,-1,1730,1731,1732,-1,1732,1731,1733,-1,1732,1733,1720,-1,1720,1733,1721,-1,1722,1734,1723,-1,1723,1734,1735,-1,1734,1736,1735,-1,1735,1736,1737,-1,1736,1738,1737,-1,1737,1738,1739,-1,1738,1740,1739,-1,1739,1740,1741,-1,1698,1740,1699,-1,1699,1740,1738,-1,1699,1738,1702,-1,1732,1720,1722,-1,1722,1720,1708,-1,1722,1708,1734,-1,1712,1702,1710,-1,1710,1702,1738,-1,1710,1738,1708,-1,1708,1738,1736,-1,1708,1736,1734,-1,1704,1702,1706,-1,1706,1702,1712,-1,1706,1712,1718,-1,1718,1712,1714,-1,1718,1714,1716,-1,1724,1726,1728,-1,1724,1728,1722,-1,1722,1728,1730,-1,1722,1730,1732,-1,1742,1743,1744,-1,1744,1743,1745,-1,1743,1746,1745,-1,1745,1746,1747,-1,1746,1748,1747,-1,1747,1748,1749,-1,1750,1751,1752,-1,1752,1751,1753,-1,1752,1753,1754,-1,1754,1753,1755,-1,1754,1755,1756,-1,1756,1755,1757,-1,1756,1757,1758,-1,1758,1757,1759,-1,1758,1759,1760,-1,1760,1759,1761,-1,1760,1761,1748,-1,1748,1761,1749,-1,1750,1762,1751,-1,1751,1762,1763,-1,1764,1765,1766,-1,1766,1765,1767,-1,1766,1767,1768,-1,1768,1767,1769,-1,1768,1769,1770,-1,1770,1769,1771,-1,1770,1771,1772,-1,1772,1771,1773,-1,1772,1773,1774,-1,1774,1773,1775,-1,1774,1775,1762,-1,1762,1775,1763,-1,1764,1776,1765,-1,1765,1776,1777,-1,1776,1778,1777,-1,1777,1778,1779,-1,1778,1780,1779,-1,1779,1780,1781,-1,1780,1782,1781,-1,1781,1782,1783,-1,1784,1742,1785,-1,1785,1742,1744,-1,1784,1782,1742,-1,1742,1782,1780,-1,1742,1780,1778,-1,1762,1750,1743,-1,1743,1750,1748,-1,1743,1748,1746,-1,1762,1743,1774,-1,1774,1743,1742,-1,1774,1742,1772,-1,1772,1742,1778,-1,1772,1778,1776,-1,1756,1750,1754,-1,1754,1750,1752,-1,1776,1764,1772,-1,1772,1764,1766,-1,1772,1766,1770,-1,1770,1766,1768,-1,1756,1758,1750,-1,1750,1758,1760,-1,1750,1760,1748,-1,
        ]
    }
}
Shape{
    appearance Appearance {
        material  Material 	{
            diffuseColor 0.7529411764705882 0.7529411764705882 0.7529411764705882
            specularColor 0.3764705882352941 0.3764705882352941 0.3764705882352941
            ambientIntensity 0.7529
            transparency 0.0
            shininess 0.5
        }
    }
    geometry IndexedFaceSet {
        ccw TRUE
        solid FALSE
        coord DEF co Coordinate {
            point [
                -0.9014 0.6012 0.2913, -0.9014 0.6012 0.2953, -0.9043 0.6232 0.2913, -0.9043 0.6232 0.2953, -0.9128 0.6437 0.2913, -0.9128 0.6437 0.2953, -0.9263 0.6613 0.2913, -0.9263 0.6613 0.2953, -0.9439 0.6748 0.2913, -0.9439 0.6748 0.2953, -0.9644 0.6833 0.2913, -0.9644 0.6833 0.2953, -0.9864 0.6862 0.2913, -0.9864 0.6862 0.2953, -1.0084 0.6833 0.2913, -1.0084 0.6833 0.2953, -1.0289 0.6748 0.2913, -1.0289 0.6748 0.2953, -1.0465 0.6613 0.2913, -1.0465 0.6613 0.2953, -1.06 0.6437 0.2913, -1.06 0.6437 0.2953, -1.0685 0.6232 0.2913, -1.0685 0.6232 0.2953, -1.0714 0.6012 0.2913, -1.0714 0.6012 0.2953, -1.0685 0.5792 0.2913, -1.0685 0.5792 0.2953, -1.06 0.5587 0.2913, -1.06 0.5587 0.2953, -1.0465 0.5411 0.2913, -1.0465 0.5411 0.2953, -1.0289 0.5276 0.2913, -1.0289 0.5276 0.2953, -1.0084 0.5191 0.2913, -1.0084 0.5191 0.2953, -0.9864 0.5162 0.2913, -0.9864 0.5162 0.2953, -0.9644 0.5191 0.2913, -0.9644 0.5191 0.2953, -0.9439 0.5276 0.2913, -0.9439 0.5276 0.2953, -0.9263 0.5411 0.2913, -0.9263 0.5411 0.2953, -0.9128 0.5587 0.2913, -0.9128 0.5587 0.2953, -0.9043 0.5792 0.2913, -0.9043 0.5792 0.2953, -0.9864 0.6012 0.2913
            ]
        }
        coordIndex [
            0,1,2,-1,2,1,3,-1,2,3,4,-1,4,3,5,-1,4,5,6,-1,6,5,7,-1,6,7,8,-1,8,7,9,-1,8,9,10,-1,10,9,11,-1,10,11,12,-1,12,11,13,-1,12,13,14,-1,14,13,15,-1,14,15,16,-1,16,15,17,-1,16,17,18,-1,18,17,19,-1,18,19,20,-1,20,19,21,-1,20,21,22,-1,22,21,23,-1,22,23,24,-1,24,23,25,-1,24,25,26,-1,26,25,27,-1,26,27,28,-1,28,27,29,-1,28,29,30,-1,30,29,31,-1,30,31,32,-1,32,31,33,-1,32,33,34,-1,34,33,35,-1,34,35,36,-1,36,35,37,-1,36,37,38,-1,38,37,39,-1,38,39,40,-1,40,39,41,-1,40,41,42,-1,42,41,43,-1,42,43,44,-1,44,43,45,-1,44,45,46,-1,46,45,47,-1,46,47,0,-1,0,47,1,-1,44,46,48,-1,48,46,0,-1,48,0,2,-1,38,40,48,-1,48,40,42,-1,48,42,44,-1,32,34,48,-1,48,34,36,-1,48,36,38,-1,26,28,48,-1,48,28,30,-1,48,30,32,-1,20,22,48,-1,48,22,24,-1,48,24,26,-1,14,16,48,-1,48,16,18,-1,48,18,20,-1,8,10,48,-1,48,10,12,-1,48,12,14,-1,2,4,48,-1,48,4,6,-1,48,6,8,-1,
        ]
    }
}
Shape{
    appearance Appearance {
        material  Material 	{
            diffuseColor 1.0 1.0 1.0
            specularColor 0.5019607843137255 0.5019607843137255 0.5019607843137255
            ambientIntensity 1.0
            transparency 0.0
            shininess 0.5
        }
    }
    geometry IndexedFaceSet {
        ccw TRUE
        solid FALSE
        coord DEF co Coordinate {
            point [
                0.8335 -0.5271 0.2957, 0.8335 -0.5313 0.2957, 0.8335 -0.5271 0.2953, 0.8335 -0.5313 0.2953, 0.8187 -0.5271 0.2957, 0.8187 -0.5271 0.2953, 0.8187 -0.4942 0.2957, 0.8187 -0.4942 0.2953, 0.8139 -0.4942 0.2957, 0.8139 -0.4942 0.2953, 0.8139 -0.5313 0.2957, 0.8139 -0.5313 0.2953, 0.8612 -0.5304 0.2953, 0.8621 -0.5301 0.2957, 0.8582 -0.5314 0.2953, 0.8582 -0.5314 0.2957, 0.8558 -0.5316 0.2953, 0.8525 -0.5319 0.2957, 0.8525 -0.5319 0.2953, 0.8621 -0.5301 0.2953, 0.8628 -0.5298 0.2953, 0.8628 -0.5298 0.2957, 0.8628 -0.5252 0.2957, 0.8628 -0.5252 0.2953, 0.8612 -0.5259 0.2953, 0.8594 -0.5267 0.2957, 0.8594 -0.5267 0.2953, 0.8553 -0.5276 0.2953, 0.8553 -0.5276 0.2957, 0.8532 -0.5277 0.2953, 0.8532 -0.5277 0.2957, 0.8496 -0.5273 0.2953, 0.8496 -0.5273 0.2957, 0.8469 -0.5263 0.2953, 0.8469 -0.5263 0.2957, 0.8445 -0.5246 0.2953, 0.8445 -0.5246 0.2957, 0.8437 -0.5238 0.2953, 0.8437 -0.5238 0.2957, 0.8418 -0.5211 0.2953, 0.8418 -0.5211 0.2957, 0.8406 -0.5181 0.2953, 0.8406 -0.5181 0.2957, 0.84 -0.5136 0.2953, 0.84 -0.5136 0.2957, 0.84 -0.5132 0.2953, 0.84 -0.5132 0.2957, 0.8405 -0.5089 0.2953, 0.8405 -0.5089 0.2957, 0.8416 -0.5055 0.2953, 0.8416 -0.5055 0.2957, 0.8433 -0.5028 0.2953, 0.8433 -0.5028 0.2957, 0.8439 -0.5021 0.2953, 0.8439 -0.5021 0.2957, 0.8465 -0.4999 0.2953, 0.8465 -0.4999 0.2957, 0.8494 -0.4986 0.2953, 0.8494 -0.4986 0.2957, 0.8527 -0.498 0.2953, 0.8527 -0.498 0.2957, 0.854 -0.4979 0.2953, 0.854 -0.4979 0.2957, 0.8581 -0.4984 0.2953, 0.8612 -0.4994 0.2953, 0.8619 -0.4997 0.2957, 0.8581 -0.4984 0.2957, 0.8619 -0.4997 0.2953, 0.8628 -0.5001 0.2953, 0.8628 -0.5001 0.2957, 0.8628 -0.4951 0.2957, 0.8628 -0.4951 0.2953, 0.854 -0.4936 0.2953, 0.854 -0.4936 0.2957, 0.8546 -0.4936 0.2957, 0.8612 -0.4947 0.2953, 0.8593 -0.4941 0.2957, 0.8593 -0.4941 0.2953, 0.8577 -0.4939 0.2953, 0.8546 -0.4936 0.2953, 0.8514 -0.4939 0.2953, 0.8487 -0.4943 0.2957, 0.8487 -0.4943 0.2953, 0.8448 -0.4958 0.2953, 0.8448 -0.4958 0.2957, 0.8412 -0.4983 0.2953, 0.8412 -0.4983 0.2957, 0.8404 -0.4991 0.2953, 0.8404 -0.4991 0.2957, 0.8379 -0.5022 0.2953, 0.8379 -0.5022 0.2957, 0.8361 -0.5062 0.2953, 0.8361 -0.5062 0.2957, 0.8351 -0.5109 0.2953, 0.8351 -0.5109 0.2957, 0.835 -0.5135 0.2953, 0.835 -0.5135 0.2957, 0.8357 -0.5194 0.2953, 0.8357 -0.5194 0.2957, 0.8372 -0.5233 0.2953, 0.8372 -0.5233 0.2957, 0.8394 -0.5265 0.2953, 0.8394 -0.5265 0.2957, 0.8398 -0.5269 0.2953, 0.8398 -0.5269 0.2957, 0.846 -0.5309 0.2953, 0.8426 -0.5292 0.2957, 0.8426 -0.5292 0.2953, 0.8492 -0.5316 0.2953, 0.85 -0.5318 0.2957, 0.846 -0.5309 0.2957, 0.85 -0.5318 0.2953, 0.8901 -0.5271 0.2957, 0.8901 -0.5313 0.2957, 0.8901 -0.5271 0.2953, 0.8901 -0.5313 0.2953, 0.875 -0.5271 0.2953, 0.875 -0.5271 0.2957, 0.885 -0.5271 0.2953, 0.875 -0.5146 0.2957, 0.875 -0.5146 0.2953, 0.8882 -0.5146 0.2953, 0.8882 -0.5146 0.2957, 0.885 -0.5146 0.2953, 0.8882 -0.5104 0.2957, 0.8882 -0.5104 0.2953, 0.875 -0.5104 0.2953, 0.875 -0.5104 0.2957, 0.885 -0.5104 0.2953, 0.875 -0.4985 0.2957, 0.875 -0.4985 0.2953, 0.8893 -0.4985 0.2953, 0.8893 -0.4985 0.2957, 0.885 -0.4985 0.2953, 0.8893 -0.4942 0.2957, 0.8893 -0.4942 0.2953, 0.8702 -0.4942 0.2953, 0.8702 -0.4942 0.2957, 0.885 -0.4942 0.2953, 0.8702 -0.5313 0.2957, 0.8702 -0.5313 0.2953, 0.885 -0.5313 0.2953, 0.9217 -0.5261 0.2957, 0.9242 -0.5232 0.2957, 0.9203 -0.5208 0.2957, 0.9215 -0.518 0.2957, 0.9262 -0.5194 0.2957, 0.9222 -0.5145 0.2957, 0.9271 -0.5151 0.2957, 0.9223 -0.5124 0.2957, 0.9273 -0.5123 0.2957, 0.9218 -0.5083 0.2957, 0.9269 -0.508 0.2957, 0.9209 -0.5055 0.2957, 0.9256 -0.5043 0.2957, 0.9195 -0.5033 0.2957, 0.9235 -0.5009 0.2957, 0.9182 -0.502 0.2957, 0.9217 -0.4992 0.2957, 0.9155 -0.5002 0.2957, 0.9184 -0.4968 0.2957, 0.9122 -0.499 0.2957, 0.914 -0.495 0.2957, 0.9084 -0.4943 0.2957, 0.9075 -0.4985 0.2957, 0.9077 -0.4942 0.2957, 0.9019 -0.4985 0.2957, 0.8971 -0.4942 0.2957, 0.9019 -0.5271 0.2957, 0.8971 -0.5313 0.2957, 0.9073 -0.5271 0.2957, 0.9073 -0.5313 0.2957, 0.9117 -0.5267 0.2957, 0.9136 -0.5306 0.2957, 0.9149 -0.5256 0.2957, 0.9178 -0.5289 0.2957, 0.9174 -0.524 0.2957, 0.9183 -0.5232 0.2957, 0.9073 -0.5313 0.2953, 0.8971 -0.5313 0.2953, 0.9217 -0.5261 0.2953, 0.9136 -0.5306 0.2953, 0.9141 -0.5304 0.2953, 0.9178 -0.5289 0.2953, 0.9242 -0.5232 0.2953, 0.9262 -0.5194 0.2953, 0.9271 -0.5151 0.2953, 0.9273 -0.5123 0.2953, 0.9269 -0.508 0.2953, 0.9256 -0.5043 0.2953, 0.9235 -0.5009 0.2953, 0.9217 -0.4992 0.2953, 0.9184 -0.4968 0.2953, 0.9141 -0.4951 0.2953, 0.914 -0.495 0.2953, 0.9084 -0.4943 0.2953, 0.9077 -0.4942 0.2953, 0.8971 -0.4942 0.2953, 0.9075 -0.4985 0.2953, 0.9019 -0.4985 0.2953, 0.9019 -0.5271 0.2953, 0.9073 -0.5271 0.2953, 0.9183 -0.5232 0.2953, 0.9174 -0.524 0.2953, 0.9149 -0.5256 0.2953, 0.9117 -0.5267 0.2953, 0.9223 -0.5124 0.2953, 0.9222 -0.5145 0.2953, 0.9215 -0.518 0.2953, 0.9203 -0.5208 0.2953, 0.9182 -0.502 0.2953, 0.9195 -0.5033 0.2953, 0.9209 -0.5055 0.2953, 0.9218 -0.5083 0.2953, 0.9122 -0.499 0.2953, 0.9155 -0.5002 0.2953
            ]
        }
        coordIndex [
            0,1,2,-1,2,1,3,-1,4,0,5,-1,5,0,2,-1,6,4,7,-1,7,4,5,-1,8,6,9,-1,9,6,7,-1,10,8,11,-1,11,8,9,-1,1,10,3,-1,3,10,11,-1,6,8,4,-1,4,8,10,-1,4,10,0,-1,0,10,1,-1,12,13,14,-1,14,13,15,-1,14,15,16,-1,16,15,17,-1,16,17,18,-1,12,19,13,-1,13,19,20,-1,13,20,21,-1,22,21,23,-1,23,21,20,-1,22,23,24,-1,22,24,25,-1,24,26,25,-1,25,26,27,-1,25,27,28,-1,28,27,29,-1,28,29,30,-1,30,29,31,-1,30,31,32,-1,32,31,33,-1,32,33,34,-1,34,33,35,-1,34,35,36,-1,36,35,37,-1,36,37,38,-1,38,37,39,-1,38,39,40,-1,40,39,41,-1,40,41,42,-1,42,41,43,-1,42,43,44,-1,44,43,45,-1,44,45,46,-1,46,45,47,-1,46,47,48,-1,48,47,49,-1,48,49,50,-1,50,49,51,-1,50,51,52,-1,52,51,53,-1,52,53,54,-1,54,53,55,-1,54,55,56,-1,56,55,57,-1,56,57,58,-1,58,57,59,-1,58,59,60,-1,60,59,61,-1,60,61,62,-1,62,61,63,-1,64,65,63,-1,63,65,66,-1,63,66,62,-1,64,67,65,-1,65,67,68,-1,65,68,69,-1,70,69,71,-1,71,69,68,-1,72,73,74,-1,70,71,75,-1,70,75,76,-1,75,77,76,-1,76,77,78,-1,76,78,74,-1,74,78,79,-1,74,79,72,-1,73,72,80,-1,73,80,81,-1,80,82,81,-1,81,82,83,-1,81,83,84,-1,84,83,85,-1,84,85,86,-1,86,85,87,-1,86,87,88,-1,88,87,89,-1,88,89,90,-1,90,89,91,-1,90,91,92,-1,92,91,93,-1,92,93,94,-1,94,93,95,-1,94,95,96,-1,96,95,97,-1,96,97,98,-1,98,97,99,-1,98,99,100,-1,100,99,101,-1,100,101,102,-1,102,101,103,-1,102,103,104,-1,105,106,107,-1,107,106,104,-1,107,104,103,-1,108,109,105,-1,105,109,110,-1,105,110,106,-1,108,111,109,-1,109,111,18,-1,109,18,17,-1,65,69,70,-1,56,58,81,-1,40,42,98,-1,48,50,90,-1,81,58,73,-1,65,70,66,-1,98,42,96,-1,90,50,88,-1,58,60,73,-1,73,60,62,-1,73,62,74,-1,74,62,66,-1,74,66,76,-1,76,66,70,-1,81,84,56,-1,56,84,86,-1,56,86,54,-1,54,86,88,-1,54,88,52,-1,52,88,50,-1,98,100,40,-1,40,100,102,-1,40,102,38,-1,38,102,104,-1,38,104,36,-1,36,104,106,-1,36,106,34,-1,34,106,110,-1,34,110,32,-1,32,110,109,-1,32,109,30,-1,30,109,17,-1,30,17,28,-1,28,17,15,-1,28,15,25,-1,25,15,13,-1,25,13,22,-1,22,13,21,-1,42,44,96,-1,96,44,46,-1,96,46,94,-1,94,46,48,-1,94,48,92,-1,92,48,90,-1,112,113,114,-1,114,113,115,-1,116,117,118,-1,118,117,112,-1,118,112,114,-1,119,117,120,-1,120,117,116,-1,121,122,123,-1,123,122,119,-1,123,119,120,-1,124,122,125,-1,125,122,121,-1,126,127,128,-1,128,127,124,-1,128,124,125,-1,129,127,130,-1,130,127,126,-1,131,132,133,-1,133,132,129,-1,133,129,130,-1,134,132,135,-1,135,132,131,-1,136,137,138,-1,138,137,134,-1,138,134,135,-1,139,137,140,-1,140,137,136,-1,115,113,141,-1,141,113,139,-1,141,139,140,-1,139,113,112,-1,112,117,139,-1,139,117,119,-1,139,119,137,-1,132,134,129,-1,129,134,137,-1,129,137,127,-1,127,137,119,-1,127,119,124,-1,124,119,122,-1,142,143,144,-1,144,143,145,-1,145,143,146,-1,145,146,147,-1,147,146,148,-1,147,148,149,-1,149,148,150,-1,149,150,151,-1,151,150,152,-1,151,152,153,-1,153,152,154,-1,153,154,155,-1,155,154,156,-1,155,156,157,-1,157,156,158,-1,157,158,159,-1,159,158,160,-1,159,160,161,-1,160,162,161,-1,161,162,163,-1,161,163,164,-1,164,163,165,-1,164,165,166,-1,166,165,167,-1,166,167,168,-1,168,167,169,-1,168,169,170,-1,170,169,171,-1,170,171,172,-1,172,171,173,-1,172,173,174,-1,174,173,175,-1,174,175,176,-1,176,175,142,-1,176,142,177,-1,177,142,144,-1,171,169,178,-1,178,169,179,-1,180,142,175,-1,171,178,181,-1,171,181,173,-1,173,181,182,-1,173,182,175,-1,175,182,183,-1,175,183,180,-1,142,180,184,-1,142,184,143,-1,143,184,185,-1,143,185,146,-1,146,185,186,-1,146,186,148,-1,148,186,187,-1,148,187,150,-1,150,187,188,-1,150,188,152,-1,152,188,189,-1,152,189,154,-1,154,189,190,-1,154,190,156,-1,156,190,191,-1,156,191,158,-1,158,191,192,-1,158,192,160,-1,160,192,193,-1,160,193,162,-1,193,194,162,-1,162,194,195,-1,162,195,163,-1,163,195,196,-1,163,196,165,-1,167,165,197,-1,197,165,196,-1,169,167,179,-1,179,167,197,-1,164,166,198,-1,198,166,199,-1,166,168,199,-1,199,168,200,-1,168,170,200,-1,200,170,201,-1,177,202,203,-1,177,203,176,-1,176,203,204,-1,176,204,174,-1,174,204,205,-1,174,205,172,-1,172,205,201,-1,172,201,170,-1,149,206,207,-1,149,207,147,-1,147,207,208,-1,147,208,145,-1,145,208,209,-1,145,209,144,-1,144,209,202,-1,144,202,177,-1,157,210,211,-1,157,211,155,-1,155,211,212,-1,155,212,153,-1,153,212,213,-1,153,213,151,-1,151,213,206,-1,151,206,149,-1,164,198,214,-1,164,214,161,-1,161,214,215,-1,161,215,159,-1,159,215,210,-1,159,210,157,-1,
        ]
    }
}
Shape{
    appearance Appearance {
        material  Material 	{
            diffuseColor 0.25098039215686274 0.25098039215686274 0.25098039215686274
            specularColor 0.12549019607843137 0.12549019607843137 0.12549019607843137
            ambientIntensity 0.251
            transparency 0.0
            shininess 0.5
        }
    }
    geometry IndexedFaceSet {
        ccw TRUE
        solid FALSE
        coord DEF co Coordinate {
            point [
                0.9019 -0.4985 0.2953, 0.9019 -0.5271 0.2953, 0.9075 -0.4985 0.2953, 0.9073 -0.5271 0.2953, 0.9117 -0.5267 0.2953, 0.9149 -0.5256 0.2953, 0.9174 -0.524 0.2953, 0.9183 -0.5232 0.2953, 0.9203 -0.5208 0.2953, 0.9215 -0.518 0.2953, 0.9222 -0.5145 0.2953, 0.9223 -0.5124 0.2953, 0.9218 -0.5083 0.2953, 0.9209 -0.5055 0.2953, 0.9195 -0.5033 0.2953, 0.9182 -0.502 0.2953, 0.9122 -0.499 0.2953, 0.9155 -0.5002 0.2953
            ]
        }
        coordIndex [
            0,1,2,-1,2,1,3,-1,2,3,4,-1,4,5,2,-1,2,5,6,-1,2,6,7,-1,7,8,2,-1,2,8,9,-1,2,9,10,-1,10,11,2,-1,2,11,12,-1,2,12,13,-1,13,14,2,-1,2,14,15,-1,2,15,16,-1,16,15,17,-1,
        ]
    }
}
Shape{
    appearance Appearance {
        material  Material 	{
            diffuseColor 1.0 1.0 1.0
            specularColor 0.5019607843137255 0.5019607843137255 0.5019607843137255
            ambientIntensity 1.0
            transparency 0.0
            shininess 0.5
        }
    }
    geometry IndexedFaceSet {
        ccw TRUE
        solid FALSE
        coord DEF co Coordinate {
            point [
                0.9397 -0.517 0.2957, 0.9382 -0.5212 0.2957, 0.9522 -0.517 0.2957, 0.9536 -0.5212 0.2957, 0.9453 -0.5016 0.2957, 0.9435 -0.4942 0.2957, 0.9294 -0.5313 0.2957, 0.9347 -0.5313 0.2957, 0.9456 -0.5005 0.2957, 0.9459 -0.499 0.2957, 0.9486 -0.4942 0.2957, 0.946 -0.499 0.2957, 0.9463 -0.5006 0.2957, 0.9466 -0.5016 0.2957, 0.9627 -0.5313 0.2957, 0.9574 -0.5313 0.2957, 0.9486 -0.4942 0.2953, 0.9627 -0.5313 0.2953, 0.9435 -0.4942 0.2953, 0.9294 -0.5313 0.2953, 0.94 -0.5033 0.2953, 0.9347 -0.5313 0.2953, 0.9382 -0.5212 0.2953, 0.9536 -0.5212 0.2953, 0.94 -0.5212 0.2953, 0.9574 -0.5313 0.2953, 0.9397 -0.517 0.2953, 0.9522 -0.517 0.2953, 0.9466 -0.5016 0.2953, 0.946 -0.499 0.2953, 0.9463 -0.5006 0.2953, 0.9459 -0.499 0.2953, 0.9453 -0.5016 0.2953, 0.9456 -0.5005 0.2953
            ]
        }
        coordIndex [
            0,1,2,-1,2,1,3,-1,4,5,0,-1,0,5,6,-1,0,6,1,-1,1,6,7,-1,4,8,5,-1,5,8,9,-1,5,9,10,-1,10,9,11,-1,10,11,12,-1,12,13,10,-1,10,13,2,-1,10,2,14,-1,14,2,3,-1,14,3,15,-1,10,14,16,-1,16,14,17,-1,5,10,18,-1,18,10,16,-1,19,6,20,-1,20,6,5,-1,20,5,18,-1,7,6,21,-1,21,6,19,-1,1,7,22,-1,22,7,21,-1,23,3,24,-1,24,3,1,-1,24,1,22,-1,15,3,25,-1,25,3,23,-1,14,15,17,-1,17,15,25,-1,0,2,26,-1,26,2,27,-1,2,13,27,-1,27,13,28,-1,11,29,30,-1,11,30,12,-1,12,30,28,-1,12,28,13,-1,11,9,29,-1,29,9,31,-1,4,32,33,-1,4,33,8,-1,8,33,31,-1,8,31,9,-1,4,0,32,-1,32,0,26,-1,
        ]
    }
}
Shape{
    appearance Appearance {
        material  Material 	{
            diffuseColor 0.25098039215686274 0.25098039215686274 0.25098039215686274
            specularColor 0.12549019607843137 0.12549019607843137 0.12549019607843137
            ambientIntensity 0.251
            transparency 0.0
            shininess 0.5
        }
    }
    geometry IndexedFaceSet {
        ccw TRUE
        solid FALSE
        coord DEF co Coordinate {
            point [
                0.946 -0.499 0.2953, 0.9459 -0.499 0.2953, 0.9463 -0.5006 0.2953, 0.9456 -0.5005 0.2953, 0.9466 -0.5016 0.2953, 0.9453 -0.5016 0.2953, 0.9522 -0.517 0.2953, 0.9397 -0.517 0.2953
            ]
        }
        coordIndex [
            0,1,2,-1,2,1,3,-1,2,3,4,-1,4,3,5,-1,4,5,6,-1,6,5,7,-1,
        ]
    }
}
Shape{
    appearance Appearance {
        material  Material 	{
            diffuseColor 1.0 1.0 1.0
            specularColor 0.5019607843137255 0.5019607843137255 0.5019607843137255
            ambientIntensity 1.0
            transparency 0.0
            shininess 0.5
        }
    }
    geometry IndexedFaceSet {
        ccw TRUE
        solid FALSE
        coord DEF co Coordinate {
            point [
                0.8339 -0.5859 0.2957, 0.8339 -0.5901 0.2957, 0.8339 -0.5859 0.2953, 0.8339 -0.5901 0.2953, 0.8187 -0.5859 0.2953, 0.8187 -0.5859 0.2957, 0.8337 -0.5859 0.2953, 0.8187 -0.5734 0.2957, 0.8187 -0.5734 0.2953, 0.832 -0.5734 0.2957, 0.832 -0.5734 0.2953, 0.832 -0.5692 0.2957, 0.832 -0.5692 0.2953, 0.8187 -0.5692 0.2957, 0.8187 -0.5692 0.2953, 0.8187 -0.5573 0.2957, 0.8187 -0.5573 0.2953, 0.833 -0.5573 0.2957, 0.833 -0.5573 0.2953, 0.833 -0.5531 0.2957, 0.833 -0.5531 0.2953, 0.8139 -0.5531 0.2957, 0.8139 -0.5531 0.2953, 0.8139 -0.5901 0.2957, 0.8139 -0.5901 0.2953, 0.8337 -0.5901 0.2953, 0.855 -0.5901 0.2957, 0.8596 -0.5901 0.2957, 0.855 -0.586 0.2957, 0.8596 -0.5731 0.2957, 0.855 -0.5733 0.2957, 0.8449 -0.5788 0.2957, 0.846 -0.5783 0.2957, 0.8488 -0.5777 0.2957, 0.855 -0.5768 0.2957, 0.855 -0.5794 0.2957, 0.8548 -0.5712 0.2957, 0.8592 -0.5693 0.2957, 0.8543 -0.5696 0.2957, 0.8584 -0.5673 0.2957, 0.8538 -0.5686 0.2957, 0.8575 -0.5658 0.2957, 0.8531 -0.5679 0.2957, 0.8564 -0.5648 0.2957, 0.8522 -0.5674 0.2957, 0.8549 -0.5639 0.2957, 0.8512 -0.567 0.2957, 0.853 -0.5633 0.2957, 0.8496 -0.5668 0.2957, 0.85 -0.563 0.2957, 0.8469 -0.5671 0.2957, 0.8459 -0.5635 0.2957, 0.844 -0.5681 0.2957, 0.8424 -0.5647 0.2957, 0.8409 -0.57 0.2957, 0.8409 -0.5655 0.2957, 0.855 -0.5797 0.2957, 0.8547 -0.5818 0.2957, 0.854 -0.5834 0.2957, 0.8548 -0.586 0.2957, 0.853 -0.5848 0.2957, 0.8541 -0.5871 0.2957, 0.8524 -0.5853 0.2957, 0.8526 -0.5887 0.2957, 0.8511 -0.5862 0.2957, 0.851 -0.5898 0.2957, 0.8497 -0.5867 0.2957, 0.8491 -0.5905 0.2957, 0.8479 -0.5869 0.2957, 0.8467 -0.5907 0.2957, 0.8464 -0.5868 0.2957, 0.8439 -0.5904 0.2957, 0.8453 -0.5864 0.2957, 0.8422 -0.5898 0.2957, 0.8444 -0.5857 0.2957, 0.8406 -0.5887 0.2957, 0.844 -0.5853 0.2957, 0.8471 -0.5744 0.2957, 0.8434 -0.5753 0.2957, 0.8443 -0.5793 0.2957, 0.8415 -0.5764 0.2957, 0.8437 -0.58 0.2957, 0.8401 -0.5776 0.2957, 0.8433 -0.5809 0.2957, 0.8391 -0.5791 0.2957, 0.8431 -0.5819 0.2957, 0.8386 -0.5808 0.2957, 0.843 -0.5827 0.2957, 0.8383 -0.583 0.2957, 0.8432 -0.5837 0.2957, 0.8386 -0.5851 0.2957, 0.8435 -0.5846 0.2957, 0.8391 -0.5867 0.2957, 0.8401 -0.5881 0.2957, 0.85 -0.563 0.2953, 0.8459 -0.5635 0.2953, 0.8424 -0.5647 0.2953, 0.8409 -0.5655 0.2953, 0.8409 -0.57 0.2953, 0.844 -0.5681 0.2953, 0.8469 -0.5671 0.2953, 0.8496 -0.5668 0.2953, 0.8512 -0.567 0.2953, 0.8522 -0.5674 0.2953, 0.8531 -0.5679 0.2953, 0.8538 -0.5686 0.2953, 0.8543 -0.5696 0.2953, 0.8548 -0.5712 0.2953, 0.855 -0.5733 0.2953, 0.8471 -0.5744 0.2953, 0.8434 -0.5753 0.2953, 0.8415 -0.5764 0.2953, 0.8401 -0.5776 0.2953, 0.8391 -0.5791 0.2953, 0.8386 -0.5808 0.2953, 0.8383 -0.583 0.2953, 0.8386 -0.5851 0.2953, 0.8391 -0.5867 0.2953, 0.8401 -0.5881 0.2953, 0.8406 -0.5887 0.2953, 0.8467 -0.5907 0.2953, 0.844 -0.5904 0.2953, 0.8439 -0.5904 0.2953, 0.8422 -0.5898 0.2953, 0.8491 -0.5905 0.2953, 0.8493 -0.5904 0.2953, 0.851 -0.5898 0.2953, 0.8526 -0.5887 0.2953, 0.8541 -0.5871 0.2953, 0.8548 -0.586 0.2953, 0.855 -0.586 0.2953, 0.855 -0.5901 0.2953, 0.8596 -0.5901 0.2953, 0.8596 -0.5731 0.2953, 0.8592 -0.5693 0.2953, 0.8584 -0.5673 0.2953, 0.8575 -0.5658 0.2953, 0.8564 -0.5648 0.2953, 0.8549 -0.5639 0.2953, 0.853 -0.5633 0.2953, 0.8443 -0.5793 0.2953, 0.8449 -0.5788 0.2953, 0.846 -0.5783 0.2953, 0.8488 -0.5777 0.2953, 0.843 -0.5827 0.2953, 0.8431 -0.5819 0.2953, 0.8433 -0.5809 0.2953, 0.8437 -0.58 0.2953, 0.8444 -0.5857 0.2953, 0.844 -0.5853 0.2953, 0.8435 -0.5846 0.2953, 0.8432 -0.5837 0.2953, 0.8479 -0.5869 0.2953, 0.8464 -0.5868 0.2953, 0.8453 -0.5864 0.2953, 0.853 -0.5848 0.2953, 0.8524 -0.5853 0.2953, 0.8511 -0.5862 0.2953, 0.8497 -0.5867 0.2953, 0.855 -0.5794 0.2953, 0.855 -0.5797 0.2953, 0.8547 -0.5818 0.2953, 0.854 -0.5834 0.2953, 0.855 -0.5768 0.2953
            ]
        }
        coordIndex [
            0,1,2,-1,2,1,3,-1,4,5,6,-1,6,5,0,-1,6,0,2,-1,7,5,8,-1,8,5,4,-1,9,7,10,-1,10,7,8,-1,11,9,12,-1,12,9,10,-1,13,11,14,-1,14,11,12,-1,15,13,16,-1,16,13,14,-1,17,15,18,-1,18,15,16,-1,19,17,20,-1,20,17,18,-1,21,19,22,-1,22,19,20,-1,23,21,24,-1,24,21,22,-1,3,1,25,-1,25,1,23,-1,25,23,24,-1,23,1,0,-1,0,5,23,-1,23,5,7,-1,23,7,21,-1,17,19,15,-1,15,19,21,-1,15,21,13,-1,13,21,7,-1,13,7,11,-1,11,7,9,-1,26,27,28,-1,28,27,29,-1,30,31,32,-1,33,34,29,-1,29,34,35,-1,32,33,30,-1,30,33,29,-1,30,29,36,-1,36,29,37,-1,36,37,38,-1,38,37,39,-1,38,39,40,-1,40,39,41,-1,40,41,42,-1,42,41,43,-1,42,43,44,-1,44,43,45,-1,44,45,46,-1,46,45,47,-1,46,47,48,-1,48,47,49,-1,48,49,50,-1,50,49,51,-1,50,51,52,-1,52,51,53,-1,52,53,54,-1,54,53,55,-1,35,56,29,-1,29,56,57,-1,29,57,28,-1,28,57,58,-1,28,58,59,-1,59,58,60,-1,59,60,61,-1,61,60,62,-1,61,62,63,-1,63,62,64,-1,63,64,65,-1,65,64,66,-1,65,66,67,-1,67,66,68,-1,67,68,69,-1,69,68,70,-1,69,70,71,-1,71,70,72,-1,71,72,73,-1,73,72,74,-1,73,74,75,-1,75,74,76,-1,30,77,31,-1,31,77,78,-1,31,78,79,-1,79,78,80,-1,79,80,81,-1,81,80,82,-1,81,82,83,-1,83,82,84,-1,83,84,85,-1,85,84,86,-1,85,86,87,-1,87,86,88,-1,87,88,89,-1,89,88,90,-1,89,90,91,-1,91,90,92,-1,91,92,76,-1,76,92,93,-1,76,93,75,-1,49,94,95,-1,49,95,51,-1,51,95,96,-1,51,96,53,-1,53,96,97,-1,53,97,55,-1,54,55,98,-1,98,55,97,-1,54,98,99,-1,54,99,52,-1,52,99,100,-1,52,100,50,-1,50,100,101,-1,50,101,48,-1,48,101,102,-1,48,102,46,-1,46,102,103,-1,46,103,44,-1,44,103,104,-1,44,104,42,-1,42,104,105,-1,42,105,40,-1,40,105,106,-1,40,106,38,-1,38,106,107,-1,38,107,36,-1,36,107,108,-1,36,108,30,-1,77,30,109,-1,109,30,108,-1,77,109,110,-1,77,110,78,-1,78,110,111,-1,78,111,80,-1,80,111,112,-1,80,112,82,-1,82,112,113,-1,82,113,84,-1,84,113,114,-1,84,114,86,-1,86,114,115,-1,86,115,88,-1,88,115,116,-1,88,116,90,-1,90,116,117,-1,90,117,92,-1,92,117,118,-1,92,118,93,-1,93,118,119,-1,93,119,75,-1,120,69,121,-1,121,69,71,-1,121,71,122,-1,122,71,73,-1,122,73,123,-1,123,73,75,-1,123,75,119,-1,69,120,124,-1,69,124,67,-1,67,124,125,-1,67,125,65,-1,125,126,65,-1,65,126,127,-1,65,127,63,-1,63,127,128,-1,63,128,61,-1,61,128,129,-1,61,129,59,-1,28,59,130,-1,130,59,129,-1,26,28,131,-1,131,28,130,-1,27,26,132,-1,132,26,131,-1,29,27,133,-1,133,27,132,-1,29,133,134,-1,29,134,37,-1,37,134,135,-1,37,135,39,-1,39,135,136,-1,39,136,41,-1,41,136,137,-1,41,137,43,-1,43,137,138,-1,43,138,45,-1,45,138,139,-1,45,139,47,-1,47,139,94,-1,47,94,49,-1,79,140,141,-1,79,141,31,-1,31,141,142,-1,31,142,32,-1,32,142,143,-1,32,143,33,-1,87,144,145,-1,87,145,85,-1,85,145,146,-1,85,146,83,-1,83,146,147,-1,83,147,81,-1,81,147,140,-1,81,140,79,-1,74,148,149,-1,74,149,76,-1,76,149,150,-1,76,150,91,-1,91,150,151,-1,91,151,89,-1,89,151,144,-1,89,144,87,-1,68,152,153,-1,68,153,70,-1,70,153,154,-1,70,154,72,-1,72,154,148,-1,72,148,74,-1,60,155,156,-1,60,156,62,-1,62,156,157,-1,62,157,64,-1,64,157,158,-1,64,158,66,-1,66,158,152,-1,66,152,68,-1,35,159,160,-1,35,160,56,-1,56,160,161,-1,56,161,57,-1,57,161,162,-1,57,162,58,-1,58,162,155,-1,58,155,60,-1,35,34,159,-1,159,34,163,-1,34,33,163,-1,163,33,143,-1,
        ]
    }
}
Shape{
    appearance Appearance {
        material  Material 	{
            diffuseColor 0.25098039215686274 0.25098039215686274 0.25098039215686274
            specularColor 0.12549019607843137 0.12549019607843137 0.12549019607843137
            ambientIntensity 0.251
            transparency 0.0
            shininess 0.5
        }
    }
    geometry IndexedFaceSet {
        ccw TRUE
        solid FALSE
        coord DEF co Coordinate {
            point [
                0.855 -0.5768 0.2953, 0.8488 -0.5777 0.2953, 0.855 -0.5794 0.2953, 0.846 -0.5783 0.2953, 0.8449 -0.5788 0.2953, 0.8443 -0.5793 0.2953, 0.855 -0.5797 0.2953, 0.8547 -0.5818 0.2953, 0.8437 -0.58 0.2953, 0.854 -0.5834 0.2953, 0.844 -0.5853 0.2953, 0.8444 -0.5857 0.2953, 0.8524 -0.5853 0.2953, 0.8435 -0.5846 0.2953, 0.8511 -0.5862 0.2953, 0.8497 -0.5867 0.2953, 0.8479 -0.5869 0.2953, 0.8433 -0.5809 0.2953, 0.8431 -0.5819 0.2953, 0.853 -0.5848 0.2953, 0.843 -0.5827 0.2953, 0.8432 -0.5837 0.2953, 0.8453 -0.5864 0.2953, 0.8464 -0.5868 0.2953
            ]
        }
        coordIndex [
            0,1,2,-1,2,1,3,-1,3,4,2,-1,2,4,5,-1,2,5,6,-1,6,5,7,-1,7,5,8,-1,7,8,9,-1,10,11,12,-1,10,12,13,-1,14,12,15,-1,15,12,16,-1,8,17,9,-1,9,17,18,-1,9,18,19,-1,19,18,20,-1,19,20,12,-1,12,20,21,-1,12,21,13,-1,11,22,12,-1,12,22,23,-1,12,23,16,-1,
        ]
    }
}
Shape{
    appearance Appearance {
        material  Material 	{
            diffuseColor 1.0 1.0 1.0
            specularColor 0.5019607843137255 0.5019607843137255 0.5019607843137255
            ambientIntensity 1.0
            transparency 0.0
            shininess 0.5
        }
    }
    geometry IndexedFaceSet {
        ccw TRUE
        solid FALSE
        coord DEF co Coordinate {
            point [
                0.8735 -0.587 0.2957, 0.8735 -0.587 0.2953, 0.8703 -0.5865 0.2953, 0.868 -0.5856 0.2953, 0.8674 -0.5854 0.2957, 0.8703 -0.5865 0.2957, 0.8674 -0.5854 0.2953, 0.8659 -0.5844 0.2953, 0.8659 -0.5844 0.2957, 0.8659 -0.5892 0.2957, 0.8659 -0.5892 0.2953, 0.8691 -0.5903 0.2957, 0.868 -0.59 0.2953, 0.8731 -0.5907 0.2953, 0.8731 -0.5907 0.2957, 0.8701 -0.5904 0.2953, 0.8691 -0.5903 0.2953, 0.877 -0.5903 0.2957, 0.8759 -0.5904 0.2953, 0.877 -0.5903 0.2953, 0.8795 -0.5894 0.2953, 0.8795 -0.5894 0.2957, 0.8808 -0.5886 0.2953, 0.8808 -0.5886 0.2957, 0.8821 -0.5875 0.2953, 0.8821 -0.5875 0.2957, 0.883 -0.5863 0.2953, 0.883 -0.5863 0.2957, 0.8836 -0.5848 0.2953, 0.8836 -0.5848 0.2957, 0.8838 -0.5829 0.2953, 0.8838 -0.5829 0.2957, 0.8836 -0.5812 0.2953, 0.8836 -0.5812 0.2957, 0.8831 -0.5798 0.2953, 0.8831 -0.5798 0.2957, 0.8822 -0.5785 0.2953, 0.8822 -0.5785 0.2957, 0.8811 -0.5776 0.2953, 0.8811 -0.5776 0.2957, 0.878 -0.5758 0.2953, 0.878 -0.5758 0.2957, 0.8762 -0.5751 0.2953, 0.8762 -0.5751 0.2957, 0.8734 -0.5739 0.2953, 0.8734 -0.5739 0.2957, 0.8717 -0.5728 0.2953, 0.8717 -0.5728 0.2957, 0.8713 -0.5723 0.2953, 0.8713 -0.5723 0.2957, 0.8709 -0.5717 0.2953, 0.8709 -0.5717 0.2957, 0.8708 -0.571 0.2953, 0.8708 -0.571 0.2957, 0.8707 -0.5704 0.2953, 0.8707 -0.5704 0.2957, 0.8708 -0.5696 0.2953, 0.8708 -0.5696 0.2957, 0.871 -0.569 0.2953, 0.871 -0.569 0.2957, 0.8714 -0.5684 0.2953, 0.8714 -0.5684 0.2957, 0.8721 -0.5678 0.2953, 0.8721 -0.5678 0.2957, 0.8732 -0.5672 0.2953, 0.8732 -0.5672 0.2957, 0.8744 -0.5669 0.2953, 0.8744 -0.5669 0.2957, 0.8758 -0.5668 0.2953, 0.8758 -0.5668 0.2957, 0.8791 -0.5672 0.2953, 0.8791 -0.5672 0.2957, 0.8817 -0.5683 0.2953, 0.8817 -0.5683 0.2957, 0.8825 -0.5687 0.2953, 0.8825 -0.5687 0.2957, 0.8825 -0.5642 0.2957, 0.8825 -0.5642 0.2953, 0.8791 -0.5633 0.2953, 0.8791 -0.5633 0.2957, 0.8762 -0.563 0.2953, 0.8762 -0.563 0.2957, 0.8726 -0.5635 0.2953, 0.8726 -0.5635 0.2957, 0.8701 -0.5644 0.2953, 0.8701 -0.5644 0.2957, 0.8689 -0.5651 0.2953, 0.8689 -0.5651 0.2957, 0.8675 -0.5664 0.2957, 0.868 -0.5659 0.2953, 0.8675 -0.5664 0.2953, 0.8667 -0.5676 0.2953, 0.8667 -0.5676 0.2957, 0.8661 -0.5691 0.2953, 0.8661 -0.5691 0.2957, 0.8659 -0.5708 0.2953, 0.8659 -0.5708 0.2957, 0.8661 -0.5726 0.2953, 0.8661 -0.5726 0.2957, 0.8666 -0.574 0.2953, 0.8666 -0.574 0.2957, 0.8672 -0.575 0.2953, 0.8672 -0.575 0.2957, 0.873 -0.5785 0.2953, 0.873 -0.5785 0.2957, 0.8702 -0.5772 0.2957, 0.868 -0.5758 0.2953, 0.868 -0.5758 0.2957, 0.868 -0.5758 0.2953, 0.8702 -0.5772 0.2953, 0.876 -0.5798 0.2953, 0.876 -0.5798 0.2957, 0.8778 -0.5809 0.2953, 0.8778 -0.5809 0.2957, 0.8784 -0.5815 0.2953, 0.8784 -0.5815 0.2957, 0.8788 -0.5821 0.2953, 0.8788 -0.5821 0.2957, 0.879 -0.5828 0.2953, 0.879 -0.5828 0.2957, 0.879 -0.5834 0.2953, 0.879 -0.5834 0.2957, 0.8789 -0.5843 0.2953, 0.8789 -0.5843 0.2957, 0.8787 -0.5849 0.2953, 0.8787 -0.5849 0.2957, 0.8783 -0.5855 0.2953, 0.8783 -0.5855 0.2957, 0.8777 -0.586 0.2953, 0.8777 -0.586 0.2957, 0.8773 -0.5862 0.2953, 0.8773 -0.5862 0.2957, 0.8761 -0.5867 0.2953, 0.8761 -0.5867 0.2957, 0.8737 -0.587 0.2953, 0.8737 -0.587 0.2957, 0.9068 -0.5636 0.2957, 0.9116 -0.5636 0.2957, 0.9068 -0.5636 0.2953, 0.9116 -0.5636 0.2953, 0.8996 -0.5836 0.2957, 0.8996 -0.5836 0.2953, 0.8992 -0.5848 0.2953, 0.8992 -0.5848 0.2957, 0.899 -0.5857 0.2953, 0.899 -0.5857 0.2957, 0.8989 -0.5857 0.2957, 0.8989 -0.5857 0.2953, 0.8983 -0.5835 0.2957, 0.8983 -0.5835 0.2953, 0.8914 -0.5636 0.2957, 0.8914 -0.5636 0.2953, 0.8862 -0.5636 0.2957, 0.8862 -0.5636 0.2953, 0.8966 -0.5901 0.2957, 0.8966 -0.5901 0.2953, 0.8945 -0.5949 0.2953, 0.8945 -0.5949 0.2957, 0.8964 -0.5904 0.2953, 0.8936 -0.5965 0.2953, 0.8936 -0.5965 0.2957, 0.8928 -0.5975 0.2953, 0.8928 -0.5975 0.2957, 0.8919 -0.5981 0.2953, 0.8919 -0.5981 0.2957, 0.8909 -0.5985 0.2953, 0.8909 -0.5985 0.2957, 0.8898 -0.5986 0.2953, 0.8898 -0.5986 0.2957, 0.8881 -0.5984 0.2953, 0.8881 -0.5984 0.2957, 0.8871 -0.5981 0.2953, 0.8871 -0.5981 0.2957, 0.8871 -0.6022 0.2957, 0.8871 -0.6022 0.2953, 0.8891 -0.6026 0.2953, 0.8891 -0.6026 0.2957, 0.8901 -0.6026 0.2953, 0.8901 -0.6026 0.2957, 0.892 -0.6024 0.2953, 0.892 -0.6024 0.2957, 0.8939 -0.6017 0.2953, 0.8939 -0.6017 0.2957, 0.8955 -0.6005 0.2953, 0.8955 -0.6005 0.2957, 0.8958 -0.6003 0.2953, 0.8958 -0.6003 0.2957, 0.8975 -0.5982 0.2953, 0.8975 -0.5982 0.2957, 0.8996 -0.5941 0.2953, 0.8996 -0.5941 0.2957, 0.901 -0.5904 0.2953, 0.9365 -0.5859 0.2957, 0.9365 -0.5901 0.2957, 0.9365 -0.5859 0.2953, 0.9365 -0.5901 0.2953, 0.9214 -0.5859 0.2953, 0.9214 -0.5859 0.2957, 0.9283 -0.5859 0.2953, 0.9214 -0.5734 0.2957, 0.9214 -0.5734 0.2953, 0.9347 -0.5734 0.2953, 0.9347 -0.5734 0.2957, 0.9283 -0.5734 0.2953, 0.9347 -0.5692 0.2957, 0.9347 -0.5692 0.2953, 0.9214 -0.5692 0.2953, 0.9214 -0.5692 0.2957, 0.9283 -0.5692 0.2953, 0.9214 -0.5573 0.2957, 0.9214 -0.5573 0.2953, 0.9357 -0.5573 0.2953, 0.9357 -0.5573 0.2957, 0.9283 -0.5573 0.2953, 0.9357 -0.5531 0.2957, 0.9357 -0.5531 0.2953, 0.9166 -0.5531 0.2953, 0.9166 -0.5531 0.2957, 0.9283 -0.5531 0.2953, 0.9166 -0.5901 0.2957, 0.9166 -0.5901 0.2953, 0.9283 -0.5901 0.2953, 0.9681 -0.5849 0.2957, 0.9707 -0.582 0.2957, 0.9667 -0.5796 0.2957, 0.9679 -0.5768 0.2957, 0.9726 -0.5782 0.2957, 0.9686 -0.5734 0.2957, 0.9736 -0.5739 0.2957, 0.9687 -0.5712 0.2957, 0.9737 -0.5711 0.2957, 0.9683 -0.5671 0.2957, 0.9733 -0.5668 0.2957, 0.9673 -0.5643 0.2957, 0.9721 -0.5631 0.2957, 0.9659 -0.5621 0.2957, 0.9699 -0.5597 0.2957, 0.9646 -0.5608 0.2957, 0.9681 -0.558 0.2957, 0.9619 -0.559 0.2957, 0.9648 -0.5556 0.2957, 0.9587 -0.5578 0.2957, 0.9605 -0.5538 0.2957, 0.9549 -0.5531 0.2957, 0.9539 -0.5573 0.2957, 0.9541 -0.5531 0.2957, 0.9483 -0.5573 0.2957, 0.9435 -0.5531 0.2957, 0.9483 -0.5859 0.2957, 0.9435 -0.5901 0.2957, 0.9537 -0.5859 0.2957, 0.9537 -0.5901 0.2957, 0.9581 -0.5855 0.2957, 0.96 -0.5894 0.2957, 0.9613 -0.5844 0.2957, 0.9642 -0.5877 0.2957, 0.9639 -0.5828 0.2957, 0.9647 -0.582 0.2957, 0.9537 -0.5901 0.2953, 0.9435 -0.5901 0.2953, 0.96 -0.5894 0.2953, 0.9642 -0.5877 0.2953, 0.9681 -0.5849 0.2953, 0.9707 -0.582 0.2953, 0.9726 -0.5782 0.2953, 0.9736 -0.5739 0.2953, 0.9737 -0.5711 0.2953, 0.9733 -0.5668 0.2953, 0.9721 -0.5631 0.2953, 0.9699 -0.5597 0.2953, 0.9681 -0.558 0.2953, 0.9648 -0.5556 0.2953, 0.9605 -0.5538 0.2953, 0.9549 -0.5531 0.2953, 0.9541 -0.5531 0.2953, 0.9435 -0.5531 0.2953, 0.9539 -0.5573 0.2953, 0.9483 -0.5573 0.2953, 0.9483 -0.5859 0.2953, 0.9537 -0.5859 0.2953, 0.9647 -0.582 0.2953, 0.9639 -0.5828 0.2953, 0.9613 -0.5844 0.2953, 0.9581 -0.5855 0.2953, 0.9687 -0.5712 0.2953, 0.9686 -0.5734 0.2953, 0.9679 -0.5768 0.2953, 0.9667 -0.5796 0.2953, 0.9646 -0.5608 0.2953, 0.9659 -0.5621 0.2953, 0.9673 -0.5643 0.2953, 0.9683 -0.5671 0.2953, 0.9587 -0.5578 0.2953, 0.9619 -0.559 0.2953
            ]
        }
        coordIndex [
            0,1,2,-1,3,4,2,-1,2,4,5,-1,2,5,0,-1,3,6,4,-1,4,6,7,-1,4,7,8,-1,9,8,10,-1,10,8,7,-1,9,10,11,-1,11,10,12,-1,13,14,15,-1,15,14,11,-1,15,11,16,-1,16,11,12,-1,14,13,17,-1,17,13,18,-1,18,19,17,-1,17,19,20,-1,17,20,21,-1,21,20,22,-1,21,22,23,-1,23,22,24,-1,23,24,25,-1,25,24,26,-1,25,26,27,-1,27,26,28,-1,27,28,29,-1,29,28,30,-1,29,30,31,-1,31,30,32,-1,31,32,33,-1,33,32,34,-1,33,34,35,-1,35,34,36,-1,35,36,37,-1,37,36,38,-1,37,38,39,-1,39,38,40,-1,39,40,41,-1,41,40,42,-1,41,42,43,-1,43,42,44,-1,43,44,45,-1,45,44,46,-1,45,46,47,-1,47,46,48,-1,47,48,49,-1,49,48,50,-1,49,50,51,-1,51,50,52,-1,51,52,53,-1,53,52,54,-1,53,54,55,-1,55,54,56,-1,55,56,57,-1,57,56,58,-1,57,58,59,-1,59,58,60,-1,59,60,61,-1,61,60,62,-1,61,62,63,-1,63,62,64,-1,63,64,65,-1,65,64,66,-1,65,66,67,-1,67,66,68,-1,67,68,69,-1,69,68,70,-1,69,70,71,-1,71,70,72,-1,71,72,73,-1,73,72,74,-1,73,74,75,-1,76,75,77,-1,77,75,74,-1,76,77,78,-1,76,78,79,-1,79,78,80,-1,79,80,81,-1,81,80,82,-1,81,82,83,-1,83,82,84,-1,83,84,85,-1,85,84,86,-1,85,86,87,-1,87,86,88,-1,88,86,89,-1,89,90,88,-1,88,90,91,-1,88,91,92,-1,92,91,93,-1,92,93,94,-1,94,93,95,-1,94,95,96,-1,96,95,97,-1,96,97,98,-1,98,97,99,-1,98,99,100,-1,100,99,101,-1,100,101,102,-1,103,104,105,-1,102,101,106,-1,102,106,107,-1,107,106,108,-1,107,108,105,-1,105,108,109,-1,105,109,103,-1,104,103,110,-1,104,110,111,-1,111,110,112,-1,111,112,113,-1,113,112,114,-1,113,114,115,-1,115,114,116,-1,115,116,117,-1,117,116,118,-1,117,118,119,-1,119,118,120,-1,119,120,121,-1,121,120,122,-1,121,122,123,-1,123,122,124,-1,123,124,125,-1,125,124,126,-1,125,126,127,-1,127,126,128,-1,127,128,129,-1,129,128,130,-1,129,130,131,-1,131,130,132,-1,131,132,133,-1,133,132,134,-1,133,134,135,-1,135,134,1,-1,135,1,0,-1,61,63,85,-1,85,63,83,-1,111,43,104,-1,104,43,45,-1,14,0,11,-1,11,0,5,-1,11,5,9,-1,9,5,4,-1,9,4,8,-1,63,65,83,-1,83,65,67,-1,83,67,81,-1,81,67,69,-1,81,69,79,-1,79,69,71,-1,79,71,76,-1,76,71,73,-1,76,73,75,-1,21,23,127,-1,127,23,25,-1,127,25,125,-1,125,25,27,-1,125,27,123,-1,123,27,29,-1,123,29,121,-1,121,29,31,-1,121,31,119,-1,119,31,33,-1,119,33,117,-1,117,33,35,-1,117,35,115,-1,115,35,37,-1,115,37,113,-1,113,37,39,-1,113,39,111,-1,111,39,41,-1,111,41,43,-1,127,129,21,-1,21,129,131,-1,21,131,17,-1,17,131,133,-1,17,133,14,-1,14,133,135,-1,14,135,0,-1,85,87,61,-1,61,87,88,-1,61,88,59,-1,59,88,92,-1,59,92,57,-1,57,92,94,-1,57,94,55,-1,55,94,96,-1,55,96,53,-1,53,96,98,-1,53,98,51,-1,51,98,100,-1,51,100,49,-1,49,100,102,-1,49,102,47,-1,47,102,107,-1,47,107,45,-1,45,107,105,-1,45,105,104,-1,136,137,138,-1,138,137,139,-1,140,136,141,-1,141,136,138,-1,140,141,142,-1,140,142,143,-1,143,142,144,-1,143,144,145,-1,146,145,147,-1,147,145,144,-1,148,146,149,-1,149,146,147,-1,150,148,151,-1,151,148,149,-1,152,150,153,-1,153,150,151,-1,154,152,155,-1,155,152,153,-1,156,157,158,-1,158,157,154,-1,158,154,155,-1,157,156,159,-1,157,159,160,-1,160,159,161,-1,160,161,162,-1,162,161,163,-1,162,163,164,-1,164,163,165,-1,164,165,166,-1,166,165,167,-1,166,167,168,-1,168,167,169,-1,168,169,170,-1,170,169,171,-1,170,171,172,-1,173,172,174,-1,174,172,171,-1,173,174,175,-1,173,175,176,-1,176,175,177,-1,176,177,178,-1,178,177,179,-1,178,179,180,-1,180,179,181,-1,180,181,182,-1,182,181,183,-1,182,183,184,-1,184,183,185,-1,184,185,186,-1,186,185,187,-1,186,187,188,-1,188,187,189,-1,188,189,190,-1,139,137,191,-1,191,137,190,-1,191,190,189,-1,143,145,190,-1,137,136,190,-1,190,136,140,-1,190,140,143,-1,150,152,148,-1,148,152,154,-1,148,154,146,-1,188,160,186,-1,186,160,162,-1,172,173,170,-1,170,173,176,-1,170,176,168,-1,168,176,178,-1,168,178,166,-1,166,178,180,-1,166,180,164,-1,164,180,182,-1,164,182,162,-1,162,182,184,-1,162,184,186,-1,145,146,190,-1,190,146,154,-1,190,154,188,-1,188,154,157,-1,188,157,160,-1,192,193,194,-1,194,193,195,-1,196,197,198,-1,198,197,192,-1,198,192,194,-1,199,197,200,-1,200,197,196,-1,201,202,203,-1,203,202,199,-1,203,199,200,-1,204,202,205,-1,205,202,201,-1,206,207,208,-1,208,207,204,-1,208,204,205,-1,209,207,210,-1,210,207,206,-1,211,212,213,-1,213,212,209,-1,213,209,210,-1,214,212,215,-1,215,212,211,-1,216,217,218,-1,218,217,214,-1,218,214,215,-1,219,217,220,-1,220,217,216,-1,195,193,221,-1,221,193,219,-1,221,219,220,-1,219,193,192,-1,192,197,219,-1,219,197,199,-1,219,199,217,-1,212,214,209,-1,209,214,217,-1,209,217,207,-1,207,217,199,-1,207,199,204,-1,204,199,202,-1,222,223,224,-1,224,223,225,-1,225,223,226,-1,225,226,227,-1,227,226,228,-1,227,228,229,-1,229,228,230,-1,229,230,231,-1,231,230,232,-1,231,232,233,-1,233,232,234,-1,233,234,235,-1,235,234,236,-1,235,236,237,-1,237,236,238,-1,237,238,239,-1,239,238,240,-1,239,240,241,-1,240,242,241,-1,241,242,243,-1,241,243,244,-1,244,243,245,-1,244,245,246,-1,246,245,247,-1,246,247,248,-1,248,247,249,-1,248,249,250,-1,250,249,251,-1,250,251,252,-1,252,251,253,-1,252,253,254,-1,254,253,255,-1,254,255,256,-1,256,255,222,-1,256,222,257,-1,257,222,224,-1,251,249,258,-1,258,249,259,-1,251,258,260,-1,251,260,253,-1,253,260,261,-1,253,261,255,-1,255,261,262,-1,255,262,222,-1,222,262,263,-1,222,263,223,-1,223,263,264,-1,223,264,226,-1,226,264,265,-1,226,265,228,-1,228,265,266,-1,228,266,230,-1,230,266,267,-1,230,267,232,-1,232,267,268,-1,232,268,234,-1,234,268,269,-1,234,269,236,-1,236,269,270,-1,236,270,238,-1,238,270,271,-1,238,271,240,-1,240,271,272,-1,240,272,242,-1,242,272,273,-1,242,273,243,-1,243,273,274,-1,243,274,245,-1,247,245,275,-1,275,245,274,-1,249,247,259,-1,259,247,275,-1,244,246,276,-1,276,246,277,-1,246,248,277,-1,277,248,278,-1,248,250,278,-1,278,250,279,-1,257,280,281,-1,257,281,256,-1,256,281,282,-1,256,282,254,-1,254,282,283,-1,254,283,252,-1,252,283,279,-1,252,279,250,-1,229,284,285,-1,229,285,227,-1,227,285,286,-1,227,286,225,-1,225,286,287,-1,225,287,224,-1,224,287,280,-1,224,280,257,-1,237,288,289,-1,237,289,235,-1,235,289,290,-1,235,290,233,-1,233,290,291,-1,233,291,231,-1,231,291,284,-1,231,284,229,-1,244,276,292,-1,244,292,241,-1,241,292,293,-1,241,293,239,-1,239,293,288,-1,239,288,237,-1,
        ]
    }
}
Shape{
    appearance Appearance {
        material  Material 	{
            diffuseColor 0.25098039215686274 0.25098039215686274 0.25098039215686274
            specularColor 0.12549019607843137 0.12549019607843137 0.12549019607843137
            ambientIntensity 0.251
            transparency 0.0
            shininess 0.5
        }
    }
    geometry IndexedFaceSet {
        ccw TRUE
        solid FALSE
        coord DEF co Coordinate {
            point [
                0.9483 -0.5573 0.2953, 0.9483 -0.5859 0.2953, 0.9539 -0.5573 0.2953, 0.9537 -0.5859 0.2953, 0.9581 -0.5855 0.2953, 0.9613 -0.5844 0.2953, 0.9639 -0.5828 0.2953, 0.9647 -0.582 0.2953, 0.9667 -0.5796 0.2953, 0.9679 -0.5768 0.2953, 0.9686 -0.5734 0.2953, 0.9687 -0.5712 0.2953, 0.9683 -0.5671 0.2953, 0.9673 -0.5643 0.2953, 0.9659 -0.5621 0.2953, 0.9646 -0.5608 0.2953, 0.9587 -0.5578 0.2953, 0.9619 -0.559 0.2953
            ]
        }
        coordIndex [
            0,1,2,-1,2,1,3,-1,2,3,4,-1,4,5,2,-1,2,5,6,-1,2,6,7,-1,7,8,2,-1,2,8,9,-1,2,9,10,-1,10,11,2,-1,2,11,12,-1,2,12,13,-1,13,14,2,-1,2,14,15,-1,2,15,16,-1,16,15,17,-1,
        ]
    }
}
Shape{
    appearance Appearance {
        material  Material 	{
            diffuseColor 1.0 1.0 1.0
            specularColor 0.5019607843137255 0.5019607843137255 0.5019607843137255
            ambientIntensity 1.0
            transparency 0.0
            shininess 0.5
        }
    }
    geometry IndexedFaceSet {
        ccw TRUE
        solid FALSE
        coord DEF co Coordinate {
            point [
                0.9862 -0.5758 0.2957, 0.9846 -0.58 0.2957, 0.9986 -0.5758 0.2957, 1.0001 -0.58 0.2957, 0.9917 -0.5604 0.2957, 0.9899 -0.5531 0.2957, 0.9758 -0.5901 0.2957, 0.9811 -0.5901 0.2957, 0.992 -0.5593 0.2957, 0.9923 -0.5578 0.2957, 0.995 -0.5531 0.2957, 0.9924 -0.5578 0.2957, 0.9927 -0.5594 0.2957, 0.993 -0.5604 0.2957, 1.0091 -0.5901 0.2957, 1.0039 -0.5901 0.2957, 0.995 -0.5531 0.2953, 1.0091 -0.5901 0.2953, 0.9899 -0.5531 0.2953, 0.9758 -0.5901 0.2953, 0.9811 -0.5901 0.2953, 0.9846 -0.58 0.2953, 1.0001 -0.58 0.2953, 1.0039 -0.5901 0.2953, 0.9862 -0.5758 0.2953, 0.9986 -0.5758 0.2953, 0.993 -0.5604 0.2953, 0.9924 -0.5578 0.2953, 0.9927 -0.5594 0.2953, 0.9923 -0.5578 0.2953, 0.9917 -0.5604 0.2953, 0.992 -0.5593 0.2953
            ]
        }
        coordIndex [
            0,1,2,-1,2,1,3,-1,4,5,0,-1,0,5,6,-1,0,6,1,-1,1,6,7,-1,4,8,5,-1,5,8,9,-1,5,9,10,-1,10,9,11,-1,10,11,12,-1,12,13,10,-1,10,13,2,-1,10,2,14,-1,14,2,3,-1,14,3,15,-1,10,14,16,-1,16,14,17,-1,5,10,18,-1,18,10,16,-1,6,5,19,-1,19,5,18,-1,7,6,20,-1,20,6,19,-1,1,7,21,-1,21,7,20,-1,3,1,22,-1,22,1,21,-1,15,3,23,-1,23,3,22,-1,14,15,17,-1,17,15,23,-1,0,2,24,-1,24,2,25,-1,2,13,25,-1,25,13,26,-1,11,27,28,-1,11,28,12,-1,12,28,26,-1,12,26,13,-1,11,9,27,-1,27,9,29,-1,4,30,31,-1,4,31,8,-1,8,31,29,-1,8,29,9,-1,4,0,30,-1,30,0,24,-1,
        ]
    }
}
Shape{
    appearance Appearance {
        material  Material 	{
            diffuseColor 0.25098039215686274 0.25098039215686274 0.25098039215686274
            specularColor 0.12549019607843137 0.12549019607843137 0.12549019607843137
            ambientIntensity 0.251
            transparency 0.0
            shininess 0.5
        }
    }
    geometry IndexedFaceSet {
        ccw TRUE
        solid FALSE
        coord DEF co Coordinate {
            point [
                0.9924 -0.5578 0.2953, 0.9923 -0.5578 0.2953, 0.9927 -0.5594 0.2953, 0.992 -0.5593 0.2953, 0.993 -0.5604 0.2953, 0.9917 -0.5604 0.2953, 0.9986 -0.5758 0.2953, 0.9862 -0.5758 0.2953
            ]
        }
        coordIndex [
            0,1,2,-1,2,1,3,-1,2,3,4,-1,4,3,5,-1,4,5,6,-1,6,5,7,-1,
        ]
    }
}
Shape{
    appearance Appearance {
        material  Material 	{
            diffuseColor 1.0 1.0 1.0
            specularColor 0.5019607843137255 0.5019607843137255 0.5019607843137255
            ambientIntensity 1.0
            transparency 0.0
            shininess 0.5
        }
    }
    geometry IndexedFaceSet {
        ccw TRUE
        solid FALSE
        coord DEF co Coordinate {
            point [
                0.6502 -0.5954 0.2957, 0.6542 -0.6002 0.2957, 0.6479 -0.5721 0.2957, 0.699 -0.5787 0.2957, 0.7359 -0.5591 0.2957, 0.6826 -0.5803 0.2957, 0.682 -0.5779 0.2957, 0.6432 -0.5263 0.2957, 0.6491 -0.5232 0.2957, 0.6478 -0.5069 0.2957, 0.6924 -0.5636 0.2957, 0.6724 -0.5713 0.2957, 0.6746 -0.5715 0.2957, 0.6642 -0.5062 0.2957, 0.6724 -0.5254 0.2957, 0.6764 -0.5171 0.2957, 0.677 -0.5724 0.2957, 0.6791 -0.5738 0.2957, 0.6808 -0.5757 0.2957, 0.6421 -0.5685 0.2957, 0.6443 -0.5887 0.2957, 0.6476 -0.5897 0.2957, 0.6581 -0.5056 0.2957, 0.7277 -0.5452 0.2957, 0.699 -0.5813 0.2957, 0.6826 -0.5827 0.2957, 0.6988 -0.5841 0.2957, 0.6698 -0.5716 0.2957, 0.6663 -0.5554 0.2957, 0.6675 -0.5725 0.2957, 0.6605 -0.5577 0.2957, 0.6654 -0.574 0.2957, 0.6551 -0.5614 0.2957, 0.6644 -0.5751 0.2957, 0.6508 -0.5664 0.2957, 0.663 -0.5773 0.2957, 0.6623 -0.5797 0.2957, 0.6621 -0.5823 0.2957, 0.6822 -0.5564 0.2957, 0.6758 -0.5549 0.2957, 0.6726 -0.5547 0.2957, 0.7446 -0.5331 0.2957, 0.7467 -0.5331 0.2957, 0.7575 -0.5188 0.2957, 0.7517 -0.5337 0.2957, 0.7588 -0.5193 0.2957, 0.7563 -0.5355 0.2957, 0.7666 -0.5231 0.2957, 0.7738 -0.5292 0.2957, 0.6696 -0.4999 0.2957, 0.6823 -0.51 0.2957, 0.6758 -0.4946 0.2957, 0.6894 -0.5049 0.2957, 0.6822 -0.4906 0.2957, 0.6556 -0.5216 0.2957, 0.6584 -0.5215 0.2957, 0.6612 -0.5058 0.2957, 0.6646 -0.5222 0.2957, 0.6705 -0.5244 0.2957, 0.7738 -0.5784 0.2957, 0.7616 -0.5679 0.2957, 0.7667 -0.5845 0.2957, 0.7577 -0.5711 0.2957, 0.7586 -0.5884 0.2957, 0.753 -0.5733 0.2957, 0.7499 -0.5902 0.2957, 0.7483 -0.5742 0.2957, 0.7343 -0.5902 0.2957, 0.7364 -0.5742 0.2957, 0.7328 -0.59 0.2957, 0.6878 -0.5594 0.2957, 0.7604 -0.5383 0.2957, 0.7634 -0.5417 0.2957, 0.7792 -0.5367 0.2957, 0.7659 -0.5462 0.2957, 0.7824 -0.5447 0.2957, 0.7671 -0.5513 0.2957, 0.7836 -0.5534 0.2957, 0.7673 -0.5536 0.2957, 0.7824 -0.5627 0.2957, 0.7666 -0.5588 0.2957, 0.7791 -0.5711 0.2957, 0.7648 -0.5635 0.2957, 0.7619 -0.5676 0.2957, 0.7433 -0.498 0.2957, 0.7329 -0.5101 0.2957, 0.752 -0.5081 0.2957, 0.7389 -0.5172 0.2957, 0.743 -0.5257 0.2957, 0.6328 -0.5414 0.2957, 0.6155 -0.5458 0.2957, 0.632 -0.5478 0.2957, 0.6154 -0.5483 0.2957, 0.6324 -0.5519 0.2957, 0.6167 -0.5587 0.2957, 0.6343 -0.5584 0.2957, 0.6205 -0.5685 0.2957, 0.6374 -0.5637 0.2957, 0.6265 -0.5771 0.2957, 0.6347 -0.5841 0.2957, 0.6626 -0.5848 0.2957, 0.6636 -0.587 0.2957, 0.6944 -0.4859 0.2957, 0.698 -0.5014 0.2957, 0.7074 -0.4843 0.2957, 0.7077 -0.5001 0.2957, 0.7183 -0.4854 0.2957, 0.7166 -0.5012 0.2957, 0.7315 -0.4901 0.2957, 0.7249 -0.5044 0.2957, 0.7323 -0.5095 0.2957, 0.638 -0.5107 0.2957, 0.6296 -0.5166 0.2957, 0.6388 -0.5303 0.2957, 0.6278 -0.5183 0.2957, 0.6351 -0.5355 0.2957, 0.6215 -0.5264 0.2957, 0.6173 -0.5359 0.2957, 0.6973 -0.5906 0.2957, 0.682 -0.5853 0.2957, 0.6942 -0.5964 0.2957, 0.6807 -0.5875 0.2957, 0.6902 -0.6009 0.2957, 0.6793 -0.5891 0.2957, 0.6849 -0.6046 0.2957, 0.6773 -0.5906 0.2957, 0.679 -0.6069 0.2957, 0.675 -0.5915 0.2957, 0.6726 -0.6076 0.2957, 0.6724 -0.5918 0.2957, 0.6716 -0.6076 0.2957, 0.6719 -0.5918 0.2957, 0.6654 -0.6067 0.2957, 0.6696 -0.5914 0.2957, 0.6593 -0.6041 0.2957, 0.6672 -0.5904 0.2957, 0.6652 -0.5889 0.2957, 0.7351 -0.5739 0.2957, 0.7288 -0.5875 0.2957, 0.7294 -0.5881 0.2957, 0.7359 -0.5741 0.2957, 0.7311 -0.5893 0.2957, 0.7267 -0.5821 0.2957, 0.7269 -0.584 0.2957, 0.7276 -0.5858 0.2957, 0.7328 -0.5742 0.2957, 0.731 -0.5749 0.2957, 0.7267 -0.581 0.2957, 0.7294 -0.576 0.2957, 0.7283 -0.5772 0.2957, 0.7273 -0.579 0.2957, 0.7348 -0.5739 0.2957, 0.7836 -0.5534 0.2953, 0.7824 -0.5447 0.2953, 0.7755 -0.5316 0.2953, 0.7815 -0.5425 0.2953, 0.7792 -0.5367 0.2953, 0.7738 -0.5292 0.2953, 0.7666 -0.5231 0.2953, 0.7588 -0.5193 0.2953, 0.7575 -0.5188 0.2953, 0.752 -0.5081 0.2953, 0.7433 -0.498 0.2953, 0.7372 -0.4939 0.2953, 0.7315 -0.4901 0.2953, 0.7183 -0.4854 0.2953, 0.7074 -0.4843 0.2953, 0.6758 -0.4946 0.2953, 0.6768 -0.4939 0.2953, 0.6822 -0.4906 0.2953, 0.6944 -0.4859 0.2953, 0.6696 -0.4999 0.2953, 0.6642 -0.5062 0.2953, 0.6612 -0.5058 0.2953, 0.6581 -0.5056 0.2953, 0.6478 -0.5069 0.2953, 0.638 -0.5107 0.2953, 0.6296 -0.5166 0.2953, 0.6278 -0.5183 0.2953, 0.6154 -0.5483 0.2953, 0.6215 -0.5264 0.2953, 0.6192 -0.5316 0.2953, 0.6173 -0.5359 0.2953, 0.6161 -0.5425 0.2953, 0.6155 -0.5458 0.2953, 0.6167 -0.5587 0.2953, 0.6205 -0.5685 0.2953, 0.6265 -0.5771 0.2953, 0.6347 -0.5841 0.2953, 0.6443 -0.5887 0.2953, 0.6476 -0.5897 0.2953, 0.6479 -0.5904 0.2953, 0.6502 -0.5954 0.2953, 0.6542 -0.6002 0.2953, 0.6593 -0.6041 0.2953, 0.6617 -0.6051 0.2953, 0.6654 -0.6067 0.2953, 0.6716 -0.6076 0.2953, 0.6726 -0.6076 0.2953, 0.699 -0.5813 0.2953, 0.679 -0.6069 0.2953, 0.6835 -0.6051 0.2953, 0.6849 -0.6046 0.2953, 0.6902 -0.6009 0.2953, 0.6942 -0.5964 0.2953, 0.6973 -0.5906 0.2953, 0.6973 -0.5904 0.2953, 0.6988 -0.5841 0.2953, 0.699 -0.5787 0.2953, 0.7359 -0.5591 0.2953, 0.7277 -0.5452 0.2953, 0.6924 -0.5636 0.2953, 0.6878 -0.5594 0.2953, 0.6822 -0.5564 0.2953, 0.6758 -0.5549 0.2953, 0.6726 -0.5547 0.2953, 0.6663 -0.5554 0.2953, 0.6605 -0.5577 0.2953, 0.6551 -0.5614 0.2953, 0.6508 -0.5664 0.2953, 0.6479 -0.5721 0.2953, 0.6421 -0.5685 0.2953, 0.6374 -0.5637 0.2953, 0.6343 -0.5584 0.2953, 0.6324 -0.5519 0.2953, 0.632 -0.5478 0.2953, 0.6327 -0.5425 0.2953, 0.6328 -0.5414 0.2953, 0.6351 -0.5355 0.2953, 0.6378 -0.5316 0.2953, 0.6388 -0.5303 0.2953, 0.6432 -0.5263 0.2953, 0.6491 -0.5232 0.2953, 0.6556 -0.5216 0.2953, 0.6584 -0.5215 0.2953, 0.6646 -0.5222 0.2953, 0.6705 -0.5244 0.2953, 0.6724 -0.5254 0.2953, 0.6764 -0.5171 0.2953, 0.6823 -0.51 0.2953, 0.6894 -0.5049 0.2953, 0.698 -0.5014 0.2953, 0.7077 -0.5001 0.2953, 0.7446 -0.5331 0.2953, 0.7443 -0.5316 0.2953, 0.743 -0.5257 0.2953, 0.7389 -0.5172 0.2953, 0.7329 -0.5101 0.2953, 0.7323 -0.5095 0.2953, 0.7249 -0.5044 0.2953, 0.7166 -0.5012 0.2953, 0.7467 -0.5331 0.2953, 0.7517 -0.5337 0.2953, 0.7563 -0.5355 0.2953, 0.7604 -0.5383 0.2953, 0.7634 -0.5417 0.2953, 0.7639 -0.5425 0.2953, 0.7659 -0.5462 0.2953, 0.7671 -0.5513 0.2953, 0.7673 -0.5536 0.2953, 0.7666 -0.5588 0.2953, 0.7648 -0.5635 0.2953, 0.7619 -0.5676 0.2953, 0.7616 -0.5679 0.2953, 0.7577 -0.5711 0.2953, 0.753 -0.5733 0.2953, 0.7483 -0.5742 0.2953, 0.7364 -0.5742 0.2953, 0.7359 -0.5741 0.2953, 0.7351 -0.5739 0.2953, 0.7348 -0.5739 0.2953, 0.7328 -0.5742 0.2953, 0.731 -0.5749 0.2953, 0.7294 -0.576 0.2953, 0.7283 -0.5772 0.2953, 0.7273 -0.579 0.2953, 0.7267 -0.581 0.2953, 0.7267 -0.5821 0.2953, 0.7269 -0.584 0.2953, 0.7276 -0.5858 0.2953, 0.7288 -0.5875 0.2953, 0.7294 -0.5881 0.2953, 0.7311 -0.5893 0.2953, 0.7328 -0.59 0.2953, 0.7343 -0.5902 0.2953, 0.7499 -0.5902 0.2953, 0.7586 -0.5884 0.2953, 0.7667 -0.5845 0.2953, 0.7738 -0.5784 0.2953, 0.7791 -0.5711 0.2953, 0.7824 -0.5627 0.2953, 0.6724 -0.5713 0.2953, 0.6746 -0.5715 0.2953, 0.677 -0.5724 0.2953, 0.6791 -0.5738 0.2953, 0.6808 -0.5757 0.2953, 0.682 -0.5779 0.2953, 0.6826 -0.5803 0.2953, 0.6826 -0.5827 0.2953, 0.682 -0.5853 0.2953, 0.6807 -0.5875 0.2953, 0.6793 -0.5891 0.2953, 0.6773 -0.5906 0.2953, 0.675 -0.5915 0.2953, 0.6724 -0.5918 0.2953, 0.6719 -0.5918 0.2953, 0.6696 -0.5914 0.2953, 0.6672 -0.5904 0.2953, 0.6652 -0.5889 0.2953, 0.6636 -0.587 0.2953, 0.6626 -0.5848 0.2953, 0.6621 -0.5823 0.2953, 0.6623 -0.5797 0.2953, 0.663 -0.5773 0.2953, 0.6644 -0.5751 0.2953, 0.6654 -0.574 0.2953, 0.6675 -0.5725 0.2953, 0.6698 -0.5716 0.2953
            ]
        }
        coordIndex [
            0,1,2,-1,3,4,5,-1,5,4,6,-1,7,8,9,-1,10,11,12,-1,13,14,15,-1,12,16,10,-1,10,16,17,-1,10,17,18,-1,19,20,2,-1,2,20,21,-1,2,21,0,-1,9,8,22,-1,6,4,18,-1,18,4,23,-1,18,23,10,-1,3,5,24,-1,24,5,25,-1,24,25,26,-1,27,28,29,-1,29,28,30,-1,29,30,31,-1,31,30,32,-1,31,32,33,-1,33,32,34,-1,33,34,35,-1,35,34,2,-1,35,2,36,-1,36,2,37,-1,38,39,27,-1,27,39,40,-1,27,40,28,-1,41,42,43,-1,43,42,44,-1,43,44,45,-1,45,44,46,-1,45,46,47,-1,47,46,48,-1,13,15,49,-1,49,15,50,-1,49,50,51,-1,51,50,52,-1,51,52,53,-1,8,54,22,-1,22,54,55,-1,22,55,56,-1,56,55,57,-1,56,57,13,-1,13,57,58,-1,13,58,14,-1,59,60,61,-1,61,60,62,-1,61,62,63,-1,63,62,64,-1,63,64,65,-1,65,64,66,-1,65,66,67,-1,67,66,68,-1,67,68,69,-1,11,10,27,-1,27,10,70,-1,27,70,38,-1,46,71,48,-1,48,71,72,-1,48,72,73,-1,73,72,74,-1,73,74,75,-1,75,74,76,-1,75,76,77,-1,77,76,78,-1,77,78,79,-1,79,78,80,-1,79,80,81,-1,81,80,82,-1,81,82,59,-1,59,82,83,-1,59,83,60,-1,84,85,86,-1,86,85,87,-1,86,87,43,-1,43,87,88,-1,43,88,41,-1,89,90,91,-1,91,90,92,-1,91,92,93,-1,93,92,94,-1,93,94,95,-1,95,94,96,-1,95,96,97,-1,97,96,98,-1,97,98,19,-1,19,98,99,-1,19,99,20,-1,37,2,100,-1,100,2,1,-1,100,1,101,-1,53,52,102,-1,102,52,103,-1,102,103,104,-1,104,103,105,-1,104,105,106,-1,106,105,107,-1,106,107,108,-1,108,107,109,-1,108,109,84,-1,84,109,110,-1,84,110,85,-1,9,111,7,-1,7,111,112,-1,7,112,113,-1,113,112,114,-1,113,114,115,-1,115,114,116,-1,115,116,89,-1,89,116,117,-1,89,117,90,-1,26,25,118,-1,118,25,119,-1,118,119,120,-1,120,119,121,-1,120,121,122,-1,122,121,123,-1,122,123,124,-1,124,123,125,-1,124,125,126,-1,126,125,127,-1,126,127,128,-1,128,127,129,-1,128,129,130,-1,130,129,131,-1,130,131,132,-1,132,131,133,-1,132,133,134,-1,134,133,135,-1,134,135,1,-1,1,135,136,-1,1,136,101,-1,137,138,139,-1,68,140,69,-1,69,140,137,-1,69,137,141,-1,141,137,139,-1,142,143,137,-1,137,143,144,-1,137,144,138,-1,145,146,147,-1,146,148,147,-1,147,148,149,-1,147,149,150,-1,142,137,147,-1,147,137,151,-1,147,151,145,-1,77,152,153,-1,154,48,73,-1,77,153,75,-1,75,153,155,-1,75,155,73,-1,73,155,156,-1,73,156,154,-1,154,157,48,-1,48,157,158,-1,48,158,47,-1,47,158,159,-1,47,159,45,-1,45,159,160,-1,45,160,43,-1,43,160,161,-1,43,161,86,-1,86,161,162,-1,86,162,84,-1,108,84,163,-1,163,84,162,-1,163,164,108,-1,108,164,165,-1,108,165,106,-1,106,165,166,-1,106,166,104,-1,167,51,168,-1,168,51,53,-1,168,53,169,-1,169,53,102,-1,169,102,170,-1,170,102,104,-1,170,104,166,-1,51,167,171,-1,51,171,49,-1,49,171,172,-1,49,172,13,-1,13,172,173,-1,13,173,56,-1,56,173,174,-1,56,174,22,-1,22,174,175,-1,22,175,9,-1,9,175,176,-1,9,176,111,-1,111,176,177,-1,111,177,112,-1,112,177,178,-1,112,178,114,-1,179,92,90,-1,114,178,180,-1,114,180,116,-1,116,180,181,-1,116,181,117,-1,181,182,117,-1,117,182,183,-1,117,183,90,-1,90,183,184,-1,90,184,179,-1,92,179,185,-1,92,185,94,-1,94,185,186,-1,94,186,96,-1,96,186,187,-1,96,187,98,-1,98,187,188,-1,98,188,99,-1,99,188,189,-1,99,189,20,-1,20,189,190,-1,20,190,21,-1,21,190,191,-1,21,191,0,-1,191,192,0,-1,0,192,193,-1,0,193,1,-1,1,193,194,-1,1,194,134,-1,134,194,195,-1,134,195,132,-1,195,196,132,-1,132,196,197,-1,132,197,130,-1,130,197,198,-1,130,198,128,-1,199,24,26,-1,128,198,200,-1,128,200,126,-1,126,200,201,-1,126,201,124,-1,201,202,124,-1,124,202,203,-1,124,203,122,-1,122,203,204,-1,122,204,120,-1,120,204,205,-1,120,205,118,-1,118,205,206,-1,118,206,26,-1,26,206,207,-1,26,207,199,-1,3,24,208,-1,208,24,199,-1,4,3,209,-1,209,3,208,-1,23,4,210,-1,210,4,209,-1,10,23,211,-1,211,23,210,-1,10,211,212,-1,10,212,70,-1,70,212,213,-1,70,213,38,-1,38,213,214,-1,38,214,39,-1,39,214,215,-1,39,215,40,-1,40,215,216,-1,40,216,28,-1,28,216,217,-1,28,217,30,-1,30,217,218,-1,30,218,32,-1,32,218,219,-1,32,219,34,-1,34,219,220,-1,34,220,2,-1,2,220,221,-1,2,221,19,-1,19,221,222,-1,19,222,97,-1,97,222,223,-1,97,223,95,-1,95,223,224,-1,95,224,93,-1,93,224,225,-1,93,225,91,-1,91,225,89,-1,89,225,226,-1,226,227,89,-1,89,227,228,-1,89,228,115,-1,115,228,229,-1,115,229,113,-1,229,230,113,-1,113,230,231,-1,113,231,7,-1,7,231,232,-1,7,232,8,-1,8,232,233,-1,8,233,54,-1,54,233,234,-1,54,234,55,-1,55,234,235,-1,55,235,57,-1,57,235,236,-1,57,236,58,-1,58,236,237,-1,58,237,14,-1,14,237,238,-1,14,238,15,-1,15,238,239,-1,15,239,50,-1,50,239,240,-1,50,240,52,-1,52,240,241,-1,52,241,103,-1,103,241,242,-1,103,242,105,-1,243,41,244,-1,244,41,88,-1,244,88,245,-1,245,88,87,-1,245,87,246,-1,246,87,85,-1,246,85,247,-1,247,85,110,-1,247,110,248,-1,248,110,109,-1,248,109,249,-1,249,109,107,-1,249,107,250,-1,250,107,105,-1,250,105,242,-1,42,41,251,-1,251,41,243,-1,42,251,252,-1,42,252,44,-1,44,252,253,-1,44,253,46,-1,46,253,254,-1,46,254,71,-1,71,254,255,-1,71,255,72,-1,72,255,256,-1,72,256,74,-1,256,257,74,-1,74,257,258,-1,74,258,76,-1,76,258,259,-1,76,259,78,-1,78,259,260,-1,78,260,80,-1,80,260,261,-1,80,261,82,-1,82,261,262,-1,82,262,83,-1,83,262,263,-1,83,263,60,-1,60,263,264,-1,60,264,62,-1,62,264,265,-1,62,265,64,-1,64,265,266,-1,64,266,66,-1,68,66,267,-1,267,66,266,-1,68,267,268,-1,68,268,140,-1,140,268,269,-1,140,269,137,-1,137,269,270,-1,137,270,151,-1,151,270,271,-1,151,271,145,-1,145,271,272,-1,145,272,146,-1,146,272,273,-1,146,273,148,-1,148,273,274,-1,148,274,149,-1,149,274,275,-1,149,275,150,-1,150,275,276,-1,150,276,147,-1,147,276,277,-1,147,277,142,-1,142,277,278,-1,142,278,143,-1,143,278,279,-1,143,279,144,-1,144,279,280,-1,144,280,138,-1,138,280,281,-1,138,281,139,-1,139,281,282,-1,139,282,141,-1,141,282,283,-1,141,283,69,-1,69,283,284,-1,69,284,67,-1,65,67,285,-1,285,67,284,-1,65,285,286,-1,65,286,63,-1,63,286,287,-1,63,287,61,-1,61,287,288,-1,61,288,59,-1,59,288,289,-1,59,289,81,-1,81,289,290,-1,81,290,79,-1,79,290,152,-1,79,152,77,-1,11,291,292,-1,11,292,12,-1,12,292,293,-1,12,293,16,-1,16,293,294,-1,16,294,17,-1,17,294,295,-1,17,295,18,-1,18,295,296,-1,18,296,6,-1,6,296,297,-1,6,297,5,-1,5,297,298,-1,5,298,25,-1,25,298,299,-1,25,299,119,-1,119,299,300,-1,119,300,121,-1,121,300,301,-1,121,301,123,-1,123,301,302,-1,123,302,125,-1,125,302,303,-1,125,303,127,-1,127,303,304,-1,127,304,129,-1,129,304,305,-1,129,305,131,-1,131,305,306,-1,131,306,133,-1,133,306,307,-1,133,307,135,-1,135,307,308,-1,135,308,136,-1,136,308,309,-1,136,309,101,-1,101,309,310,-1,101,310,100,-1,100,310,311,-1,100,311,37,-1,37,311,312,-1,37,312,36,-1,36,312,313,-1,36,313,35,-1,35,313,314,-1,35,314,33,-1,33,314,315,-1,33,315,31,-1,31,315,316,-1,31,316,29,-1,29,316,317,-1,29,317,27,-1,27,317,291,-1,27,291,11,-1,
        ]
    }
}
Shape{
    appearance Appearance {
        material  Material 	{
            diffuseColor 0.25098039215686274 0.25098039215686274 0.25098039215686274
            specularColor 0.12549019607843137 0.12549019607843137 0.12549019607843137
            ambientIntensity 0.251
            transparency 0.0
            shininess 0.5
        }
    }
    geometry IndexedFaceSet {
        ccw TRUE
        solid FALSE
        coord DEF co Coordinate {
            point [
                0.6719 -0.5918 0.2953, 0.6654 -0.574 0.2953, 0.6644 -0.5751 0.2953, 0.675 -0.5915 0.2953, 0.6773 -0.5906 0.2953, 0.6746 -0.5715 0.2953, 0.6724 -0.5713 0.2953, 0.6698 -0.5716 0.2953, 0.6675 -0.5725 0.2953, 0.6626 -0.5848 0.2953, 0.6636 -0.587 0.2953, 0.6652 -0.5889 0.2953, 0.6724 -0.5918 0.2953, 0.663 -0.5773 0.2953, 0.6623 -0.5797 0.2953, 0.6621 -0.5823 0.2953, 0.6672 -0.5904 0.2953, 0.6696 -0.5914 0.2953, 0.6793 -0.5891 0.2953, 0.6807 -0.5875 0.2953, 0.682 -0.5853 0.2953, 0.6826 -0.5827 0.2953, 0.6826 -0.5803 0.2953, 0.682 -0.5779 0.2953, 0.6808 -0.5757 0.2953, 0.6791 -0.5738 0.2953, 0.677 -0.5724 0.2953
            ]
        }
        coordIndex [
            0,1,2,-1,3,4,5,-1,6,7,0,-1,0,7,8,-1,0,8,1,-1,9,10,2,-1,2,10,11,-1,6,0,5,-1,5,0,12,-1,5,12,3,-1,13,14,2,-1,2,14,15,-1,2,15,9,-1,11,16,2,-1,2,16,17,-1,2,17,0,-1,4,18,5,-1,5,18,19,-1,5,19,20,-1,20,21,5,-1,5,21,22,-1,5,22,23,-1,23,24,5,-1,5,24,25,-1,5,25,26,-1,
        ]
    }
}